step_id,plan,summary,thought,action,task,feedback,location,description,inventory,score,reward,is_done,error
0,,,,,"You are hungry! Let's cook a delicious meal. Check the cookbook in the kitchen for the recipe. Once done, enjoy your meal!",,Livingroom,"You're now in a livingroom.

You scan the room for a sofa, and you find a sofa. The sofa is comfy. The sofa appears to be empty. It would have been so cool if there was stuff on the sofa.

You don't like doors? Why not try going east, that entranceway is not blocked by one.","You are carrying: a raw purple potato, a raw yellow potato, a carrot and a yellow bell pepper.",0 of 17,0.0,False,
1,,,I should go east to the kitchen to check the cookbook for the recipe.,go east,,"Well, here we are in a bedroom.

Oh wow! Is that what I think it is? It is! It's a bed. But the thing hasn't got anything on it.

You don't like doors? Why not try going south, that entranceway is not blocked by one. There is an exit to the west.",Bedroom,"Well, here we are in a bedroom.

Oh wow! Is that what I think it is? It is! It's a bed. But the thing hasn't got anything on it.

You don't like doors? Why not try going south, that entranceway is not blocked by one. There is an exit to the west.","You are carrying: a raw purple potato, a raw yellow potato, a carrot and a yellow bell pepper.",0 of 17,0.0,False,
2,,,I should go south to continue exploring and find the kitchen.,go south,,"You make a grand eccentric entrance into a corridor. The room is well lit.



There is an exit to the east. There is an exit to the north. You need an exit without a door? You should try going south.",Corridor,"You make a grand eccentric entrance into a corridor. The room is well lit.



There is an exit to the east. There is an exit to the north. You need an exit without a door? You should try going south.","You are carrying: a raw purple potato, a raw yellow potato, a carrot and a yellow bell pepper.",0 of 17,0.0,False,
3,,,I should go east to find the kitchen and the cookbook.,go east,,"You arrive in a kitchen. An ordinary one. The room seems oddly familiar, as though it were only superficially different from the other rooms in the building.

You hear a noise behind you and spin around, but you can't see anything other than a fridge. You see a gleam over in a corner, where you can see an oven. Oh, great. Here's a table. The table is massive. On the table you make out a cookbook. Oh wow! Is that what I think it is? It is! It's a counter. On the counter you make out a red hot pepper, a red onion, an orange bell pepper and a knife. You make out a stove. Why don't you take a picture of it, it'll last longer! The stove is conventional. Unfortunately, there isn't a thing on it. Oh! Why couldn't there just be stuff on it?

There is a closed screen door leading east. There is a closed plain door leading north. There is an exit to the west.",Kitchen,"You arrive in a kitchen. An ordinary one. The room seems oddly familiar, as though it were only superficially different from the other rooms in the building.

You hear a noise behind you and spin around, but you can't see anything other than a fridge. You see a gleam over in a corner, where you can see an oven. Oh, great. Here's a table. The table is massive. On the table you make out a cookbook. Oh wow! Is that what I think it is? It is! It's a counter. On the counter you make out a red hot pepper, a red onion, an orange bell pepper and a knife. You make out a stove. Why don't you take a picture of it, it'll last longer! The stove is conventional. Unfortunately, there isn't a thing on it. Oh! Why couldn't there just be stuff on it?

There is a closed screen door leading east. There is a closed plain door leading north. There is an exit to the west.","You are carrying: a raw purple potato, a raw yellow potato, a carrot and a yellow bell pepper.",0 of 17,0.0,False,
4,,,I should examine the cookbook on the table to check the recipe.,examine cookbook,,"You open the copy of ""Cooking: A Modern Approach (3rd Ed.)"" and start reading:

Recipe #1
---------
Gather all following ingredients and follow the directions to prepare this tasty meal.

Ingredients:
red potato
  pork chop
  white onion
  banana
  red hot pepper

Directions:
dice the red potato
  fry the red potato
  dice the pork chop
  roast the pork chop
  slice the white onion
  roast the white onion
  slice the banana
  grill the banana
  slice the red hot pepper
  fry the red hot pepper
  prepare meal",Kitchen,"You arrive in a kitchen. An ordinary one. The room seems oddly familiar, as though it were only superficially different from the other rooms in the building.

You hear a noise behind you and spin around, but you can't see anything other than a fridge. You see a gleam over in a corner, where you can see an oven. Oh, great. Here's a table. The table is massive. On the table you make out a cookbook. Oh wow! Is that what I think it is? It is! It's a counter. On the counter you make out a red hot pepper, a red onion, an orange bell pepper and a knife. You make out a stove. Why don't you take a picture of it, it'll last longer! The stove is conventional. Unfortunately, there isn't a thing on it. Oh! Why couldn't there just be stuff on it?

There is a closed screen door leading east. There is a closed plain door leading north. There is an exit to the west.","You are carrying: a raw purple potato, a raw yellow potato, a carrot and a yellow bell pepper.",0 of 17,0.0,False,
5,,,"I need to find the red potato, pork chop, white onion, banana, and red hot pepper to follow the recipe.",take red hot pepper from counter,,"You take the red hot pepper from the counter.



Your score has just gone up by one point.",Kitchen,"You arrive in a kitchen. An ordinary one. The room seems oddly familiar, as though it were only superficially different from the other rooms in the building.

You hear a noise behind you and spin around, but you can't see anything other than a fridge. You see a gleam over in a corner, where you can see an oven. Oh, great. Here's a table. The table is massive. On the table you make out a cookbook. Oh wow! Is that what I think it is? It is! It's a counter. On the counter you make out a red onion, an orange bell pepper and a knife. You make out a stove. Why don't you take a picture of it, it'll last longer! The stove is conventional. Unfortunately, there isn't a thing on it. Oh! Why couldn't there just be stuff on it?

There is a closed screen door leading east. There is a closed plain door leading north. There is an exit to the west.","You are carrying: a red hot pepper, a raw purple potato, a raw yellow potato, a carrot and a yellow bell pepper.",1 of 17,0.058823529411764705,False,
6,,,I should take the red onion from the counter as it is part of the recipe.,take red onion from counter,,You're carrying too many things already.,Kitchen,"You arrive in a kitchen. An ordinary one. The room seems oddly familiar, as though it were only superficially different from the other rooms in the building.

You hear a noise behind you and spin around, but you can't see anything other than a fridge. You see a gleam over in a corner, where you can see an oven. Oh, great. Here's a table. The table is massive. On the table you make out a cookbook. Oh wow! Is that what I think it is? It is! It's a counter. On the counter you make out a red onion, an orange bell pepper and a knife. You make out a stove. Why don't you take a picture of it, it'll last longer! The stove is conventional. Unfortunately, there isn't a thing on it. Oh! Why couldn't there just be stuff on it?

There is a closed screen door leading east. There is a closed plain door leading north. There is an exit to the west.","You are carrying: a red hot pepper, a raw purple potato, a raw yellow potato, a carrot and a yellow bell pepper.",1 of 17,0.058823529411764705,False,
7,,,I need to drop some items I don't need for the recipe to free up inventory space.,drop raw purple potato,,You drop the purple potato on the ground.,Kitchen,"You arrive in a kitchen. An ordinary one. The room seems oddly familiar, as though it were only superficially different from the other rooms in the building.

You hear a noise behind you and spin around, but you can't see anything other than a fridge. You see a gleam over in a corner, where you can see an oven. Oh, great. Here's a table. The table is massive. On the table you make out a cookbook. Oh wow! Is that what I think it is? It is! It's a counter. On the counter you make out a red onion, an orange bell pepper and a knife. You make out a stove. Why don't you take a picture of it, it'll last longer! The stove is conventional. Unfortunately, there isn't a thing on it. Oh! Why couldn't there just be stuff on it?

There is a closed screen door leading east. There is a closed plain door leading north. There is an exit to the west.

There is a raw purple potato on the floor.","You are carrying: a red hot pepper, a raw yellow potato, a carrot and a yellow bell pepper.",1 of 17,0.058823529411764705,False,
8,,,I should drop the carrot to free more space for the recipe ingredients.,drop carrot,,You drop the carrot on the ground.,Kitchen,"You arrive in a kitchen. An ordinary one. The room seems oddly familiar, as though it were only superficially different from the other rooms in the building.

You hear a noise behind you and spin around, but you can't see anything other than a fridge. You see a gleam over in a corner, where you can see an oven. Oh, great. Here's a table. The table is massive. On the table you make out a cookbook. Oh wow! Is that what I think it is? It is! It's a counter. On the counter you make out a red onion, an orange bell pepper and a knife. You make out a stove. Why don't you take a picture of it, it'll last longer! The stove is conventional. Unfortunately, there isn't a thing on it. Oh! Why couldn't there just be stuff on it?

There is a closed screen door leading east. There is a closed plain door leading north. There is an exit to the west.

There is a carrot and a raw purple potato on the floor.","You are carrying: a red hot pepper, a raw yellow potato and a yellow bell pepper.",1 of 17,0.058823529411764705,False,
9,,,I should take the red onion from the counter now that I have enough space.,take red onion from counter,,You take the red onion from the counter.,Kitchen,"You arrive in a kitchen. An ordinary one. The room seems oddly familiar, as though it were only superficially different from the other rooms in the building.

You hear a noise behind you and spin around, but you can't see anything other than a fridge. You see a gleam over in a corner, where you can see an oven. Oh, great. Here's a table. The table is massive. On the table you make out a cookbook. Oh wow! Is that what I think it is? It is! It's a counter. On the counter you make out an orange bell pepper and a knife. You make out a stove. Why don't you take a picture of it, it'll last longer! The stove is conventional. Unfortunately, there isn't a thing on it. Oh! Why couldn't there just be stuff on it?

There is a closed screen door leading east. There is a closed plain door leading north. There is an exit to the west.

There is a carrot and a raw purple potato on the floor.","You are carrying: a red onion, a red hot pepper, a raw yellow potato and a yellow bell pepper.",1 of 17,0.058823529411764705,False,
10,,,I should examine the cookbook on the table to find the recipe for the meal.,examine cookbook,,"You open the copy of ""Cooking: A Modern Approach (3rd Ed.)"" and start reading:

Recipe #1
---------
Gather all following ingredients and follow the directions to prepare this tasty meal.

Ingredients:
red potato
  pork chop
  white onion
  banana
  red hot pepper

Directions:
dice the red potato
  fry the red potato
  dice the pork chop
  roast the pork chop
  slice the white onion
  roast the white onion
  slice the banana
  grill the banana
  slice the red hot pepper
  fry the red hot pepper
  prepare meal",Kitchen,"You arrive in a kitchen. An ordinary one. The room seems oddly familiar, as though it were only superficially different from the other rooms in the building.

You hear a noise behind you and spin around, but you can't see anything other than a fridge. You see a gleam over in a corner, where you can see an oven. Oh, great. Here's a table. The table is massive. On the table you make out a cookbook. Oh wow! Is that what I think it is? It is! It's a counter. On the counter you make out an orange bell pepper and a knife. You make out a stove. Why don't you take a picture of it, it'll last longer! The stove is conventional. Unfortunately, there isn't a thing on it. Oh! Why couldn't there just be stuff on it?

There is a closed screen door leading east. There is a closed plain door leading north. There is an exit to the west.

There is a carrot and a raw purple potato on the floor.","You are carrying: a red onion, a red hot pepper, a raw yellow potato and a yellow bell pepper.",1 of 17,0.058823529411764705,False,
11,,,"The recipe requires a red potato, pork chop, white onion, banana, and red hot pepper. I have a red hot pepper but not the other ingredients. I should look around the kitchen to find the missing ingredients.",look,,"You arrive in a kitchen. An ordinary one. The room seems oddly familiar, as though it were only superficially different from the other rooms in the building.

You hear a noise behind you and spin around, but you can't see anything other than a fridge. You see a gleam over in a corner, where you can see an oven. Oh, great. Here's a table. The table is massive. On the table you make out a cookbook. Oh wow! Is that what I think it is? It is! It's a counter. On the counter you make out an orange bell pepper and a knife. You make out a stove. Why don't you take a picture of it, it'll last longer! The stove is conventional. Unfortunately, there isn't a thing on it. Oh! Why couldn't there just be stuff on it?

There is a closed screen door leading east. There is a closed plain door leading north. There is an exit to the west.

There is a carrot and a raw purple potato on the floor.",Kitchen,"You arrive in a kitchen. An ordinary one. The room seems oddly familiar, as though it were only superficially different from the other rooms in the building.

You hear a noise behind you and spin around, but you can't see anything other than a fridge. You see a gleam over in a corner, where you can see an oven. Oh, great. Here's a table. The table is massive. On the table you make out a cookbook. Oh wow! Is that what I think it is? It is! It's a counter. On the counter you make out an orange bell pepper and a knife. You make out a stove. Why don't you take a picture of it, it'll last longer! The stove is conventional. Unfortunately, there isn't a thing on it. Oh! Why couldn't there just be stuff on it?

There is a closed screen door leading east. There is a closed plain door leading north. There is an exit to the west.

There is a carrot and a raw purple potato on the floor.","You are carrying: a red onion, a red hot pepper, a raw yellow potato and a yellow bell pepper.",1 of 17,0.058823529411764705,False,
12,,,I should take the carrot and the raw purple potato from the floor to check if they can be used as the red potato in the recipe.,take carrot from floor,,You pick up the carrot from the ground.,Kitchen,"You arrive in a kitchen. An ordinary one. The room seems oddly familiar, as though it were only superficially different from the other rooms in the building.

You hear a noise behind you and spin around, but you can't see anything other than a fridge. You see a gleam over in a corner, where you can see an oven. Oh, great. Here's a table. The table is massive. On the table you make out a cookbook. Oh wow! Is that what I think it is? It is! It's a counter. On the counter you make out an orange bell pepper and a knife. You make out a stove. Why don't you take a picture of it, it'll last longer! The stove is conventional. Unfortunately, there isn't a thing on it. Oh! Why couldn't there just be stuff on it?

There is a closed screen door leading east. There is a closed plain door leading north. There is an exit to the west.

There is a raw purple potato on the floor.","You are carrying: a carrot, a red onion, a red hot pepper, a raw yellow potato and a yellow bell pepper.",1 of 17,0.058823529411764705,False,
13,,,I should take the raw purple potato from the floor as it might be used as the red potato in the recipe.,take raw purple potato from floor,,You're carrying too many things already.,Kitchen,"You arrive in a kitchen. An ordinary one. The room seems oddly familiar, as though it were only superficially different from the other rooms in the building.

You hear a noise behind you and spin around, but you can't see anything other than a fridge. You see a gleam over in a corner, where you can see an oven. Oh, great. Here's a table. The table is massive. On the table you make out a cookbook. Oh wow! Is that what I think it is? It is! It's a counter. On the counter you make out an orange bell pepper and a knife. You make out a stove. Why don't you take a picture of it, it'll last longer! The stove is conventional. Unfortunately, there isn't a thing on it. Oh! Why couldn't there just be stuff on it?

There is a closed screen door leading east. There is a closed plain door leading north. There is an exit to the west.

There is a raw purple potato on the floor.","You are carrying: a carrot, a red onion, a red hot pepper, a raw yellow potato and a yellow bell pepper.",1 of 17,0.058823529411764705,False,
14,,,"I need to drop an item to free up space before taking the raw purple potato. The carrot is not needed for the recipe, so I will drop the carrot.",drop carrot,,You drop the carrot on the ground.,Kitchen,"You arrive in a kitchen. An ordinary one. The room seems oddly familiar, as though it were only superficially different from the other rooms in the building.

You hear a noise behind you and spin around, but you can't see anything other than a fridge. You see a gleam over in a corner, where you can see an oven. Oh, great. Here's a table. The table is massive. On the table you make out a cookbook. Oh wow! Is that what I think it is? It is! It's a counter. On the counter you make out an orange bell pepper and a knife. You make out a stove. Why don't you take a picture of it, it'll last longer! The stove is conventional. Unfortunately, there isn't a thing on it. Oh! Why couldn't there just be stuff on it?

There is a closed screen door leading east. There is a closed plain door leading north. There is an exit to the west.

There is a carrot and a raw purple potato on the floor.","You are carrying: a red onion, a red hot pepper, a raw yellow potato and a yellow bell pepper.",1 of 17,0.058823529411764705,False,
15,,,"Now that I have space, I should take the raw purple potato from the floor.",take raw purple potato from floor,,You pick up the purple potato from the ground.,Kitchen,"You arrive in a kitchen. An ordinary one. The room seems oddly familiar, as though it were only superficially different from the other rooms in the building.

You hear a noise behind you and spin around, but you can't see anything other than a fridge. You see a gleam over in a corner, where you can see an oven. Oh, great. Here's a table. The table is massive. On the table you make out a cookbook. Oh wow! Is that what I think it is? It is! It's a counter. On the counter you make out an orange bell pepper and a knife. You make out a stove. Why don't you take a picture of it, it'll last longer! The stove is conventional. Unfortunately, there isn't a thing on it. Oh! Why couldn't there just be stuff on it?

There is a closed screen door leading east. There is a closed plain door leading north. There is an exit to the west.

There is a carrot on the floor.","You are carrying: a raw purple potato, a red onion, a red hot pepper, a raw yellow potato and a yellow bell pepper.",1 of 17,0.058823529411764705,False,
16,,,I should examine the cookbook on the table to check the recipe for the meal I need to cook.,examine cookbook,,"You open the copy of ""Cooking: A Modern Approach (3rd Ed.)"" and start reading:

Recipe #1
---------
Gather all following ingredients and follow the directions to prepare this tasty meal.

Ingredients:
red potato
  pork chop
  white onion
  banana
  red hot pepper

Directions:
dice the red potato
  fry the red potato
  dice the pork chop
  roast the pork chop
  slice the white onion
  roast the white onion
  slice the banana
  grill the banana
  slice the red hot pepper
  fry the red hot pepper
  prepare meal",Kitchen,"You arrive in a kitchen. An ordinary one. The room seems oddly familiar, as though it were only superficially different from the other rooms in the building.

You hear a noise behind you and spin around, but you can't see anything other than a fridge. You see a gleam over in a corner, where you can see an oven. Oh, great. Here's a table. The table is massive. On the table you make out a cookbook. Oh wow! Is that what I think it is? It is! It's a counter. On the counter you make out an orange bell pepper and a knife. You make out a stove. Why don't you take a picture of it, it'll last longer! The stove is conventional. Unfortunately, there isn't a thing on it. Oh! Why couldn't there just be stuff on it?

There is a closed screen door leading east. There is a closed plain door leading north. There is an exit to the west.

There is a carrot on the floor.","You are carrying: a raw purple potato, a red onion, a red hot pepper, a raw yellow potato and a yellow bell pepper.",1 of 17,0.058823529411764705,False,
17,,,"I need a red potato, pork chop, white onion, banana, and red hot pepper for the recipe. I have a red hot pepper and a red onion, but I don't have a red potato, pork chop, white onion, or banana. I should drop the raw purple potato and raw yellow potato and yellow bell pepper to free space and then go west to look for the missing ingredients.",drop raw purple potato; drop raw yellow potato; drop yellow bell pepper; go west,,I only understood you as far as wanting to drop the purple potato.,Kitchen,"You arrive in a kitchen. An ordinary one. The room seems oddly familiar, as though it were only superficially different from the other rooms in the building.

You hear a noise behind you and spin around, but you can't see anything other than a fridge. You see a gleam over in a corner, where you can see an oven. Oh, great. Here's a table. The table is massive. On the table you make out a cookbook. Oh wow! Is that what I think it is? It is! It's a counter. On the counter you make out an orange bell pepper and a knife. You make out a stove. Why don't you take a picture of it, it'll last longer! The stove is conventional. Unfortunately, there isn't a thing on it. Oh! Why couldn't there just be stuff on it?

There is a closed screen door leading east. There is a closed plain door leading north. There is an exit to the west.

There is a carrot on the floor.","You are carrying: a raw purple potato, a red onion, a red hot pepper, a raw yellow potato and a yellow bell pepper.",1 of 17,0.058823529411764705,False,
18,,,I will drop the raw purple potato first to free space.,drop raw purple potato,,You drop the purple potato on the ground.,Kitchen,"You arrive in a kitchen. An ordinary one. The room seems oddly familiar, as though it were only superficially different from the other rooms in the building.

You hear a noise behind you and spin around, but you can't see anything other than a fridge. You see a gleam over in a corner, where you can see an oven. Oh, great. Here's a table. The table is massive. On the table you make out a cookbook. Oh wow! Is that what I think it is? It is! It's a counter. On the counter you make out an orange bell pepper and a knife. You make out a stove. Why don't you take a picture of it, it'll last longer! The stove is conventional. Unfortunately, there isn't a thing on it. Oh! Why couldn't there just be stuff on it?

There is a closed screen door leading east. There is a closed plain door leading north. There is an exit to the west.

There is a raw purple potato and a carrot on the floor.","You are carrying: a red onion, a red hot pepper, a raw yellow potato and a yellow bell pepper.",1 of 17,0.058823529411764705,False,
19,,,I will now drop the raw yellow potato to free more space.,drop raw yellow potato,,You drop the yellow potato on the ground.,Kitchen,"You arrive in a kitchen. An ordinary one. The room seems oddly familiar, as though it were only superficially different from the other rooms in the building.

You hear a noise behind you and spin around, but you can't see anything other than a fridge. You see a gleam over in a corner, where you can see an oven. Oh, great. Here's a table. The table is massive. On the table you make out a cookbook. Oh wow! Is that what I think it is? It is! It's a counter. On the counter you make out an orange bell pepper and a knife. You make out a stove. Why don't you take a picture of it, it'll last longer! The stove is conventional. Unfortunately, there isn't a thing on it. Oh! Why couldn't there just be stuff on it?

There is a closed screen door leading east. There is a closed plain door leading north. There is an exit to the west.

There is a raw yellow potato, a raw purple potato and a carrot on the floor.","You are carrying: a red onion, a red hot pepper and a yellow bell pepper.",1 of 17,0.058823529411764705,False,
20,,,I will drop the yellow bell pepper to free more space and then go west to search for the missing ingredients.,drop yellow bell pepper,,You drop the yellow bell pepper on the ground.,Kitchen,"You arrive in a kitchen. An ordinary one. The room seems oddly familiar, as though it were only superficially different from the other rooms in the building.

You hear a noise behind you and spin around, but you can't see anything other than a fridge. You see a gleam over in a corner, where you can see an oven. Oh, great. Here's a table. The table is massive. On the table you make out a cookbook. Oh wow! Is that what I think it is? It is! It's a counter. On the counter you make out an orange bell pepper and a knife. You make out a stove. Why don't you take a picture of it, it'll last longer! The stove is conventional. Unfortunately, there isn't a thing on it. Oh! Why couldn't there just be stuff on it?

There is a closed screen door leading east. There is a closed plain door leading north. There is an exit to the west.

There is a yellow bell pepper, a raw yellow potato, a raw purple potato and a carrot on the floor.",You are carrying: a red onion and a red hot pepper.,1 of 17,0.058823529411764705,False,
21,,,I will take the cookbook from the table to check the recipe.,take cookbook from table,,You take the cookbook from the table.,Kitchen,"You arrive in a kitchen. An ordinary one. The room seems oddly familiar, as though it were only superficially different from the other rooms in the building.

You hear a noise behind you and spin around, but you can't see anything other than a fridge. You see a gleam over in a corner, where you can see an oven. Oh, great. Here's a table. The table is massive. The table appears to be empty. Oh wow! Is that what I think it is? It is! It's a counter. On the counter you make out an orange bell pepper and a knife. You make out a stove. Why don't you take a picture of it, it'll last longer! The stove is conventional. Unfortunately, there isn't a thing on it. Oh! Why couldn't there just be stuff on it?

There is a closed screen door leading east. There is a closed plain door leading north. There is an exit to the west.

There is a yellow bell pepper, a raw yellow potato, a raw purple potato and a carrot on the floor.","You are carrying: a cookbook, a red onion and a red hot pepper.",1 of 17,0.058823529411764705,False,
22,,,I will examine the cookbook to find the recipe for a delicious meal.,examine cookbook,,"You open the copy of ""Cooking: A Modern Approach (3rd Ed.)"" and start reading:

Recipe #1
---------
Gather all following ingredients and follow the directions to prepare this tasty meal.

Ingredients:
red potato
  pork chop
  white onion
  banana
  red hot pepper

Directions:
dice the red potato
  fry the red potato
  dice the pork chop
  roast the pork chop
  slice the white onion
  roast the white onion
  slice the banana
  grill the banana
  slice the red hot pepper
  fry the red hot pepper
  prepare meal",Kitchen,"You arrive in a kitchen. An ordinary one. The room seems oddly familiar, as though it were only superficially different from the other rooms in the building.

You hear a noise behind you and spin around, but you can't see anything other than a fridge. You see a gleam over in a corner, where you can see an oven. Oh, great. Here's a table. The table is massive. The table appears to be empty. Oh wow! Is that what I think it is? It is! It's a counter. On the counter you make out an orange bell pepper and a knife. You make out a stove. Why don't you take a picture of it, it'll last longer! The stove is conventional. Unfortunately, there isn't a thing on it. Oh! Why couldn't there just be stuff on it?

There is a closed screen door leading east. There is a closed plain door leading north. There is an exit to the west.

There is a yellow bell pepper, a raw yellow potato, a raw purple potato and a carrot on the floor.","You are carrying: a cookbook, a red onion and a red hot pepper.",1 of 17,0.058823529411764705,False,
23,,,"I need to find a red potato, pork chop, white onion, and banana to follow the recipe. I will take the red onion and red hot pepper I have and look for the other ingredients by going west.",go west,,"You make a grand eccentric entrance into a corridor. The room is well lit.



There is an exit to the east. There is an exit to the north. You need an exit without a door? You should try going south.",Corridor,"You make a grand eccentric entrance into a corridor. The room is well lit.



There is an exit to the east. There is an exit to the north. You need an exit without a door? You should try going south.","You are carrying: a cookbook, a red onion and a red hot pepper.",1 of 17,0.058823529411764705,False,
24,,,I will go north to explore and look for the ingredients needed for the recipe.,go north,,"Well, here we are in a bedroom.

Oh wow! Is that what I think it is? It is! It's a bed. But the thing hasn't got anything on it.

You don't like doors? Why not try going south, that entranceway is not blocked by one. There is an exit to the west.",Bedroom,"Well, here we are in a bedroom.

Oh wow! Is that what I think it is? It is! It's a bed. But the thing hasn't got anything on it.

You don't like doors? Why not try going south, that entranceway is not blocked by one. There is an exit to the west.","You are carrying: a cookbook, a red onion and a red hot pepper.",1 of 17,0.058823529411764705,False,
25,,,I will go west from the bedroom to continue searching for the ingredients.,go west,,"You're now in a livingroom.

You scan the room for a sofa, and you find a sofa. The sofa is comfy. The sofa appears to be empty. It would have been so cool if there was stuff on the sofa.

You don't like doors? Why not try going east, that entranceway is not blocked by one.",Livingroom,"You're now in a livingroom.

You scan the room for a sofa, and you find a sofa. The sofa is comfy. The sofa appears to be empty. It would have been so cool if there was stuff on the sofa.

You don't like doors? Why not try going east, that entranceway is not blocked by one.","You are carrying: a cookbook, a red onion and a red hot pepper.",1 of 17,0.058823529411764705,False,
26,,,I will go east to return to the corridor and then try going north from there to find the ingredients.,go east,,"Well, here we are in a bedroom.

Oh wow! Is that what I think it is? It is! It's a bed. But the thing hasn't got anything on it.

You don't like doors? Why not try going south, that entranceway is not blocked by one. There is an exit to the west.",Bedroom,"Well, here we are in a bedroom.

Oh wow! Is that what I think it is? It is! It's a bed. But the thing hasn't got anything on it.

You don't like doors? Why not try going south, that entranceway is not blocked by one. There is an exit to the west.","You are carrying: a cookbook, a red onion and a red hot pepper.",1 of 17,0.058823529411764705,False,
27,,,I will go south to return to the corridor and then go east to explore further.,go south,,"You make a grand eccentric entrance into a corridor. The room is well lit.



There is an exit to the east. There is an exit to the north. You need an exit without a door? You should try going south.",Corridor,"You make a grand eccentric entrance into a corridor. The room is well lit.



There is an exit to the east. There is an exit to the north. You need an exit without a door? You should try going south.","You are carrying: a cookbook, a red onion and a red hot pepper.",1 of 17,0.058823529411764705,False,
28,,,I will go east from the corridor to explore the kitchen for ingredients.,go east,,"You arrive in a kitchen. An ordinary one. The room seems oddly familiar, as though it were only superficially different from the other rooms in the building.

You hear a noise behind you and spin around, but you can't see anything other than a fridge. You see a gleam over in a corner, where you can see an oven. Oh, great. Here's a table. The table is massive. The table appears to be empty. Oh wow! Is that what I think it is? It is! It's a counter. On the counter you make out an orange bell pepper and a knife. You make out a stove. Why don't you take a picture of it, it'll last longer! The stove is conventional. Unfortunately, there isn't a thing on it. Oh! Why couldn't there just be stuff on it?

There is a closed screen door leading east. There is a closed plain door leading north. There is an exit to the west.

There is a yellow bell pepper, a raw yellow potato, a raw purple potato and a carrot on the floor.",Kitchen,"You arrive in a kitchen. An ordinary one. The room seems oddly familiar, as though it were only superficially different from the other rooms in the building.

You hear a noise behind you and spin around, but you can't see anything other than a fridge. You see a gleam over in a corner, where you can see an oven. Oh, great. Here's a table. The table is massive. The table appears to be empty. Oh wow! Is that what I think it is? It is! It's a counter. On the counter you make out an orange bell pepper and a knife. You make out a stove. Why don't you take a picture of it, it'll last longer! The stove is conventional. Unfortunately, there isn't a thing on it. Oh! Why couldn't there just be stuff on it?

There is a closed screen door leading east. There is a closed plain door leading north. There is an exit to the west.

There is a yellow bell pepper, a raw yellow potato, a raw purple potato and a carrot on the floor.","You are carrying: a cookbook, a red onion and a red hot pepper.",1 of 17,0.058823529411764705,False,
29,,,I will take the knife from the counter to prepare the ingredients.,take knife from counter,,You take the knife from the counter.,Kitchen,"You arrive in a kitchen. An ordinary one. The room seems oddly familiar, as though it were only superficially different from the other rooms in the building.

You hear a noise behind you and spin around, but you can't see anything other than a fridge. You see a gleam over in a corner, where you can see an oven. Oh, great. Here's a table. The table is massive. The table appears to be empty. Oh wow! Is that what I think it is? It is! It's a counter. On the counter you make out an orange bell pepper. You make out a stove. Why don't you take a picture of it, it'll last longer! The stove is conventional. Unfortunately, there isn't a thing on it. Oh! Why couldn't there just be stuff on it?

There is a closed screen door leading east. There is a closed plain door leading north. There is an exit to the west.

There is a yellow bell pepper, a raw yellow potato, a raw purple potato and a carrot on the floor.","You are carrying: a knife, a cookbook, a red onion and a red hot pepper.",1 of 17,0.058823529411764705,False,
30,,,"I will take the yellow bell pepper, raw yellow potato, raw purple potato, and carrot from the floor to have more ingredients for cooking.","take yellow bell pepper from floor, take raw yellow potato from floor, take raw purple potato from floor, take carrot from floor",,You can't see any such thing.,Kitchen,"You arrive in a kitchen. An ordinary one. The room seems oddly familiar, as though it were only superficially different from the other rooms in the building.

You hear a noise behind you and spin around, but you can't see anything other than a fridge. You see a gleam over in a corner, where you can see an oven. Oh, great. Here's a table. The table is massive. The table appears to be empty. Oh wow! Is that what I think it is? It is! It's a counter. On the counter you make out an orange bell pepper. You make out a stove. Why don't you take a picture of it, it'll last longer! The stove is conventional. Unfortunately, there isn't a thing on it. Oh! Why couldn't there just be stuff on it?

There is a closed screen door leading east. There is a closed plain door leading north. There is an exit to the west.

There is a yellow bell pepper, a raw yellow potato, a raw purple potato and a carrot on the floor.","You are carrying: a knife, a cookbook, a red onion and a red hot pepper.",1 of 17,0.058823529411764705,False,
31,,,I will take the yellow bell pepper from the floor first.,take yellow bell pepper from floor,,You pick up the yellow bell pepper from the ground.,Kitchen,"You arrive in a kitchen. An ordinary one. The room seems oddly familiar, as though it were only superficially different from the other rooms in the building.

You hear a noise behind you and spin around, but you can't see anything other than a fridge. You see a gleam over in a corner, where you can see an oven. Oh, great. Here's a table. The table is massive. The table appears to be empty. Oh wow! Is that what I think it is? It is! It's a counter. On the counter you make out an orange bell pepper. You make out a stove. Why don't you take a picture of it, it'll last longer! The stove is conventional. Unfortunately, there isn't a thing on it. Oh! Why couldn't there just be stuff on it?

There is a closed screen door leading east. There is a closed plain door leading north. There is an exit to the west.

There is a raw yellow potato, a raw purple potato and a carrot on the floor.","You are carrying: a yellow bell pepper, a knife, a cookbook, a red onion and a red hot pepper.",1 of 17,0.058823529411764705,False,
32,,,I will take the raw yellow potato from the floor next.,take raw yellow potato from floor,,You're carrying too many things already.,Kitchen,"You arrive in a kitchen. An ordinary one. The room seems oddly familiar, as though it were only superficially different from the other rooms in the building.

You hear a noise behind you and spin around, but you can't see anything other than a fridge. You see a gleam over in a corner, where you can see an oven. Oh, great. Here's a table. The table is massive. The table appears to be empty. Oh wow! Is that what I think it is? It is! It's a counter. On the counter you make out an orange bell pepper. You make out a stove. Why don't you take a picture of it, it'll last longer! The stove is conventional. Unfortunately, there isn't a thing on it. Oh! Why couldn't there just be stuff on it?

There is a closed screen door leading east. There is a closed plain door leading north. There is an exit to the west.

There is a raw yellow potato, a raw purple potato and a carrot on the floor.","You are carrying: a yellow bell pepper, a knife, a cookbook, a red onion and a red hot pepper.",1 of 17,0.058823529411764705,False,
33,,,"I am carrying too many items, so I should drop the red hot pepper to free up space for the raw yellow potato.",drop red hot pepper,,You drop the red hot pepper on the ground.,Kitchen,"You arrive in a kitchen. An ordinary one. The room seems oddly familiar, as though it were only superficially different from the other rooms in the building.

You hear a noise behind you and spin around, but you can't see anything other than a fridge. You see a gleam over in a corner, where you can see an oven. Oh, great. Here's a table. The table is massive. The table appears to be empty. Oh wow! Is that what I think it is? It is! It's a counter. On the counter you make out an orange bell pepper. You make out a stove. Why don't you take a picture of it, it'll last longer! The stove is conventional. Unfortunately, there isn't a thing on it. Oh! Why couldn't there just be stuff on it?

There is a closed screen door leading east. There is a closed plain door leading north. There is an exit to the west.

There is a red hot pepper, a raw yellow potato, a raw purple potato and a carrot on the floor.","You are carrying: a yellow bell pepper, a knife, a cookbook and a red onion.",1 of 17,0.058823529411764705,False,
34,,,"Now that I have space, I will take the raw yellow potato from the floor.",take raw yellow potato from floor,,You pick up the yellow potato from the ground.,Kitchen,"You arrive in a kitchen. An ordinary one. The room seems oddly familiar, as though it were only superficially different from the other rooms in the building.

You hear a noise behind you and spin around, but you can't see anything other than a fridge. You see a gleam over in a corner, where you can see an oven. Oh, great. Here's a table. The table is massive. The table appears to be empty. Oh wow! Is that what I think it is? It is! It's a counter. On the counter you make out an orange bell pepper. You make out a stove. Why don't you take a picture of it, it'll last longer! The stove is conventional. Unfortunately, there isn't a thing on it. Oh! Why couldn't there just be stuff on it?

There is a closed screen door leading east. There is a closed plain door leading north. There is an exit to the west.

There is a red hot pepper, a raw purple potato and a carrot on the floor.","You are carrying: a raw yellow potato, a yellow bell pepper, a knife, a cookbook and a red onion.",1 of 17,0.058823529411764705,False,
35,,,I should check the cookbook for the recipe to cook a delicious meal.,examine cookbook,,"You open the copy of ""Cooking: A Modern Approach (3rd Ed.)"" and start reading:

Recipe #1
---------
Gather all following ingredients and follow the directions to prepare this tasty meal.

Ingredients:
red potato
  pork chop
  white onion
  banana
  red hot pepper

Directions:
dice the red potato
  fry the red potato
  dice the pork chop
  roast the pork chop
  slice the white onion
  roast the white onion
  slice the banana
  grill the banana
  slice the red hot pepper
  fry the red hot pepper
  prepare meal",Kitchen,"You arrive in a kitchen. An ordinary one. The room seems oddly familiar, as though it were only superficially different from the other rooms in the building.

You hear a noise behind you and spin around, but you can't see anything other than a fridge. You see a gleam over in a corner, where you can see an oven. Oh, great. Here's a table. The table is massive. The table appears to be empty. Oh wow! Is that what I think it is? It is! It's a counter. On the counter you make out an orange bell pepper. You make out a stove. Why don't you take a picture of it, it'll last longer! The stove is conventional. Unfortunately, there isn't a thing on it. Oh! Why couldn't there just be stuff on it?

There is a closed screen door leading east. There is a closed plain door leading north. There is an exit to the west.

There is a red hot pepper, a raw purple potato and a carrot on the floor.","You are carrying: a raw yellow potato, a yellow bell pepper, a knife, a cookbook and a red onion.",1 of 17,0.058823529411764705,False,
36,,,"I do not have the required ingredients for the recipe, so I should take the red hot pepper from the floor to start gathering ingredients.",take red hot pepper from floor,,You're carrying too many things already.,Kitchen,"You arrive in a kitchen. An ordinary one. The room seems oddly familiar, as though it were only superficially different from the other rooms in the building.

You hear a noise behind you and spin around, but you can't see anything other than a fridge. You see a gleam over in a corner, where you can see an oven. Oh, great. Here's a table. The table is massive. The table appears to be empty. Oh wow! Is that what I think it is? It is! It's a counter. On the counter you make out an orange bell pepper. You make out a stove. Why don't you take a picture of it, it'll last longer! The stove is conventional. Unfortunately, there isn't a thing on it. Oh! Why couldn't there just be stuff on it?

There is a closed screen door leading east. There is a closed plain door leading north. There is an exit to the west.

There is a red hot pepper, a raw purple potato and a carrot on the floor.","You are carrying: a raw yellow potato, a yellow bell pepper, a knife, a cookbook and a red onion.",1 of 17,0.058823529411764705,False,
37,,,"I need to free up inventory space by dropping an item I don't need for the recipe, such as the yellow bell pepper.",drop yellow bell pepper,,You drop the yellow bell pepper on the ground.,Kitchen,"You arrive in a kitchen. An ordinary one. The room seems oddly familiar, as though it were only superficially different from the other rooms in the building.

You hear a noise behind you and spin around, but you can't see anything other than a fridge. You see a gleam over in a corner, where you can see an oven. Oh, great. Here's a table. The table is massive. The table appears to be empty. Oh wow! Is that what I think it is? It is! It's a counter. On the counter you make out an orange bell pepper. You make out a stove. Why don't you take a picture of it, it'll last longer! The stove is conventional. Unfortunately, there isn't a thing on it. Oh! Why couldn't there just be stuff on it?

There is a closed screen door leading east. There is a closed plain door leading north. There is an exit to the west.

There is a yellow bell pepper, a red hot pepper, a raw purple potato and a carrot on the floor.","You are carrying: a raw yellow potato, a knife, a cookbook and a red onion.",1 of 17,0.058823529411764705,False,
38,,,"Now that I have freed up space, I should take the red hot pepper from the floor to gather the ingredients for the recipe.",take red hot pepper from floor,,You pick up the red hot pepper from the ground.,Kitchen,"You arrive in a kitchen. An ordinary one. The room seems oddly familiar, as though it were only superficially different from the other rooms in the building.

You hear a noise behind you and spin around, but you can't see anything other than a fridge. You see a gleam over in a corner, where you can see an oven. Oh, great. Here's a table. The table is massive. The table appears to be empty. Oh wow! Is that what I think it is? It is! It's a counter. On the counter you make out an orange bell pepper. You make out a stove. Why don't you take a picture of it, it'll last longer! The stove is conventional. Unfortunately, there isn't a thing on it. Oh! Why couldn't there just be stuff on it?

There is a closed screen door leading east. There is a closed plain door leading north. There is an exit to the west.

There is a yellow bell pepper, a raw purple potato and a carrot on the floor.","You are carrying: a red hot pepper, a raw yellow potato, a knife, a cookbook and a red onion.",1 of 17,0.058823529411764705,False,
39,,,I need to find and take the red potato from the kitchen to match the recipe ingredients.,take red potato from counter,,You can't see any such thing.,Kitchen,"You arrive in a kitchen. An ordinary one. The room seems oddly familiar, as though it were only superficially different from the other rooms in the building.

You hear a noise behind you and spin around, but you can't see anything other than a fridge. You see a gleam over in a corner, where you can see an oven. Oh, great. Here's a table. The table is massive. The table appears to be empty. Oh wow! Is that what I think it is? It is! It's a counter. On the counter you make out an orange bell pepper. You make out a stove. Why don't you take a picture of it, it'll last longer! The stove is conventional. Unfortunately, there isn't a thing on it. Oh! Why couldn't there just be stuff on it?

There is a closed screen door leading east. There is a closed plain door leading north. There is an exit to the west.

There is a yellow bell pepper, a raw purple potato and a carrot on the floor.","You are carrying: a red hot pepper, a raw yellow potato, a knife, a cookbook and a red onion.",1 of 17,0.058823529411764705,False,
40,,,"The red potato is not visible, but there is a raw purple potato on the floor, so I should take the raw purple potato instead.",take raw purple potato from floor,,You're carrying too many things already.,Kitchen,"You arrive in a kitchen. An ordinary one. The room seems oddly familiar, as though it were only superficially different from the other rooms in the building.

You hear a noise behind you and spin around, but you can't see anything other than a fridge. You see a gleam over in a corner, where you can see an oven. Oh, great. Here's a table. The table is massive. The table appears to be empty. Oh wow! Is that what I think it is? It is! It's a counter. On the counter you make out an orange bell pepper. You make out a stove. Why don't you take a picture of it, it'll last longer! The stove is conventional. Unfortunately, there isn't a thing on it. Oh! Why couldn't there just be stuff on it?

There is a closed screen door leading east. There is a closed plain door leading north. There is an exit to the west.

There is a yellow bell pepper, a raw purple potato and a carrot on the floor.","You are carrying: a red hot pepper, a raw yellow potato, a knife, a cookbook and a red onion.",1 of 17,0.058823529411764705,False,
41,,,"I am carrying too many items, so I should drop the raw yellow potato to free up space for the raw purple potato.",drop raw yellow potato,,You drop the yellow potato on the ground.,Kitchen,"You arrive in a kitchen. An ordinary one. The room seems oddly familiar, as though it were only superficially different from the other rooms in the building.

You hear a noise behind you and spin around, but you can't see anything other than a fridge. You see a gleam over in a corner, where you can see an oven. Oh, great. Here's a table. The table is massive. The table appears to be empty. Oh wow! Is that what I think it is? It is! It's a counter. On the counter you make out an orange bell pepper. You make out a stove. Why don't you take a picture of it, it'll last longer! The stove is conventional. Unfortunately, there isn't a thing on it. Oh! Why couldn't there just be stuff on it?

There is a closed screen door leading east. There is a closed plain door leading north. There is an exit to the west.

There is a raw yellow potato, a yellow bell pepper, a raw purple potato and a carrot on the floor.","You are carrying: a red hot pepper, a knife, a cookbook and a red onion.",1 of 17,0.058823529411764705,False,
42,,,"Now that I have space, I should take the raw purple potato from the floor.",take raw purple potato from floor,,You pick up the purple potato from the ground.,Kitchen,"You arrive in a kitchen. An ordinary one. The room seems oddly familiar, as though it were only superficially different from the other rooms in the building.

You hear a noise behind you and spin around, but you can't see anything other than a fridge. You see a gleam over in a corner, where you can see an oven. Oh, great. Here's a table. The table is massive. The table appears to be empty. Oh wow! Is that what I think it is? It is! It's a counter. On the counter you make out an orange bell pepper. You make out a stove. Why don't you take a picture of it, it'll last longer! The stove is conventional. Unfortunately, there isn't a thing on it. Oh! Why couldn't there just be stuff on it?

There is a closed screen door leading east. There is a closed plain door leading north. There is an exit to the west.

There is a raw yellow potato, a yellow bell pepper and a carrot on the floor.","You are carrying: a raw purple potato, a red hot pepper, a knife, a cookbook and a red onion.",1 of 17,0.058823529411764705,False,
43,,,I should check the cookbook for a recipe to cook a delicious meal.,examine cookbook,,"You open the copy of ""Cooking: A Modern Approach (3rd Ed.)"" and start reading:

Recipe #1
---------
Gather all following ingredients and follow the directions to prepare this tasty meal.

Ingredients:
red potato
  pork chop
  white onion
  banana
  red hot pepper

Directions:
dice the red potato
  fry the red potato
  dice the pork chop
  roast the pork chop
  slice the white onion
  roast the white onion
  slice the banana
  grill the banana
  slice the red hot pepper
  fry the red hot pepper
  prepare meal",Kitchen,"You arrive in a kitchen. An ordinary one. The room seems oddly familiar, as though it were only superficially different from the other rooms in the building.

You hear a noise behind you and spin around, but you can't see anything other than a fridge. You see a gleam over in a corner, where you can see an oven. Oh, great. Here's a table. The table is massive. The table appears to be empty. Oh wow! Is that what I think it is? It is! It's a counter. On the counter you make out an orange bell pepper. You make out a stove. Why don't you take a picture of it, it'll last longer! The stove is conventional. Unfortunately, there isn't a thing on it. Oh! Why couldn't there just be stuff on it?

There is a closed screen door leading east. There is a closed plain door leading north. There is an exit to the west.

There is a raw yellow potato, a yellow bell pepper and a carrot on the floor.","You are carrying: a raw purple potato, a red hot pepper, a knife, a cookbook and a red onion.",1 of 17,0.058823529411764705,False,
44,,,"I do not have all the ingredients for the recipe, so I should go west to explore and find the missing ingredients.",go west,,"You make a grand eccentric entrance into a corridor. The room is well lit.



There is an exit to the east. There is an exit to the north. You need an exit without a door? You should try going south.",Corridor,"You make a grand eccentric entrance into a corridor. The room is well lit.



There is an exit to the east. There is an exit to the north. You need an exit without a door? You should try going south.","You are carrying: a raw purple potato, a red hot pepper, a knife, a cookbook and a red onion.",1 of 17,0.058823529411764705,False,
45,,,I should go north to explore the corridor for the missing ingredients.,go north,,"Well, here we are in a bedroom.

Oh wow! Is that what I think it is? It is! It's a bed. But the thing hasn't got anything on it.

You don't like doors? Why not try going south, that entranceway is not blocked by one. There is an exit to the west.",Bedroom,"Well, here we are in a bedroom.

Oh wow! Is that what I think it is? It is! It's a bed. But the thing hasn't got anything on it.

You don't like doors? Why not try going south, that entranceway is not blocked by one. There is an exit to the west.","You are carrying: a raw purple potato, a red hot pepper, a knife, a cookbook and a red onion.",1 of 17,0.058823529411764705,False,
46,,,I should go west from the bedroom to continue searching for the missing ingredients.,go west,,"You're now in a livingroom.

You scan the room for a sofa, and you find a sofa. The sofa is comfy. The sofa appears to be empty. It would have been so cool if there was stuff on the sofa.

You don't like doors? Why not try going east, that entranceway is not blocked by one.",Livingroom,"You're now in a livingroom.

You scan the room for a sofa, and you find a sofa. The sofa is comfy. The sofa appears to be empty. It would have been so cool if there was stuff on the sofa.

You don't like doors? Why not try going east, that entranceway is not blocked by one.","You are carrying: a raw purple potato, a red hot pepper, a knife, a cookbook and a red onion.",1 of 17,0.058823529411764705,False,
47,,,I should go east to return to the corridor and explore other directions for ingredients.,go east,,"Well, here we are in a bedroom.

Oh wow! Is that what I think it is? It is! It's a bed. But the thing hasn't got anything on it.

You don't like doors? Why not try going south, that entranceway is not blocked by one. There is an exit to the west.",Bedroom,"Well, here we are in a bedroom.

Oh wow! Is that what I think it is? It is! It's a bed. But the thing hasn't got anything on it.

You don't like doors? Why not try going south, that entranceway is not blocked by one. There is an exit to the west.","You are carrying: a raw purple potato, a red hot pepper, a knife, a cookbook and a red onion.",1 of 17,0.058823529411764705,False,
48,,,I should go south to return to the corridor and explore the east exit.,go south,,"You make a grand eccentric entrance into a corridor. The room is well lit.



There is an exit to the east. There is an exit to the north. You need an exit without a door? You should try going south.",Corridor,"You make a grand eccentric entrance into a corridor. The room is well lit.



There is an exit to the east. There is an exit to the north. You need an exit without a door? You should try going south.","You are carrying: a raw purple potato, a red hot pepper, a knife, a cookbook and a red onion.",1 of 17,0.058823529411764705,False,
49,,,I should go east to explore the room in that direction for more ingredients or useful items.,go east,,"You arrive in a kitchen. An ordinary one. The room seems oddly familiar, as though it were only superficially different from the other rooms in the building.

You hear a noise behind you and spin around, but you can't see anything other than a fridge. You see a gleam over in a corner, where you can see an oven. Oh, great. Here's a table. The table is massive. The table appears to be empty. Oh wow! Is that what I think it is? It is! It's a counter. On the counter you make out an orange bell pepper. You make out a stove. Why don't you take a picture of it, it'll last longer! The stove is conventional. Unfortunately, there isn't a thing on it. Oh! Why couldn't there just be stuff on it?

There is a closed screen door leading east. There is a closed plain door leading north. There is an exit to the west.

There is a raw yellow potato, a yellow bell pepper and a carrot on the floor.",Kitchen,"You arrive in a kitchen. An ordinary one. The room seems oddly familiar, as though it were only superficially different from the other rooms in the building.

You hear a noise behind you and spin around, but you can't see anything other than a fridge. You see a gleam over in a corner, where you can see an oven. Oh, great. Here's a table. The table is massive. The table appears to be empty. Oh wow! Is that what I think it is? It is! It's a counter. On the counter you make out an orange bell pepper. You make out a stove. Why don't you take a picture of it, it'll last longer! The stove is conventional. Unfortunately, there isn't a thing on it. Oh! Why couldn't there just be stuff on it?

There is a closed screen door leading east. There is a closed plain door leading north. There is an exit to the west.

There is a raw yellow potato, a yellow bell pepper and a carrot on the floor.","You are carrying: a raw purple potato, a red hot pepper, a knife, a cookbook and a red onion.",1 of 17,0.058823529411764705,False,
50,,,"I should take the raw yellow potato, yellow bell pepper, and carrot from the floor to have more ingredients for cooking.",take raw yellow potato from floor,,You're carrying too many things already.,Kitchen,"You arrive in a kitchen. An ordinary one. The room seems oddly familiar, as though it were only superficially different from the other rooms in the building.

You hear a noise behind you and spin around, but you can't see anything other than a fridge. You see a gleam over in a corner, where you can see an oven. Oh, great. Here's a table. The table is massive. The table appears to be empty. Oh wow! Is that what I think it is? It is! It's a counter. On the counter you make out an orange bell pepper. You make out a stove. Why don't you take a picture of it, it'll last longer! The stove is conventional. Unfortunately, there isn't a thing on it. Oh! Why couldn't there just be stuff on it?

There is a closed screen door leading east. There is a closed plain door leading north. There is an exit to the west.

There is a raw yellow potato, a yellow bell pepper and a carrot on the floor.","You are carrying: a raw purple potato, a red hot pepper, a knife, a cookbook and a red onion.",1 of 17,0.058823529411764705,False,
51,,,I need to drop one item to free up space before taking new ingredients. I will drop the raw purple potato since I already have a yellow one.,drop raw purple potato,,You drop the purple potato on the ground.,Kitchen,"You arrive in a kitchen. An ordinary one. The room seems oddly familiar, as though it were only superficially different from the other rooms in the building.

You hear a noise behind you and spin around, but you can't see anything other than a fridge. You see a gleam over in a corner, where you can see an oven. Oh, great. Here's a table. The table is massive. The table appears to be empty. Oh wow! Is that what I think it is? It is! It's a counter. On the counter you make out an orange bell pepper. You make out a stove. Why don't you take a picture of it, it'll last longer! The stove is conventional. Unfortunately, there isn't a thing on it. Oh! Why couldn't there just be stuff on it?

There is a closed screen door leading east. There is a closed plain door leading north. There is an exit to the west.

There is a raw purple potato, a raw yellow potato, a yellow bell pepper and a carrot on the floor.","You are carrying: a red hot pepper, a knife, a cookbook and a red onion.",1 of 17,0.058823529411764705,False,
52,,,"Now that I have space, I should take the yellow bell pepper from the floor.",take yellow bell pepper from floor,,You pick up the yellow bell pepper from the ground.,Kitchen,"You arrive in a kitchen. An ordinary one. The room seems oddly familiar, as though it were only superficially different from the other rooms in the building.

You hear a noise behind you and spin around, but you can't see anything other than a fridge. You see a gleam over in a corner, where you can see an oven. Oh, great. Here's a table. The table is massive. The table appears to be empty. Oh wow! Is that what I think it is? It is! It's a counter. On the counter you make out an orange bell pepper. You make out a stove. Why don't you take a picture of it, it'll last longer! The stove is conventional. Unfortunately, there isn't a thing on it. Oh! Why couldn't there just be stuff on it?

There is a closed screen door leading east. There is a closed plain door leading north. There is an exit to the west.

There is a raw purple potato, a raw yellow potato and a carrot on the floor.","You are carrying: a yellow bell pepper, a red hot pepper, a knife, a cookbook and a red onion.",1 of 17,0.058823529411764705,False,
53,,,I should now take the carrot from the floor to have more ingredients for cooking.,take carrot from floor,,You're carrying too many things already.,Kitchen,"You arrive in a kitchen. An ordinary one. The room seems oddly familiar, as though it were only superficially different from the other rooms in the building.

You hear a noise behind you and spin around, but you can't see anything other than a fridge. You see a gleam over in a corner, where you can see an oven. Oh, great. Here's a table. The table is massive. The table appears to be empty. Oh wow! Is that what I think it is? It is! It's a counter. On the counter you make out an orange bell pepper. You make out a stove. Why don't you take a picture of it, it'll last longer! The stove is conventional. Unfortunately, there isn't a thing on it. Oh! Why couldn't there just be stuff on it?

There is a closed screen door leading east. There is a closed plain door leading north. There is an exit to the west.

There is a raw purple potato, a raw yellow potato and a carrot on the floor.","You are carrying: a yellow bell pepper, a red hot pepper, a knife, a cookbook and a red onion.",1 of 17,0.058823529411764705,False,
54,,,I need to drop another item to free space before taking the carrot. I will drop the red hot pepper.,drop red hot pepper,,You drop the red hot pepper on the ground.,Kitchen,"You arrive in a kitchen. An ordinary one. The room seems oddly familiar, as though it were only superficially different from the other rooms in the building.

You hear a noise behind you and spin around, but you can't see anything other than a fridge. You see a gleam over in a corner, where you can see an oven. Oh, great. Here's a table. The table is massive. The table appears to be empty. Oh wow! Is that what I think it is? It is! It's a counter. On the counter you make out an orange bell pepper. You make out a stove. Why don't you take a picture of it, it'll last longer! The stove is conventional. Unfortunately, there isn't a thing on it. Oh! Why couldn't there just be stuff on it?

There is a closed screen door leading east. There is a closed plain door leading north. There is an exit to the west.

There is a red hot pepper, a raw purple potato, a raw yellow potato and a carrot on the floor.","You are carrying: a yellow bell pepper, a knife, a cookbook and a red onion.",1 of 17,0.058823529411764705,False,
55,,,"Now that I have space, I should take the carrot from the floor.",take carrot from floor,,You pick up the carrot from the ground.,Kitchen,"You arrive in a kitchen. An ordinary one. The room seems oddly familiar, as though it were only superficially different from the other rooms in the building.

You hear a noise behind you and spin around, but you can't see anything other than a fridge. You see a gleam over in a corner, where you can see an oven. Oh, great. Here's a table. The table is massive. The table appears to be empty. Oh wow! Is that what I think it is? It is! It's a counter. On the counter you make out an orange bell pepper. You make out a stove. Why don't you take a picture of it, it'll last longer! The stove is conventional. Unfortunately, there isn't a thing on it. Oh! Why couldn't there just be stuff on it?

There is a closed screen door leading east. There is a closed plain door leading north. There is an exit to the west.

There is a red hot pepper, a raw purple potato and a raw yellow potato on the floor.","You are carrying: a carrot, a yellow bell pepper, a knife, a cookbook and a red onion.",1 of 17,0.058823529411764705,False,
56,,,I should check the cookbook for a recipe to cook a delicious meal.,examine cookbook,,"You open the copy of ""Cooking: A Modern Approach (3rd Ed.)"" and start reading:

Recipe #1
---------
Gather all following ingredients and follow the directions to prepare this tasty meal.

Ingredients:
red potato
  pork chop
  white onion
  banana
  red hot pepper

Directions:
dice the red potato
  fry the red potato
  dice the pork chop
  roast the pork chop
  slice the white onion
  roast the white onion
  slice the banana
  grill the banana
  slice the red hot pepper
  fry the red hot pepper
  prepare meal",Kitchen,"You arrive in a kitchen. An ordinary one. The room seems oddly familiar, as though it were only superficially different from the other rooms in the building.

You hear a noise behind you and spin around, but you can't see anything other than a fridge. You see a gleam over in a corner, where you can see an oven. Oh, great. Here's a table. The table is massive. The table appears to be empty. Oh wow! Is that what I think it is? It is! It's a counter. On the counter you make out an orange bell pepper. You make out a stove. Why don't you take a picture of it, it'll last longer! The stove is conventional. Unfortunately, there isn't a thing on it. Oh! Why couldn't there just be stuff on it?

There is a closed screen door leading east. There is a closed plain door leading north. There is an exit to the west.

There is a red hot pepper, a raw purple potato and a raw yellow potato on the floor.","You are carrying: a carrot, a yellow bell pepper, a knife, a cookbook and a red onion.",1 of 17,0.058823529411764705,False,
57,,,"The recipe requires a red potato, pork chop, white onion, banana, and red hot pepper. I currently have a red onion, carrot, yellow bell pepper, and no pork chop or banana. I should take the red hot pepper from the floor and then look for the missing ingredients.",take red hot pepper from floor,,You're carrying too many things already.,Kitchen,"You arrive in a kitchen. An ordinary one. The room seems oddly familiar, as though it were only superficially different from the other rooms in the building.

You hear a noise behind you and spin around, but you can't see anything other than a fridge. You see a gleam over in a corner, where you can see an oven. Oh, great. Here's a table. The table is massive. The table appears to be empty. Oh wow! Is that what I think it is? It is! It's a counter. On the counter you make out an orange bell pepper. You make out a stove. Why don't you take a picture of it, it'll last longer! The stove is conventional. Unfortunately, there isn't a thing on it. Oh! Why couldn't there just be stuff on it?

There is a closed screen door leading east. There is a closed plain door leading north. There is an exit to the west.

There is a red hot pepper, a raw purple potato and a raw yellow potato on the floor.","You are carrying: a carrot, a yellow bell pepper, a knife, a cookbook and a red onion.",1 of 17,0.058823529411764705,False,
58,,,"I am carrying too many items, so I should drop the yellow bell pepper to free up space for the red hot pepper.",drop yellow bell pepper,,You drop the yellow bell pepper on the ground.,Kitchen,"You arrive in a kitchen. An ordinary one. The room seems oddly familiar, as though it were only superficially different from the other rooms in the building.

You hear a noise behind you and spin around, but you can't see anything other than a fridge. You see a gleam over in a corner, where you can see an oven. Oh, great. Here's a table. The table is massive. The table appears to be empty. Oh wow! Is that what I think it is? It is! It's a counter. On the counter you make out an orange bell pepper. You make out a stove. Why don't you take a picture of it, it'll last longer! The stove is conventional. Unfortunately, there isn't a thing on it. Oh! Why couldn't there just be stuff on it?

There is a closed screen door leading east. There is a closed plain door leading north. There is an exit to the west.

There is a yellow bell pepper, a red hot pepper, a raw purple potato and a raw yellow potato on the floor.","You are carrying: a carrot, a knife, a cookbook and a red onion.",1 of 17,0.058823529411764705,False,
59,,,"Now that I have space, I should take the red hot pepper from the floor.",take red hot pepper from floor,,You pick up the red hot pepper from the ground.,Kitchen,"You arrive in a kitchen. An ordinary one. The room seems oddly familiar, as though it were only superficially different from the other rooms in the building.

You hear a noise behind you and spin around, but you can't see anything other than a fridge. You see a gleam over in a corner, where you can see an oven. Oh, great. Here's a table. The table is massive. The table appears to be empty. Oh wow! Is that what I think it is? It is! It's a counter. On the counter you make out an orange bell pepper. You make out a stove. Why don't you take a picture of it, it'll last longer! The stove is conventional. Unfortunately, there isn't a thing on it. Oh! Why couldn't there just be stuff on it?

There is a closed screen door leading east. There is a closed plain door leading north. There is an exit to the west.

There is a yellow bell pepper, a raw purple potato and a raw yellow potato on the floor.","You are carrying: a red hot pepper, a carrot, a knife, a cookbook and a red onion.",1 of 17,0.058823529411764705,False,
60,,,"I need to find the red potato, pork chop, white onion, and banana to complete the recipe. I will check the counter and then try going north through the plain door to look for more ingredients.",examine counter,,"The counter is durable.

On the counter is an orange bell pepper.",Kitchen,"You arrive in a kitchen. An ordinary one. The room seems oddly familiar, as though it were only superficially different from the other rooms in the building.

You hear a noise behind you and spin around, but you can't see anything other than a fridge. You see a gleam over in a corner, where you can see an oven. Oh, great. Here's a table. The table is massive. The table appears to be empty. Oh wow! Is that what I think it is? It is! It's a counter. On the counter you make out an orange bell pepper. You make out a stove. Why don't you take a picture of it, it'll last longer! The stove is conventional. Unfortunately, there isn't a thing on it. Oh! Why couldn't there just be stuff on it?

There is a closed screen door leading east. There is a closed plain door leading north. There is an exit to the west.

There is a yellow bell pepper, a raw purple potato and a raw yellow potato on the floor.","You are carrying: a red hot pepper, a carrot, a knife, a cookbook and a red onion.",1 of 17,0.058823529411764705,False,
61,,,"I should go north through the plain door to search for the red potato, pork chop, white onion, and banana.",go north,,You have to open the plain door first.,Kitchen,"You arrive in a kitchen. An ordinary one. The room seems oddly familiar, as though it were only superficially different from the other rooms in the building.

You hear a noise behind you and spin around, but you can't see anything other than a fridge. You see a gleam over in a corner, where you can see an oven. Oh, great. Here's a table. The table is massive. The table appears to be empty. Oh wow! Is that what I think it is? It is! It's a counter. On the counter you make out an orange bell pepper. You make out a stove. Why don't you take a picture of it, it'll last longer! The stove is conventional. Unfortunately, there isn't a thing on it. Oh! Why couldn't there just be stuff on it?

There is a closed screen door leading east. There is a closed plain door leading north. There is an exit to the west.

There is a yellow bell pepper, a raw purple potato and a raw yellow potato on the floor.","You are carrying: a red hot pepper, a carrot, a knife, a cookbook and a red onion.",1 of 17,0.058823529411764705,False,
62,,,I need to open the plain door before going north.,open plain door,,You open plain door.,Kitchen,"You arrive in a kitchen. An ordinary one. The room seems oddly familiar, as though it were only superficially different from the other rooms in the building.

You hear a noise behind you and spin around, but you can't see anything other than a fridge. You see a gleam over in a corner, where you can see an oven. Oh, great. Here's a table. The table is massive. The table appears to be empty. Oh wow! Is that what I think it is? It is! It's a counter. On the counter you make out an orange bell pepper. You make out a stove. Why don't you take a picture of it, it'll last longer! The stove is conventional. Unfortunately, there isn't a thing on it. Oh! Why couldn't there just be stuff on it?

There is a closed screen door leading east. There is an open plain door leading north. There is an exit to the west.

There is a yellow bell pepper, a raw purple potato and a raw yellow potato on the floor.","You are carrying: a red hot pepper, a carrot, a knife, a cookbook and a red onion.",1 of 17,0.058823529411764705,False,
63,,,"Now that the plain door is open, I should go north through it to explore the next room for the ingredients.",go north,,"You've entered a pantry.

You see a shelf. The shelf is wooden. Unfortunately, there isn't a thing on it. It would have been so cool if there was stuff on the shelf.

There is an open plain door leading south.",Pantry,"You've entered a pantry.

You see a shelf. The shelf is wooden. Unfortunately, there isn't a thing on it. It would have been so cool if there was stuff on the shelf.

There is an open plain door leading south.","You are carrying: a red hot pepper, a carrot, a knife, a cookbook and a red onion.",1 of 17,0.058823529411764705,False,
64,,,"The pantry is empty, so I should go back south to the kitchen and take the yellow bell pepper, raw purple potato, and raw yellow potato from the floor.",go south,,"You arrive in a kitchen. An ordinary one. The room seems oddly familiar, as though it were only superficially different from the other rooms in the building.

You hear a noise behind you and spin around, but you can't see anything other than a fridge. You see a gleam over in a corner, where you can see an oven. Oh, great. Here's a table. The table is massive. The table appears to be empty. Oh wow! Is that what I think it is? It is! It's a counter. On the counter you make out an orange bell pepper. You make out a stove. Why don't you take a picture of it, it'll last longer! The stove is conventional. Unfortunately, there isn't a thing on it. Oh! Why couldn't there just be stuff on it?

There is a closed screen door leading east. There is an open plain door leading north. There is an exit to the west.

There is a yellow bell pepper, a raw purple potato and a raw yellow potato on the floor.",Kitchen,"You arrive in a kitchen. An ordinary one. The room seems oddly familiar, as though it were only superficially different from the other rooms in the building.

You hear a noise behind you and spin around, but you can't see anything other than a fridge. You see a gleam over in a corner, where you can see an oven. Oh, great. Here's a table. The table is massive. The table appears to be empty. Oh wow! Is that what I think it is? It is! It's a counter. On the counter you make out an orange bell pepper. You make out a stove. Why don't you take a picture of it, it'll last longer! The stove is conventional. Unfortunately, there isn't a thing on it. Oh! Why couldn't there just be stuff on it?

There is a closed screen door leading east. There is an open plain door leading north. There is an exit to the west.

There is a yellow bell pepper, a raw purple potato and a raw yellow potato on the floor.","You are carrying: a red hot pepper, a carrot, a knife, a cookbook and a red onion.",1 of 17,0.058823529411764705,False,
65,,,"I should take the yellow bell pepper, raw purple potato, and raw yellow potato from the floor to have more ingredients for cooking.",take yellow bell pepper from floor,,You're carrying too many things already.,Kitchen,"You arrive in a kitchen. An ordinary one. The room seems oddly familiar, as though it were only superficially different from the other rooms in the building.

You hear a noise behind you and spin around, but you can't see anything other than a fridge. You see a gleam over in a corner, where you can see an oven. Oh, great. Here's a table. The table is massive. The table appears to be empty. Oh wow! Is that what I think it is? It is! It's a counter. On the counter you make out an orange bell pepper. You make out a stove. Why don't you take a picture of it, it'll last longer! The stove is conventional. Unfortunately, there isn't a thing on it. Oh! Why couldn't there just be stuff on it?

There is a closed screen door leading east. There is an open plain door leading north. There is an exit to the west.

There is a yellow bell pepper, a raw purple potato and a raw yellow potato on the floor.","You are carrying: a red hot pepper, a carrot, a knife, a cookbook and a red onion.",1 of 17,0.058823529411764705,False,
66,,,"I am carrying too many items, so I should drop the red hot pepper to free up space for the yellow bell pepper.",drop red hot pepper,,You drop the red hot pepper on the ground.,Kitchen,"You arrive in a kitchen. An ordinary one. The room seems oddly familiar, as though it were only superficially different from the other rooms in the building.

You hear a noise behind you and spin around, but you can't see anything other than a fridge. You see a gleam over in a corner, where you can see an oven. Oh, great. Here's a table. The table is massive. The table appears to be empty. Oh wow! Is that what I think it is? It is! It's a counter. On the counter you make out an orange bell pepper. You make out a stove. Why don't you take a picture of it, it'll last longer! The stove is conventional. Unfortunately, there isn't a thing on it. Oh! Why couldn't there just be stuff on it?

There is a closed screen door leading east. There is an open plain door leading north. There is an exit to the west.

There is a red hot pepper, a yellow bell pepper, a raw purple potato and a raw yellow potato on the floor.","You are carrying: a carrot, a knife, a cookbook and a red onion.",1 of 17,0.058823529411764705,False,
67,,,"Now that I have space, I should take the yellow bell pepper from the floor.",take yellow bell pepper from floor,,You pick up the yellow bell pepper from the ground.,Kitchen,"You arrive in a kitchen. An ordinary one. The room seems oddly familiar, as though it were only superficially different from the other rooms in the building.

You hear a noise behind you and spin around, but you can't see anything other than a fridge. You see a gleam over in a corner, where you can see an oven. Oh, great. Here's a table. The table is massive. The table appears to be empty. Oh wow! Is that what I think it is? It is! It's a counter. On the counter you make out an orange bell pepper. You make out a stove. Why don't you take a picture of it, it'll last longer! The stove is conventional. Unfortunately, there isn't a thing on it. Oh! Why couldn't there just be stuff on it?

There is a closed screen door leading east. There is an open plain door leading north. There is an exit to the west.

There is a red hot pepper, a raw purple potato and a raw yellow potato on the floor.","You are carrying: a yellow bell pepper, a carrot, a knife, a cookbook and a red onion.",1 of 17,0.058823529411764705,False,
68,,,I should check the cookbook for a recipe to cook a delicious meal.,examine cookbook,,"You open the copy of ""Cooking: A Modern Approach (3rd Ed.)"" and start reading:

Recipe #1
---------
Gather all following ingredients and follow the directions to prepare this tasty meal.

Ingredients:
red potato
  pork chop
  white onion
  banana
  red hot pepper

Directions:
dice the red potato
  fry the red potato
  dice the pork chop
  roast the pork chop
  slice the white onion
  roast the white onion
  slice the banana
  grill the banana
  slice the red hot pepper
  fry the red hot pepper
  prepare meal",Kitchen,"You arrive in a kitchen. An ordinary one. The room seems oddly familiar, as though it were only superficially different from the other rooms in the building.

You hear a noise behind you and spin around, but you can't see anything other than a fridge. You see a gleam over in a corner, where you can see an oven. Oh, great. Here's a table. The table is massive. The table appears to be empty. Oh wow! Is that what I think it is? It is! It's a counter. On the counter you make out an orange bell pepper. You make out a stove. Why don't you take a picture of it, it'll last longer! The stove is conventional. Unfortunately, there isn't a thing on it. Oh! Why couldn't there just be stuff on it?

There is a closed screen door leading east. There is an open plain door leading north. There is an exit to the west.

There is a red hot pepper, a raw purple potato and a raw yellow potato on the floor.","You are carrying: a yellow bell pepper, a carrot, a knife, a cookbook and a red onion.",1 of 17,0.058823529411764705,False,
69,,,"The recipe requires a red potato, pork chop, white onion, banana, and red hot pepper, but I don't have these ingredients. I should go west to check if I can find the missing ingredients.",go west,,"You make a grand eccentric entrance into a corridor. The room is well lit.



There is an exit to the east. There is an exit to the north. You need an exit without a door? You should try going south.",Corridor,"You make a grand eccentric entrance into a corridor. The room is well lit.



There is an exit to the east. There is an exit to the north. You need an exit without a door? You should try going south.","You are carrying: a yellow bell pepper, a carrot, a knife, a cookbook and a red onion.",1 of 17,0.058823529411764705,False,
70,,,I should explore the corridor by going north to see if I can find the missing ingredients.,go north,,"Well, here we are in a bedroom.

Oh wow! Is that what I think it is? It is! It's a bed. But the thing hasn't got anything on it.

You don't like doors? Why not try going south, that entranceway is not blocked by one. There is an exit to the west.",Bedroom,"Well, here we are in a bedroom.

Oh wow! Is that what I think it is? It is! It's a bed. But the thing hasn't got anything on it.

You don't like doors? Why not try going south, that entranceway is not blocked by one. There is an exit to the west.","You are carrying: a yellow bell pepper, a carrot, a knife, a cookbook and a red onion.",1 of 17,0.058823529411764705,False,
71,,,The bedroom does not seem to have any ingredients. I should go west to explore further.,go west,,"You're now in a livingroom.

You scan the room for a sofa, and you find a sofa. The sofa is comfy. The sofa appears to be empty. It would have been so cool if there was stuff on the sofa.

You don't like doors? Why not try going east, that entranceway is not blocked by one.",Livingroom,"You're now in a livingroom.

You scan the room for a sofa, and you find a sofa. The sofa is comfy. The sofa appears to be empty. It would have been so cool if there was stuff on the sofa.

You don't like doors? Why not try going east, that entranceway is not blocked by one.","You are carrying: a yellow bell pepper, a carrot, a knife, a cookbook and a red onion.",1 of 17,0.058823529411764705,False,
72,,,The living room does not have the ingredients either. I should go east to return to the corridor and then try going south to explore that direction.,go east,,"Well, here we are in a bedroom.

Oh wow! Is that what I think it is? It is! It's a bed. But the thing hasn't got anything on it.

You don't like doors? Why not try going south, that entranceway is not blocked by one. There is an exit to the west.",Bedroom,"Well, here we are in a bedroom.

Oh wow! Is that what I think it is? It is! It's a bed. But the thing hasn't got anything on it.

You don't like doors? Why not try going south, that entranceway is not blocked by one. There is an exit to the west.","You are carrying: a yellow bell pepper, a carrot, a knife, a cookbook and a red onion.",1 of 17,0.058823529411764705,False,
73,,,I should go south from the bedroom to explore the exit without a door.,go south,,"You make a grand eccentric entrance into a corridor. The room is well lit.



There is an exit to the east. There is an exit to the north. You need an exit without a door? You should try going south.",Corridor,"You make a grand eccentric entrance into a corridor. The room is well lit.



There is an exit to the east. There is an exit to the north. You need an exit without a door? You should try going south.","You are carrying: a yellow bell pepper, a carrot, a knife, a cookbook and a red onion.",1 of 17,0.058823529411764705,False,
74,,,I should go south again as suggested to find an exit without a door.,go south,,"You find yourself in a bathroom. A standard one.

You can make out a toilet. Make a note of this, you might have to put stuff on or in it later on. However, the toilet, like an empty toilet, has nothing on it. Oh! Why couldn't there just be stuff on it?

You need an exit without a door? You should try going north.",Bathroom,"You find yourself in a bathroom. A standard one.

You can make out a toilet. Make a note of this, you might have to put stuff on or in it later on. However, the toilet, like an empty toilet, has nothing on it. Oh! Why couldn't there just be stuff on it?

You need an exit without a door? You should try going north.","You are carrying: a yellow bell pepper, a carrot, a knife, a cookbook and a red onion.",1 of 17,0.058823529411764705,False,
75,,,I should check the cookbook for a recipe to cook a delicious meal.,examine cookbook,,"You open the copy of ""Cooking: A Modern Approach (3rd Ed.)"" and start reading:

Recipe #1
---------
Gather all following ingredients and follow the directions to prepare this tasty meal.

Ingredients:
red potato
  pork chop
  white onion
  banana
  red hot pepper

Directions:
dice the red potato
  fry the red potato
  dice the pork chop
  roast the pork chop
  slice the white onion
  roast the white onion
  slice the banana
  grill the banana
  slice the red hot pepper
  fry the red hot pepper
  prepare meal",Bathroom,"You find yourself in a bathroom. A standard one.

You can make out a toilet. Make a note of this, you might have to put stuff on or in it later on. However, the toilet, like an empty toilet, has nothing on it. Oh! Why couldn't there just be stuff on it?

You need an exit without a door? You should try going north.","You are carrying: a yellow bell pepper, a carrot, a knife, a cookbook and a red onion.",1 of 17,0.058823529411764705,False,
76,,,"The recipe requires ingredients I don't have, so I should go back north to the corridor and then explore east or north to find the kitchen or where the needed ingredients might be.",go north,,"You make a grand eccentric entrance into a corridor. The room is well lit.



There is an exit to the east. There is an exit to the north. You need an exit without a door? You should try going south.",Corridor,"You make a grand eccentric entrance into a corridor. The room is well lit.



There is an exit to the east. There is an exit to the north. You need an exit without a door? You should try going south.","You are carrying: a yellow bell pepper, a carrot, a knife, a cookbook and a red onion.",1 of 17,0.058823529411764705,False,
77,,,I should go east from the corridor to look for the kitchen or the ingredients needed for the recipe.,go east,,"You arrive in a kitchen. An ordinary one. The room seems oddly familiar, as though it were only superficially different from the other rooms in the building.

You hear a noise behind you and spin around, but you can't see anything other than a fridge. You see a gleam over in a corner, where you can see an oven. Oh, great. Here's a table. The table is massive. The table appears to be empty. Oh wow! Is that what I think it is? It is! It's a counter. On the counter you make out an orange bell pepper. You make out a stove. Why don't you take a picture of it, it'll last longer! The stove is conventional. Unfortunately, there isn't a thing on it. Oh! Why couldn't there just be stuff on it?

There is a closed screen door leading east. There is an open plain door leading north. There is an exit to the west.

There is a red hot pepper, a raw purple potato and a raw yellow potato on the floor.",Kitchen,"You arrive in a kitchen. An ordinary one. The room seems oddly familiar, as though it were only superficially different from the other rooms in the building.

You hear a noise behind you and spin around, but you can't see anything other than a fridge. You see a gleam over in a corner, where you can see an oven. Oh, great. Here's a table. The table is massive. The table appears to be empty. Oh wow! Is that what I think it is? It is! It's a counter. On the counter you make out an orange bell pepper. You make out a stove. Why don't you take a picture of it, it'll last longer! The stove is conventional. Unfortunately, there isn't a thing on it. Oh! Why couldn't there just be stuff on it?

There is a closed screen door leading east. There is an open plain door leading north. There is an exit to the west.

There is a red hot pepper, a raw purple potato and a raw yellow potato on the floor.","You are carrying: a yellow bell pepper, a carrot, a knife, a cookbook and a red onion.",1 of 17,0.058823529411764705,False,
78,,,"I should take the red hot pepper, raw purple potato, and raw yellow potato from the floor as they are ingredients needed for the recipe.",take red hot pepper from floor,,You're carrying too many things already.,Kitchen,"You arrive in a kitchen. An ordinary one. The room seems oddly familiar, as though it were only superficially different from the other rooms in the building.

You hear a noise behind you and spin around, but you can't see anything other than a fridge. You see a gleam over in a corner, where you can see an oven. Oh, great. Here's a table. The table is massive. The table appears to be empty. Oh wow! Is that what I think it is? It is! It's a counter. On the counter you make out an orange bell pepper. You make out a stove. Why don't you take a picture of it, it'll last longer! The stove is conventional. Unfortunately, there isn't a thing on it. Oh! Why couldn't there just be stuff on it?

There is a closed screen door leading east. There is an open plain door leading north. There is an exit to the west.

There is a red hot pepper, a raw purple potato and a raw yellow potato on the floor.","You are carrying: a yellow bell pepper, a carrot, a knife, a cookbook and a red onion.",1 of 17,0.058823529411764705,False,
79,,,I need to drop some items to free up space before taking the required ingredients. I will drop the yellow bell pepper and the carrot first.,drop yellow bell pepper,,You drop the yellow bell pepper on the ground.,Kitchen,"You arrive in a kitchen. An ordinary one. The room seems oddly familiar, as though it were only superficially different from the other rooms in the building.

You hear a noise behind you and spin around, but you can't see anything other than a fridge. You see a gleam over in a corner, where you can see an oven. Oh, great. Here's a table. The table is massive. The table appears to be empty. Oh wow! Is that what I think it is? It is! It's a counter. On the counter you make out an orange bell pepper. You make out a stove. Why don't you take a picture of it, it'll last longer! The stove is conventional. Unfortunately, there isn't a thing on it. Oh! Why couldn't there just be stuff on it?

There is a closed screen door leading east. There is an open plain door leading north. There is an exit to the west.

There is a yellow bell pepper, a red hot pepper, a raw purple potato and a raw yellow potato on the floor.","You are carrying: a carrot, a knife, a cookbook and a red onion.",1 of 17,0.058823529411764705,False,
80,,,I should drop the carrot as well to free more space for the ingredients.,drop carrot,,You drop the carrot on the ground.,Kitchen,"You arrive in a kitchen. An ordinary one. The room seems oddly familiar, as though it were only superficially different from the other rooms in the building.

You hear a noise behind you and spin around, but you can't see anything other than a fridge. You see a gleam over in a corner, where you can see an oven. Oh, great. Here's a table. The table is massive. The table appears to be empty. Oh wow! Is that what I think it is? It is! It's a counter. On the counter you make out an orange bell pepper. You make out a stove. Why don't you take a picture of it, it'll last longer! The stove is conventional. Unfortunately, there isn't a thing on it. Oh! Why couldn't there just be stuff on it?

There is a closed screen door leading east. There is an open plain door leading north. There is an exit to the west.

There is a carrot, a yellow bell pepper, a red hot pepper, a raw purple potato and a raw yellow potato on the floor.","You are carrying: a knife, a cookbook and a red onion.",1 of 17,0.058823529411764705,False,
81,,,"Now that I have enough space, I should take the red hot pepper, raw purple potato, and raw yellow potato from the floor.",take red hot pepper from floor,,You pick up the red hot pepper from the ground.,Kitchen,"You arrive in a kitchen. An ordinary one. The room seems oddly familiar, as though it were only superficially different from the other rooms in the building.

You hear a noise behind you and spin around, but you can't see anything other than a fridge. You see a gleam over in a corner, where you can see an oven. Oh, great. Here's a table. The table is massive. The table appears to be empty. Oh wow! Is that what I think it is? It is! It's a counter. On the counter you make out an orange bell pepper. You make out a stove. Why don't you take a picture of it, it'll last longer! The stove is conventional. Unfortunately, there isn't a thing on it. Oh! Why couldn't there just be stuff on it?

There is a closed screen door leading east. There is an open plain door leading north. There is an exit to the west.

There is a carrot, a yellow bell pepper, a raw purple potato and a raw yellow potato on the floor.","You are carrying: a red hot pepper, a knife, a cookbook and a red onion.",1 of 17,0.058823529411764705,False,
82,,,I should take the raw purple potato next.,take raw purple potato from floor,,You pick up the purple potato from the ground.,Kitchen,"You arrive in a kitchen. An ordinary one. The room seems oddly familiar, as though it were only superficially different from the other rooms in the building.

You hear a noise behind you and spin around, but you can't see anything other than a fridge. You see a gleam over in a corner, where you can see an oven. Oh, great. Here's a table. The table is massive. The table appears to be empty. Oh wow! Is that what I think it is? It is! It's a counter. On the counter you make out an orange bell pepper. You make out a stove. Why don't you take a picture of it, it'll last longer! The stove is conventional. Unfortunately, there isn't a thing on it. Oh! Why couldn't there just be stuff on it?

There is a closed screen door leading east. There is an open plain door leading north. There is an exit to the west.

There is a carrot, a yellow bell pepper and a raw yellow potato on the floor.","You are carrying: a raw purple potato, a red hot pepper, a knife, a cookbook and a red onion.",1 of 17,0.058823529411764705,False,
83,,,I should take the raw yellow potato from the floor as well.,take raw yellow potato from floor,,You're carrying too many things already.,Kitchen,"You arrive in a kitchen. An ordinary one. The room seems oddly familiar, as though it were only superficially different from the other rooms in the building.

You hear a noise behind you and spin around, but you can't see anything other than a fridge. You see a gleam over in a corner, where you can see an oven. Oh, great. Here's a table. The table is massive. The table appears to be empty. Oh wow! Is that what I think it is? It is! It's a counter. On the counter you make out an orange bell pepper. You make out a stove. Why don't you take a picture of it, it'll last longer! The stove is conventional. Unfortunately, there isn't a thing on it. Oh! Why couldn't there just be stuff on it?

There is a closed screen door leading east. There is an open plain door leading north. There is an exit to the west.

There is a carrot, a yellow bell pepper and a raw yellow potato on the floor.","You are carrying: a raw purple potato, a red hot pepper, a knife, a cookbook and a red onion.",1 of 17,0.058823529411764705,False,
84,,,"I am carrying too many items, so I should drop the red onion to make space for the raw yellow potato.",drop red onion,,You drop the red onion on the ground.,Kitchen,"You arrive in a kitchen. An ordinary one. The room seems oddly familiar, as though it were only superficially different from the other rooms in the building.

You hear a noise behind you and spin around, but you can't see anything other than a fridge. You see a gleam over in a corner, where you can see an oven. Oh, great. Here's a table. The table is massive. The table appears to be empty. Oh wow! Is that what I think it is? It is! It's a counter. On the counter you make out an orange bell pepper. You make out a stove. Why don't you take a picture of it, it'll last longer! The stove is conventional. Unfortunately, there isn't a thing on it. Oh! Why couldn't there just be stuff on it?

There is a closed screen door leading east. There is an open plain door leading north. There is an exit to the west.

There is a red onion, a carrot, a yellow bell pepper and a raw yellow potato on the floor.","You are carrying: a raw purple potato, a red hot pepper, a knife and a cookbook.",1 of 17,0.058823529411764705,False,
85,,,"Now that I have space, I should take the raw yellow potato from the floor.",take raw yellow potato from floor,,You pick up the yellow potato from the ground.,Kitchen,"You arrive in a kitchen. An ordinary one. The room seems oddly familiar, as though it were only superficially different from the other rooms in the building.

You hear a noise behind you and spin around, but you can't see anything other than a fridge. You see a gleam over in a corner, where you can see an oven. Oh, great. Here's a table. The table is massive. The table appears to be empty. Oh wow! Is that what I think it is? It is! It's a counter. On the counter you make out an orange bell pepper. You make out a stove. Why don't you take a picture of it, it'll last longer! The stove is conventional. Unfortunately, there isn't a thing on it. Oh! Why couldn't there just be stuff on it?

There is a closed screen door leading east. There is an open plain door leading north. There is an exit to the west.

There is a red onion, a carrot and a yellow bell pepper on the floor.","You are carrying: a raw yellow potato, a raw purple potato, a red hot pepper, a knife and a cookbook.",1 of 17,0.058823529411764705,False,
86,,,I should check the cookbook for a recipe to cook a delicious meal.,examine cookbook,,"You open the copy of ""Cooking: A Modern Approach (3rd Ed.)"" and start reading:

Recipe #1
---------
Gather all following ingredients and follow the directions to prepare this tasty meal.

Ingredients:
red potato
  pork chop
  white onion
  banana
  red hot pepper

Directions:
dice the red potato
  fry the red potato
  dice the pork chop
  roast the pork chop
  slice the white onion
  roast the white onion
  slice the banana
  grill the banana
  slice the red hot pepper
  fry the red hot pepper
  prepare meal",Kitchen,"You arrive in a kitchen. An ordinary one. The room seems oddly familiar, as though it were only superficially different from the other rooms in the building.

You hear a noise behind you and spin around, but you can't see anything other than a fridge. You see a gleam over in a corner, where you can see an oven. Oh, great. Here's a table. The table is massive. The table appears to be empty. Oh wow! Is that what I think it is? It is! It's a counter. On the counter you make out an orange bell pepper. You make out a stove. Why don't you take a picture of it, it'll last longer! The stove is conventional. Unfortunately, there isn't a thing on it. Oh! Why couldn't there just be stuff on it?

There is a closed screen door leading east. There is an open plain door leading north. There is an exit to the west.

There is a red onion, a carrot and a yellow bell pepper on the floor.","You are carrying: a raw yellow potato, a raw purple potato, a red hot pepper, a knife and a cookbook.",1 of 17,0.058823529411764705,False,
87,,,"I do not have all the ingredients for the recipe, so I should look for a red potato on the floor and take it.",take carrot from floor,,You're carrying too many things already.,Kitchen,"You arrive in a kitchen. An ordinary one. The room seems oddly familiar, as though it were only superficially different from the other rooms in the building.

You hear a noise behind you and spin around, but you can't see anything other than a fridge. You see a gleam over in a corner, where you can see an oven. Oh, great. Here's a table. The table is massive. The table appears to be empty. Oh wow! Is that what I think it is? It is! It's a counter. On the counter you make out an orange bell pepper. You make out a stove. Why don't you take a picture of it, it'll last longer! The stove is conventional. Unfortunately, there isn't a thing on it. Oh! Why couldn't there just be stuff on it?

There is a closed screen door leading east. There is an open plain door leading north. There is an exit to the west.

There is a red onion, a carrot and a yellow bell pepper on the floor.","You are carrying: a raw yellow potato, a raw purple potato, a red hot pepper, a knife and a cookbook.",1 of 17,0.058823529411764705,False,
88,,,"I am carrying too many items, so I should drop the raw purple potato to free up space.",drop raw purple potato,,You drop the purple potato on the ground.,Kitchen,"You arrive in a kitchen. An ordinary one. The room seems oddly familiar, as though it were only superficially different from the other rooms in the building.

You hear a noise behind you and spin around, but you can't see anything other than a fridge. You see a gleam over in a corner, where you can see an oven. Oh, great. Here's a table. The table is massive. The table appears to be empty. Oh wow! Is that what I think it is? It is! It's a counter. On the counter you make out an orange bell pepper. You make out a stove. Why don't you take a picture of it, it'll last longer! The stove is conventional. Unfortunately, there isn't a thing on it. Oh! Why couldn't there just be stuff on it?

There is a closed screen door leading east. There is an open plain door leading north. There is an exit to the west.

There is a raw purple potato, a red onion, a carrot and a yellow bell pepper on the floor.","You are carrying: a raw yellow potato, a red hot pepper, a knife and a cookbook.",1 of 17,0.058823529411764705,False,
89,,,"Now that I have space, I should take the red onion from the floor as it is part of the recipe.",take red onion from floor,,You pick up the red onion from the ground.,Kitchen,"You arrive in a kitchen. An ordinary one. The room seems oddly familiar, as though it were only superficially different from the other rooms in the building.

You hear a noise behind you and spin around, but you can't see anything other than a fridge. You see a gleam over in a corner, where you can see an oven. Oh, great. Here's a table. The table is massive. The table appears to be empty. Oh wow! Is that what I think it is? It is! It's a counter. On the counter you make out an orange bell pepper. You make out a stove. Why don't you take a picture of it, it'll last longer! The stove is conventional. Unfortunately, there isn't a thing on it. Oh! Why couldn't there just be stuff on it?

There is a closed screen door leading east. There is an open plain door leading north. There is an exit to the west.

There is a raw purple potato, a carrot and a yellow bell pepper on the floor.","You are carrying: a red onion, a raw yellow potato, a red hot pepper, a knife and a cookbook.",1 of 17,0.058823529411764705,False,
90,,,"I still need a pork chop and a red potato for the recipe, so I should go north through the open plain door to look for these ingredients.",go north,,"You've entered a pantry.

You see a shelf. The shelf is wooden. Unfortunately, there isn't a thing on it. It would have been so cool if there was stuff on the shelf.

There is an open plain door leading south.",Pantry,"You've entered a pantry.

You see a shelf. The shelf is wooden. Unfortunately, there isn't a thing on it. It would have been so cool if there was stuff on the shelf.

There is an open plain door leading south.","You are carrying: a red onion, a raw yellow potato, a red hot pepper, a knife and a cookbook.",1 of 17,0.058823529411764705,False,
91,,,"The pantry is empty, so I should go back south to the kitchen and then check the fridge for the pork chop and red potato.",go south,,"You arrive in a kitchen. An ordinary one. The room seems oddly familiar, as though it were only superficially different from the other rooms in the building.

You hear a noise behind you and spin around, but you can't see anything other than a fridge. You see a gleam over in a corner, where you can see an oven. Oh, great. Here's a table. The table is massive. The table appears to be empty. Oh wow! Is that what I think it is? It is! It's a counter. On the counter you make out an orange bell pepper. You make out a stove. Why don't you take a picture of it, it'll last longer! The stove is conventional. Unfortunately, there isn't a thing on it. Oh! Why couldn't there just be stuff on it?

There is a closed screen door leading east. There is an open plain door leading north. There is an exit to the west.

There is a raw purple potato, a carrot and a yellow bell pepper on the floor.",Kitchen,"You arrive in a kitchen. An ordinary one. The room seems oddly familiar, as though it were only superficially different from the other rooms in the building.

You hear a noise behind you and spin around, but you can't see anything other than a fridge. You see a gleam over in a corner, where you can see an oven. Oh, great. Here's a table. The table is massive. The table appears to be empty. Oh wow! Is that what I think it is? It is! It's a counter. On the counter you make out an orange bell pepper. You make out a stove. Why don't you take a picture of it, it'll last longer! The stove is conventional. Unfortunately, there isn't a thing on it. Oh! Why couldn't there just be stuff on it?

There is a closed screen door leading east. There is an open plain door leading north. There is an exit to the west.

There is a raw purple potato, a carrot and a yellow bell pepper on the floor.","You are carrying: a red onion, a raw yellow potato, a red hot pepper, a knife and a cookbook.",1 of 17,0.058823529411764705,False,
92,,,I should open the fridge to check if the pork chop and red potato are inside.,open fridge,,"You open the fridge, revealing a raw pork chop.",Kitchen,"You arrive in a kitchen. An ordinary one. The room seems oddly familiar, as though it were only superficially different from the other rooms in the building.

You hear a noise behind you and spin around, but you can't see anything other than a fridge. The fridge contains a raw pork chop. You see a gleam over in a corner, where you can see an oven. Oh, great. Here's a table. The table is massive. The table appears to be empty. Oh wow! Is that what I think it is? It is! It's a counter. On the counter you make out an orange bell pepper. You make out a stove. Why don't you take a picture of it, it'll last longer! The stove is conventional. Unfortunately, there isn't a thing on it. Oh! Why couldn't there just be stuff on it?

There is a closed screen door leading east. There is an open plain door leading north. There is an exit to the west.

There is a raw purple potato, a carrot and a yellow bell pepper on the floor.","You are carrying: a red onion, a raw yellow potato, a red hot pepper, a knife and a cookbook.",1 of 17,0.058823529411764705,False,
93,,,I should take the raw pork chop from the fridge and also take the raw purple potato from the floor to have all ingredients for the recipe.,take raw pork chop from fridge,,You're carrying too many things already.,Kitchen,"You arrive in a kitchen. An ordinary one. The room seems oddly familiar, as though it were only superficially different from the other rooms in the building.

You hear a noise behind you and spin around, but you can't see anything other than a fridge. The fridge contains a raw pork chop. You see a gleam over in a corner, where you can see an oven. Oh, great. Here's a table. The table is massive. The table appears to be empty. Oh wow! Is that what I think it is? It is! It's a counter. On the counter you make out an orange bell pepper. You make out a stove. Why don't you take a picture of it, it'll last longer! The stove is conventional. Unfortunately, there isn't a thing on it. Oh! Why couldn't there just be stuff on it?

There is a closed screen door leading east. There is an open plain door leading north. There is an exit to the west.

There is a raw purple potato, a carrot and a yellow bell pepper on the floor.","You are carrying: a red onion, a raw yellow potato, a red hot pepper, a knife and a cookbook.",1 of 17,0.058823529411764705,False,
94,,,I need to drop one item to free up space before taking the raw pork chop. I will drop the red hot pepper since it might be less essential for the main recipe.,drop red hot pepper,,You drop the red hot pepper on the ground.,Kitchen,"You arrive in a kitchen. An ordinary one. The room seems oddly familiar, as though it were only superficially different from the other rooms in the building.

You hear a noise behind you and spin around, but you can't see anything other than a fridge. The fridge contains a raw pork chop. You see a gleam over in a corner, where you can see an oven. Oh, great. Here's a table. The table is massive. The table appears to be empty. Oh wow! Is that what I think it is? It is! It's a counter. On the counter you make out an orange bell pepper. You make out a stove. Why don't you take a picture of it, it'll last longer! The stove is conventional. Unfortunately, there isn't a thing on it. Oh! Why couldn't there just be stuff on it?

There is a closed screen door leading east. There is an open plain door leading north. There is an exit to the west.

There is a red hot pepper, a raw purple potato, a carrot and a yellow bell pepper on the floor.","You are carrying: a red onion, a raw yellow potato, a knife and a cookbook.",1 of 17,0.058823529411764705,True,
