step_id,plan,summary,thought,action,task,feedback,location,description,inventory,score,reward,is_done,error
0,,,,,"You are hungry! Let's cook a delicious meal. Check the cookbook in the kitchen for the recipe. Once done, enjoy your meal!",,Bathroom,"Fancy seeing you here. Here, by the way, being the bathroom.

Look over there! a toilet. You shudder, but continue examining the toilet. Looks like someone's already been here and taken everything off it, though.

There is an exit to the south. Don't worry, there is no door.","You are carrying: a red onion, a raw purple potato, a raw red potato and a white onion.",0 of 15,0.0,False,
1,,,I should go south to find the kitchen where the cookbook is located.,go south,,"I am stoked to announce that you are now in the corridor. You begin to take stock of what's here.



There is a closed sliding patio door leading south. You need an exit without a door? You should try going east. There is an exit to the north.",Corridor,"I am stoked to announce that you are now in the corridor. You begin to take stock of what's here.



There is a closed sliding patio door leading south. You need an exit without a door? You should try going east. There is an exit to the north.","You are carrying: a red onion, a raw purple potato, a raw red potato and a white onion.",0 of 15,0.0,False,
2,,,I should go east to explore further and find the kitchen.,go east,,"You are in a kitchen. You start to take note of what's in the room.

You can make out a fridge. You can make out an oven. You wonder idly who left that here. You can see a table. The table is massive. But the thing is empty, unfortunately. Oh! Why couldn't there just be stuff on it? You see a counter. The counter is vast. On the counter you see a cookbook and a knife. You can see a stove. But the thing is empty, unfortunately.

There is a closed frosted-glass door leading north. You need an exit without a door? You should try going east. There is an exit to the west.",Kitchen,"You are in a kitchen. You start to take note of what's in the room.

You can make out a fridge. You can make out an oven. You wonder idly who left that here. You can see a table. The table is massive. But the thing is empty, unfortunately. Oh! Why couldn't there just be stuff on it? You see a counter. The counter is vast. On the counter you see a cookbook and a knife. You can see a stove. But the thing is empty, unfortunately.

There is a closed frosted-glass door leading north. You need an exit without a door? You should try going east. There is an exit to the west.","You are carrying: a red onion, a raw purple potato, a raw red potato and a white onion.",0 of 15,0.0,False,
3,,,I should examine the cookbook on the counter to check the recipe for cooking a delicious meal.,examine cookbook,,"You open the copy of ""Cooking: A Modern Approach (3rd Ed.)"" and start reading:

Recipe #1
---------
Gather all following ingredients and follow the directions to prepare this tasty meal.

Ingredients:
block of cheese
  red onion
  red hot pepper
  purple potato
  yellow potato

Directions:
chop the block of cheese
  roast the block of cheese
  slice the red onion
  grill the red onion
  chop the red hot pepper
  fry the red hot pepper
  slice the purple potato
  roast the purple potato
  slice the yellow potato
  grill the yellow potato
  prepare meal",Kitchen,"You are in a kitchen. You start to take note of what's in the room.

You can make out a fridge. You can make out an oven. You wonder idly who left that here. You can see a table. The table is massive. But the thing is empty, unfortunately. Oh! Why couldn't there just be stuff on it? You see a counter. The counter is vast. On the counter you see a cookbook and a knife. You can see a stove. But the thing is empty, unfortunately.

There is a closed frosted-glass door leading north. You need an exit without a door? You should try going east. There is an exit to the west.","You are carrying: a red onion, a raw purple potato, a raw red potato and a white onion.",0 of 15,0.0,False,
4,,,I need to find a block of cheese and a red hot pepper to follow the recipe. I should check the fridge for these ingredients.,open fridge,,"You open the fridge, revealing a block of cheese and a raw pork chop.",Kitchen,"You are in a kitchen. You start to take note of what's in the room.

You can make out a fridge. The fridge contains a block of cheese and a raw pork chop. You can make out an oven. You wonder idly who left that here. You can see a table. The table is massive. But the thing is empty, unfortunately. Oh! Why couldn't there just be stuff on it? You see a counter. The counter is vast. On the counter you see a cookbook and a knife. You can see a stove. But the thing is empty, unfortunately.

There is a closed frosted-glass door leading north. You need an exit without a door? You should try going east. There is an exit to the west.","You are carrying: a red onion, a raw purple potato, a raw red potato and a white onion.",0 of 15,0.0,False,
5,,,I should take the block of cheese from the fridge to use it for the recipe.,take block of cheese from fridge,,"You take the block of cheese from the fridge.



Your score has just gone up by one point.",Kitchen,"You are in a kitchen. You start to take note of what's in the room.

You can make out a fridge. The fridge contains a raw pork chop. You can make out an oven. You wonder idly who left that here. You can see a table. The table is massive. But the thing is empty, unfortunately. Oh! Why couldn't there just be stuff on it? You see a counter. The counter is vast. On the counter you see a cookbook and a knife. You can see a stove. But the thing is empty, unfortunately.

There is a closed frosted-glass door leading north. You need an exit without a door? You should try going east. There is an exit to the west.","You are carrying: a block of cheese, a red onion, a raw purple potato, a raw red potato and a white onion.",1 of 15,0.06666666666666667,False,
6,,,"I need to find the red hot pepper next, so I should check the counter and the table for it.",look,,"You are in a kitchen. You start to take note of what's in the room.

You can make out a fridge. The fridge contains a raw pork chop. You can make out an oven. You wonder idly who left that here. You can see a table. The table is massive. But the thing is empty, unfortunately. Oh! Why couldn't there just be stuff on it? You see a counter. The counter is vast. On the counter you see a cookbook and a knife. You can see a stove. But the thing is empty, unfortunately.

There is a closed frosted-glass door leading north. You need an exit without a door? You should try going east. There is an exit to the west.",Kitchen,"You are in a kitchen. You start to take note of what's in the room.

You can make out a fridge. The fridge contains a raw pork chop. You can make out an oven. You wonder idly who left that here. You can see a table. The table is massive. But the thing is empty, unfortunately. Oh! Why couldn't there just be stuff on it? You see a counter. The counter is vast. On the counter you see a cookbook and a knife. You can see a stove. But the thing is empty, unfortunately.

There is a closed frosted-glass door leading north. You need an exit without a door? You should try going east. There is an exit to the west.","You are carrying: a block of cheese, a red onion, a raw purple potato, a raw red potato and a white onion.",1 of 15,0.06666666666666667,False,
7,,,"Since the red hot pepper is not visible in the kitchen, I should check the fridge again to see if it is inside.",open fridge,,That's already open.,Kitchen,"You are in a kitchen. You start to take note of what's in the room.

You can make out a fridge. The fridge contains a raw pork chop. You can make out an oven. You wonder idly who left that here. You can see a table. The table is massive. But the thing is empty, unfortunately. Oh! Why couldn't there just be stuff on it? You see a counter. The counter is vast. On the counter you see a cookbook and a knife. You can see a stove. But the thing is empty, unfortunately.

There is a closed frosted-glass door leading north. You need an exit without a door? You should try going east. There is an exit to the west.","You are carrying: a block of cheese, a red onion, a raw purple potato, a raw red potato and a white onion.",1 of 15,0.06666666666666667,False,
8,,,I should examine the cookbook on the counter to find the recipe for the meal.,examine cookbook,,"You open the copy of ""Cooking: A Modern Approach (3rd Ed.)"" and start reading:

Recipe #1
---------
Gather all following ingredients and follow the directions to prepare this tasty meal.

Ingredients:
block of cheese
  red onion
  red hot pepper
  purple potato
  yellow potato

Directions:
chop the block of cheese
  roast the block of cheese
  slice the red onion
  grill the red onion
  chop the red hot pepper
  fry the red hot pepper
  slice the purple potato
  roast the purple potato
  slice the yellow potato
  grill the yellow potato
  prepare meal",Kitchen,"You are in a kitchen. You start to take note of what's in the room.

You can make out a fridge. The fridge contains a raw pork chop. You can make out an oven. You wonder idly who left that here. You can see a table. The table is massive. But the thing is empty, unfortunately. Oh! Why couldn't there just be stuff on it? You see a counter. The counter is vast. On the counter you see a cookbook and a knife. You can see a stove. But the thing is empty, unfortunately.

There is a closed frosted-glass door leading north. You need an exit without a door? You should try going east. There is an exit to the west.","You are carrying: a block of cheese, a red onion, a raw purple potato, a raw red potato and a white onion.",1 of 15,0.06666666666666667,False,
9,,,I need to find the red hot pepper and the yellow potato to complete the recipe.,go west,,"I am stoked to announce that you are now in the corridor. You begin to take stock of what's here.



There is a closed sliding patio door leading south. You need an exit without a door? You should try going east. There is an exit to the north.",Corridor,"I am stoked to announce that you are now in the corridor. You begin to take stock of what's here.



There is a closed sliding patio door leading south. You need an exit without a door? You should try going east. There is an exit to the north.","You are carrying: a block of cheese, a red onion, a raw purple potato, a raw red potato and a white onion.",1 of 15,0.06666666666666667,False,
10,,,I should go north from the corridor to explore and look for the red hot pepper and yellow potato.,go north,,"Fancy seeing you here. Here, by the way, being the bathroom.

Look over there! a toilet. You shudder, but continue examining the toilet. Looks like someone's already been here and taken everything off it, though.

There is an exit to the south. Don't worry, there is no door.",Bathroom,"Fancy seeing you here. Here, by the way, being the bathroom.

Look over there! a toilet. You shudder, but continue examining the toilet. Looks like someone's already been here and taken everything off it, though.

There is an exit to the south. Don't worry, there is no door.","You are carrying: a block of cheese, a red onion, a raw purple potato, a raw red potato and a white onion.",1 of 15,0.06666666666666667,False,
11,,,"The bathroom is unlikely to have the ingredients I need, so I should go back south to the corridor and then try going east to explore other areas.",go south,,"I am stoked to announce that you are now in the corridor. You begin to take stock of what's here.



There is a closed sliding patio door leading south. You need an exit without a door? You should try going east. There is an exit to the north.",Corridor,"I am stoked to announce that you are now in the corridor. You begin to take stock of what's here.



There is a closed sliding patio door leading south. You need an exit without a door? You should try going east. There is an exit to the north.","You are carrying: a block of cheese, a red onion, a raw purple potato, a raw red potato and a white onion.",1 of 15,0.06666666666666667,False,
12,,,I should go east from the corridor to explore and look for the red hot pepper and yellow potato.,go east,,"You are in a kitchen. You start to take note of what's in the room.

You can make out a fridge. The fridge contains a raw pork chop. You can make out an oven. You wonder idly who left that here. You can see a table. The table is massive. But the thing is empty, unfortunately. Oh! Why couldn't there just be stuff on it? You see a counter. The counter is vast. On the counter you see a cookbook and a knife. You can see a stove. But the thing is empty, unfortunately.

There is a closed frosted-glass door leading north. You need an exit without a door? You should try going east. There is an exit to the west.",Kitchen,"You are in a kitchen. You start to take note of what's in the room.

You can make out a fridge. The fridge contains a raw pork chop. You can make out an oven. You wonder idly who left that here. You can see a table. The table is massive. But the thing is empty, unfortunately. Oh! Why couldn't there just be stuff on it? You see a counter. The counter is vast. On the counter you see a cookbook and a knife. You can see a stove. But the thing is empty, unfortunately.

There is a closed frosted-glass door leading north. You need an exit without a door? You should try going east. There is an exit to the west.","You are carrying: a block of cheese, a red onion, a raw purple potato, a raw red potato and a white onion.",1 of 15,0.06666666666666667,False,
13,,,I should examine the cookbook on the counter to check the recipe for the meal I want to cook.,examine cookbook,,"You open the copy of ""Cooking: A Modern Approach (3rd Ed.)"" and start reading:

Recipe #1
---------
Gather all following ingredients and follow the directions to prepare this tasty meal.

Ingredients:
block of cheese
  red onion
  red hot pepper
  purple potato
  yellow potato

Directions:
chop the block of cheese
  roast the block of cheese
  slice the red onion
  grill the red onion
  chop the red hot pepper
  fry the red hot pepper
  slice the purple potato
  roast the purple potato
  slice the yellow potato
  grill the yellow potato
  prepare meal",Kitchen,"You are in a kitchen. You start to take note of what's in the room.

You can make out a fridge. The fridge contains a raw pork chop. You can make out an oven. You wonder idly who left that here. You can see a table. The table is massive. But the thing is empty, unfortunately. Oh! Why couldn't there just be stuff on it? You see a counter. The counter is vast. On the counter you see a cookbook and a knife. You can see a stove. But the thing is empty, unfortunately.

There is a closed frosted-glass door leading north. You need an exit without a door? You should try going east. There is an exit to the west.","You are carrying: a block of cheese, a red onion, a raw purple potato, a raw red potato and a white onion.",1 of 15,0.06666666666666667,False,
14,,,"I need to find the red hot pepper and the yellow potato, which I don't have yet. I should go east to look for these ingredients.",go east,,"Well, here we are in the livingroom. The room seems oddly familiar, as though it were only superficially different from the other rooms in the building.

You make out a sofa. The sofa is comfy. But there isn't a thing on it.

There is an exit to the south. There is an exit to the west.",Livingroom,"Well, here we are in the livingroom. The room seems oddly familiar, as though it were only superficially different from the other rooms in the building.

You make out a sofa. The sofa is comfy. But there isn't a thing on it.

There is an exit to the south. There is an exit to the west.","You are carrying: a block of cheese, a red onion, a raw purple potato, a raw red potato and a white onion.",1 of 15,0.06666666666666667,False,
15,,,I should go south from the livingroom to explore further and look for the red hot pepper and yellow potato.,go south,,"You find yourself in a bedroom. An usual kind of place. You begin looking for stuff.

You see a bed. But the thing is empty, unfortunately. You move on, clearly depressed by TextWorld.

You need an exit without a door? You should try going north.",Bedroom,"You find yourself in a bedroom. An usual kind of place. You begin looking for stuff.

You see a bed. But the thing is empty, unfortunately. You move on, clearly depressed by TextWorld.

You need an exit without a door? You should try going north.","You are carrying: a block of cheese, a red onion, a raw purple potato, a raw red potato and a white onion.",1 of 15,0.06666666666666667,False,
16,,,"Since the bedroom is empty, I should go back north to the livingroom and then try going west to explore another area for the missing ingredients.",go north,,"Well, here we are in the livingroom. The room seems oddly familiar, as though it were only superficially different from the other rooms in the building.

You make out a sofa. The sofa is comfy. But there isn't a thing on it.

There is an exit to the south. There is an exit to the west.",Livingroom,"Well, here we are in the livingroom. The room seems oddly familiar, as though it were only superficially different from the other rooms in the building.

You make out a sofa. The sofa is comfy. But there isn't a thing on it.

There is an exit to the south. There is an exit to the west.","You are carrying: a block of cheese, a red onion, a raw purple potato, a raw red potato and a white onion.",1 of 15,0.06666666666666667,False,
17,,,I should go west from the livingroom to explore a new area for the missing ingredients.,go west,,"You are in a kitchen. You start to take note of what's in the room.

You can make out a fridge. The fridge contains a raw pork chop. You can make out an oven. You wonder idly who left that here. You can see a table. The table is massive. But the thing is empty, unfortunately. Oh! Why couldn't there just be stuff on it? You see a counter. The counter is vast. On the counter you see a cookbook and a knife. You can see a stove. But the thing is empty, unfortunately.

There is a closed frosted-glass door leading north. You need an exit without a door? You should try going east. There is an exit to the west.",Kitchen,"You are in a kitchen. You start to take note of what's in the room.

You can make out a fridge. The fridge contains a raw pork chop. You can make out an oven. You wonder idly who left that here. You can see a table. The table is massive. But the thing is empty, unfortunately. Oh! Why couldn't there just be stuff on it? You see a counter. The counter is vast. On the counter you see a cookbook and a knife. You can see a stove. But the thing is empty, unfortunately.

There is a closed frosted-glass door leading north. You need an exit without a door? You should try going east. There is an exit to the west.","You are carrying: a block of cheese, a red onion, a raw purple potato, a raw red potato and a white onion.",1 of 15,0.06666666666666667,False,
18,,,I should examine the cookbook on the counter to check the recipe for the meal I need to cook.,examine cookbook,,"You open the copy of ""Cooking: A Modern Approach (3rd Ed.)"" and start reading:

Recipe #1
---------
Gather all following ingredients and follow the directions to prepare this tasty meal.

Ingredients:
block of cheese
  red onion
  red hot pepper
  purple potato
  yellow potato

Directions:
chop the block of cheese
  roast the block of cheese
  slice the red onion
  grill the red onion
  chop the red hot pepper
  fry the red hot pepper
  slice the purple potato
  roast the purple potato
  slice the yellow potato
  grill the yellow potato
  prepare meal",Kitchen,"You are in a kitchen. You start to take note of what's in the room.

You can make out a fridge. The fridge contains a raw pork chop. You can make out an oven. You wonder idly who left that here. You can see a table. The table is massive. But the thing is empty, unfortunately. Oh! Why couldn't there just be stuff on it? You see a counter. The counter is vast. On the counter you see a cookbook and a knife. You can see a stove. But the thing is empty, unfortunately.

There is a closed frosted-glass door leading north. You need an exit without a door? You should try going east. There is an exit to the west.","You are carrying: a block of cheese, a red onion, a raw purple potato, a raw red potato and a white onion.",1 of 15,0.06666666666666667,False,
19,,,I need a red hot pepper and a yellow potato to complete the recipe. I should check the fridge for more ingredients and take the raw pork chop for now.,take raw pork chop from fridge,,You're carrying too many things already.,Kitchen,"You are in a kitchen. You start to take note of what's in the room.

You can make out a fridge. The fridge contains a raw pork chop. You can make out an oven. You wonder idly who left that here. You can see a table. The table is massive. But the thing is empty, unfortunately. Oh! Why couldn't there just be stuff on it? You see a counter. The counter is vast. On the counter you see a cookbook and a knife. You can see a stove. But the thing is empty, unfortunately.

There is a closed frosted-glass door leading north. You need an exit without a door? You should try going east. There is an exit to the west.","You are carrying: a block of cheese, a red onion, a raw purple potato, a raw red potato and a white onion.",1 of 15,0.06666666666666667,False,
20,,,"I am carrying too many items, so I should drop the white onion to free up space for the red hot pepper or yellow potato.",drop white onion,,You drop the white onion on the ground.,Kitchen,"You are in a kitchen. You start to take note of what's in the room.

You can make out a fridge. The fridge contains a raw pork chop. You can make out an oven. You wonder idly who left that here. You can see a table. The table is massive. But the thing is empty, unfortunately. Oh! Why couldn't there just be stuff on it? You see a counter. The counter is vast. On the counter you see a cookbook and a knife. You can see a stove. But the thing is empty, unfortunately.

There is a closed frosted-glass door leading north. You need an exit without a door? You should try going east. There is an exit to the west.

There is a white onion on the floor.","You are carrying: a block of cheese, a red onion, a raw purple potato and a raw red potato.",1 of 15,0.06666666666666667,False,
21,,,I should check the fridge again to see if there is a red hot pepper or yellow potato available.,open fridge,,That's already open.,Kitchen,"You are in a kitchen. You start to take note of what's in the room.

You can make out a fridge. The fridge contains a raw pork chop. You can make out an oven. You wonder idly who left that here. You can see a table. The table is massive. But the thing is empty, unfortunately. Oh! Why couldn't there just be stuff on it? You see a counter. The counter is vast. On the counter you see a cookbook and a knife. You can see a stove. But the thing is empty, unfortunately.

There is a closed frosted-glass door leading north. You need an exit without a door? You should try going east. There is an exit to the west.

There is a white onion on the floor.","You are carrying: a block of cheese, a red onion, a raw purple potato and a raw red potato.",1 of 15,0.06666666666666667,False,
22,,,"Since the fridge is already open and contains only a raw pork chop, I should check the counter and table for the red hot pepper and yellow potato.",look at counter,,"The counter is wobbly.

On the counter are a cookbook and a knife.",Kitchen,"You are in a kitchen. You start to take note of what's in the room.

You can make out a fridge. The fridge contains a raw pork chop. You can make out an oven. You wonder idly who left that here. You can see a table. The table is massive. But the thing is empty, unfortunately. Oh! Why couldn't there just be stuff on it? You see a counter. The counter is vast. On the counter you see a cookbook and a knife. You can see a stove. But the thing is empty, unfortunately.

There is a closed frosted-glass door leading north. You need an exit without a door? You should try going east. There is an exit to the west.

There is a white onion on the floor.","You are carrying: a block of cheese, a red onion, a raw purple potato and a raw red potato.",1 of 15,0.06666666666666667,False,
23,,,I should examine the cookbook on the counter to find the recipe for the meal.,examine cookbook,,"You open the copy of ""Cooking: A Modern Approach (3rd Ed.)"" and start reading:

Recipe #1
---------
Gather all following ingredients and follow the directions to prepare this tasty meal.

Ingredients:
block of cheese
  red onion
  red hot pepper
  purple potato
  yellow potato

Directions:
chop the block of cheese
  roast the block of cheese
  slice the red onion
  grill the red onion
  chop the red hot pepper
  fry the red hot pepper
  slice the purple potato
  roast the purple potato
  slice the yellow potato
  grill the yellow potato
  prepare meal",Kitchen,"You are in a kitchen. You start to take note of what's in the room.

You can make out a fridge. The fridge contains a raw pork chop. You can make out an oven. You wonder idly who left that here. You can see a table. The table is massive. But the thing is empty, unfortunately. Oh! Why couldn't there just be stuff on it? You see a counter. The counter is vast. On the counter you see a cookbook and a knife. You can see a stove. But the thing is empty, unfortunately.

There is a closed frosted-glass door leading north. You need an exit without a door? You should try going east. There is an exit to the west.

There is a white onion on the floor.","You are carrying: a block of cheese, a red onion, a raw purple potato and a raw red potato.",1 of 15,0.06666666666666667,False,
24,,,I need to find the red hot pepper and yellow potato to complete the recipe.,go west,,"I am stoked to announce that you are now in the corridor. You begin to take stock of what's here.



There is a closed sliding patio door leading south. You need an exit without a door? You should try going east. There is an exit to the north.",Corridor,"I am stoked to announce that you are now in the corridor. You begin to take stock of what's here.



There is a closed sliding patio door leading south. You need an exit without a door? You should try going east. There is an exit to the north.","You are carrying: a block of cheese, a red onion, a raw purple potato and a raw red potato.",1 of 15,0.06666666666666667,False,
25,,,I should go north to check if the red hot pepper and yellow potato are there.,go north,,"Fancy seeing you here. Here, by the way, being the bathroom.

Look over there! a toilet. You shudder, but continue examining the toilet. Looks like someone's already been here and taken everything off it, though.

There is an exit to the south. Don't worry, there is no door.",Bathroom,"Fancy seeing you here. Here, by the way, being the bathroom.

Look over there! a toilet. You shudder, but continue examining the toilet. Looks like someone's already been here and taken everything off it, though.

There is an exit to the south. Don't worry, there is no door.","You are carrying: a block of cheese, a red onion, a raw purple potato and a raw red potato.",1 of 15,0.06666666666666667,False,
26,,,"The bathroom does not have the ingredients I need, so I should go back south to the corridor and then east to explore other areas for the red hot pepper and yellow potato.",go south,,"I am stoked to announce that you are now in the corridor. You begin to take stock of what's here.



There is a closed sliding patio door leading south. You need an exit without a door? You should try going east. There is an exit to the north.",Corridor,"I am stoked to announce that you are now in the corridor. You begin to take stock of what's here.



There is a closed sliding patio door leading south. You need an exit without a door? You should try going east. There is an exit to the north.","You are carrying: a block of cheese, a red onion, a raw purple potato and a raw red potato.",1 of 15,0.06666666666666667,False,
27,,,I should go east from the corridor to explore for the red hot pepper and yellow potato.,go east,,"You are in a kitchen. You start to take note of what's in the room.

You can make out a fridge. The fridge contains a raw pork chop. You can make out an oven. You wonder idly who left that here. You can see a table. The table is massive. But the thing is empty, unfortunately. Oh! Why couldn't there just be stuff on it? You see a counter. The counter is vast. On the counter you see a cookbook and a knife. You can see a stove. But the thing is empty, unfortunately.

There is a closed frosted-glass door leading north. You need an exit without a door? You should try going east. There is an exit to the west.

There is a white onion on the floor.",Kitchen,"You are in a kitchen. You start to take note of what's in the room.

You can make out a fridge. The fridge contains a raw pork chop. You can make out an oven. You wonder idly who left that here. You can see a table. The table is massive. But the thing is empty, unfortunately. Oh! Why couldn't there just be stuff on it? You see a counter. The counter is vast. On the counter you see a cookbook and a knife. You can see a stove. But the thing is empty, unfortunately.

There is a closed frosted-glass door leading north. You need an exit without a door? You should try going east. There is an exit to the west.

There is a white onion on the floor.","You are carrying: a block of cheese, a red onion, a raw purple potato and a raw red potato.",1 of 15,0.06666666666666667,False,
28,,,I should examine the cookbook on the counter to find the recipe for a delicious meal.,examine cookbook,,"You open the copy of ""Cooking: A Modern Approach (3rd Ed.)"" and start reading:

Recipe #1
---------
Gather all following ingredients and follow the directions to prepare this tasty meal.

Ingredients:
block of cheese
  red onion
  red hot pepper
  purple potato
  yellow potato

Directions:
chop the block of cheese
  roast the block of cheese
  slice the red onion
  grill the red onion
  chop the red hot pepper
  fry the red hot pepper
  slice the purple potato
  roast the purple potato
  slice the yellow potato
  grill the yellow potato
  prepare meal",Kitchen,"You are in a kitchen. You start to take note of what's in the room.

You can make out a fridge. The fridge contains a raw pork chop. You can make out an oven. You wonder idly who left that here. You can see a table. The table is massive. But the thing is empty, unfortunately. Oh! Why couldn't there just be stuff on it? You see a counter. The counter is vast. On the counter you see a cookbook and a knife. You can see a stove. But the thing is empty, unfortunately.

There is a closed frosted-glass door leading north. You need an exit without a door? You should try going east. There is an exit to the west.

There is a white onion on the floor.","You are carrying: a block of cheese, a red onion, a raw purple potato and a raw red potato.",1 of 15,0.06666666666666667,False,
29,,,"I need to find the red hot pepper and yellow potato to complete the recipe, so I should look around the kitchen for these ingredients.",take white onion from floor,,You pick up the white onion from the ground.,Kitchen,"You are in a kitchen. You start to take note of what's in the room.

You can make out a fridge. The fridge contains a raw pork chop. You can make out an oven. You wonder idly who left that here. You can see a table. The table is massive. But the thing is empty, unfortunately. Oh! Why couldn't there just be stuff on it? You see a counter. The counter is vast. On the counter you see a cookbook and a knife. You can see a stove. But the thing is empty, unfortunately.

There is a closed frosted-glass door leading north. You need an exit without a door? You should try going east. There is an exit to the west.","You are carrying: a white onion, a block of cheese, a red onion, a raw purple potato and a raw red potato.",1 of 15,0.06666666666666667,False,
30,,,"I still need the red hot pepper and yellow potato for the recipe, so I should leave the kitchen to search for these ingredients.",go west,,"I am stoked to announce that you are now in the corridor. You begin to take stock of what's here.



There is a closed sliding patio door leading south. You need an exit without a door? You should try going east. There is an exit to the north.",Corridor,"I am stoked to announce that you are now in the corridor. You begin to take stock of what's here.



There is a closed sliding patio door leading south. You need an exit without a door? You should try going east. There is an exit to the north.","You are carrying: a white onion, a block of cheese, a red onion, a raw purple potato and a raw red potato.",1 of 15,0.06666666666666667,False,
31,,,I should go east from the corridor to explore and look for the red hot pepper and yellow potato.,go east,,"You are in a kitchen. You start to take note of what's in the room.

You can make out a fridge. The fridge contains a raw pork chop. You can make out an oven. You wonder idly who left that here. You can see a table. The table is massive. But the thing is empty, unfortunately. Oh! Why couldn't there just be stuff on it? You see a counter. The counter is vast. On the counter you see a cookbook and a knife. You can see a stove. But the thing is empty, unfortunately.

There is a closed frosted-glass door leading north. You need an exit without a door? You should try going east. There is an exit to the west.",Kitchen,"You are in a kitchen. You start to take note of what's in the room.

You can make out a fridge. The fridge contains a raw pork chop. You can make out an oven. You wonder idly who left that here. You can see a table. The table is massive. But the thing is empty, unfortunately. Oh! Why couldn't there just be stuff on it? You see a counter. The counter is vast. On the counter you see a cookbook and a knife. You can see a stove. But the thing is empty, unfortunately.

There is a closed frosted-glass door leading north. You need an exit without a door? You should try going east. There is an exit to the west.","You are carrying: a white onion, a block of cheese, a red onion, a raw purple potato and a raw red potato.",1 of 15,0.06666666666666667,False,
32,,,I should check the fridge in the kitchen to see if it contains the red hot pepper or yellow potato.,open fridge,,That's already open.,Kitchen,"You are in a kitchen. You start to take note of what's in the room.

You can make out a fridge. The fridge contains a raw pork chop. You can make out an oven. You wonder idly who left that here. You can see a table. The table is massive. But the thing is empty, unfortunately. Oh! Why couldn't there just be stuff on it? You see a counter. The counter is vast. On the counter you see a cookbook and a knife. You can see a stove. But the thing is empty, unfortunately.

There is a closed frosted-glass door leading north. You need an exit without a door? You should try going east. There is an exit to the west.","You are carrying: a white onion, a block of cheese, a red onion, a raw purple potato and a raw red potato.",1 of 15,0.06666666666666667,False,
33,,,"Since the fridge is already open and contains only a raw pork chop, I should examine the cookbook on the counter to find the recipe and check if I have all the ingredients.",examine cookbook,,"You open the copy of ""Cooking: A Modern Approach (3rd Ed.)"" and start reading:

Recipe #1
---------
Gather all following ingredients and follow the directions to prepare this tasty meal.

Ingredients:
block of cheese
  red onion
  red hot pepper
  purple potato
  yellow potato

Directions:
chop the block of cheese
  roast the block of cheese
  slice the red onion
  grill the red onion
  chop the red hot pepper
  fry the red hot pepper
  slice the purple potato
  roast the purple potato
  slice the yellow potato
  grill the yellow potato
  prepare meal",Kitchen,"You are in a kitchen. You start to take note of what's in the room.

You can make out a fridge. The fridge contains a raw pork chop. You can make out an oven. You wonder idly who left that here. You can see a table. The table is massive. But the thing is empty, unfortunately. Oh! Why couldn't there just be stuff on it? You see a counter. The counter is vast. On the counter you see a cookbook and a knife. You can see a stove. But the thing is empty, unfortunately.

There is a closed frosted-glass door leading north. You need an exit without a door? You should try going east. There is an exit to the west.","You are carrying: a white onion, a block of cheese, a red onion, a raw purple potato and a raw red potato.",1 of 15,0.06666666666666667,False,
34,,,"I need to find the red hot pepper and yellow potato to complete the recipe since I already have the block of cheese, red onion, and purple potato.",go west,,"I am stoked to announce that you are now in the corridor. You begin to take stock of what's here.



There is a closed sliding patio door leading south. You need an exit without a door? You should try going east. There is an exit to the north.",Corridor,"I am stoked to announce that you are now in the corridor. You begin to take stock of what's here.



There is a closed sliding patio door leading south. You need an exit without a door? You should try going east. There is an exit to the north.","You are carrying: a white onion, a block of cheese, a red onion, a raw purple potato and a raw red potato.",1 of 15,0.06666666666666667,False,
35,,,I should go north from the corridor to look for the red hot pepper and yellow potato.,go north,,"Fancy seeing you here. Here, by the way, being the bathroom.

Look over there! a toilet. You shudder, but continue examining the toilet. Looks like someone's already been here and taken everything off it, though.

There is an exit to the south. Don't worry, there is no door.",Bathroom,"Fancy seeing you here. Here, by the way, being the bathroom.

Look over there! a toilet. You shudder, but continue examining the toilet. Looks like someone's already been here and taken everything off it, though.

There is an exit to the south. Don't worry, there is no door.","You are carrying: a white onion, a block of cheese, a red onion, a raw purple potato and a raw red potato.",1 of 15,0.06666666666666667,False,
36,,,"The bathroom is unlikely to have the red hot pepper or yellow potato, so I should go back south to the corridor and then try going east to explore another area.",go south,,"I am stoked to announce that you are now in the corridor. You begin to take stock of what's here.



There is a closed sliding patio door leading south. You need an exit without a door? You should try going east. There is an exit to the north.",Corridor,"I am stoked to announce that you are now in the corridor. You begin to take stock of what's here.



There is a closed sliding patio door leading south. You need an exit without a door? You should try going east. There is an exit to the north.","You are carrying: a white onion, a block of cheese, a red onion, a raw purple potato and a raw red potato.",1 of 15,0.06666666666666667,False,
37,,,I should go east from the corridor to explore another area for the red hot pepper and yellow potato.,go east,,"You are in a kitchen. You start to take note of what's in the room.

You can make out a fridge. The fridge contains a raw pork chop. You can make out an oven. You wonder idly who left that here. You can see a table. The table is massive. But the thing is empty, unfortunately. Oh! Why couldn't there just be stuff on it? You see a counter. The counter is vast. On the counter you see a cookbook and a knife. You can see a stove. But the thing is empty, unfortunately.

There is a closed frosted-glass door leading north. You need an exit without a door? You should try going east. There is an exit to the west.",Kitchen,"You are in a kitchen. You start to take note of what's in the room.

You can make out a fridge. The fridge contains a raw pork chop. You can make out an oven. You wonder idly who left that here. You can see a table. The table is massive. But the thing is empty, unfortunately. Oh! Why couldn't there just be stuff on it? You see a counter. The counter is vast. On the counter you see a cookbook and a knife. You can see a stove. But the thing is empty, unfortunately.

There is a closed frosted-glass door leading north. You need an exit without a door? You should try going east. There is an exit to the west.","You are carrying: a white onion, a block of cheese, a red onion, a raw purple potato and a raw red potato.",1 of 15,0.06666666666666667,False,
38,,,I should examine the cookbook on the counter to check the recipe for cooking a delicious meal.,examine cookbook,,"You open the copy of ""Cooking: A Modern Approach (3rd Ed.)"" and start reading:

Recipe #1
---------
Gather all following ingredients and follow the directions to prepare this tasty meal.

Ingredients:
block of cheese
  red onion
  red hot pepper
  purple potato
  yellow potato

Directions:
chop the block of cheese
  roast the block of cheese
  slice the red onion
  grill the red onion
  chop the red hot pepper
  fry the red hot pepper
  slice the purple potato
  roast the purple potato
  slice the yellow potato
  grill the yellow potato
  prepare meal",Kitchen,"You are in a kitchen. You start to take note of what's in the room.

You can make out a fridge. The fridge contains a raw pork chop. You can make out an oven. You wonder idly who left that here. You can see a table. The table is massive. But the thing is empty, unfortunately. Oh! Why couldn't there just be stuff on it? You see a counter. The counter is vast. On the counter you see a cookbook and a knife. You can see a stove. But the thing is empty, unfortunately.

There is a closed frosted-glass door leading north. You need an exit without a door? You should try going east. There is an exit to the west.","You are carrying: a white onion, a block of cheese, a red onion, a raw purple potato and a raw red potato.",1 of 15,0.06666666666666667,False,
39,,,I need to find the red hot pepper and yellow potato to complete the recipe. I will go east to search for these ingredients.,go east,,"Well, here we are in the livingroom. The room seems oddly familiar, as though it were only superficially different from the other rooms in the building.

You make out a sofa. The sofa is comfy. But there isn't a thing on it.

There is an exit to the south. There is an exit to the west.",Livingroom,"Well, here we are in the livingroom. The room seems oddly familiar, as though it were only superficially different from the other rooms in the building.

You make out a sofa. The sofa is comfy. But there isn't a thing on it.

There is an exit to the south. There is an exit to the west.","You are carrying: a white onion, a block of cheese, a red onion, a raw purple potato and a raw red potato.",1 of 15,0.06666666666666667,False,
40,,,I should go south from the living room to continue searching for the red hot pepper and yellow potato.,go south,,"You find yourself in a bedroom. An usual kind of place. You begin looking for stuff.

You see a bed. But the thing is empty, unfortunately. You move on, clearly depressed by TextWorld.

You need an exit without a door? You should try going north.",Bedroom,"You find yourself in a bedroom. An usual kind of place. You begin looking for stuff.

You see a bed. But the thing is empty, unfortunately. You move on, clearly depressed by TextWorld.

You need an exit without a door? You should try going north.","You are carrying: a white onion, a block of cheese, a red onion, a raw purple potato and a raw red potato.",1 of 15,0.06666666666666667,False,
41,,,"Since the bedroom has no ingredients, I should go back north to the living room and then west to explore further for the missing ingredients.",go north,,"Well, here we are in the livingroom. The room seems oddly familiar, as though it were only superficially different from the other rooms in the building.

You make out a sofa. The sofa is comfy. But there isn't a thing on it.

There is an exit to the south. There is an exit to the west.",Livingroom,"Well, here we are in the livingroom. The room seems oddly familiar, as though it were only superficially different from the other rooms in the building.

You make out a sofa. The sofa is comfy. But there isn't a thing on it.

There is an exit to the south. There is an exit to the west.","You are carrying: a white onion, a block of cheese, a red onion, a raw purple potato and a raw red potato.",1 of 15,0.06666666666666667,False,
42,,,I should go west from the living room to explore for the red hot pepper and yellow potato.,go west,,"You are in a kitchen. You start to take note of what's in the room.

You can make out a fridge. The fridge contains a raw pork chop. You can make out an oven. You wonder idly who left that here. You can see a table. The table is massive. But the thing is empty, unfortunately. Oh! Why couldn't there just be stuff on it? You see a counter. The counter is vast. On the counter you see a cookbook and a knife. You can see a stove. But the thing is empty, unfortunately.

There is a closed frosted-glass door leading north. You need an exit without a door? You should try going east. There is an exit to the west.",Kitchen,"You are in a kitchen. You start to take note of what's in the room.

You can make out a fridge. The fridge contains a raw pork chop. You can make out an oven. You wonder idly who left that here. You can see a table. The table is massive. But the thing is empty, unfortunately. Oh! Why couldn't there just be stuff on it? You see a counter. The counter is vast. On the counter you see a cookbook and a knife. You can see a stove. But the thing is empty, unfortunately.

There is a closed frosted-glass door leading north. You need an exit without a door? You should try going east. There is an exit to the west.","You are carrying: a white onion, a block of cheese, a red onion, a raw purple potato and a raw red potato.",1 of 15,0.06666666666666667,False,
43,,,I should examine the cookbook on the counter to check the recipe for the meal.,examine cookbook,,"You open the copy of ""Cooking: A Modern Approach (3rd Ed.)"" and start reading:

Recipe #1
---------
Gather all following ingredients and follow the directions to prepare this tasty meal.

Ingredients:
block of cheese
  red onion
  red hot pepper
  purple potato
  yellow potato

Directions:
chop the block of cheese
  roast the block of cheese
  slice the red onion
  grill the red onion
  chop the red hot pepper
  fry the red hot pepper
  slice the purple potato
  roast the purple potato
  slice the yellow potato
  grill the yellow potato
  prepare meal",Kitchen,"You are in a kitchen. You start to take note of what's in the room.

You can make out a fridge. The fridge contains a raw pork chop. You can make out an oven. You wonder idly who left that here. You can see a table. The table is massive. But the thing is empty, unfortunately. Oh! Why couldn't there just be stuff on it? You see a counter. The counter is vast. On the counter you see a cookbook and a knife. You can see a stove. But the thing is empty, unfortunately.

There is a closed frosted-glass door leading north. You need an exit without a door? You should try going east. There is an exit to the west.","You are carrying: a white onion, a block of cheese, a red onion, a raw purple potato and a raw red potato.",1 of 15,0.06666666666666667,False,
44,,,I need to find the red hot pepper and yellow potato to complete the recipe.,go east,,"Well, here we are in the livingroom. The room seems oddly familiar, as though it were only superficially different from the other rooms in the building.

You make out a sofa. The sofa is comfy. But there isn't a thing on it.

There is an exit to the south. There is an exit to the west.",Livingroom,"Well, here we are in the livingroom. The room seems oddly familiar, as though it were only superficially different from the other rooms in the building.

You make out a sofa. The sofa is comfy. But there isn't a thing on it.

There is an exit to the south. There is an exit to the west.","You are carrying: a white onion, a block of cheese, a red onion, a raw purple potato and a raw red potato.",1 of 15,0.06666666666666667,False,
45,,,I should go south from the living room to search for the red hot pepper and yellow potato.,go south,,"You find yourself in a bedroom. An usual kind of place. You begin looking for stuff.

You see a bed. But the thing is empty, unfortunately. You move on, clearly depressed by TextWorld.

You need an exit without a door? You should try going north.",Bedroom,"You find yourself in a bedroom. An usual kind of place. You begin looking for stuff.

You see a bed. But the thing is empty, unfortunately. You move on, clearly depressed by TextWorld.

You need an exit without a door? You should try going north.","You are carrying: a white onion, a block of cheese, a red onion, a raw purple potato and a raw red potato.",1 of 15,0.06666666666666667,False,
46,,,"Since the bedroom is empty, I should go back north to the living room and then try west to explore more rooms for the missing ingredients.",go north,,"Well, here we are in the livingroom. The room seems oddly familiar, as though it were only superficially different from the other rooms in the building.

You make out a sofa. The sofa is comfy. But there isn't a thing on it.

There is an exit to the south. There is an exit to the west.",Livingroom,"Well, here we are in the livingroom. The room seems oddly familiar, as though it were only superficially different from the other rooms in the building.

You make out a sofa. The sofa is comfy. But there isn't a thing on it.

There is an exit to the south. There is an exit to the west.","You are carrying: a white onion, a block of cheese, a red onion, a raw purple potato and a raw red potato.",1 of 15,0.06666666666666667,False,
47,,,I should go west from the living room to check for the red hot pepper and yellow potato.,go west,,"You are in a kitchen. You start to take note of what's in the room.

You can make out a fridge. The fridge contains a raw pork chop. You can make out an oven. You wonder idly who left that here. You can see a table. The table is massive. But the thing is empty, unfortunately. Oh! Why couldn't there just be stuff on it? You see a counter. The counter is vast. On the counter you see a cookbook and a knife. You can see a stove. But the thing is empty, unfortunately.

There is a closed frosted-glass door leading north. You need an exit without a door? You should try going east. There is an exit to the west.",Kitchen,"You are in a kitchen. You start to take note of what's in the room.

You can make out a fridge. The fridge contains a raw pork chop. You can make out an oven. You wonder idly who left that here. You can see a table. The table is massive. But the thing is empty, unfortunately. Oh! Why couldn't there just be stuff on it? You see a counter. The counter is vast. On the counter you see a cookbook and a knife. You can see a stove. But the thing is empty, unfortunately.

There is a closed frosted-glass door leading north. You need an exit without a door? You should try going east. There is an exit to the west.","You are carrying: a white onion, a block of cheese, a red onion, a raw purple potato and a raw red potato.",1 of 15,0.06666666666666667,False,
48,,,I should examine the cookbook on the counter to check the recipe for the meal.,examine cookbook,,"You open the copy of ""Cooking: A Modern Approach (3rd Ed.)"" and start reading:

Recipe #1
---------
Gather all following ingredients and follow the directions to prepare this tasty meal.

Ingredients:
block of cheese
  red onion
  red hot pepper
  purple potato
  yellow potato

Directions:
chop the block of cheese
  roast the block of cheese
  slice the red onion
  grill the red onion
  chop the red hot pepper
  fry the red hot pepper
  slice the purple potato
  roast the purple potato
  slice the yellow potato
  grill the yellow potato
  prepare meal",Kitchen,"You are in a kitchen. You start to take note of what's in the room.

You can make out a fridge. The fridge contains a raw pork chop. You can make out an oven. You wonder idly who left that here. You can see a table. The table is massive. But the thing is empty, unfortunately. Oh! Why couldn't there just be stuff on it? You see a counter. The counter is vast. On the counter you see a cookbook and a knife. You can see a stove. But the thing is empty, unfortunately.

There is a closed frosted-glass door leading north. You need an exit without a door? You should try going east. There is an exit to the west.","You are carrying: a white onion, a block of cheese, a red onion, a raw purple potato and a raw red potato.",1 of 15,0.06666666666666667,False,
49,,,"I need to find the red hot pepper and yellow potato to complete the recipe, so I should go east to explore more rooms.",go east,,"Well, here we are in the livingroom. The room seems oddly familiar, as though it were only superficially different from the other rooms in the building.

You make out a sofa. The sofa is comfy. But there isn't a thing on it.

There is an exit to the south. There is an exit to the west.",Livingroom,"Well, here we are in the livingroom. The room seems oddly familiar, as though it were only superficially different from the other rooms in the building.

You make out a sofa. The sofa is comfy. But there isn't a thing on it.

There is an exit to the south. There is an exit to the west.","You are carrying: a white onion, a block of cheese, a red onion, a raw purple potato and a raw red potato.",1 of 15,0.06666666666666667,False,
50,,,I should go south from the livingroom to explore and find the red hot pepper and yellow potato.,go south,,"You find yourself in a bedroom. An usual kind of place. You begin looking for stuff.

You see a bed. But the thing is empty, unfortunately. You move on, clearly depressed by TextWorld.

You need an exit without a door? You should try going north.",Bedroom,"You find yourself in a bedroom. An usual kind of place. You begin looking for stuff.

You see a bed. But the thing is empty, unfortunately. You move on, clearly depressed by TextWorld.

You need an exit without a door? You should try going north.","You are carrying: a white onion, a block of cheese, a red onion, a raw purple potato and a raw red potato.",1 of 15,0.06666666666666667,False,
51,,,"Since the bedroom has no items, I should go back north to the livingroom and then west to explore further for the missing ingredients.",go north,,"Well, here we are in the livingroom. The room seems oddly familiar, as though it were only superficially different from the other rooms in the building.

You make out a sofa. The sofa is comfy. But there isn't a thing on it.

There is an exit to the south. There is an exit to the west.",Livingroom,"Well, here we are in the livingroom. The room seems oddly familiar, as though it were only superficially different from the other rooms in the building.

You make out a sofa. The sofa is comfy. But there isn't a thing on it.

There is an exit to the south. There is an exit to the west.","You are carrying: a white onion, a block of cheese, a red onion, a raw purple potato and a raw red potato.",1 of 15,0.06666666666666667,False,
52,,,I should go west from the livingroom to explore more rooms for the missing ingredients.,go west,,"You are in a kitchen. You start to take note of what's in the room.

You can make out a fridge. The fridge contains a raw pork chop. You can make out an oven. You wonder idly who left that here. You can see a table. The table is massive. But the thing is empty, unfortunately. Oh! Why couldn't there just be stuff on it? You see a counter. The counter is vast. On the counter you see a cookbook and a knife. You can see a stove. But the thing is empty, unfortunately.

There is a closed frosted-glass door leading north. You need an exit without a door? You should try going east. There is an exit to the west.",Kitchen,"You are in a kitchen. You start to take note of what's in the room.

You can make out a fridge. The fridge contains a raw pork chop. You can make out an oven. You wonder idly who left that here. You can see a table. The table is massive. But the thing is empty, unfortunately. Oh! Why couldn't there just be stuff on it? You see a counter. The counter is vast. On the counter you see a cookbook and a knife. You can see a stove. But the thing is empty, unfortunately.

There is a closed frosted-glass door leading north. You need an exit without a door? You should try going east. There is an exit to the west.","You are carrying: a white onion, a block of cheese, a red onion, a raw purple potato and a raw red potato.",1 of 15,0.06666666666666667,False,
53,,,I should examine the cookbook on the counter to find the recipe for the meal.,examine cookbook,,"You open the copy of ""Cooking: A Modern Approach (3rd Ed.)"" and start reading:

Recipe #1
---------
Gather all following ingredients and follow the directions to prepare this tasty meal.

Ingredients:
block of cheese
  red onion
  red hot pepper
  purple potato
  yellow potato

Directions:
chop the block of cheese
  roast the block of cheese
  slice the red onion
  grill the red onion
  chop the red hot pepper
  fry the red hot pepper
  slice the purple potato
  roast the purple potato
  slice the yellow potato
  grill the yellow potato
  prepare meal",Kitchen,"You are in a kitchen. You start to take note of what's in the room.

You can make out a fridge. The fridge contains a raw pork chop. You can make out an oven. You wonder idly who left that here. You can see a table. The table is massive. But the thing is empty, unfortunately. Oh! Why couldn't there just be stuff on it? You see a counter. The counter is vast. On the counter you see a cookbook and a knife. You can see a stove. But the thing is empty, unfortunately.

There is a closed frosted-glass door leading north. You need an exit without a door? You should try going east. There is an exit to the west.","You are carrying: a white onion, a block of cheese, a red onion, a raw purple potato and a raw red potato.",1 of 15,0.06666666666666667,False,
54,,,I need a red hot pepper and a yellow potato to complete the recipe. I should search the kitchen for these missing ingredients.,examine fridge,,"The fridge looks ominous. It is open.

In the fridge is a raw pork chop.",Kitchen,"You are in a kitchen. You start to take note of what's in the room.

You can make out a fridge. The fridge contains a raw pork chop. You can make out an oven. You wonder idly who left that here. You can see a table. The table is massive. But the thing is empty, unfortunately. Oh! Why couldn't there just be stuff on it? You see a counter. The counter is vast. On the counter you see a cookbook and a knife. You can see a stove. But the thing is empty, unfortunately.

There is a closed frosted-glass door leading north. You need an exit without a door? You should try going east. There is an exit to the west.","You are carrying: a white onion, a block of cheese, a red onion, a raw purple potato and a raw red potato.",1 of 15,0.06666666666666667,False,
55,,,"Since the fridge only contains a raw pork chop and no red hot pepper or yellow potato, I should go east to explore more rooms for the missing ingredients.",go east,,"Well, here we are in the livingroom. The room seems oddly familiar, as though it were only superficially different from the other rooms in the building.

You make out a sofa. The sofa is comfy. But there isn't a thing on it.

There is an exit to the south. There is an exit to the west.",Livingroom,"Well, here we are in the livingroom. The room seems oddly familiar, as though it were only superficially different from the other rooms in the building.

You make out a sofa. The sofa is comfy. But there isn't a thing on it.

There is an exit to the south. There is an exit to the west.","You are carrying: a white onion, a block of cheese, a red onion, a raw purple potato and a raw red potato.",1 of 15,0.06666666666666667,False,
56,,,The living room does not seem to have the ingredients I need. I should go west to check the next room for the red hot pepper and yellow potato.,go west,,"You are in a kitchen. You start to take note of what's in the room.

You can make out a fridge. The fridge contains a raw pork chop. You can make out an oven. You wonder idly who left that here. You can see a table. The table is massive. But the thing is empty, unfortunately. Oh! Why couldn't there just be stuff on it? You see a counter. The counter is vast. On the counter you see a cookbook and a knife. You can see a stove. But the thing is empty, unfortunately.

There is a closed frosted-glass door leading north. You need an exit without a door? You should try going east. There is an exit to the west.",Kitchen,"You are in a kitchen. You start to take note of what's in the room.

You can make out a fridge. The fridge contains a raw pork chop. You can make out an oven. You wonder idly who left that here. You can see a table. The table is massive. But the thing is empty, unfortunately. Oh! Why couldn't there just be stuff on it? You see a counter. The counter is vast. On the counter you see a cookbook and a knife. You can see a stove. But the thing is empty, unfortunately.

There is a closed frosted-glass door leading north. You need an exit without a door? You should try going east. There is an exit to the west.","You are carrying: a white onion, a block of cheese, a red onion, a raw purple potato and a raw red potato.",1 of 15,0.06666666666666667,False,
57,,,I am back in the kitchen and still missing the red hot pepper and yellow potato. I should check the counter closely to see if any of these ingredients are there.,examine counter,,"The counter is wobbly.

On the counter are a cookbook and a knife.",Kitchen,"You are in a kitchen. You start to take note of what's in the room.

You can make out a fridge. The fridge contains a raw pork chop. You can make out an oven. You wonder idly who left that here. You can see a table. The table is massive. But the thing is empty, unfortunately. Oh! Why couldn't there just be stuff on it? You see a counter. The counter is vast. On the counter you see a cookbook and a knife. You can see a stove. But the thing is empty, unfortunately.

There is a closed frosted-glass door leading north. You need an exit without a door? You should try going east. There is an exit to the west.","You are carrying: a white onion, a block of cheese, a red onion, a raw purple potato and a raw red potato.",1 of 15,0.06666666666666667,False,
58,,,I should examine the cookbook on the counter to find the recipe for the meal I want to cook.,examine cookbook,,"You open the copy of ""Cooking: A Modern Approach (3rd Ed.)"" and start reading:

Recipe #1
---------
Gather all following ingredients and follow the directions to prepare this tasty meal.

Ingredients:
block of cheese
  red onion
  red hot pepper
  purple potato
  yellow potato

Directions:
chop the block of cheese
  roast the block of cheese
  slice the red onion
  grill the red onion
  chop the red hot pepper
  fry the red hot pepper
  slice the purple potato
  roast the purple potato
  slice the yellow potato
  grill the yellow potato
  prepare meal",Kitchen,"You are in a kitchen. You start to take note of what's in the room.

You can make out a fridge. The fridge contains a raw pork chop. You can make out an oven. You wonder idly who left that here. You can see a table. The table is massive. But the thing is empty, unfortunately. Oh! Why couldn't there just be stuff on it? You see a counter. The counter is vast. On the counter you see a cookbook and a knife. You can see a stove. But the thing is empty, unfortunately.

There is a closed frosted-glass door leading north. You need an exit without a door? You should try going east. There is an exit to the west.","You are carrying: a white onion, a block of cheese, a red onion, a raw purple potato and a raw red potato.",1 of 15,0.06666666666666667,False,
59,,,"I need to find the red hot pepper and yellow potato first, as I don't have them in my inventory yet. I should go east to explore the next room for these ingredients.",go east,,"Well, here we are in the livingroom. The room seems oddly familiar, as though it were only superficially different from the other rooms in the building.

You make out a sofa. The sofa is comfy. But there isn't a thing on it.

There is an exit to the south. There is an exit to the west.",Livingroom,"Well, here we are in the livingroom. The room seems oddly familiar, as though it were only superficially different from the other rooms in the building.

You make out a sofa. The sofa is comfy. But there isn't a thing on it.

There is an exit to the south. There is an exit to the west.","You are carrying: a white onion, a block of cheese, a red onion, a raw purple potato and a raw red potato.",1 of 15,0.06666666666666667,False,
60,,,The living room doesn't seem to have the ingredients I need. I should try going west to explore another room.,go west,,"You are in a kitchen. You start to take note of what's in the room.

You can make out a fridge. The fridge contains a raw pork chop. You can make out an oven. You wonder idly who left that here. You can see a table. The table is massive. But the thing is empty, unfortunately. Oh! Why couldn't there just be stuff on it? You see a counter. The counter is vast. On the counter you see a cookbook and a knife. You can see a stove. But the thing is empty, unfortunately.

There is a closed frosted-glass door leading north. You need an exit without a door? You should try going east. There is an exit to the west.",Kitchen,"You are in a kitchen. You start to take note of what's in the room.

You can make out a fridge. The fridge contains a raw pork chop. You can make out an oven. You wonder idly who left that here. You can see a table. The table is massive. But the thing is empty, unfortunately. Oh! Why couldn't there just be stuff on it? You see a counter. The counter is vast. On the counter you see a cookbook and a knife. You can see a stove. But the thing is empty, unfortunately.

There is a closed frosted-glass door leading north. You need an exit without a door? You should try going east. There is an exit to the west.","You are carrying: a white onion, a block of cheese, a red onion, a raw purple potato and a raw red potato.",1 of 15,0.06666666666666667,False,
61,,,I still need the red hot pepper and yellow potato for the recipe. I should check the fridge in the kitchen to see if it contains any of these ingredients.,open fridge,,That's already open.,Kitchen,"You are in a kitchen. You start to take note of what's in the room.

You can make out a fridge. The fridge contains a raw pork chop. You can make out an oven. You wonder idly who left that here. You can see a table. The table is massive. But the thing is empty, unfortunately. Oh! Why couldn't there just be stuff on it? You see a counter. The counter is vast. On the counter you see a cookbook and a knife. You can see a stove. But the thing is empty, unfortunately.

There is a closed frosted-glass door leading north. You need an exit without a door? You should try going east. There is an exit to the west.","You are carrying: a white onion, a block of cheese, a red onion, a raw purple potato and a raw red potato.",1 of 15,0.06666666666666667,False,
62,,,"The fridge only contains a raw pork chop, which is not needed for the recipe. I should check the closed frosted-glass door leading north to see if the missing ingredients are there.",go north,,You have to open the frosted-glass door first.,Kitchen,"You are in a kitchen. You start to take note of what's in the room.

You can make out a fridge. The fridge contains a raw pork chop. You can make out an oven. You wonder idly who left that here. You can see a table. The table is massive. But the thing is empty, unfortunately. Oh! Why couldn't there just be stuff on it? You see a counter. The counter is vast. On the counter you see a cookbook and a knife. You can see a stove. But the thing is empty, unfortunately.

There is a closed frosted-glass door leading north. You need an exit without a door? You should try going east. There is an exit to the west.","You are carrying: a white onion, a block of cheese, a red onion, a raw purple potato and a raw red potato.",1 of 15,0.06666666666666667,False,
63,,,I need to open the frosted-glass door leading north before I can go through it.,open frosted-glass door,,You open frosted-glass door.,Kitchen,"You are in a kitchen. You start to take note of what's in the room.

You can make out a fridge. The fridge contains a raw pork chop. You can make out an oven. You wonder idly who left that here. You can see a table. The table is massive. But the thing is empty, unfortunately. Oh! Why couldn't there just be stuff on it? You see a counter. The counter is vast. On the counter you see a cookbook and a knife. You can see a stove. But the thing is empty, unfortunately.

There is an open frosted-glass door leading north. You need an exit without a door? You should try going east. There is an exit to the west.","You are carrying: a white onion, a block of cheese, a red onion, a raw purple potato and a raw red potato.",1 of 15,0.06666666666666667,False,
64,,,"Now that the frosted-glass door is open, I should go north through it to explore the next room for the missing ingredients.",go north,,"Well, here we are in a pantry.

As if things weren't amazing enough already, you can even see a shelf. But oh no! there's nothing on this piece of trash. What, you think everything in TextWorld should have stuff on it?

There is an open frosted-glass door leading south.",Pantry,"Well, here we are in a pantry.

As if things weren't amazing enough already, you can even see a shelf. But oh no! there's nothing on this piece of trash. What, you think everything in TextWorld should have stuff on it?

There is an open frosted-glass door leading south.","You are carrying: a white onion, a block of cheese, a red onion, a raw purple potato and a raw red potato.",1 of 15,0.06666666666666667,False,
65,,,The pantry is empty and has no ingredients. I should return to the kitchen to check the cookbook for the recipe.,go south,,"You are in a kitchen. You start to take note of what's in the room.

You can make out a fridge. The fridge contains a raw pork chop. You can make out an oven. You wonder idly who left that here. You can see a table. The table is massive. But the thing is empty, unfortunately. Oh! Why couldn't there just be stuff on it? You see a counter. The counter is vast. On the counter you see a cookbook and a knife. You can see a stove. But the thing is empty, unfortunately.

There is an open frosted-glass door leading north. You need an exit without a door? You should try going east. There is an exit to the west.",Kitchen,"You are in a kitchen. You start to take note of what's in the room.

You can make out a fridge. The fridge contains a raw pork chop. You can make out an oven. You wonder idly who left that here. You can see a table. The table is massive. But the thing is empty, unfortunately. Oh! Why couldn't there just be stuff on it? You see a counter. The counter is vast. On the counter you see a cookbook and a knife. You can see a stove. But the thing is empty, unfortunately.

There is an open frosted-glass door leading north. You need an exit without a door? You should try going east. There is an exit to the west.","You are carrying: a white onion, a block of cheese, a red onion, a raw purple potato and a raw red potato.",1 of 15,0.06666666666666667,False,
66,,,I should examine the cookbook on the counter to find the recipe for the meal.,examine cookbook,,"You open the copy of ""Cooking: A Modern Approach (3rd Ed.)"" and start reading:

Recipe #1
---------
Gather all following ingredients and follow the directions to prepare this tasty meal.

Ingredients:
block of cheese
  red onion
  red hot pepper
  purple potato
  yellow potato

Directions:
chop the block of cheese
  roast the block of cheese
  slice the red onion
  grill the red onion
  chop the red hot pepper
  fry the red hot pepper
  slice the purple potato
  roast the purple potato
  slice the yellow potato
  grill the yellow potato
  prepare meal",Kitchen,"You are in a kitchen. You start to take note of what's in the room.

You can make out a fridge. The fridge contains a raw pork chop. You can make out an oven. You wonder idly who left that here. You can see a table. The table is massive. But the thing is empty, unfortunately. Oh! Why couldn't there just be stuff on it? You see a counter. The counter is vast. On the counter you see a cookbook and a knife. You can see a stove. But the thing is empty, unfortunately.

There is an open frosted-glass door leading north. You need an exit without a door? You should try going east. There is an exit to the west.","You are carrying: a white onion, a block of cheese, a red onion, a raw purple potato and a raw red potato.",1 of 15,0.06666666666666667,False,
67,,,I need a red hot pepper and a yellow potato to complete the recipe. I should check the fridge for these missing ingredients.,open fridge,,That's already open.,Kitchen,"You are in a kitchen. You start to take note of what's in the room.

You can make out a fridge. The fridge contains a raw pork chop. You can make out an oven. You wonder idly who left that here. You can see a table. The table is massive. But the thing is empty, unfortunately. Oh! Why couldn't there just be stuff on it? You see a counter. The counter is vast. On the counter you see a cookbook and a knife. You can see a stove. But the thing is empty, unfortunately.

There is an open frosted-glass door leading north. You need an exit without a door? You should try going east. There is an exit to the west.","You are carrying: a white onion, a block of cheese, a red onion, a raw purple potato and a raw red potato.",1 of 15,0.06666666666666667,False,
68,,,"The fridge only contains a raw pork chop, no red hot pepper or yellow potato. I should check the west exit to see if I can find the missing ingredients.",go west,,"I am stoked to announce that you are now in the corridor. You begin to take stock of what's here.



There is a closed sliding patio door leading south. You need an exit without a door? You should try going east. There is an exit to the north.",Corridor,"I am stoked to announce that you are now in the corridor. You begin to take stock of what's here.



There is a closed sliding patio door leading south. You need an exit without a door? You should try going east. There is an exit to the north.","You are carrying: a white onion, a block of cheese, a red onion, a raw purple potato and a raw red potato.",1 of 15,0.06666666666666667,False,
69,,,I should go east from the corridor to explore and look for the red hot pepper and yellow potato.,go east,,"You are in a kitchen. You start to take note of what's in the room.

You can make out a fridge. The fridge contains a raw pork chop. You can make out an oven. You wonder idly who left that here. You can see a table. The table is massive. But the thing is empty, unfortunately. Oh! Why couldn't there just be stuff on it? You see a counter. The counter is vast. On the counter you see a cookbook and a knife. You can see a stove. But the thing is empty, unfortunately.

There is an open frosted-glass door leading north. You need an exit without a door? You should try going east. There is an exit to the west.",Kitchen,"You are in a kitchen. You start to take note of what's in the room.

You can make out a fridge. The fridge contains a raw pork chop. You can make out an oven. You wonder idly who left that here. You can see a table. The table is massive. But the thing is empty, unfortunately. Oh! Why couldn't there just be stuff on it? You see a counter. The counter is vast. On the counter you see a cookbook and a knife. You can see a stove. But the thing is empty, unfortunately.

There is an open frosted-glass door leading north. You need an exit without a door? You should try going east. There is an exit to the west.","You are carrying: a white onion, a block of cheese, a red onion, a raw purple potato and a raw red potato.",1 of 15,0.06666666666666667,False,
70,,,I am back in the kitchen but still missing the red hot pepper and yellow potato. I should check the counter carefully for any items I might have missed.,look counter,,"The counter is wobbly.

On the counter are a cookbook and a knife.",Kitchen,"You are in a kitchen. You start to take note of what's in the room.

You can make out a fridge. The fridge contains a raw pork chop. You can make out an oven. You wonder idly who left that here. You can see a table. The table is massive. But the thing is empty, unfortunately. Oh! Why couldn't there just be stuff on it? You see a counter. The counter is vast. On the counter you see a cookbook and a knife. You can see a stove. But the thing is empty, unfortunately.

There is an open frosted-glass door leading north. You need an exit without a door? You should try going east. There is an exit to the west.","You are carrying: a white onion, a block of cheese, a red onion, a raw purple potato and a raw red potato.",1 of 15,0.06666666666666667,False,
71,,,I should examine the cookbook on the counter to find the recipe for the meal.,examine cookbook,,"You open the copy of ""Cooking: A Modern Approach (3rd Ed.)"" and start reading:

Recipe #1
---------
Gather all following ingredients and follow the directions to prepare this tasty meal.

Ingredients:
block of cheese
  red onion
  red hot pepper
  purple potato
  yellow potato

Directions:
chop the block of cheese
  roast the block of cheese
  slice the red onion
  grill the red onion
  chop the red hot pepper
  fry the red hot pepper
  slice the purple potato
  roast the purple potato
  slice the yellow potato
  grill the yellow potato
  prepare meal",Kitchen,"You are in a kitchen. You start to take note of what's in the room.

You can make out a fridge. The fridge contains a raw pork chop. You can make out an oven. You wonder idly who left that here. You can see a table. The table is massive. But the thing is empty, unfortunately. Oh! Why couldn't there just be stuff on it? You see a counter. The counter is vast. On the counter you see a cookbook and a knife. You can see a stove. But the thing is empty, unfortunately.

There is an open frosted-glass door leading north. You need an exit without a door? You should try going east. There is an exit to the west.","You are carrying: a white onion, a block of cheese, a red onion, a raw purple potato and a raw red potato.",1 of 15,0.06666666666666667,False,
72,,,I need to find the red hot pepper and yellow potato to complete the recipe.,go north,,"Well, here we are in a pantry.

As if things weren't amazing enough already, you can even see a shelf. But oh no! there's nothing on this piece of trash. What, you think everything in TextWorld should have stuff on it?

There is an open frosted-glass door leading south.",Pantry,"Well, here we are in a pantry.

As if things weren't amazing enough already, you can even see a shelf. But oh no! there's nothing on this piece of trash. What, you think everything in TextWorld should have stuff on it?

There is an open frosted-glass door leading south.","You are carrying: a white onion, a block of cheese, a red onion, a raw purple potato and a raw red potato.",1 of 15,0.06666666666666667,False,
73,,,"The pantry is empty, so I should check the fridge in the kitchen for the missing ingredients.",go south,,"You are in a kitchen. You start to take note of what's in the room.

You can make out a fridge. The fridge contains a raw pork chop. You can make out an oven. You wonder idly who left that here. You can see a table. The table is massive. But the thing is empty, unfortunately. Oh! Why couldn't there just be stuff on it? You see a counter. The counter is vast. On the counter you see a cookbook and a knife. You can see a stove. But the thing is empty, unfortunately.

There is an open frosted-glass door leading north. You need an exit without a door? You should try going east. There is an exit to the west.",Kitchen,"You are in a kitchen. You start to take note of what's in the room.

You can make out a fridge. The fridge contains a raw pork chop. You can make out an oven. You wonder idly who left that here. You can see a table. The table is massive. But the thing is empty, unfortunately. Oh! Why couldn't there just be stuff on it? You see a counter. The counter is vast. On the counter you see a cookbook and a knife. You can see a stove. But the thing is empty, unfortunately.

There is an open frosted-glass door leading north. You need an exit without a door? You should try going east. There is an exit to the west.","You are carrying: a white onion, a block of cheese, a red onion, a raw purple potato and a raw red potato.",1 of 15,0.06666666666666667,False,
74,,,I should check the fridge to see if it contains the red hot pepper or yellow potato.,open fridge,,That's already open.,Kitchen,"You are in a kitchen. You start to take note of what's in the room.

You can make out a fridge. The fridge contains a raw pork chop. You can make out an oven. You wonder idly who left that here. You can see a table. The table is massive. But the thing is empty, unfortunately. Oh! Why couldn't there just be stuff on it? You see a counter. The counter is vast. On the counter you see a cookbook and a knife. You can see a stove. But the thing is empty, unfortunately.

There is an open frosted-glass door leading north. You need an exit without a door? You should try going east. There is an exit to the west.","You are carrying: a white onion, a block of cheese, a red onion, a raw purple potato and a raw red potato.",1 of 15,0.06666666666666667,False,
75,,,"Since the fridge only contains a raw pork chop and no other ingredients, I should check the counter for the red hot pepper and yellow potato.",look counter,,"The counter is wobbly.

On the counter are a cookbook and a knife.",Kitchen,"You are in a kitchen. You start to take note of what's in the room.

You can make out a fridge. The fridge contains a raw pork chop. You can make out an oven. You wonder idly who left that here. You can see a table. The table is massive. But the thing is empty, unfortunately. Oh! Why couldn't there just be stuff on it? You see a counter. The counter is vast. On the counter you see a cookbook and a knife. You can see a stove. But the thing is empty, unfortunately.

There is an open frosted-glass door leading north. You need an exit without a door? You should try going east. There is an exit to the west.","You are carrying: a white onion, a block of cheese, a red onion, a raw purple potato and a raw red potato.",1 of 15,0.06666666666666667,False,
76,,,I should examine the cookbook on the counter to find the recipe for the meal.,examine cookbook,,"You open the copy of ""Cooking: A Modern Approach (3rd Ed.)"" and start reading:

Recipe #1
---------
Gather all following ingredients and follow the directions to prepare this tasty meal.

Ingredients:
block of cheese
  red onion
  red hot pepper
  purple potato
  yellow potato

Directions:
chop the block of cheese
  roast the block of cheese
  slice the red onion
  grill the red onion
  chop the red hot pepper
  fry the red hot pepper
  slice the purple potato
  roast the purple potato
  slice the yellow potato
  grill the yellow potato
  prepare meal",Kitchen,"You are in a kitchen. You start to take note of what's in the room.

You can make out a fridge. The fridge contains a raw pork chop. You can make out an oven. You wonder idly who left that here. You can see a table. The table is massive. But the thing is empty, unfortunately. Oh! Why couldn't there just be stuff on it? You see a counter. The counter is vast. On the counter you see a cookbook and a knife. You can see a stove. But the thing is empty, unfortunately.

There is an open frosted-glass door leading north. You need an exit without a door? You should try going east. There is an exit to the west.","You are carrying: a white onion, a block of cheese, a red onion, a raw purple potato and a raw red potato.",1 of 15,0.06666666666666667,False,
77,,,I need to find the red hot pepper and yellow potato to complete the recipe.,go west,,"I am stoked to announce that you are now in the corridor. You begin to take stock of what's here.



There is a closed sliding patio door leading south. You need an exit without a door? You should try going east. There is an exit to the north.",Corridor,"I am stoked to announce that you are now in the corridor. You begin to take stock of what's here.



There is a closed sliding patio door leading south. You need an exit without a door? You should try going east. There is an exit to the north.","You are carrying: a white onion, a block of cheese, a red onion, a raw purple potato and a raw red potato.",1 of 15,0.06666666666666667,False,
78,,,I should go north from the corridor to look for the red hot pepper and yellow potato.,go north,,"Fancy seeing you here. Here, by the way, being the bathroom.

Look over there! a toilet. You shudder, but continue examining the toilet. Looks like someone's already been here and taken everything off it, though.

There is an exit to the south. Don't worry, there is no door.",Bathroom,"Fancy seeing you here. Here, by the way, being the bathroom.

Look over there! a toilet. You shudder, but continue examining the toilet. Looks like someone's already been here and taken everything off it, though.

There is an exit to the south. Don't worry, there is no door.","You are carrying: a white onion, a block of cheese, a red onion, a raw purple potato and a raw red potato.",1 of 15,0.06666666666666667,False,
79,,,"The bathroom does not have the ingredients I need, so I should go back south to the corridor and then try going east to explore other rooms.",go south,,"I am stoked to announce that you are now in the corridor. You begin to take stock of what's here.



There is a closed sliding patio door leading south. You need an exit without a door? You should try going east. There is an exit to the north.",Corridor,"I am stoked to announce that you are now in the corridor. You begin to take stock of what's here.



There is a closed sliding patio door leading south. You need an exit without a door? You should try going east. There is an exit to the north.","You are carrying: a white onion, a block of cheese, a red onion, a raw purple potato and a raw red potato.",1 of 15,0.06666666666666667,False,
80,,,I should go east from the corridor to explore another room for the red hot pepper and yellow potato.,go east,,"You are in a kitchen. You start to take note of what's in the room.

You can make out a fridge. The fridge contains a raw pork chop. You can make out an oven. You wonder idly who left that here. You can see a table. The table is massive. But the thing is empty, unfortunately. Oh! Why couldn't there just be stuff on it? You see a counter. The counter is vast. On the counter you see a cookbook and a knife. You can see a stove. But the thing is empty, unfortunately.

There is an open frosted-glass door leading north. You need an exit without a door? You should try going east. There is an exit to the west.",Kitchen,"You are in a kitchen. You start to take note of what's in the room.

You can make out a fridge. The fridge contains a raw pork chop. You can make out an oven. You wonder idly who left that here. You can see a table. The table is massive. But the thing is empty, unfortunately. Oh! Why couldn't there just be stuff on it? You see a counter. The counter is vast. On the counter you see a cookbook and a knife. You can see a stove. But the thing is empty, unfortunately.

There is an open frosted-glass door leading north. You need an exit without a door? You should try going east. There is an exit to the west.","You are carrying: a white onion, a block of cheese, a red onion, a raw purple potato and a raw red potato.",1 of 15,0.06666666666666667,False,
81,,,I should examine the cookbook on the counter to check the recipe for the meal I want to cook.,examine cookbook,,"You open the copy of ""Cooking: A Modern Approach (3rd Ed.)"" and start reading:

Recipe #1
---------
Gather all following ingredients and follow the directions to prepare this tasty meal.

Ingredients:
block of cheese
  red onion
  red hot pepper
  purple potato
  yellow potato

Directions:
chop the block of cheese
  roast the block of cheese
  slice the red onion
  grill the red onion
  chop the red hot pepper
  fry the red hot pepper
  slice the purple potato
  roast the purple potato
  slice the yellow potato
  grill the yellow potato
  prepare meal",Kitchen,"You are in a kitchen. You start to take note of what's in the room.

You can make out a fridge. The fridge contains a raw pork chop. You can make out an oven. You wonder idly who left that here. You can see a table. The table is massive. But the thing is empty, unfortunately. Oh! Why couldn't there just be stuff on it? You see a counter. The counter is vast. On the counter you see a cookbook and a knife. You can see a stove. But the thing is empty, unfortunately.

There is an open frosted-glass door leading north. You need an exit without a door? You should try going east. There is an exit to the west.","You are carrying: a white onion, a block of cheese, a red onion, a raw purple potato and a raw red potato.",1 of 15,0.06666666666666667,False,
82,,,"I need to find the red hot pepper and yellow potato to complete the recipe, so I should explore the kitchen further or adjacent rooms to find these ingredients.",go north,,"Well, here we are in a pantry.

As if things weren't amazing enough already, you can even see a shelf. But oh no! there's nothing on this piece of trash. What, you think everything in TextWorld should have stuff on it?

There is an open frosted-glass door leading south.",Pantry,"Well, here we are in a pantry.

As if things weren't amazing enough already, you can even see a shelf. But oh no! there's nothing on this piece of trash. What, you think everything in TextWorld should have stuff on it?

There is an open frosted-glass door leading south.","You are carrying: a white onion, a block of cheese, a red onion, a raw purple potato and a raw red potato.",1 of 15,0.06666666666666667,False,
83,,,"The pantry is empty, so I should go back to the kitchen and then try going east to look for the red hot pepper and yellow potato.",go south,,"You are in a kitchen. You start to take note of what's in the room.

You can make out a fridge. The fridge contains a raw pork chop. You can make out an oven. You wonder idly who left that here. You can see a table. The table is massive. But the thing is empty, unfortunately. Oh! Why couldn't there just be stuff on it? You see a counter. The counter is vast. On the counter you see a cookbook and a knife. You can see a stove. But the thing is empty, unfortunately.

There is an open frosted-glass door leading north. You need an exit without a door? You should try going east. There is an exit to the west.",Kitchen,"You are in a kitchen. You start to take note of what's in the room.

You can make out a fridge. The fridge contains a raw pork chop. You can make out an oven. You wonder idly who left that here. You can see a table. The table is massive. But the thing is empty, unfortunately. Oh! Why couldn't there just be stuff on it? You see a counter. The counter is vast. On the counter you see a cookbook and a knife. You can see a stove. But the thing is empty, unfortunately.

There is an open frosted-glass door leading north. You need an exit without a door? You should try going east. There is an exit to the west.","You are carrying: a white onion, a block of cheese, a red onion, a raw purple potato and a raw red potato.",1 of 15,0.06666666666666667,False,
84,,,I should go east from the kitchen to search for the red hot pepper and yellow potato.,go east,,"Well, here we are in the livingroom. The room seems oddly familiar, as though it were only superficially different from the other rooms in the building.

You make out a sofa. The sofa is comfy. But there isn't a thing on it.

There is an exit to the south. There is an exit to the west.",Livingroom,"Well, here we are in the livingroom. The room seems oddly familiar, as though it were only superficially different from the other rooms in the building.

You make out a sofa. The sofa is comfy. But there isn't a thing on it.

There is an exit to the south. There is an exit to the west.","You are carrying: a white onion, a block of cheese, a red onion, a raw purple potato and a raw red potato.",1 of 15,0.06666666666666667,False,
85,,,"The living room doesn't have the ingredients I need, so I should try going west to explore further for the red hot pepper and yellow potato.",go west,,"You are in a kitchen. You start to take note of what's in the room.

You can make out a fridge. The fridge contains a raw pork chop. You can make out an oven. You wonder idly who left that here. You can see a table. The table is massive. But the thing is empty, unfortunately. Oh! Why couldn't there just be stuff on it? You see a counter. The counter is vast. On the counter you see a cookbook and a knife. You can see a stove. But the thing is empty, unfortunately.

There is an open frosted-glass door leading north. You need an exit without a door? You should try going east. There is an exit to the west.",Kitchen,"You are in a kitchen. You start to take note of what's in the room.

You can make out a fridge. The fridge contains a raw pork chop. You can make out an oven. You wonder idly who left that here. You can see a table. The table is massive. But the thing is empty, unfortunately. Oh! Why couldn't there just be stuff on it? You see a counter. The counter is vast. On the counter you see a cookbook and a knife. You can see a stove. But the thing is empty, unfortunately.

There is an open frosted-glass door leading north. You need an exit without a door? You should try going east. There is an exit to the west.","You are carrying: a white onion, a block of cheese, a red onion, a raw purple potato and a raw red potato.",1 of 15,0.06666666666666667,False,
86,,,I should examine the cookbook on the counter to find the recipe for a delicious meal.,examine cookbook,,"You open the copy of ""Cooking: A Modern Approach (3rd Ed.)"" and start reading:

Recipe #1
---------
Gather all following ingredients and follow the directions to prepare this tasty meal.

Ingredients:
block of cheese
  red onion
  red hot pepper
  purple potato
  yellow potato

Directions:
chop the block of cheese
  roast the block of cheese
  slice the red onion
  grill the red onion
  chop the red hot pepper
  fry the red hot pepper
  slice the purple potato
  roast the purple potato
  slice the yellow potato
  grill the yellow potato
  prepare meal",Kitchen,"You are in a kitchen. You start to take note of what's in the room.

You can make out a fridge. The fridge contains a raw pork chop. You can make out an oven. You wonder idly who left that here. You can see a table. The table is massive. But the thing is empty, unfortunately. Oh! Why couldn't there just be stuff on it? You see a counter. The counter is vast. On the counter you see a cookbook and a knife. You can see a stove. But the thing is empty, unfortunately.

There is an open frosted-glass door leading north. You need an exit without a door? You should try going east. There is an exit to the west.","You are carrying: a white onion, a block of cheese, a red onion, a raw purple potato and a raw red potato.",1 of 15,0.06666666666666667,False,
87,,,I need to find the red hot pepper and yellow potato to complete the recipe.,go north,,"Well, here we are in a pantry.

As if things weren't amazing enough already, you can even see a shelf. But oh no! there's nothing on this piece of trash. What, you think everything in TextWorld should have stuff on it?

There is an open frosted-glass door leading south.",Pantry,"Well, here we are in a pantry.

As if things weren't amazing enough already, you can even see a shelf. But oh no! there's nothing on this piece of trash. What, you think everything in TextWorld should have stuff on it?

There is an open frosted-glass door leading south.","You are carrying: a white onion, a block of cheese, a red onion, a raw purple potato and a raw red potato.",1 of 15,0.06666666666666667,False,
88,,,"The pantry is empty, so I should go back south to the kitchen and then try going east to explore for the red hot pepper and yellow potato.",go south,,"You are in a kitchen. You start to take note of what's in the room.

You can make out a fridge. The fridge contains a raw pork chop. You can make out an oven. You wonder idly who left that here. You can see a table. The table is massive. But the thing is empty, unfortunately. Oh! Why couldn't there just be stuff on it? You see a counter. The counter is vast. On the counter you see a cookbook and a knife. You can see a stove. But the thing is empty, unfortunately.

There is an open frosted-glass door leading north. You need an exit without a door? You should try going east. There is an exit to the west.",Kitchen,"You are in a kitchen. You start to take note of what's in the room.

You can make out a fridge. The fridge contains a raw pork chop. You can make out an oven. You wonder idly who left that here. You can see a table. The table is massive. But the thing is empty, unfortunately. Oh! Why couldn't there just be stuff on it? You see a counter. The counter is vast. On the counter you see a cookbook and a knife. You can see a stove. But the thing is empty, unfortunately.

There is an open frosted-glass door leading north. You need an exit without a door? You should try going east. There is an exit to the west.","You are carrying: a white onion, a block of cheese, a red onion, a raw purple potato and a raw red potato.",1 of 15,0.06666666666666667,False,
89,,,I should go east from the kitchen to look for the red hot pepper and yellow potato.,go east,,"Well, here we are in the livingroom. The room seems oddly familiar, as though it were only superficially different from the other rooms in the building.

You make out a sofa. The sofa is comfy. But there isn't a thing on it.

There is an exit to the south. There is an exit to the west.",Livingroom,"Well, here we are in the livingroom. The room seems oddly familiar, as though it were only superficially different from the other rooms in the building.

You make out a sofa. The sofa is comfy. But there isn't a thing on it.

There is an exit to the south. There is an exit to the west.","You are carrying: a white onion, a block of cheese, a red onion, a raw purple potato and a raw red potato.",1 of 15,0.06666666666666667,False,
90,,,"The living room doesn't have the ingredients I need, so I should explore the south exit to see if I can find the red hot pepper and yellow potato.",go south,,"You find yourself in a bedroom. An usual kind of place. You begin looking for stuff.

You see a bed. But the thing is empty, unfortunately. You move on, clearly depressed by TextWorld.

You need an exit without a door? You should try going north.",Bedroom,"You find yourself in a bedroom. An usual kind of place. You begin looking for stuff.

You see a bed. But the thing is empty, unfortunately. You move on, clearly depressed by TextWorld.

You need an exit without a door? You should try going north.","You are carrying: a white onion, a block of cheese, a red onion, a raw purple potato and a raw red potato.",1 of 15,0.06666666666666667,False,
91,,,"The bedroom is empty, so I should go back north to the living room and then try going west to explore further for the red hot pepper and yellow potato.",go north,,"Well, here we are in the livingroom. The room seems oddly familiar, as though it were only superficially different from the other rooms in the building.

You make out a sofa. The sofa is comfy. But there isn't a thing on it.

There is an exit to the south. There is an exit to the west.",Livingroom,"Well, here we are in the livingroom. The room seems oddly familiar, as though it were only superficially different from the other rooms in the building.

You make out a sofa. The sofa is comfy. But there isn't a thing on it.

There is an exit to the south. There is an exit to the west.","You are carrying: a white onion, a block of cheese, a red onion, a raw purple potato and a raw red potato.",1 of 15,0.06666666666666667,False,
92,,,I should go west from the living room to continue searching for the red hot pepper and yellow potato.,go west,,"You are in a kitchen. You start to take note of what's in the room.

You can make out a fridge. The fridge contains a raw pork chop. You can make out an oven. You wonder idly who left that here. You can see a table. The table is massive. But the thing is empty, unfortunately. Oh! Why couldn't there just be stuff on it? You see a counter. The counter is vast. On the counter you see a cookbook and a knife. You can see a stove. But the thing is empty, unfortunately.

There is an open frosted-glass door leading north. You need an exit without a door? You should try going east. There is an exit to the west.",Kitchen,"You are in a kitchen. You start to take note of what's in the room.

You can make out a fridge. The fridge contains a raw pork chop. You can make out an oven. You wonder idly who left that here. You can see a table. The table is massive. But the thing is empty, unfortunately. Oh! Why couldn't there just be stuff on it? You see a counter. The counter is vast. On the counter you see a cookbook and a knife. You can see a stove. But the thing is empty, unfortunately.

There is an open frosted-glass door leading north. You need an exit without a door? You should try going east. There is an exit to the west.","You are carrying: a white onion, a block of cheese, a red onion, a raw purple potato and a raw red potato.",1 of 15,0.06666666666666667,False,
93,,,I should examine the cookbook on the counter to check the recipe for the meal I need to cook.,examine cookbook,,"You open the copy of ""Cooking: A Modern Approach (3rd Ed.)"" and start reading:

Recipe #1
---------
Gather all following ingredients and follow the directions to prepare this tasty meal.

Ingredients:
block of cheese
  red onion
  red hot pepper
  purple potato
  yellow potato

Directions:
chop the block of cheese
  roast the block of cheese
  slice the red onion
  grill the red onion
  chop the red hot pepper
  fry the red hot pepper
  slice the purple potato
  roast the purple potato
  slice the yellow potato
  grill the yellow potato
  prepare meal",Kitchen,"You are in a kitchen. You start to take note of what's in the room.

You can make out a fridge. The fridge contains a raw pork chop. You can make out an oven. You wonder idly who left that here. You can see a table. The table is massive. But the thing is empty, unfortunately. Oh! Why couldn't there just be stuff on it? You see a counter. The counter is vast. On the counter you see a cookbook and a knife. You can see a stove. But the thing is empty, unfortunately.

There is an open frosted-glass door leading north. You need an exit without a door? You should try going east. There is an exit to the west.","You are carrying: a white onion, a block of cheese, a red onion, a raw purple potato and a raw red potato.",1 of 15,0.06666666666666667,True,
