step_id,plan,summary,thought,action,task,feedback,location,description,inventory,score,reward,is_done,error
0,,,,,"You are hungry! Let's cook a delicious meal. Check the cookbook in the kitchen for the recipe. Once done, enjoy your meal!",,Bathroom,"You are in a bathroom. A standard kind of place.

You see a toilet. The toilet is white. But the thing is empty, unfortunately.

You don't like doors? Why not try going west, that entranceway is not blocked by one.","You are carrying: a raw pork chop, a raw red potato and a raw yellow potato.",0 of 17,0.0,False,
1,,,I should go west to find the kitchen where the cookbook might be.,go west,,"You find yourself in a corridor. A standard kind of place. I guess you better just go and list everything you see here.



There is a closed screen door leading west. There is an exit to the east. You don't like doors? Why not try going north, that entranceway is not blocked by one.",Corridor,"You find yourself in a corridor. A standard kind of place. I guess you better just go and list everything you see here.



There is a closed screen door leading west. There is an exit to the east. You don't like doors? Why not try going north, that entranceway is not blocked by one.","You are carrying: a raw pork chop, a raw red potato and a raw yellow potato.",0 of 17,0.0,False,
2,,,"I should go north where there is an unblocked entranceway, possibly leading to the kitchen.",go north,,"You're now in a livingroom.

You lean against the wall, inadvertently pressing a secret button. The wall opens up to reveal a sofa. But the thing hasn't got anything on it. Hm. Oh well

There is an exit to the east. There is an exit to the north. You need an exit without a door? You should try going south.",Livingroom,"You're now in a livingroom.

You lean against the wall, inadvertently pressing a secret button. The wall opens up to reveal a sofa. But the thing hasn't got anything on it. Hm. Oh well

There is an exit to the east. There is an exit to the north. You need an exit without a door? You should try going south.","You are carrying: a raw pork chop, a raw red potato and a raw yellow potato.",0 of 17,0.0,False,
3,,,I should go east to explore the livingroom further and possibly find the kitchen or the cookbook.,go east,,"You've entered a kitchen. You start to take note of what's in the room.

You make out a fridge. You can see an oven. You can see a table. The table is massive. On the table you see a cookbook and a knife. You see a counter. The counter is vast. On the counter you can see a banana, a raw purple potato, a red apple and a red hot pepper. Look over there! a stove. But the thing hasn't got anything on it. Hm. Oh well

There is a closed plain door leading north. You don't like doors? Why not try going west, that entranceway is not blocked by one.",Kitchen,"You've entered a kitchen. You start to take note of what's in the room.

You make out a fridge. You can see an oven. You can see a table. The table is massive. On the table you see a cookbook and a knife. You see a counter. The counter is vast. On the counter you can see a banana, a raw purple potato, a red apple and a red hot pepper. Look over there! a stove. But the thing hasn't got anything on it. Hm. Oh well

There is a closed plain door leading north. You don't like doors? Why not try going west, that entranceway is not blocked by one.","You are carrying: a raw pork chop, a raw red potato and a raw yellow potato.",0 of 17,0.0,False,
4,,,I should take the cookbook from the table to check the recipe for cooking a delicious meal.,take cookbook from table,,You take the cookbook from the table.,Kitchen,"You've entered a kitchen. You start to take note of what's in the room.

You make out a fridge. You can see an oven. You can see a table. The table is massive. On the table you see a knife. You see a counter. The counter is vast. On the counter you can see a banana, a raw purple potato, a red apple and a red hot pepper. Look over there! a stove. But the thing hasn't got anything on it. Hm. Oh well

There is a closed plain door leading north. You don't like doors? Why not try going west, that entranceway is not blocked by one.","You are carrying: a cookbook, a raw pork chop, a raw red potato and a raw yellow potato.",0 of 17,0.0,False,
5,,,I should examine the cookbook to find the recipe for cooking a delicious meal.,examine cookbook,,"You open the copy of ""Cooking: A Modern Approach (3rd Ed.)"" and start reading:

Recipe #1
---------
Gather all following ingredients and follow the directions to prepare this tasty meal.

Ingredients:
carrot
  orange bell pepper
  banana
  red onion
  block of cheese

Directions:
slice the carrot
  roast the carrot
  dice the orange bell pepper
  roast the orange bell pepper
  dice the banana
  fry the banana
  dice the red onion
  roast the red onion
  chop the block of cheese
  roast the block of cheese
  prepare meal",Kitchen,"You've entered a kitchen. You start to take note of what's in the room.

You make out a fridge. You can see an oven. You can see a table. The table is massive. On the table you see a knife. You see a counter. The counter is vast. On the counter you can see a banana, a raw purple potato, a red apple and a red hot pepper. Look over there! a stove. But the thing hasn't got anything on it. Hm. Oh well

There is a closed plain door leading north. You don't like doors? Why not try going west, that entranceway is not blocked by one.","You are carrying: a cookbook, a raw pork chop, a raw red potato and a raw yellow potato.",0 of 17,0.0,False,
6,,,"I need to gather the ingredients from the recipe: carrot, orange bell pepper, banana, red onion, and block of cheese. I see a banana on the counter, so I should take it first.",take banana from counter,,"You take the banana from the counter.



Your score has just gone up by one point.",Kitchen,"You've entered a kitchen. You start to take note of what's in the room.

You make out a fridge. You can see an oven. You can see a table. The table is massive. On the table you see a knife. You see a counter. The counter is vast. On the counter you can see a raw purple potato, a red apple and a red hot pepper. Look over there! a stove. But the thing hasn't got anything on it. Hm. Oh well

There is a closed plain door leading north. You don't like doors? Why not try going west, that entranceway is not blocked by one.","You are carrying: a banana, a cookbook, a raw pork chop, a raw red potato and a raw yellow potato.",1 of 17,0.058823529411764705,False,
7,,,"I should take the carrot next, as it is required for the recipe and I haven't seen it on the counter yet. I will look around the kitchen to find the carrot.",look,,"You've entered a kitchen. You start to take note of what's in the room.

You make out a fridge. You can see an oven. You can see a table. The table is massive. On the table you see a knife. You see a counter. The counter is vast. On the counter you can see a raw purple potato, a red apple and a red hot pepper. Look over there! a stove. But the thing hasn't got anything on it. Hm. Oh well

There is a closed plain door leading north. You don't like doors? Why not try going west, that entranceway is not blocked by one.",Kitchen,"You've entered a kitchen. You start to take note of what's in the room.

You make out a fridge. You can see an oven. You can see a table. The table is massive. On the table you see a knife. You see a counter. The counter is vast. On the counter you can see a raw purple potato, a red apple and a red hot pepper. Look over there! a stove. But the thing hasn't got anything on it. Hm. Oh well

There is a closed plain door leading north. You don't like doors? Why not try going west, that entranceway is not blocked by one.","You are carrying: a banana, a cookbook, a raw pork chop, a raw red potato and a raw yellow potato.",1 of 17,0.058823529411764705,False,
8,,,"Since the carrot is not visible in the kitchen, I should check inside the fridge to see if the carrot or other needed ingredients like the orange bell pepper, red onion, or block of cheese are stored there.",open fridge,,"You open the fridge, revealing a block of cheese and a yellow bell pepper.",Kitchen,"You've entered a kitchen. You start to take note of what's in the room.

You make out a fridge. The fridge contains a block of cheese and a yellow bell pepper. You can see an oven. You can see a table. The table is massive. On the table you see a knife. You see a counter. The counter is vast. On the counter you can see a raw purple potato, a red apple and a red hot pepper. Look over there! a stove. But the thing hasn't got anything on it. Hm. Oh well

There is a closed plain door leading north. You don't like doors? Why not try going west, that entranceway is not blocked by one.","You are carrying: a banana, a cookbook, a raw pork chop, a raw red potato and a raw yellow potato.",1 of 17,0.058823529411764705,False,
9,,,"I should take the block of cheese and the yellow bell pepper from the fridge, as the block of cheese is needed and the yellow bell pepper might be the orange bell pepper mentioned in the recipe.",take block of cheese from fridge,,You're carrying too many things already.,Kitchen,"You've entered a kitchen. You start to take note of what's in the room.

You make out a fridge. The fridge contains a block of cheese and a yellow bell pepper. You can see an oven. You can see a table. The table is massive. On the table you see a knife. You see a counter. The counter is vast. On the counter you can see a raw purple potato, a red apple and a red hot pepper. Look over there! a stove. But the thing hasn't got anything on it. Hm. Oh well

There is a closed plain door leading north. You don't like doors? Why not try going west, that entranceway is not blocked by one.","You are carrying: a banana, a cookbook, a raw pork chop, a raw red potato and a raw yellow potato.",1 of 17,0.058823529411764705,False,
10,,,"I am carrying too many items, so I should drop the banana to free up space and then take the block of cheese from the fridge.",drop banana,,You drop the banana on the ground.,Kitchen,"You've entered a kitchen. You start to take note of what's in the room.

You make out a fridge. The fridge contains a block of cheese and a yellow bell pepper. You can see an oven. You can see a table. The table is massive. On the table you see a knife. You see a counter. The counter is vast. On the counter you can see a raw purple potato, a red apple and a red hot pepper. Look over there! a stove. But the thing hasn't got anything on it. Hm. Oh well

There is a closed plain door leading north. You don't like doors? Why not try going west, that entranceway is not blocked by one.

There is a banana on the floor.","You are carrying: a cookbook, a raw pork chop, a raw red potato and a raw yellow potato.",1 of 17,0.058823529411764705,False,
11,,,"Now that I have space, I should take the block of cheese from the fridge.",take block of cheese from fridge,,"You take the block of cheese from the fridge.



Your score has just gone up by one point.",Kitchen,"You've entered a kitchen. You start to take note of what's in the room.

You make out a fridge. The fridge contains a yellow bell pepper. You can see an oven. You can see a table. The table is massive. On the table you see a knife. You see a counter. The counter is vast. On the counter you can see a raw purple potato, a red apple and a red hot pepper. Look over there! a stove. But the thing hasn't got anything on it. Hm. Oh well

There is a closed plain door leading north. You don't like doors? Why not try going west, that entranceway is not blocked by one.

There is a banana on the floor.","You are carrying: a block of cheese, a cookbook, a raw pork chop, a raw red potato and a raw yellow potato.",2 of 17,0.11764705882352941,False,
12,,,I should take the yellow bell pepper from the fridge to have all ingredients needed for the recipe.,take yellow bell pepper from fridge,,You're carrying too many things already.,Kitchen,"You've entered a kitchen. You start to take note of what's in the room.

You make out a fridge. The fridge contains a yellow bell pepper. You can see an oven. You can see a table. The table is massive. On the table you see a knife. You see a counter. The counter is vast. On the counter you can see a raw purple potato, a red apple and a red hot pepper. Look over there! a stove. But the thing hasn't got anything on it. Hm. Oh well

There is a closed plain door leading north. You don't like doors? Why not try going west, that entranceway is not blocked by one.

There is a banana on the floor.","You are carrying: a block of cheese, a cookbook, a raw pork chop, a raw red potato and a raw yellow potato.",2 of 17,0.11764705882352941,False,
13,,,"I am carrying too many items, so I should drop the raw yellow potato to free up space and then take the yellow bell pepper from the fridge.",drop raw yellow potato,,You drop the yellow potato on the ground.,Kitchen,"You've entered a kitchen. You start to take note of what's in the room.

You make out a fridge. The fridge contains a yellow bell pepper. You can see an oven. You can see a table. The table is massive. On the table you see a knife. You see a counter. The counter is vast. On the counter you can see a raw purple potato, a red apple and a red hot pepper. Look over there! a stove. But the thing hasn't got anything on it. Hm. Oh well

There is a closed plain door leading north. You don't like doors? Why not try going west, that entranceway is not blocked by one.

There is a raw yellow potato and a banana on the floor.","You are carrying: a block of cheese, a cookbook, a raw pork chop and a raw red potato.",2 of 17,0.11764705882352941,False,
14,,,"Now that I have space, I should take the yellow bell pepper from the fridge.",take yellow bell pepper from fridge,,You take the yellow bell pepper from the fridge.,Kitchen,"You've entered a kitchen. You start to take note of what's in the room.

You make out a fridge. What a letdown! The fridge is empty! You can see an oven. You can see a table. The table is massive. On the table you see a knife. You see a counter. The counter is vast. On the counter you can see a raw purple potato, a red apple and a red hot pepper. Look over there! a stove. But the thing hasn't got anything on it. Hm. Oh well

There is a closed plain door leading north. You don't like doors? Why not try going west, that entranceway is not blocked by one.

There is a raw yellow potato and a banana on the floor.","You are carrying: a yellow bell pepper, a block of cheese, a cookbook, a raw pork chop and a raw red potato.",2 of 17,0.11764705882352941,False,
15,,,I should examine the cookbook to find the recipe for a delicious meal.,examine cookbook,,"You open the copy of ""Cooking: A Modern Approach (3rd Ed.)"" and start reading:

Recipe #1
---------
Gather all following ingredients and follow the directions to prepare this tasty meal.

Ingredients:
carrot
  orange bell pepper
  banana
  red onion
  block of cheese

Directions:
slice the carrot
  roast the carrot
  dice the orange bell pepper
  roast the orange bell pepper
  dice the banana
  fry the banana
  dice the red onion
  roast the red onion
  chop the block of cheese
  roast the block of cheese
  prepare meal",Kitchen,"You've entered a kitchen. You start to take note of what's in the room.

You make out a fridge. What a letdown! The fridge is empty! You can see an oven. You can see a table. The table is massive. On the table you see a knife. You see a counter. The counter is vast. On the counter you can see a raw purple potato, a red apple and a red hot pepper. Look over there! a stove. But the thing hasn't got anything on it. Hm. Oh well

There is a closed plain door leading north. You don't like doors? Why not try going west, that entranceway is not blocked by one.

There is a raw yellow potato and a banana on the floor.","You are carrying: a yellow bell pepper, a block of cheese, a cookbook, a raw pork chop and a raw red potato.",2 of 17,0.11764705882352941,False,
16,,,"I need to gather the ingredients from the recipe: carrot, orange bell pepper, banana, red onion, and block of cheese. I have the block of cheese and a yellow bell pepper, but I need to find a carrot, banana, and red onion. I see a banana on the floor, so I should take it first.",take banana from floor,,You're carrying too many things already.,Kitchen,"You've entered a kitchen. You start to take note of what's in the room.

You make out a fridge. What a letdown! The fridge is empty! You can see an oven. You can see a table. The table is massive. On the table you see a knife. You see a counter. The counter is vast. On the counter you can see a raw purple potato, a red apple and a red hot pepper. Look over there! a stove. But the thing hasn't got anything on it. Hm. Oh well

There is a closed plain door leading north. You don't like doors? Why not try going west, that entranceway is not blocked by one.

There is a raw yellow potato and a banana on the floor.","You are carrying: a yellow bell pepper, a block of cheese, a cookbook, a raw pork chop and a raw red potato.",2 of 17,0.11764705882352941,False,
17,,,"I am carrying too many items, so I should drop the raw pork chop to free up space for the banana.",drop raw pork chop,,You drop the pork chop on the ground.,Kitchen,"You've entered a kitchen. You start to take note of what's in the room.

You make out a fridge. What a letdown! The fridge is empty! You can see an oven. You can see a table. The table is massive. On the table you see a knife. You see a counter. The counter is vast. On the counter you can see a raw purple potato, a red apple and a red hot pepper. Look over there! a stove. But the thing hasn't got anything on it. Hm. Oh well

There is a closed plain door leading north. You don't like doors? Why not try going west, that entranceway is not blocked by one.

There is a raw pork chop, a raw yellow potato and a banana on the floor.","You are carrying: a yellow bell pepper, a block of cheese, a cookbook and a raw red potato.",2 of 17,0.11764705882352941,False,
18,,,"Now that I have freed up space, I should take the banana from the floor.",take banana from floor,,You pick up the banana from the ground.,Kitchen,"You've entered a kitchen. You start to take note of what's in the room.

You make out a fridge. What a letdown! The fridge is empty! You can see an oven. You can see a table. The table is massive. On the table you see a knife. You see a counter. The counter is vast. On the counter you can see a raw purple potato, a red apple and a red hot pepper. Look over there! a stove. But the thing hasn't got anything on it. Hm. Oh well

There is a closed plain door leading north. You don't like doors? Why not try going west, that entranceway is not blocked by one.

There is a raw pork chop and a raw yellow potato on the floor.","You are carrying: a banana, a yellow bell pepper, a block of cheese, a cookbook and a raw red potato.",2 of 17,0.11764705882352941,False,
19,,,I still need a carrot and a red onion for the recipe. I should look around the kitchen more carefully to find these ingredients.,look,,"You've entered a kitchen. You start to take note of what's in the room.

You make out a fridge. What a letdown! The fridge is empty! You can see an oven. You can see a table. The table is massive. On the table you see a knife. You see a counter. The counter is vast. On the counter you can see a raw purple potato, a red apple and a red hot pepper. Look over there! a stove. But the thing hasn't got anything on it. Hm. Oh well

There is a closed plain door leading north. You don't like doors? Why not try going west, that entranceway is not blocked by one.

There is a raw pork chop and a raw yellow potato on the floor.",Kitchen,"You've entered a kitchen. You start to take note of what's in the room.

You make out a fridge. What a letdown! The fridge is empty! You can see an oven. You can see a table. The table is massive. On the table you see a knife. You see a counter. The counter is vast. On the counter you can see a raw purple potato, a red apple and a red hot pepper. Look over there! a stove. But the thing hasn't got anything on it. Hm. Oh well

There is a closed plain door leading north. You don't like doors? Why not try going west, that entranceway is not blocked by one.

There is a raw pork chop and a raw yellow potato on the floor.","You are carrying: a banana, a yellow bell pepper, a block of cheese, a cookbook and a raw red potato.",2 of 17,0.11764705882352941,False,
20,,,"I don't see a carrot or red onion in the kitchen, so I should check the west entranceway to see if there are more ingredients there.",go west,,"You're now in a livingroom.

You lean against the wall, inadvertently pressing a secret button. The wall opens up to reveal a sofa. But the thing hasn't got anything on it. Hm. Oh well

There is an exit to the east. There is an exit to the north. You need an exit without a door? You should try going south.",Livingroom,"You're now in a livingroom.

You lean against the wall, inadvertently pressing a secret button. The wall opens up to reveal a sofa. But the thing hasn't got anything on it. Hm. Oh well

There is an exit to the east. There is an exit to the north. You need an exit without a door? You should try going south.","You are carrying: a banana, a yellow bell pepper, a block of cheese, a cookbook and a raw red potato.",2 of 17,0.11764705882352941,False,
21,,,I should explore the livingroom further by going north to see if there are any ingredients or useful items there.,go north,,"You've entered a bedroom.

You make out a bed. The bed is large. But oh no! there's nothing on this piece of trash.

You don't like doors? Why not try going south, that entranceway is not blocked by one.",Bedroom,"You've entered a bedroom.

You make out a bed. The bed is large. But oh no! there's nothing on this piece of trash.

You don't like doors? Why not try going south, that entranceway is not blocked by one.","You are carrying: a banana, a yellow bell pepper, a block of cheese, a cookbook and a raw red potato.",2 of 17,0.11764705882352941,False,
22,,,"The bedroom has nothing useful, so I should go back south to the livingroom and then try going east to explore more areas for ingredients.",go south,,"You're now in a livingroom.

You lean against the wall, inadvertently pressing a secret button. The wall opens up to reveal a sofa. But the thing hasn't got anything on it. Hm. Oh well

There is an exit to the east. There is an exit to the north. You need an exit without a door? You should try going south.",Livingroom,"You're now in a livingroom.

You lean against the wall, inadvertently pressing a secret button. The wall opens up to reveal a sofa. But the thing hasn't got anything on it. Hm. Oh well

There is an exit to the east. There is an exit to the north. You need an exit without a door? You should try going south.","You are carrying: a banana, a yellow bell pepper, a block of cheese, a cookbook and a raw red potato.",2 of 17,0.11764705882352941,False,
23,,,I should go east from the livingroom to explore new areas for ingredients or useful items.,go east,,"You've entered a kitchen. You start to take note of what's in the room.

You make out a fridge. What a letdown! The fridge is empty! You can see an oven. You can see a table. The table is massive. On the table you see a knife. You see a counter. The counter is vast. On the counter you can see a raw purple potato, a red apple and a red hot pepper. Look over there! a stove. But the thing hasn't got anything on it. Hm. Oh well

There is a closed plain door leading north. You don't like doors? Why not try going west, that entranceway is not blocked by one.

There is a raw pork chop and a raw yellow potato on the floor.",Kitchen,"You've entered a kitchen. You start to take note of what's in the room.

You make out a fridge. What a letdown! The fridge is empty! You can see an oven. You can see a table. The table is massive. On the table you see a knife. You see a counter. The counter is vast. On the counter you can see a raw purple potato, a red apple and a red hot pepper. Look over there! a stove. But the thing hasn't got anything on it. Hm. Oh well

There is a closed plain door leading north. You don't like doors? Why not try going west, that entranceway is not blocked by one.

There is a raw pork chop and a raw yellow potato on the floor.","You are carrying: a banana, a yellow bell pepper, a block of cheese, a cookbook and a raw red potato.",2 of 17,0.11764705882352941,False,
24,,,I should take the knife from the table to prepare ingredients for cooking.,take knife from table,,You're carrying too many things already.,Kitchen,"You've entered a kitchen. You start to take note of what's in the room.

You make out a fridge. What a letdown! The fridge is empty! You can see an oven. You can see a table. The table is massive. On the table you see a knife. You see a counter. The counter is vast. On the counter you can see a raw purple potato, a red apple and a red hot pepper. Look over there! a stove. But the thing hasn't got anything on it. Hm. Oh well

There is a closed plain door leading north. You don't like doors? Why not try going west, that entranceway is not blocked by one.

There is a raw pork chop and a raw yellow potato on the floor.","You are carrying: a banana, a yellow bell pepper, a block of cheese, a cookbook and a raw red potato.",2 of 17,0.11764705882352941,False,
25,,,"I am carrying too many items, so I should drop the banana to free up space for the knife.",drop banana,,You drop the banana on the ground.,Kitchen,"You've entered a kitchen. You start to take note of what's in the room.

You make out a fridge. What a letdown! The fridge is empty! You can see an oven. You can see a table. The table is massive. On the table you see a knife. You see a counter. The counter is vast. On the counter you can see a raw purple potato, a red apple and a red hot pepper. Look over there! a stove. But the thing hasn't got anything on it. Hm. Oh well

There is a closed plain door leading north. You don't like doors? Why not try going west, that entranceway is not blocked by one.

There is a banana, a raw pork chop and a raw yellow potato on the floor.","You are carrying: a yellow bell pepper, a block of cheese, a cookbook and a raw red potato.",2 of 17,0.11764705882352941,False,
26,,,"Now that I have space, I should take the knife from the table to prepare the meal.",take knife from table,,You take the knife from the table.,Kitchen,"You've entered a kitchen. You start to take note of what's in the room.

You make out a fridge. What a letdown! The fridge is empty! You can see an oven. You can see a table. The table is massive. However, the table, like an empty table, has nothing on it. You see a counter. The counter is vast. On the counter you can see a raw purple potato, a red apple and a red hot pepper. Look over there! a stove. But the thing hasn't got anything on it. Hm. Oh well

There is a closed plain door leading north. You don't like doors? Why not try going west, that entranceway is not blocked by one.

There is a banana, a raw pork chop and a raw yellow potato on the floor.","You are carrying: a knife, a yellow bell pepper, a block of cheese, a cookbook and a raw red potato.",2 of 17,0.11764705882352941,False,
27,,,I should check the cookbook for a recipe to cook a delicious meal.,examine cookbook,,"You open the copy of ""Cooking: A Modern Approach (3rd Ed.)"" and start reading:

Recipe #1
---------
Gather all following ingredients and follow the directions to prepare this tasty meal.

Ingredients:
carrot
  orange bell pepper
  banana
  red onion
  block of cheese

Directions:
slice the carrot
  roast the carrot
  dice the orange bell pepper
  roast the orange bell pepper
  dice the banana
  fry the banana
  dice the red onion
  roast the red onion
  chop the block of cheese
  roast the block of cheese
  prepare meal",Kitchen,"You've entered a kitchen. You start to take note of what's in the room.

You make out a fridge. What a letdown! The fridge is empty! You can see an oven. You can see a table. The table is massive. However, the table, like an empty table, has nothing on it. You see a counter. The counter is vast. On the counter you can see a raw purple potato, a red apple and a red hot pepper. Look over there! a stove. But the thing hasn't got anything on it. Hm. Oh well

There is a closed plain door leading north. You don't like doors? Why not try going west, that entranceway is not blocked by one.

There is a banana, a raw pork chop and a raw yellow potato on the floor.","You are carrying: a knife, a yellow bell pepper, a block of cheese, a cookbook and a raw red potato.",2 of 17,0.11764705882352941,False,
28,,,"I do not have all the ingredients for the recipe, so I should take the banana from the floor to have it.",take banana from floor,,You're carrying too many things already.,Kitchen,"You've entered a kitchen. You start to take note of what's in the room.

You make out a fridge. What a letdown! The fridge is empty! You can see an oven. You can see a table. The table is massive. However, the table, like an empty table, has nothing on it. You see a counter. The counter is vast. On the counter you can see a raw purple potato, a red apple and a red hot pepper. Look over there! a stove. But the thing hasn't got anything on it. Hm. Oh well

There is a closed plain door leading north. You don't like doors? Why not try going west, that entranceway is not blocked by one.

There is a banana, a raw pork chop and a raw yellow potato on the floor.","You are carrying: a knife, a yellow bell pepper, a block of cheese, a cookbook and a raw red potato.",2 of 17,0.11764705882352941,False,
29,,,"I should drop an item I don't need for the recipe to free up space, then take the banana.",drop raw red potato,,You drop the red potato on the ground.,Kitchen,"You've entered a kitchen. You start to take note of what's in the room.

You make out a fridge. What a letdown! The fridge is empty! You can see an oven. You can see a table. The table is massive. However, the table, like an empty table, has nothing on it. You see a counter. The counter is vast. On the counter you can see a raw purple potato, a red apple and a red hot pepper. Look over there! a stove. But the thing hasn't got anything on it. Hm. Oh well

There is a closed plain door leading north. You don't like doors? Why not try going west, that entranceway is not blocked by one.

There is a raw red potato, a banana, a raw pork chop and a raw yellow potato on the floor.","You are carrying: a knife, a yellow bell pepper, a block of cheese and a cookbook.",2 of 17,0.11764705882352941,False,
30,,,"Now that I have space, I should take the banana from the floor.",take banana from floor,,You pick up the banana from the ground.,Kitchen,"You've entered a kitchen. You start to take note of what's in the room.

You make out a fridge. What a letdown! The fridge is empty! You can see an oven. You can see a table. The table is massive. However, the table, like an empty table, has nothing on it. You see a counter. The counter is vast. On the counter you can see a raw purple potato, a red apple and a red hot pepper. Look over there! a stove. But the thing hasn't got anything on it. Hm. Oh well

There is a closed plain door leading north. You don't like doors? Why not try going west, that entranceway is not blocked by one.

There is a raw red potato, a raw pork chop and a raw yellow potato on the floor.","You are carrying: a banana, a knife, a yellow bell pepper, a block of cheese and a cookbook.",2 of 17,0.11764705882352941,False,
31,,,"I need to slice the carrot first, but I don't have a carrot. I should check if the yellow bell pepper can be diced instead as the recipe requires an orange bell pepper, which I don't have.",dice yellow bell pepper with knife,,You dice the yellow bell pepper.,Kitchen,"You've entered a kitchen. You start to take note of what's in the room.

You make out a fridge. What a letdown! The fridge is empty! You can see an oven. You can see a table. The table is massive. However, the table, like an empty table, has nothing on it. You see a counter. The counter is vast. On the counter you can see a raw purple potato, a red apple and a red hot pepper. Look over there! a stove. But the thing hasn't got anything on it. Hm. Oh well

There is a closed plain door leading north. You don't like doors? Why not try going west, that entranceway is not blocked by one.

There is a raw red potato, a raw pork chop and a raw yellow potato on the floor.","You are carrying: a banana, a knife, a diced yellow bell pepper, a block of cheese and a cookbook.",2 of 17,0.11764705882352941,False,
32,,,I should check the cookbook for the recipe to know what ingredients and steps are needed to cook the meal.,examine cookbook,,"You open the copy of ""Cooking: A Modern Approach (3rd Ed.)"" and start reading:

Recipe #1
---------
Gather all following ingredients and follow the directions to prepare this tasty meal.

Ingredients:
carrot
  orange bell pepper
  banana
  red onion
  block of cheese

Directions:
slice the carrot
  roast the carrot
  dice the orange bell pepper
  roast the orange bell pepper
  dice the banana
  fry the banana
  dice the red onion
  roast the red onion
  chop the block of cheese
  roast the block of cheese
  prepare meal",Kitchen,"You've entered a kitchen. You start to take note of what's in the room.

You make out a fridge. What a letdown! The fridge is empty! You can see an oven. You can see a table. The table is massive. However, the table, like an empty table, has nothing on it. You see a counter. The counter is vast. On the counter you can see a raw purple potato, a red apple and a red hot pepper. Look over there! a stove. But the thing hasn't got anything on it. Hm. Oh well

There is a closed plain door leading north. You don't like doors? Why not try going west, that entranceway is not blocked by one.

There is a raw red potato, a raw pork chop and a raw yellow potato on the floor.","You are carrying: a banana, a knife, a diced yellow bell pepper, a block of cheese and a cookbook.",2 of 17,0.11764705882352941,False,
33,,,"I need to find and take the carrot, orange bell pepper, and red onion to follow the recipe. I see a raw purple potato and a red hot pepper on the counter, but no carrot or orange bell pepper. I should check if the red hot pepper can be used as the orange bell pepper or if I need to find an orange bell pepper elsewhere.",examine red hot pepper,,The red hot pepper looks appealing.,Kitchen,"You've entered a kitchen. You start to take note of what's in the room.

You make out a fridge. What a letdown! The fridge is empty! You can see an oven. You can see a table. The table is massive. However, the table, like an empty table, has nothing on it. You see a counter. The counter is vast. On the counter you can see a raw purple potato, a red apple and a red hot pepper. Look over there! a stove. But the thing hasn't got anything on it. Hm. Oh well

There is a closed plain door leading north. You don't like doors? Why not try going west, that entranceway is not blocked by one.

There is a raw red potato, a raw pork chop and a raw yellow potato on the floor.","You are carrying: a banana, a knife, a diced yellow bell pepper, a block of cheese and a cookbook.",2 of 17,0.11764705882352941,False,
34,,,"The red hot pepper is not an orange bell pepper, so I need to find an orange bell pepper. Since I don't see one here, I should check the west entrance to see if there are more ingredients there.",go west,,"You're now in a livingroom.

You lean against the wall, inadvertently pressing a secret button. The wall opens up to reveal a sofa. But the thing hasn't got anything on it. Hm. Oh well

There is an exit to the east. There is an exit to the north. You need an exit without a door? You should try going south.",Livingroom,"You're now in a livingroom.

You lean against the wall, inadvertently pressing a secret button. The wall opens up to reveal a sofa. But the thing hasn't got anything on it. Hm. Oh well

There is an exit to the east. There is an exit to the north. You need an exit without a door? You should try going south.","You are carrying: a banana, a knife, a diced yellow bell pepper, a block of cheese and a cookbook.",2 of 17,0.11764705882352941,False,
35,,,I should explore the living room further by going north to see if there are any ingredients or useful items there.,go north,,"You've entered a bedroom.

You make out a bed. The bed is large. But oh no! there's nothing on this piece of trash.

You don't like doors? Why not try going south, that entranceway is not blocked by one.",Bedroom,"You've entered a bedroom.

You make out a bed. The bed is large. But oh no! there's nothing on this piece of trash.

You don't like doors? Why not try going south, that entranceway is not blocked by one.","You are carrying: a banana, a knife, a diced yellow bell pepper, a block of cheese and a cookbook.",2 of 17,0.11764705882352941,False,
36,,,"The bedroom has nothing useful, so I should go back south to the living room and then try going east to explore another area for ingredients.",go south,,"You're now in a livingroom.

You lean against the wall, inadvertently pressing a secret button. The wall opens up to reveal a sofa. But the thing hasn't got anything on it. Hm. Oh well

There is an exit to the east. There is an exit to the north. You need an exit without a door? You should try going south.",Livingroom,"You're now in a livingroom.

You lean against the wall, inadvertently pressing a secret button. The wall opens up to reveal a sofa. But the thing hasn't got anything on it. Hm. Oh well

There is an exit to the east. There is an exit to the north. You need an exit without a door? You should try going south.","You are carrying: a banana, a knife, a diced yellow bell pepper, a block of cheese and a cookbook.",2 of 17,0.11764705882352941,False,
37,,,I should go east from the living room to explore another area for ingredients or useful items.,go east,,"You've entered a kitchen. You start to take note of what's in the room.

You make out a fridge. What a letdown! The fridge is empty! You can see an oven. You can see a table. The table is massive. However, the table, like an empty table, has nothing on it. You see a counter. The counter is vast. On the counter you can see a raw purple potato, a red apple and a red hot pepper. Look over there! a stove. But the thing hasn't got anything on it. Hm. Oh well

There is a closed plain door leading north. You don't like doors? Why not try going west, that entranceway is not blocked by one.

There is a raw red potato, a raw pork chop and a raw yellow potato on the floor.",Kitchen,"You've entered a kitchen. You start to take note of what's in the room.

You make out a fridge. What a letdown! The fridge is empty! You can see an oven. You can see a table. The table is massive. However, the table, like an empty table, has nothing on it. You see a counter. The counter is vast. On the counter you can see a raw purple potato, a red apple and a red hot pepper. Look over there! a stove. But the thing hasn't got anything on it. Hm. Oh well

There is a closed plain door leading north. You don't like doors? Why not try going west, that entranceway is not blocked by one.

There is a raw red potato, a raw pork chop and a raw yellow potato on the floor.","You are carrying: a banana, a knife, a diced yellow bell pepper, a block of cheese and a cookbook.",2 of 17,0.11764705882352941,False,
38,,,I should take the raw pork chop from the floor to have a main ingredient for cooking.,take raw pork chop from floor,,You're carrying too many things already.,Kitchen,"You've entered a kitchen. You start to take note of what's in the room.

You make out a fridge. What a letdown! The fridge is empty! You can see an oven. You can see a table. The table is massive. However, the table, like an empty table, has nothing on it. You see a counter. The counter is vast. On the counter you can see a raw purple potato, a red apple and a red hot pepper. Look over there! a stove. But the thing hasn't got anything on it. Hm. Oh well

There is a closed plain door leading north. You don't like doors? Why not try going west, that entranceway is not blocked by one.

There is a raw red potato, a raw pork chop and a raw yellow potato on the floor.","You are carrying: a banana, a knife, a diced yellow bell pepper, a block of cheese and a cookbook.",2 of 17,0.11764705882352941,False,
39,,,I need to drop an item to free up space before taking the raw pork chop. I will drop the banana since it is less useful for cooking a meal.,drop banana,,You drop the banana on the ground.,Kitchen,"You've entered a kitchen. You start to take note of what's in the room.

You make out a fridge. What a letdown! The fridge is empty! You can see an oven. You can see a table. The table is massive. However, the table, like an empty table, has nothing on it. You see a counter. The counter is vast. On the counter you can see a raw purple potato, a red apple and a red hot pepper. Look over there! a stove. But the thing hasn't got anything on it. Hm. Oh well

There is a closed plain door leading north. You don't like doors? Why not try going west, that entranceway is not blocked by one.

There is a banana, a raw red potato, a raw pork chop and a raw yellow potato on the floor.","You are carrying: a knife, a diced yellow bell pepper, a block of cheese and a cookbook.",2 of 17,0.11764705882352941,False,
40,,,"Now that I have space, I should take the raw pork chop from the floor.",take raw pork chop from floor,,You pick up the pork chop from the ground.,Kitchen,"You've entered a kitchen. You start to take note of what's in the room.

You make out a fridge. What a letdown! The fridge is empty! You can see an oven. You can see a table. The table is massive. However, the table, like an empty table, has nothing on it. You see a counter. The counter is vast. On the counter you can see a raw purple potato, a red apple and a red hot pepper. Look over there! a stove. But the thing hasn't got anything on it. Hm. Oh well

There is a closed plain door leading north. You don't like doors? Why not try going west, that entranceway is not blocked by one.

There is a banana, a raw red potato and a raw yellow potato on the floor.","You are carrying: a raw pork chop, a knife, a diced yellow bell pepper, a block of cheese and a cookbook.",2 of 17,0.11764705882352941,False,
41,,,I should check the cookbook for a recipe to cook a delicious meal.,examine cookbook,,"You open the copy of ""Cooking: A Modern Approach (3rd Ed.)"" and start reading:

Recipe #1
---------
Gather all following ingredients and follow the directions to prepare this tasty meal.

Ingredients:
carrot
  orange bell pepper
  banana
  red onion
  block of cheese

Directions:
slice the carrot
  roast the carrot
  dice the orange bell pepper
  roast the orange bell pepper
  dice the banana
  fry the banana
  dice the red onion
  roast the red onion
  chop the block of cheese
  roast the block of cheese
  prepare meal",Kitchen,"You've entered a kitchen. You start to take note of what's in the room.

You make out a fridge. What a letdown! The fridge is empty! You can see an oven. You can see a table. The table is massive. However, the table, like an empty table, has nothing on it. You see a counter. The counter is vast. On the counter you can see a raw purple potato, a red apple and a red hot pepper. Look over there! a stove. But the thing hasn't got anything on it. Hm. Oh well

There is a closed plain door leading north. You don't like doors? Why not try going west, that entranceway is not blocked by one.

There is a banana, a raw red potato and a raw yellow potato on the floor.","You are carrying: a raw pork chop, a knife, a diced yellow bell pepper, a block of cheese and a cookbook.",2 of 17,0.11764705882352941,False,
42,,,"The recipe requires a carrot, orange bell pepper, banana, red onion, and block of cheese, but I don't have all these ingredients. I currently have a diced yellow bell pepper and block of cheese, but no carrot, orange bell pepper, banana, or red onion. I should check if I can find a carrot or the other required ingredients in the kitchen or nearby.",go west,,"You're now in a livingroom.

You lean against the wall, inadvertently pressing a secret button. The wall opens up to reveal a sofa. But the thing hasn't got anything on it. Hm. Oh well

There is an exit to the east. There is an exit to the north. You need an exit without a door? You should try going south.",Livingroom,"You're now in a livingroom.

You lean against the wall, inadvertently pressing a secret button. The wall opens up to reveal a sofa. But the thing hasn't got anything on it. Hm. Oh well

There is an exit to the east. There is an exit to the north. You need an exit without a door? You should try going south.","You are carrying: a raw pork chop, a knife, a diced yellow bell pepper, a block of cheese and a cookbook.",2 of 17,0.11764705882352941,False,
43,,,"I should explore the livingroom further to see if there are any ingredients like carrot, orange bell pepper, banana, or red onion available.",go north,,"You've entered a bedroom.

You make out a bed. The bed is large. But oh no! there's nothing on this piece of trash.

You don't like doors? Why not try going south, that entranceway is not blocked by one.",Bedroom,"You've entered a bedroom.

You make out a bed. The bed is large. But oh no! there's nothing on this piece of trash.

You don't like doors? Why not try going south, that entranceway is not blocked by one.","You are carrying: a raw pork chop, a knife, a diced yellow bell pepper, a block of cheese and a cookbook.",2 of 17,0.11764705882352941,False,
44,,,The bedroom has no ingredients. I should return to the livingroom and try going east to explore another area for the needed ingredients.,go south,,"You're now in a livingroom.

You lean against the wall, inadvertently pressing a secret button. The wall opens up to reveal a sofa. But the thing hasn't got anything on it. Hm. Oh well

There is an exit to the east. There is an exit to the north. You need an exit without a door? You should try going south.",Livingroom,"You're now in a livingroom.

You lean against the wall, inadvertently pressing a secret button. The wall opens up to reveal a sofa. But the thing hasn't got anything on it. Hm. Oh well

There is an exit to the east. There is an exit to the north. You need an exit without a door? You should try going south.","You are carrying: a raw pork chop, a knife, a diced yellow bell pepper, a block of cheese and a cookbook.",2 of 17,0.11764705882352941,False,
45,,,I should go east from the livingroom to explore another area for the needed ingredients.,go east,,"You've entered a kitchen. You start to take note of what's in the room.

You make out a fridge. What a letdown! The fridge is empty! You can see an oven. You can see a table. The table is massive. However, the table, like an empty table, has nothing on it. You see a counter. The counter is vast. On the counter you can see a raw purple potato, a red apple and a red hot pepper. Look over there! a stove. But the thing hasn't got anything on it. Hm. Oh well

There is a closed plain door leading north. You don't like doors? Why not try going west, that entranceway is not blocked by one.

There is a banana, a raw red potato and a raw yellow potato on the floor.",Kitchen,"You've entered a kitchen. You start to take note of what's in the room.

You make out a fridge. What a letdown! The fridge is empty! You can see an oven. You can see a table. The table is massive. However, the table, like an empty table, has nothing on it. You see a counter. The counter is vast. On the counter you can see a raw purple potato, a red apple and a red hot pepper. Look over there! a stove. But the thing hasn't got anything on it. Hm. Oh well

There is a closed plain door leading north. You don't like doors? Why not try going west, that entranceway is not blocked by one.

There is a banana, a raw red potato and a raw yellow potato on the floor.","You are carrying: a raw pork chop, a knife, a diced yellow bell pepper, a block of cheese and a cookbook.",2 of 17,0.11764705882352941,False,
46,,,I should take the banana from the floor to have one of the ingredients needed for the recipe.,take banana from floor,,You're carrying too many things already.,Kitchen,"You've entered a kitchen. You start to take note of what's in the room.

You make out a fridge. What a letdown! The fridge is empty! You can see an oven. You can see a table. The table is massive. However, the table, like an empty table, has nothing on it. You see a counter. The counter is vast. On the counter you can see a raw purple potato, a red apple and a red hot pepper. Look over there! a stove. But the thing hasn't got anything on it. Hm. Oh well

There is a closed plain door leading north. You don't like doors? Why not try going west, that entranceway is not blocked by one.

There is a banana, a raw red potato and a raw yellow potato on the floor.","You are carrying: a raw pork chop, a knife, a diced yellow bell pepper, a block of cheese and a cookbook.",2 of 17,0.11764705882352941,False,
47,,,"I am carrying too many items, so I should drop the block of cheese to free up space for the banana.",drop block of cheese,,You drop the block of cheese on the ground.,Kitchen,"You've entered a kitchen. You start to take note of what's in the room.

You make out a fridge. What a letdown! The fridge is empty! You can see an oven. You can see a table. The table is massive. However, the table, like an empty table, has nothing on it. You see a counter. The counter is vast. On the counter you can see a raw purple potato, a red apple and a red hot pepper. Look over there! a stove. But the thing hasn't got anything on it. Hm. Oh well

There is a closed plain door leading north. You don't like doors? Why not try going west, that entranceway is not blocked by one.

There is a block of cheese, a banana, a raw red potato and a raw yellow potato on the floor.","You are carrying: a raw pork chop, a knife, a diced yellow bell pepper and a cookbook.",2 of 17,0.11764705882352941,False,
48,,,"Now that I have space, I should take the banana from the floor.",take banana from floor,,You pick up the banana from the ground.,Kitchen,"You've entered a kitchen. You start to take note of what's in the room.

You make out a fridge. What a letdown! The fridge is empty! You can see an oven. You can see a table. The table is massive. However, the table, like an empty table, has nothing on it. You see a counter. The counter is vast. On the counter you can see a raw purple potato, a red apple and a red hot pepper. Look over there! a stove. But the thing hasn't got anything on it. Hm. Oh well

There is a closed plain door leading north. You don't like doors? Why not try going west, that entranceway is not blocked by one.

There is a block of cheese, a raw red potato and a raw yellow potato on the floor.","You are carrying: a banana, a raw pork chop, a knife, a diced yellow bell pepper and a cookbook.",2 of 17,0.11764705882352941,False,
49,,,I should check the cookbook for the recipe to know what ingredients and steps are needed to cook a delicious meal.,examine cookbook,,"You open the copy of ""Cooking: A Modern Approach (3rd Ed.)"" and start reading:

Recipe #1
---------
Gather all following ingredients and follow the directions to prepare this tasty meal.

Ingredients:
carrot
  orange bell pepper
  banana
  red onion
  block of cheese

Directions:
slice the carrot
  roast the carrot
  dice the orange bell pepper
  roast the orange bell pepper
  dice the banana
  fry the banana
  dice the red onion
  roast the red onion
  chop the block of cheese
  roast the block of cheese
  prepare meal",Kitchen,"You've entered a kitchen. You start to take note of what's in the room.

You make out a fridge. What a letdown! The fridge is empty! You can see an oven. You can see a table. The table is massive. However, the table, like an empty table, has nothing on it. You see a counter. The counter is vast. On the counter you can see a raw purple potato, a red apple and a red hot pepper. Look over there! a stove. But the thing hasn't got anything on it. Hm. Oh well

There is a closed plain door leading north. You don't like doors? Why not try going west, that entranceway is not blocked by one.

There is a block of cheese, a raw red potato and a raw yellow potato on the floor.","You are carrying: a banana, a raw pork chop, a knife, a diced yellow bell pepper and a cookbook.",2 of 17,0.11764705882352941,False,
50,,,"I need to gather the ingredients from the recipe: carrot, orange bell pepper, banana, red onion, and block of cheese. I already have a banana and a diced yellow bell pepper, but I need to find the carrot, orange bell pepper, red onion, and block of cheese. I will take the block of cheese from the floor first.",take block of cheese from floor,,You're carrying too many things already.,Kitchen,"You've entered a kitchen. You start to take note of what's in the room.

You make out a fridge. What a letdown! The fridge is empty! You can see an oven. You can see a table. The table is massive. However, the table, like an empty table, has nothing on it. You see a counter. The counter is vast. On the counter you can see a raw purple potato, a red apple and a red hot pepper. Look over there! a stove. But the thing hasn't got anything on it. Hm. Oh well

There is a closed plain door leading north. You don't like doors? Why not try going west, that entranceway is not blocked by one.

There is a block of cheese, a raw red potato and a raw yellow potato on the floor.","You are carrying: a banana, a raw pork chop, a knife, a diced yellow bell pepper and a cookbook.",2 of 17,0.11764705882352941,False,
51,,,"I am carrying too many items, so I should drop the raw pork chop to free up space for the block of cheese.",drop raw pork chop,,You drop the pork chop on the ground.,Kitchen,"You've entered a kitchen. You start to take note of what's in the room.

You make out a fridge. What a letdown! The fridge is empty! You can see an oven. You can see a table. The table is massive. However, the table, like an empty table, has nothing on it. You see a counter. The counter is vast. On the counter you can see a raw purple potato, a red apple and a red hot pepper. Look over there! a stove. But the thing hasn't got anything on it. Hm. Oh well

There is a closed plain door leading north. You don't like doors? Why not try going west, that entranceway is not blocked by one.

There is a raw pork chop, a block of cheese, a raw red potato and a raw yellow potato on the floor.","You are carrying: a banana, a knife, a diced yellow bell pepper and a cookbook.",2 of 17,0.11764705882352941,False,
52,,,"Now that I have space, I should take the block of cheese from the floor.",take block of cheese from floor,,You pick up the block of cheese from the ground.,Kitchen,"You've entered a kitchen. You start to take note of what's in the room.

You make out a fridge. What a letdown! The fridge is empty! You can see an oven. You can see a table. The table is massive. However, the table, like an empty table, has nothing on it. You see a counter. The counter is vast. On the counter you can see a raw purple potato, a red apple and a red hot pepper. Look over there! a stove. But the thing hasn't got anything on it. Hm. Oh well

There is a closed plain door leading north. You don't like doors? Why not try going west, that entranceway is not blocked by one.

There is a raw pork chop, a raw red potato and a raw yellow potato on the floor.","You are carrying: a block of cheese, a banana, a knife, a diced yellow bell pepper and a cookbook.",2 of 17,0.11764705882352941,False,
53,,,"I need to find the carrot, orange bell pepper, and red onion next. I will check the west entranceway to see if any of these ingredients are there.",go west,,"You're now in a livingroom.

You lean against the wall, inadvertently pressing a secret button. The wall opens up to reveal a sofa. But the thing hasn't got anything on it. Hm. Oh well

There is an exit to the east. There is an exit to the north. You need an exit without a door? You should try going south.",Livingroom,"You're now in a livingroom.

You lean against the wall, inadvertently pressing a secret button. The wall opens up to reveal a sofa. But the thing hasn't got anything on it. Hm. Oh well

There is an exit to the east. There is an exit to the north. You need an exit without a door? You should try going south.","You are carrying: a block of cheese, a banana, a knife, a diced yellow bell pepper and a cookbook.",2 of 17,0.11764705882352941,False,
54,,,"I should go north from the livingroom to explore further for the carrot, orange bell pepper, and red onion.",go north,,"You've entered a bedroom.

You make out a bed. The bed is large. But oh no! there's nothing on this piece of trash.

You don't like doors? Why not try going south, that entranceway is not blocked by one.",Bedroom,"You've entered a bedroom.

You make out a bed. The bed is large. But oh no! there's nothing on this piece of trash.

You don't like doors? Why not try going south, that entranceway is not blocked by one.","You are carrying: a block of cheese, a banana, a knife, a diced yellow bell pepper and a cookbook.",2 of 17,0.11764705882352941,False,
55,,,"Since the bedroom has nothing, I should go back south to the livingroom and then try going east to explore more areas for the ingredients.",go south,,"You're now in a livingroom.

You lean against the wall, inadvertently pressing a secret button. The wall opens up to reveal a sofa. But the thing hasn't got anything on it. Hm. Oh well

There is an exit to the east. There is an exit to the north. You need an exit without a door? You should try going south.",Livingroom,"You're now in a livingroom.

You lean against the wall, inadvertently pressing a secret button. The wall opens up to reveal a sofa. But the thing hasn't got anything on it. Hm. Oh well

There is an exit to the east. There is an exit to the north. You need an exit without a door? You should try going south.","You are carrying: a block of cheese, a banana, a knife, a diced yellow bell pepper and a cookbook.",2 of 17,0.11764705882352941,False,
56,,,I should go east from the livingroom to explore more areas for the ingredients.,go east,,"You've entered a kitchen. You start to take note of what's in the room.

You make out a fridge. What a letdown! The fridge is empty! You can see an oven. You can see a table. The table is massive. However, the table, like an empty table, has nothing on it. You see a counter. The counter is vast. On the counter you can see a raw purple potato, a red apple and a red hot pepper. Look over there! a stove. But the thing hasn't got anything on it. Hm. Oh well

There is a closed plain door leading north. You don't like doors? Why not try going west, that entranceway is not blocked by one.

There is a raw pork chop, a raw red potato and a raw yellow potato on the floor.",Kitchen,"You've entered a kitchen. You start to take note of what's in the room.

You make out a fridge. What a letdown! The fridge is empty! You can see an oven. You can see a table. The table is massive. However, the table, like an empty table, has nothing on it. You see a counter. The counter is vast. On the counter you can see a raw purple potato, a red apple and a red hot pepper. Look over there! a stove. But the thing hasn't got anything on it. Hm. Oh well

There is a closed plain door leading north. You don't like doors? Why not try going west, that entranceway is not blocked by one.

There is a raw pork chop, a raw red potato and a raw yellow potato on the floor.","You are carrying: a block of cheese, a banana, a knife, a diced yellow bell pepper and a cookbook.",2 of 17,0.11764705882352941,False,
57,,,I should examine the cookbook to find the recipe for a delicious meal.,examine cookbook,,"You open the copy of ""Cooking: A Modern Approach (3rd Ed.)"" and start reading:

Recipe #1
---------
Gather all following ingredients and follow the directions to prepare this tasty meal.

Ingredients:
carrot
  orange bell pepper
  banana
  red onion
  block of cheese

Directions:
slice the carrot
  roast the carrot
  dice the orange bell pepper
  roast the orange bell pepper
  dice the banana
  fry the banana
  dice the red onion
  roast the red onion
  chop the block of cheese
  roast the block of cheese
  prepare meal",Kitchen,"You've entered a kitchen. You start to take note of what's in the room.

You make out a fridge. What a letdown! The fridge is empty! You can see an oven. You can see a table. The table is massive. However, the table, like an empty table, has nothing on it. You see a counter. The counter is vast. On the counter you can see a raw purple potato, a red apple and a red hot pepper. Look over there! a stove. But the thing hasn't got anything on it. Hm. Oh well

There is a closed plain door leading north. You don't like doors? Why not try going west, that entranceway is not blocked by one.

There is a raw pork chop, a raw red potato and a raw yellow potato on the floor.","You are carrying: a block of cheese, a banana, a knife, a diced yellow bell pepper and a cookbook.",2 of 17,0.11764705882352941,False,
58,,,"I need to gather the missing ingredients: carrot, orange bell pepper, and red onion. I already have a banana, block of cheese, and diced yellow bell pepper (which is not orange but might be close). I should look around the kitchen for these missing ingredients.",look,,"You've entered a kitchen. You start to take note of what's in the room.

You make out a fridge. What a letdown! The fridge is empty! You can see an oven. You can see a table. The table is massive. However, the table, like an empty table, has nothing on it. You see a counter. The counter is vast. On the counter you can see a raw purple potato, a red apple and a red hot pepper. Look over there! a stove. But the thing hasn't got anything on it. Hm. Oh well

There is a closed plain door leading north. You don't like doors? Why not try going west, that entranceway is not blocked by one.

There is a raw pork chop, a raw red potato and a raw yellow potato on the floor.",Kitchen,"You've entered a kitchen. You start to take note of what's in the room.

You make out a fridge. What a letdown! The fridge is empty! You can see an oven. You can see a table. The table is massive. However, the table, like an empty table, has nothing on it. You see a counter. The counter is vast. On the counter you can see a raw purple potato, a red apple and a red hot pepper. Look over there! a stove. But the thing hasn't got anything on it. Hm. Oh well

There is a closed plain door leading north. You don't like doors? Why not try going west, that entranceway is not blocked by one.

There is a raw pork chop, a raw red potato and a raw yellow potato on the floor.","You are carrying: a block of cheese, a banana, a knife, a diced yellow bell pepper and a cookbook.",2 of 17,0.11764705882352941,False,
59,,,"Since the kitchen doesn't have the carrot, orange bell pepper, or red onion, I should check other rooms for these ingredients. I will go west to explore further.",go west,,"You're now in a livingroom.

You lean against the wall, inadvertently pressing a secret button. The wall opens up to reveal a sofa. But the thing hasn't got anything on it. Hm. Oh well

There is an exit to the east. There is an exit to the north. You need an exit without a door? You should try going south.",Livingroom,"You're now in a livingroom.

You lean against the wall, inadvertently pressing a secret button. The wall opens up to reveal a sofa. But the thing hasn't got anything on it. Hm. Oh well

There is an exit to the east. There is an exit to the north. You need an exit without a door? You should try going south.","You are carrying: a block of cheese, a banana, a knife, a diced yellow bell pepper and a cookbook.",2 of 17,0.11764705882352941,False,
60,,,"I should explore the living room further to see if there are any ingredients like carrot, orange bell pepper, or red onion. I will go north to check.",go north,,"You've entered a bedroom.

You make out a bed. The bed is large. But oh no! there's nothing on this piece of trash.

You don't like doors? Why not try going south, that entranceway is not blocked by one.",Bedroom,"You've entered a bedroom.

You make out a bed. The bed is large. But oh no! there's nothing on this piece of trash.

You don't like doors? Why not try going south, that entranceway is not blocked by one.","You are carrying: a block of cheese, a banana, a knife, a diced yellow bell pepper and a cookbook.",2 of 17,0.11764705882352941,False,
61,,,The bedroom has no ingredients. I should go back south to the living room and then try going east to explore another area.,go south,,"You're now in a livingroom.

You lean against the wall, inadvertently pressing a secret button. The wall opens up to reveal a sofa. But the thing hasn't got anything on it. Hm. Oh well

There is an exit to the east. There is an exit to the north. You need an exit without a door? You should try going south.",Livingroom,"You're now in a livingroom.

You lean against the wall, inadvertently pressing a secret button. The wall opens up to reveal a sofa. But the thing hasn't got anything on it. Hm. Oh well

There is an exit to the east. There is an exit to the north. You need an exit without a door? You should try going south.","You are carrying: a block of cheese, a banana, a knife, a diced yellow bell pepper and a cookbook.",2 of 17,0.11764705882352941,False,
62,,,I should go east from the living room to explore another area for the ingredients.,go east,,"You've entered a kitchen. You start to take note of what's in the room.

You make out a fridge. What a letdown! The fridge is empty! You can see an oven. You can see a table. The table is massive. However, the table, like an empty table, has nothing on it. You see a counter. The counter is vast. On the counter you can see a raw purple potato, a red apple and a red hot pepper. Look over there! a stove. But the thing hasn't got anything on it. Hm. Oh well

There is a closed plain door leading north. You don't like doors? Why not try going west, that entranceway is not blocked by one.

There is a raw pork chop, a raw red potato and a raw yellow potato on the floor.",Kitchen,"You've entered a kitchen. You start to take note of what's in the room.

You make out a fridge. What a letdown! The fridge is empty! You can see an oven. You can see a table. The table is massive. However, the table, like an empty table, has nothing on it. You see a counter. The counter is vast. On the counter you can see a raw purple potato, a red apple and a red hot pepper. Look over there! a stove. But the thing hasn't got anything on it. Hm. Oh well

There is a closed plain door leading north. You don't like doors? Why not try going west, that entranceway is not blocked by one.

There is a raw pork chop, a raw red potato and a raw yellow potato on the floor.","You are carrying: a block of cheese, a banana, a knife, a diced yellow bell pepper and a cookbook.",2 of 17,0.11764705882352941,False,
63,,,I should check the cookbook for the recipe to know what ingredients I need and how to prepare the meal.,examine cookbook,,"You open the copy of ""Cooking: A Modern Approach (3rd Ed.)"" and start reading:

Recipe #1
---------
Gather all following ingredients and follow the directions to prepare this tasty meal.

Ingredients:
carrot
  orange bell pepper
  banana
  red onion
  block of cheese

Directions:
slice the carrot
  roast the carrot
  dice the orange bell pepper
  roast the orange bell pepper
  dice the banana
  fry the banana
  dice the red onion
  roast the red onion
  chop the block of cheese
  roast the block of cheese
  prepare meal",Kitchen,"You've entered a kitchen. You start to take note of what's in the room.

You make out a fridge. What a letdown! The fridge is empty! You can see an oven. You can see a table. The table is massive. However, the table, like an empty table, has nothing on it. You see a counter. The counter is vast. On the counter you can see a raw purple potato, a red apple and a red hot pepper. Look over there! a stove. But the thing hasn't got anything on it. Hm. Oh well

There is a closed plain door leading north. You don't like doors? Why not try going west, that entranceway is not blocked by one.

There is a raw pork chop, a raw red potato and a raw yellow potato on the floor.","You are carrying: a block of cheese, a banana, a knife, a diced yellow bell pepper and a cookbook.",2 of 17,0.11764705882352941,False,
64,,,"I need to gather the missing ingredients: carrot, orange bell pepper, and red onion. I already have a banana and block of cheese. I should look around the kitchen for these missing ingredients.",look,,"You've entered a kitchen. You start to take note of what's in the room.

You make out a fridge. What a letdown! The fridge is empty! You can see an oven. You can see a table. The table is massive. However, the table, like an empty table, has nothing on it. You see a counter. The counter is vast. On the counter you can see a raw purple potato, a red apple and a red hot pepper. Look over there! a stove. But the thing hasn't got anything on it. Hm. Oh well

There is a closed plain door leading north. You don't like doors? Why not try going west, that entranceway is not blocked by one.

There is a raw pork chop, a raw red potato and a raw yellow potato on the floor.",Kitchen,"You've entered a kitchen. You start to take note of what's in the room.

You make out a fridge. What a letdown! The fridge is empty! You can see an oven. You can see a table. The table is massive. However, the table, like an empty table, has nothing on it. You see a counter. The counter is vast. On the counter you can see a raw purple potato, a red apple and a red hot pepper. Look over there! a stove. But the thing hasn't got anything on it. Hm. Oh well

There is a closed plain door leading north. You don't like doors? Why not try going west, that entranceway is not blocked by one.

There is a raw pork chop, a raw red potato and a raw yellow potato on the floor.","You are carrying: a block of cheese, a banana, a knife, a diced yellow bell pepper and a cookbook.",2 of 17,0.11764705882352941,False,
65,,,"Since the kitchen doesn't have the carrot, orange bell pepper, or red onion, I should go west to explore another area for these ingredients.",go west,,"You're now in a livingroom.

You lean against the wall, inadvertently pressing a secret button. The wall opens up to reveal a sofa. But the thing hasn't got anything on it. Hm. Oh well

There is an exit to the east. There is an exit to the north. You need an exit without a door? You should try going south.",Livingroom,"You're now in a livingroom.

You lean against the wall, inadvertently pressing a secret button. The wall opens up to reveal a sofa. But the thing hasn't got anything on it. Hm. Oh well

There is an exit to the east. There is an exit to the north. You need an exit without a door? You should try going south.","You are carrying: a block of cheese, a banana, a knife, a diced yellow bell pepper and a cookbook.",2 of 17,0.11764705882352941,False,
66,,,I should explore the livingroom further by going north to see if I can find the missing ingredients there.,go north,,"You've entered a bedroom.

You make out a bed. The bed is large. But oh no! there's nothing on this piece of trash.

You don't like doors? Why not try going south, that entranceway is not blocked by one.",Bedroom,"You've entered a bedroom.

You make out a bed. The bed is large. But oh no! there's nothing on this piece of trash.

You don't like doors? Why not try going south, that entranceway is not blocked by one.","You are carrying: a block of cheese, a banana, a knife, a diced yellow bell pepper and a cookbook.",2 of 17,0.11764705882352941,False,
67,,,The bedroom has no ingredients. I should go back south to the livingroom and then try going east to explore another area.,go south,,"You're now in a livingroom.

You lean against the wall, inadvertently pressing a secret button. The wall opens up to reveal a sofa. But the thing hasn't got anything on it. Hm. Oh well

There is an exit to the east. There is an exit to the north. You need an exit without a door? You should try going south.",Livingroom,"You're now in a livingroom.

You lean against the wall, inadvertently pressing a secret button. The wall opens up to reveal a sofa. But the thing hasn't got anything on it. Hm. Oh well

There is an exit to the east. There is an exit to the north. You need an exit without a door? You should try going south.","You are carrying: a block of cheese, a banana, a knife, a diced yellow bell pepper and a cookbook.",2 of 17,0.11764705882352941,False,
68,,,I should go east from the livingroom to explore another area for the missing ingredients.,go east,,"You've entered a kitchen. You start to take note of what's in the room.

You make out a fridge. What a letdown! The fridge is empty! You can see an oven. You can see a table. The table is massive. However, the table, like an empty table, has nothing on it. You see a counter. The counter is vast. On the counter you can see a raw purple potato, a red apple and a red hot pepper. Look over there! a stove. But the thing hasn't got anything on it. Hm. Oh well

There is a closed plain door leading north. You don't like doors? Why not try going west, that entranceway is not blocked by one.

There is a raw pork chop, a raw red potato and a raw yellow potato on the floor.",Kitchen,"You've entered a kitchen. You start to take note of what's in the room.

You make out a fridge. What a letdown! The fridge is empty! You can see an oven. You can see a table. The table is massive. However, the table, like an empty table, has nothing on it. You see a counter. The counter is vast. On the counter you can see a raw purple potato, a red apple and a red hot pepper. Look over there! a stove. But the thing hasn't got anything on it. Hm. Oh well

There is a closed plain door leading north. You don't like doors? Why not try going west, that entranceway is not blocked by one.

There is a raw pork chop, a raw red potato and a raw yellow potato on the floor.","You are carrying: a block of cheese, a banana, a knife, a diced yellow bell pepper and a cookbook.",2 of 17,0.11764705882352941,False,
69,,,"I should take the raw pork chop, raw red potato, and raw yellow potato from the floor to have more ingredients for cooking.","take raw pork chop from floor, take raw red potato from floor, take raw yellow potato from floor",,You can't see any such thing.,Kitchen,"You've entered a kitchen. You start to take note of what's in the room.

You make out a fridge. What a letdown! The fridge is empty! You can see an oven. You can see a table. The table is massive. However, the table, like an empty table, has nothing on it. You see a counter. The counter is vast. On the counter you can see a raw purple potato, a red apple and a red hot pepper. Look over there! a stove. But the thing hasn't got anything on it. Hm. Oh well

There is a closed plain door leading north. You don't like doors? Why not try going west, that entranceway is not blocked by one.

There is a raw pork chop, a raw red potato and a raw yellow potato on the floor.","You are carrying: a block of cheese, a banana, a knife, a diced yellow bell pepper and a cookbook.",2 of 17,0.11764705882352941,False,
70,,,"I should take the raw pork chop first, then take the raw red potato, and then the raw yellow potato separately to avoid the error.",take raw pork chop from floor,,You're carrying too many things already.,Kitchen,"You've entered a kitchen. You start to take note of what's in the room.

You make out a fridge. What a letdown! The fridge is empty! You can see an oven. You can see a table. The table is massive. However, the table, like an empty table, has nothing on it. You see a counter. The counter is vast. On the counter you can see a raw purple potato, a red apple and a red hot pepper. Look over there! a stove. But the thing hasn't got anything on it. Hm. Oh well

There is a closed plain door leading north. You don't like doors? Why not try going west, that entranceway is not blocked by one.

There is a raw pork chop, a raw red potato and a raw yellow potato on the floor.","You are carrying: a block of cheese, a banana, a knife, a diced yellow bell pepper and a cookbook.",2 of 17,0.11764705882352941,False,
71,,,"I am carrying too many items, so I should drop the banana to free up space before taking the raw pork chop.",drop banana,,You drop the banana on the ground.,Kitchen,"You've entered a kitchen. You start to take note of what's in the room.

You make out a fridge. What a letdown! The fridge is empty! You can see an oven. You can see a table. The table is massive. However, the table, like an empty table, has nothing on it. You see a counter. The counter is vast. On the counter you can see a raw purple potato, a red apple and a red hot pepper. Look over there! a stove. But the thing hasn't got anything on it. Hm. Oh well

There is a closed plain door leading north. You don't like doors? Why not try going west, that entranceway is not blocked by one.

There is a banana, a raw pork chop, a raw red potato and a raw yellow potato on the floor.","You are carrying: a block of cheese, a knife, a diced yellow bell pepper and a cookbook.",2 of 17,0.11764705882352941,False,
72,,,"Now that I have space, I should take the raw pork chop from the floor.",take raw pork chop from floor,,You pick up the pork chop from the ground.,Kitchen,"You've entered a kitchen. You start to take note of what's in the room.

You make out a fridge. What a letdown! The fridge is empty! You can see an oven. You can see a table. The table is massive. However, the table, like an empty table, has nothing on it. You see a counter. The counter is vast. On the counter you can see a raw purple potato, a red apple and a red hot pepper. Look over there! a stove. But the thing hasn't got anything on it. Hm. Oh well

There is a closed plain door leading north. You don't like doors? Why not try going west, that entranceway is not blocked by one.

There is a banana, a raw red potato and a raw yellow potato on the floor.","You are carrying: a raw pork chop, a block of cheese, a knife, a diced yellow bell pepper and a cookbook.",2 of 17,0.11764705882352941,False,
73,,,I should now take the raw red potato from the floor.,take raw red potato from floor,,You're carrying too many things already.,Kitchen,"You've entered a kitchen. You start to take note of what's in the room.

You make out a fridge. What a letdown! The fridge is empty! You can see an oven. You can see a table. The table is massive. However, the table, like an empty table, has nothing on it. You see a counter. The counter is vast. On the counter you can see a raw purple potato, a red apple and a red hot pepper. Look over there! a stove. But the thing hasn't got anything on it. Hm. Oh well

There is a closed plain door leading north. You don't like doors? Why not try going west, that entranceway is not blocked by one.

There is a banana, a raw red potato and a raw yellow potato on the floor.","You are carrying: a raw pork chop, a block of cheese, a knife, a diced yellow bell pepper and a cookbook.",2 of 17,0.11764705882352941,False,
74,,,"I am carrying too many items, so I should drop the block of cheese to free up space before taking the raw red potato.",drop block of cheese,,You drop the block of cheese on the ground.,Kitchen,"You've entered a kitchen. You start to take note of what's in the room.

You make out a fridge. What a letdown! The fridge is empty! You can see an oven. You can see a table. The table is massive. However, the table, like an empty table, has nothing on it. You see a counter. The counter is vast. On the counter you can see a raw purple potato, a red apple and a red hot pepper. Look over there! a stove. But the thing hasn't got anything on it. Hm. Oh well

There is a closed plain door leading north. You don't like doors? Why not try going west, that entranceway is not blocked by one.

There is a block of cheese, a banana, a raw red potato and a raw yellow potato on the floor.","You are carrying: a raw pork chop, a knife, a diced yellow bell pepper and a cookbook.",2 of 17,0.11764705882352941,False,
75,,,"Now that I have space, I should take the raw red potato from the floor.",take raw red potato from floor,,You pick up the red potato from the ground.,Kitchen,"You've entered a kitchen. You start to take note of what's in the room.

You make out a fridge. What a letdown! The fridge is empty! You can see an oven. You can see a table. The table is massive. However, the table, like an empty table, has nothing on it. You see a counter. The counter is vast. On the counter you can see a raw purple potato, a red apple and a red hot pepper. Look over there! a stove. But the thing hasn't got anything on it. Hm. Oh well

There is a closed plain door leading north. You don't like doors? Why not try going west, that entranceway is not blocked by one.

There is a block of cheese, a banana and a raw yellow potato on the floor.","You are carrying: a raw red potato, a raw pork chop, a knife, a diced yellow bell pepper and a cookbook.",2 of 17,0.11764705882352941,False,
76,,,I should check the cookbook for a recipe to cook a delicious meal.,examine cookbook,,"You open the copy of ""Cooking: A Modern Approach (3rd Ed.)"" and start reading:

Recipe #1
---------
Gather all following ingredients and follow the directions to prepare this tasty meal.

Ingredients:
carrot
  orange bell pepper
  banana
  red onion
  block of cheese

Directions:
slice the carrot
  roast the carrot
  dice the orange bell pepper
  roast the orange bell pepper
  dice the banana
  fry the banana
  dice the red onion
  roast the red onion
  chop the block of cheese
  roast the block of cheese
  prepare meal",Kitchen,"You've entered a kitchen. You start to take note of what's in the room.

You make out a fridge. What a letdown! The fridge is empty! You can see an oven. You can see a table. The table is massive. However, the table, like an empty table, has nothing on it. You see a counter. The counter is vast. On the counter you can see a raw purple potato, a red apple and a red hot pepper. Look over there! a stove. But the thing hasn't got anything on it. Hm. Oh well

There is a closed plain door leading north. You don't like doors? Why not try going west, that entranceway is not blocked by one.

There is a block of cheese, a banana and a raw yellow potato on the floor.","You are carrying: a raw red potato, a raw pork chop, a knife, a diced yellow bell pepper and a cookbook.",2 of 17,0.11764705882352941,False,
77,,,"The recipe requires a carrot, orange bell pepper, banana, red onion, and block of cheese, but I don't have these ingredients. I should take the banana and block of cheese from the floor and check if I can find a carrot and red onion nearby.",take banana from floor,,You're carrying too many things already.,Kitchen,"You've entered a kitchen. You start to take note of what's in the room.

You make out a fridge. What a letdown! The fridge is empty! You can see an oven. You can see a table. The table is massive. However, the table, like an empty table, has nothing on it. You see a counter. The counter is vast. On the counter you can see a raw purple potato, a red apple and a red hot pepper. Look over there! a stove. But the thing hasn't got anything on it. Hm. Oh well

There is a closed plain door leading north. You don't like doors? Why not try going west, that entranceway is not blocked by one.

There is a block of cheese, a banana and a raw yellow potato on the floor.","You are carrying: a raw red potato, a raw pork chop, a knife, a diced yellow bell pepper and a cookbook.",2 of 17,0.11764705882352941,False,
78,,,"I am carrying too many items, so I should drop the raw pork chop to free up space for the banana.",drop raw pork chop,,You drop the pork chop on the ground.,Kitchen,"You've entered a kitchen. You start to take note of what's in the room.

You make out a fridge. What a letdown! The fridge is empty! You can see an oven. You can see a table. The table is massive. However, the table, like an empty table, has nothing on it. You see a counter. The counter is vast. On the counter you can see a raw purple potato, a red apple and a red hot pepper. Look over there! a stove. But the thing hasn't got anything on it. Hm. Oh well

There is a closed plain door leading north. You don't like doors? Why not try going west, that entranceway is not blocked by one.

There is a raw pork chop, a block of cheese, a banana and a raw yellow potato on the floor.","You are carrying: a raw red potato, a knife, a diced yellow bell pepper and a cookbook.",2 of 17,0.11764705882352941,False,
79,,,"Now that I have space, I should take the banana from the floor.",take banana from floor,,You pick up the banana from the ground.,Kitchen,"You've entered a kitchen. You start to take note of what's in the room.

You make out a fridge. What a letdown! The fridge is empty! You can see an oven. You can see a table. The table is massive. However, the table, like an empty table, has nothing on it. You see a counter. The counter is vast. On the counter you can see a raw purple potato, a red apple and a red hot pepper. Look over there! a stove. But the thing hasn't got anything on it. Hm. Oh well

There is a closed plain door leading north. You don't like doors? Why not try going west, that entranceway is not blocked by one.

There is a raw pork chop, a block of cheese and a raw yellow potato on the floor.","You are carrying: a banana, a raw red potato, a knife, a diced yellow bell pepper and a cookbook.",2 of 17,0.11764705882352941,False,
80,,,I should take the block of cheese from the floor now.,take block of cheese from floor,,You're carrying too many things already.,Kitchen,"You've entered a kitchen. You start to take note of what's in the room.

You make out a fridge. What a letdown! The fridge is empty! You can see an oven. You can see a table. The table is massive. However, the table, like an empty table, has nothing on it. You see a counter. The counter is vast. On the counter you can see a raw purple potato, a red apple and a red hot pepper. Look over there! a stove. But the thing hasn't got anything on it. Hm. Oh well

There is a closed plain door leading north. You don't like doors? Why not try going west, that entranceway is not blocked by one.

There is a raw pork chop, a block of cheese and a raw yellow potato on the floor.","You are carrying: a banana, a raw red potato, a knife, a diced yellow bell pepper and a cookbook.",2 of 17,0.11764705882352941,False,
81,,,"I am carrying too many things, so I should drop the banana to free up space for the block of cheese.",drop banana,,You drop the banana on the ground.,Kitchen,"You've entered a kitchen. You start to take note of what's in the room.

You make out a fridge. What a letdown! The fridge is empty! You can see an oven. You can see a table. The table is massive. However, the table, like an empty table, has nothing on it. You see a counter. The counter is vast. On the counter you can see a raw purple potato, a red apple and a red hot pepper. Look over there! a stove. But the thing hasn't got anything on it. Hm. Oh well

There is a closed plain door leading north. You don't like doors? Why not try going west, that entranceway is not blocked by one.

There is a banana, a raw pork chop, a block of cheese and a raw yellow potato on the floor.","You are carrying: a raw red potato, a knife, a diced yellow bell pepper and a cookbook.",2 of 17,0.11764705882352941,False,
82,,,"Now that I have space, I should take the block of cheese from the floor.",take block of cheese from floor,,You pick up the block of cheese from the ground.,Kitchen,"You've entered a kitchen. You start to take note of what's in the room.

You make out a fridge. What a letdown! The fridge is empty! You can see an oven. You can see a table. The table is massive. However, the table, like an empty table, has nothing on it. You see a counter. The counter is vast. On the counter you can see a raw purple potato, a red apple and a red hot pepper. Look over there! a stove. But the thing hasn't got anything on it. Hm. Oh well

There is a closed plain door leading north. You don't like doors? Why not try going west, that entranceway is not blocked by one.

There is a banana, a raw pork chop and a raw yellow potato on the floor.","You are carrying: a block of cheese, a raw red potato, a knife, a diced yellow bell pepper and a cookbook.",2 of 17,0.11764705882352941,False,
83,,,I should check the cookbook for a recipe to cook a delicious meal.,examine cookbook,,"You open the copy of ""Cooking: A Modern Approach (3rd Ed.)"" and start reading:

Recipe #1
---------
Gather all following ingredients and follow the directions to prepare this tasty meal.

Ingredients:
carrot
  orange bell pepper
  banana
  red onion
  block of cheese

Directions:
slice the carrot
  roast the carrot
  dice the orange bell pepper
  roast the orange bell pepper
  dice the banana
  fry the banana
  dice the red onion
  roast the red onion
  chop the block of cheese
  roast the block of cheese
  prepare meal",Kitchen,"You've entered a kitchen. You start to take note of what's in the room.

You make out a fridge. What a letdown! The fridge is empty! You can see an oven. You can see a table. The table is massive. However, the table, like an empty table, has nothing on it. You see a counter. The counter is vast. On the counter you can see a raw purple potato, a red apple and a red hot pepper. Look over there! a stove. But the thing hasn't got anything on it. Hm. Oh well

There is a closed plain door leading north. You don't like doors? Why not try going west, that entranceway is not blocked by one.

There is a banana, a raw pork chop and a raw yellow potato on the floor.","You are carrying: a block of cheese, a raw red potato, a knife, a diced yellow bell pepper and a cookbook.",2 of 17,0.11764705882352941,False,
84,,,"I need to gather the ingredients from the recipe: carrot, orange bell pepper, banana, red onion, and block of cheese. I already have the block of cheese and diced yellow bell pepper (substitute for orange bell pepper). I should take a banana and find a carrot and red onion.",take banana from floor,,You're carrying too many things already.,Kitchen,"You've entered a kitchen. You start to take note of what's in the room.

You make out a fridge. What a letdown! The fridge is empty! You can see an oven. You can see a table. The table is massive. However, the table, like an empty table, has nothing on it. You see a counter. The counter is vast. On the counter you can see a raw purple potato, a red apple and a red hot pepper. Look over there! a stove. But the thing hasn't got anything on it. Hm. Oh well

There is a closed plain door leading north. You don't like doors? Why not try going west, that entranceway is not blocked by one.

There is a banana, a raw pork chop and a raw yellow potato on the floor.","You are carrying: a block of cheese, a raw red potato, a knife, a diced yellow bell pepper and a cookbook.",2 of 17,0.11764705882352941,False,
85,,,I need to free up inventory space by dropping the raw red potato before taking the banana.,drop raw red potato,,You drop the red potato on the ground.,Kitchen,"You've entered a kitchen. You start to take note of what's in the room.

You make out a fridge. What a letdown! The fridge is empty! You can see an oven. You can see a table. The table is massive. However, the table, like an empty table, has nothing on it. You see a counter. The counter is vast. On the counter you can see a raw purple potato, a red apple and a red hot pepper. Look over there! a stove. But the thing hasn't got anything on it. Hm. Oh well

There is a closed plain door leading north. You don't like doors? Why not try going west, that entranceway is not blocked by one.

There is a raw red potato, a banana, a raw pork chop and a raw yellow potato on the floor.","You are carrying: a block of cheese, a knife, a diced yellow bell pepper and a cookbook.",2 of 17,0.11764705882352941,False,
86,,,"Now that I have space, I should take the banana from the floor.",take banana from floor,,You pick up the banana from the ground.,Kitchen,"You've entered a kitchen. You start to take note of what's in the room.

You make out a fridge. What a letdown! The fridge is empty! You can see an oven. You can see a table. The table is massive. However, the table, like an empty table, has nothing on it. You see a counter. The counter is vast. On the counter you can see a raw purple potato, a red apple and a red hot pepper. Look over there! a stove. But the thing hasn't got anything on it. Hm. Oh well

There is a closed plain door leading north. You don't like doors? Why not try going west, that entranceway is not blocked by one.

There is a raw red potato, a raw pork chop and a raw yellow potato on the floor.","You are carrying: a banana, a block of cheese, a knife, a diced yellow bell pepper and a cookbook.",2 of 17,0.11764705882352941,False,
87,,,I still need a carrot and a red onion for the recipe. I should look around the kitchen to find these ingredients.,look,,"You've entered a kitchen. You start to take note of what's in the room.

You make out a fridge. What a letdown! The fridge is empty! You can see an oven. You can see a table. The table is massive. However, the table, like an empty table, has nothing on it. You see a counter. The counter is vast. On the counter you can see a raw purple potato, a red apple and a red hot pepper. Look over there! a stove. But the thing hasn't got anything on it. Hm. Oh well

There is a closed plain door leading north. You don't like doors? Why not try going west, that entranceway is not blocked by one.

There is a raw red potato, a raw pork chop and a raw yellow potato on the floor.",Kitchen,"You've entered a kitchen. You start to take note of what's in the room.

You make out a fridge. What a letdown! The fridge is empty! You can see an oven. You can see a table. The table is massive. However, the table, like an empty table, has nothing on it. You see a counter. The counter is vast. On the counter you can see a raw purple potato, a red apple and a red hot pepper. Look over there! a stove. But the thing hasn't got anything on it. Hm. Oh well

There is a closed plain door leading north. You don't like doors? Why not try going west, that entranceway is not blocked by one.

There is a raw red potato, a raw pork chop and a raw yellow potato on the floor.","You are carrying: a banana, a block of cheese, a knife, a diced yellow bell pepper and a cookbook.",2 of 17,0.11764705882352941,False,
88,,,"Since the kitchen doesn't have a carrot or red onion, I should check the west entranceway for more ingredients.",go west,,"You're now in a livingroom.

You lean against the wall, inadvertently pressing a secret button. The wall opens up to reveal a sofa. But the thing hasn't got anything on it. Hm. Oh well

There is an exit to the east. There is an exit to the north. You need an exit without a door? You should try going south.",Livingroom,"You're now in a livingroom.

You lean against the wall, inadvertently pressing a secret button. The wall opens up to reveal a sofa. But the thing hasn't got anything on it. Hm. Oh well

There is an exit to the east. There is an exit to the north. You need an exit without a door? You should try going south.","You are carrying: a banana, a block of cheese, a knife, a diced yellow bell pepper and a cookbook.",2 of 17,0.11764705882352941,False,
89,,,I should check the cookbook to find the recipe for a delicious meal.,examine cookbook,,"You open the copy of ""Cooking: A Modern Approach (3rd Ed.)"" and start reading:

Recipe #1
---------
Gather all following ingredients and follow the directions to prepare this tasty meal.

Ingredients:
carrot
  orange bell pepper
  banana
  red onion
  block of cheese

Directions:
slice the carrot
  roast the carrot
  dice the orange bell pepper
  roast the orange bell pepper
  dice the banana
  fry the banana
  dice the red onion
  roast the red onion
  chop the block of cheese
  roast the block of cheese
  prepare meal",Livingroom,"You're now in a livingroom.

You lean against the wall, inadvertently pressing a secret button. The wall opens up to reveal a sofa. But the thing hasn't got anything on it. Hm. Oh well

There is an exit to the east. There is an exit to the north. You need an exit without a door? You should try going south.","You are carrying: a banana, a block of cheese, a knife, a diced yellow bell pepper and a cookbook.",2 of 17,0.11764705882352941,False,
90,,,"I need to find a carrot, an orange bell pepper, and a red onion to complete the recipe. I already have a banana, block of cheese, and diced yellow bell pepper. I should go back to the kitchen to look for these missing ingredients.",go east,,"You've entered a kitchen. You start to take note of what's in the room.

You make out a fridge. What a letdown! The fridge is empty! You can see an oven. You can see a table. The table is massive. However, the table, like an empty table, has nothing on it. You see a counter. The counter is vast. On the counter you can see a raw purple potato, a red apple and a red hot pepper. Look over there! a stove. But the thing hasn't got anything on it. Hm. Oh well

There is a closed plain door leading north. You don't like doors? Why not try going west, that entranceway is not blocked by one.

There is a raw red potato, a raw pork chop and a raw yellow potato on the floor.",Kitchen,"You've entered a kitchen. You start to take note of what's in the room.

You make out a fridge. What a letdown! The fridge is empty! You can see an oven. You can see a table. The table is massive. However, the table, like an empty table, has nothing on it. You see a counter. The counter is vast. On the counter you can see a raw purple potato, a red apple and a red hot pepper. Look over there! a stove. But the thing hasn't got anything on it. Hm. Oh well

There is a closed plain door leading north. You don't like doors? Why not try going west, that entranceway is not blocked by one.

There is a raw red potato, a raw pork chop and a raw yellow potato on the floor.","You are carrying: a banana, a block of cheese, a knife, a diced yellow bell pepper and a cookbook.",2 of 17,0.11764705882352941,False,
91,,,"I don't see a carrot, orange bell pepper, or red onion in the kitchen. I should explore the north door to see if those ingredients are there.",open door north,,I only understood you as far as wanting to open plain door.,Kitchen,"You've entered a kitchen. You start to take note of what's in the room.

You make out a fridge. What a letdown! The fridge is empty! You can see an oven. You can see a table. The table is massive. However, the table, like an empty table, has nothing on it. You see a counter. The counter is vast. On the counter you can see a raw purple potato, a red apple and a red hot pepper. Look over there! a stove. But the thing hasn't got anything on it. Hm. Oh well

There is a closed plain door leading north. You don't like doors? Why not try going west, that entranceway is not blocked by one.

There is a raw red potato, a raw pork chop and a raw yellow potato on the floor.","You are carrying: a banana, a block of cheese, a knife, a diced yellow bell pepper and a cookbook.",2 of 17,0.11764705882352941,False,
92,,,I should try going north to open the plain door and see what is beyond it.,go north,,You have to open the plain door first.,Kitchen,"You've entered a kitchen. You start to take note of what's in the room.

You make out a fridge. What a letdown! The fridge is empty! You can see an oven. You can see a table. The table is massive. However, the table, like an empty table, has nothing on it. You see a counter. The counter is vast. On the counter you can see a raw purple potato, a red apple and a red hot pepper. Look over there! a stove. But the thing hasn't got anything on it. Hm. Oh well

There is a closed plain door leading north. You don't like doors? Why not try going west, that entranceway is not blocked by one.

There is a raw red potato, a raw pork chop and a raw yellow potato on the floor.","You are carrying: a banana, a block of cheese, a knife, a diced yellow bell pepper and a cookbook.",2 of 17,0.11764705882352941,False,
93,,,I need to open the plain door before going north.,open door north,,I only understood you as far as wanting to open plain door.,Kitchen,"You've entered a kitchen. You start to take note of what's in the room.

You make out a fridge. What a letdown! The fridge is empty! You can see an oven. You can see a table. The table is massive. However, the table, like an empty table, has nothing on it. You see a counter. The counter is vast. On the counter you can see a raw purple potato, a red apple and a red hot pepper. Look over there! a stove. But the thing hasn't got anything on it. Hm. Oh well

There is a closed plain door leading north. You don't like doors? Why not try going west, that entranceway is not blocked by one.

There is a raw red potato, a raw pork chop and a raw yellow potato on the floor.","You are carrying: a banana, a block of cheese, a knife, a diced yellow bell pepper and a cookbook.",2 of 17,0.11764705882352941,False,
94,,,"The command ""open door north"" is not understood. I will try the simpler command ""open door"" to open the plain door.",open door,,You open plain door.,Kitchen,"You've entered a kitchen. You start to take note of what's in the room.

You make out a fridge. What a letdown! The fridge is empty! You can see an oven. You can see a table. The table is massive. However, the table, like an empty table, has nothing on it. You see a counter. The counter is vast. On the counter you can see a raw purple potato, a red apple and a red hot pepper. Look over there! a stove. But the thing hasn't got anything on it. Hm. Oh well

There is an open plain door leading north. You don't like doors? Why not try going west, that entranceway is not blocked by one.

There is a raw red potato, a raw pork chop and a raw yellow potato on the floor.","You are carrying: a banana, a block of cheese, a knife, a diced yellow bell pepper and a cookbook.",2 of 17,0.11764705882352941,False,
95,,,"Now that the plain door is open, I should go north through it.",go north,,"You've entered a pantry.

You can see a shelf. The shelf is wooden. Unfortunately, there isn't a thing on it.

There is an open plain door leading south.",Pantry,"You've entered a pantry.

You can see a shelf. The shelf is wooden. Unfortunately, there isn't a thing on it.

There is an open plain door leading south.","You are carrying: a banana, a block of cheese, a knife, a diced yellow bell pepper and a cookbook.",2 of 17,0.11764705882352941,False,
96,,,"The pantry is empty, so I should return to the kitchen to gather ingredients for cooking.",go south,,"You've entered a kitchen. You start to take note of what's in the room.

You make out a fridge. What a letdown! The fridge is empty! You can see an oven. You can see a table. The table is massive. However, the table, like an empty table, has nothing on it. You see a counter. The counter is vast. On the counter you can see a raw purple potato, a red apple and a red hot pepper. Look over there! a stove. But the thing hasn't got anything on it. Hm. Oh well

There is an open plain door leading north. You don't like doors? Why not try going west, that entranceway is not blocked by one.

There is a raw red potato, a raw pork chop and a raw yellow potato on the floor.",Kitchen,"You've entered a kitchen. You start to take note of what's in the room.

You make out a fridge. What a letdown! The fridge is empty! You can see an oven. You can see a table. The table is massive. However, the table, like an empty table, has nothing on it. You see a counter. The counter is vast. On the counter you can see a raw purple potato, a red apple and a red hot pepper. Look over there! a stove. But the thing hasn't got anything on it. Hm. Oh well

There is an open plain door leading north. You don't like doors? Why not try going west, that entranceway is not blocked by one.

There is a raw red potato, a raw pork chop and a raw yellow potato on the floor.","You are carrying: a banana, a block of cheese, a knife, a diced yellow bell pepper and a cookbook.",2 of 17,0.11764705882352941,False,
97,,,I should check the cookbook for a recipe to cook a delicious meal.,examine cookbook,,"You open the copy of ""Cooking: A Modern Approach (3rd Ed.)"" and start reading:

Recipe #1
---------
Gather all following ingredients and follow the directions to prepare this tasty meal.

Ingredients:
carrot
  orange bell pepper
  banana
  red onion
  block of cheese

Directions:
slice the carrot
  roast the carrot
  dice the orange bell pepper
  roast the orange bell pepper
  dice the banana
  fry the banana
  dice the red onion
  roast the red onion
  chop the block of cheese
  roast the block of cheese
  prepare meal",Kitchen,"You've entered a kitchen. You start to take note of what's in the room.

You make out a fridge. What a letdown! The fridge is empty! You can see an oven. You can see a table. The table is massive. However, the table, like an empty table, has nothing on it. You see a counter. The counter is vast. On the counter you can see a raw purple potato, a red apple and a red hot pepper. Look over there! a stove. But the thing hasn't got anything on it. Hm. Oh well

There is an open plain door leading north. You don't like doors? Why not try going west, that entranceway is not blocked by one.

There is a raw red potato, a raw pork chop and a raw yellow potato on the floor.","You are carrying: a banana, a block of cheese, a knife, a diced yellow bell pepper and a cookbook.",2 of 17,0.11764705882352941,False,
98,,,"I do not have all the required ingredients for the recipe, so I should take the banana from my inventory and dice it as the recipe requires.",dice banana with knife,,"You dice the banana.



Your score has just gone up by one point.",Kitchen,"You've entered a kitchen. You start to take note of what's in the room.

You make out a fridge. What a letdown! The fridge is empty! You can see an oven. You can see a table. The table is massive. However, the table, like an empty table, has nothing on it. You see a counter. The counter is vast. On the counter you can see a raw purple potato, a red apple and a red hot pepper. Look over there! a stove. But the thing hasn't got anything on it. Hm. Oh well

There is an open plain door leading north. You don't like doors? Why not try going west, that entranceway is not blocked by one.

There is a raw red potato, a raw pork chop and a raw yellow potato on the floor.","You are carrying: a diced banana, a block of cheese, a knife, a diced yellow bell pepper and a cookbook.",3 of 17,0.17647058823529413,False,
99,,,I need to chop the block of cheese next as per the recipe.,chop block of cheese with knife,,"You chop the block of cheese.



Your score has just gone up by one point.",Kitchen,"You've entered a kitchen. You start to take note of what's in the room.

You make out a fridge. What a letdown! The fridge is empty! You can see an oven. You can see a table. The table is massive. However, the table, like an empty table, has nothing on it. You see a counter. The counter is vast. On the counter you can see a raw purple potato, a red apple and a red hot pepper. Look over there! a stove. But the thing hasn't got anything on it. Hm. Oh well

There is an open plain door leading north. You don't like doors? Why not try going west, that entranceway is not blocked by one.

There is a raw red potato, a raw pork chop and a raw yellow potato on the floor.","You are carrying: a diced banana, a chopped block of cheese, a knife, a diced yellow bell pepper and a cookbook.",4 of 17,0.23529411764705882,True,
