step_id,plan,summary,thought,action,task,feedback,location,description,inventory,score,reward,is_done,error
0,,,,,"You are hungry! Let's cook a delicious meal. Check the cookbook in the kitchen for the recipe. Once done, enjoy your meal!",,Pantry,"You arrive in a pantry. A standard one.

You see a gleam over in a corner, where you can see a shelf. The shelf is wooden. But the thing hasn't got anything on it. It would have been so cool if there was stuff on the shelf.

There is a closed plain door leading west.","You are carrying: a raw pork chop, a raw red potato and a raw yellow potato.",0 of 17,0.0,False,
1,,,I should go west through the closed plain door to find the kitchen where the cookbook might be.,open door west,,I only understood you as far as wanting to open plain door.,Pantry,"You arrive in a pantry. A standard one.

You see a gleam over in a corner, where you can see a shelf. The shelf is wooden. But the thing hasn't got anything on it. It would have been so cool if there was stuff on the shelf.

There is a closed plain door leading west.","You are carrying: a raw pork chop, a raw red potato and a raw yellow potato.",0 of 17,0.0,False,
2,,,I should open the plain door leading west first before going through it.,open door,,You open plain door.,Pantry,"You arrive in a pantry. A standard one.

You see a gleam over in a corner, where you can see a shelf. The shelf is wooden. But the thing hasn't got anything on it. It would have been so cool if there was stuff on the shelf.

There is an open plain door leading west.","You are carrying: a raw pork chop, a raw red potato and a raw yellow potato.",0 of 17,0.0,False,
3,,,"Now that the door is open, I should go west through the door to enter the next room.",go west,,"You've entered a kitchen.

You see a closed fridge nearby. You bend down to tie your shoe. When you stand up, you notice an oven. You see a table. But the thing is empty, unfortunately. If you haven't noticed it already, there seems to be something there by the wall, it's a counter. On the counter you can make out a banana, a red apple, a red onion, a cookbook and a knife. If you haven't noticed it already, there seems to be something there by the wall, it's a stove. However, the stove, like an empty stove, has nothing on it.

There is an open plain door leading east. There is a closed screen door leading north. There is an exit to the west. Don't worry, there is no door.",Kitchen,"You've entered a kitchen.

You see a closed fridge nearby. You bend down to tie your shoe. When you stand up, you notice an oven. You see a table. But the thing is empty, unfortunately. If you haven't noticed it already, there seems to be something there by the wall, it's a counter. On the counter you can make out a banana, a red apple, a red onion, a cookbook and a knife. If you haven't noticed it already, there seems to be something there by the wall, it's a stove. However, the stove, like an empty stove, has nothing on it.

There is an open plain door leading east. There is a closed screen door leading north. There is an exit to the west. Don't worry, there is no door.","You are carrying: a raw pork chop, a raw red potato and a raw yellow potato.",0 of 17,0.0,False,
4,,,I should examine the cookbook on the counter to check the recipe for cooking a delicious meal.,examine cookbook,,"You open the copy of ""Cooking: A Modern Approach (3rd Ed.)"" and start reading:

Recipe #1
---------
Gather all following ingredients and follow the directions to prepare this tasty meal.

Ingredients:
carrot
  purple potato
  banana
  red hot pepper
  yellow bell pepper

Directions:
slice the carrot
  grill the carrot
  dice the purple potato
  fry the purple potato
  dice the banana
  roast the banana
  slice the red hot pepper
  fry the red hot pepper
  slice the yellow bell pepper
  fry the yellow bell pepper
  prepare meal",Kitchen,"You've entered a kitchen.

You see a closed fridge nearby. You bend down to tie your shoe. When you stand up, you notice an oven. You see a table. But the thing is empty, unfortunately. If you haven't noticed it already, there seems to be something there by the wall, it's a counter. On the counter you can make out a banana, a red apple, a red onion, a cookbook and a knife. If you haven't noticed it already, there seems to be something there by the wall, it's a stove. However, the stove, like an empty stove, has nothing on it.

There is an open plain door leading east. There is a closed screen door leading north. There is an exit to the west. Don't worry, there is no door.","You are carrying: a raw pork chop, a raw red potato and a raw yellow potato.",0 of 17,0.0,False,
5,,,"The recipe requires ingredients I don't have, so I should take the banana and knife from the counter to prepare for cooking.",take banana from counter,,"You take the banana from the counter.



Your score has just gone up by one point.",Kitchen,"You've entered a kitchen.

You see a closed fridge nearby. You bend down to tie your shoe. When you stand up, you notice an oven. You see a table. But the thing is empty, unfortunately. If you haven't noticed it already, there seems to be something there by the wall, it's a counter. On the counter you can make out a red apple, a red onion, a cookbook and a knife. If you haven't noticed it already, there seems to be something there by the wall, it's a stove. However, the stove, like an empty stove, has nothing on it.

There is an open plain door leading east. There is a closed screen door leading north. There is an exit to the west. Don't worry, there is no door.","You are carrying: a banana, a raw pork chop, a raw red potato and a raw yellow potato.",1 of 17,0.058823529411764705,False,
6,,,I should take the knife from the counter to be able to slice and dice the ingredients as per the recipe.,take knife from counter,,You take the knife from the counter.,Kitchen,"You've entered a kitchen.

You see a closed fridge nearby. You bend down to tie your shoe. When you stand up, you notice an oven. You see a table. But the thing is empty, unfortunately. If you haven't noticed it already, there seems to be something there by the wall, it's a counter. On the counter you can make out a red apple, a red onion and a cookbook. If you haven't noticed it already, there seems to be something there by the wall, it's a stove. However, the stove, like an empty stove, has nothing on it.

There is an open plain door leading east. There is a closed screen door leading north. There is an exit to the west. Don't worry, there is no door.","You are carrying: a knife, a banana, a raw pork chop, a raw red potato and a raw yellow potato.",1 of 17,0.058823529411764705,False,
7,,,"I need to find the carrot and purple potato required by the recipe, so I should check the fridge for these ingredients.",open fridge,,"You open the fridge, revealing a yellow bell pepper, a white onion and a block of cheese.",Kitchen,"You've entered a kitchen.

You see an opened fridge nearby. The fridge contains a yellow bell pepper, a white onion and a block of cheese. There's something strange about this being here, but you can't put your finger on it. You bend down to tie your shoe. When you stand up, you notice an oven. You see a table. But the thing is empty, unfortunately. If you haven't noticed it already, there seems to be something there by the wall, it's a counter. On the counter you can make out a red apple, a red onion and a cookbook. If you haven't noticed it already, there seems to be something there by the wall, it's a stove. However, the stove, like an empty stove, has nothing on it.

There is an open plain door leading east. There is a closed screen door leading north. There is an exit to the west. Don't worry, there is no door.","You are carrying: a knife, a banana, a raw pork chop, a raw red potato and a raw yellow potato.",1 of 17,0.058823529411764705,False,
8,,,I should take the yellow bell pepper from the fridge as it is one of the ingredients needed for the recipe.,take yellow bell pepper from fridge,,You're carrying too many things already.,Kitchen,"You've entered a kitchen.

You see an opened fridge nearby. The fridge contains a yellow bell pepper, a white onion and a block of cheese. There's something strange about this being here, but you can't put your finger on it. You bend down to tie your shoe. When you stand up, you notice an oven. You see a table. But the thing is empty, unfortunately. If you haven't noticed it already, there seems to be something there by the wall, it's a counter. On the counter you can make out a red apple, a red onion and a cookbook. If you haven't noticed it already, there seems to be something there by the wall, it's a stove. However, the stove, like an empty stove, has nothing on it.

There is an open plain door leading east. There is a closed screen door leading north. There is an exit to the west. Don't worry, there is no door.","You are carrying: a knife, a banana, a raw pork chop, a raw red potato and a raw yellow potato.",1 of 17,0.058823529411764705,False,
9,,,"I am carrying too many items, so I should drop the banana to free up space for the yellow bell pepper.",drop banana,,You drop the banana on the ground.,Kitchen,"You've entered a kitchen.

You see an opened fridge nearby. The fridge contains a yellow bell pepper, a white onion and a block of cheese. There's something strange about this being here, but you can't put your finger on it. You bend down to tie your shoe. When you stand up, you notice an oven. You see a table. But the thing is empty, unfortunately. If you haven't noticed it already, there seems to be something there by the wall, it's a counter. On the counter you can make out a red apple, a red onion and a cookbook. If you haven't noticed it already, there seems to be something there by the wall, it's a stove. However, the stove, like an empty stove, has nothing on it.

There is an open plain door leading east. There is a closed screen door leading north. There is an exit to the west. Don't worry, there is no door.

There is a banana on the floor.","You are carrying: a knife, a raw pork chop, a raw red potato and a raw yellow potato.",1 of 17,0.058823529411764705,False,
10,,,"Now that I have space, I should take the yellow bell pepper from the fridge.",take yellow bell pepper from fridge,,"You take the yellow bell pepper from the fridge.



Your score has just gone up by one point.",Kitchen,"You've entered a kitchen.

You see an opened fridge nearby. The fridge contains a white onion and a block of cheese. There's something strange about this being here, but you can't put your finger on it. You bend down to tie your shoe. When you stand up, you notice an oven. You see a table. But the thing is empty, unfortunately. If you haven't noticed it already, there seems to be something there by the wall, it's a counter. On the counter you can make out a red apple, a red onion and a cookbook. If you haven't noticed it already, there seems to be something there by the wall, it's a stove. However, the stove, like an empty stove, has nothing on it.

There is an open plain door leading east. There is a closed screen door leading north. There is an exit to the west. Don't worry, there is no door.

There is a banana on the floor.","You are carrying: a yellow bell pepper, a knife, a raw pork chop, a raw red potato and a raw yellow potato.",2 of 17,0.11764705882352941,False,
11,,,I should check the cookbook on the counter to find the recipe for the meal.,examine cookbook,,"You open the copy of ""Cooking: A Modern Approach (3rd Ed.)"" and start reading:

Recipe #1
---------
Gather all following ingredients and follow the directions to prepare this tasty meal.

Ingredients:
carrot
  purple potato
  banana
  red hot pepper
  yellow bell pepper

Directions:
slice the carrot
  grill the carrot
  dice the purple potato
  fry the purple potato
  dice the banana
  roast the banana
  slice the red hot pepper
  fry the red hot pepper
  slice the yellow bell pepper
  fry the yellow bell pepper
  prepare meal",Kitchen,"You've entered a kitchen.

You see an opened fridge nearby. The fridge contains a white onion and a block of cheese. There's something strange about this being here, but you can't put your finger on it. You bend down to tie your shoe. When you stand up, you notice an oven. You see a table. But the thing is empty, unfortunately. If you haven't noticed it already, there seems to be something there by the wall, it's a counter. On the counter you can make out a red apple, a red onion and a cookbook. If you haven't noticed it already, there seems to be something there by the wall, it's a stove. However, the stove, like an empty stove, has nothing on it.

There is an open plain door leading east. There is a closed screen door leading north. There is an exit to the west. Don't worry, there is no door.

There is a banana on the floor.","You are carrying: a yellow bell pepper, a knife, a raw pork chop, a raw red potato and a raw yellow potato.",2 of 17,0.11764705882352941,False,
12,,,"The recipe requires a carrot, purple potato, banana, red hot pepper, and yellow bell pepper. I have the yellow bell pepper, but I need to get the carrot, purple potato, banana, and red hot pepper. I will first drop the raw pork chop to free space and then take the banana from the floor.",drop raw pork chop,,You drop the pork chop on the ground.,Kitchen,"You've entered a kitchen.

You see an opened fridge nearby. The fridge contains a white onion and a block of cheese. There's something strange about this being here, but you can't put your finger on it. You bend down to tie your shoe. When you stand up, you notice an oven. You see a table. But the thing is empty, unfortunately. If you haven't noticed it already, there seems to be something there by the wall, it's a counter. On the counter you can make out a red apple, a red onion and a cookbook. If you haven't noticed it already, there seems to be something there by the wall, it's a stove. However, the stove, like an empty stove, has nothing on it.

There is an open plain door leading east. There is a closed screen door leading north. There is an exit to the west. Don't worry, there is no door.

There is a raw pork chop and a banana on the floor.","You are carrying: a yellow bell pepper, a knife, a raw red potato and a raw yellow potato.",2 of 17,0.11764705882352941,False,
13,,,I should take the banana from the floor to have it for the recipe.,take banana from floor,,You pick up the banana from the ground.,Kitchen,"You've entered a kitchen.

You see an opened fridge nearby. The fridge contains a white onion and a block of cheese. There's something strange about this being here, but you can't put your finger on it. You bend down to tie your shoe. When you stand up, you notice an oven. You see a table. But the thing is empty, unfortunately. If you haven't noticed it already, there seems to be something there by the wall, it's a counter. On the counter you can make out a red apple, a red onion and a cookbook. If you haven't noticed it already, there seems to be something there by the wall, it's a stove. However, the stove, like an empty stove, has nothing on it.

There is an open plain door leading east. There is a closed screen door leading north. There is an exit to the west. Don't worry, there is no door.

There is a raw pork chop on the floor.","You are carrying: a banana, a yellow bell pepper, a knife, a raw red potato and a raw yellow potato.",2 of 17,0.11764705882352941,False,
14,,,"I need to find the carrot, purple potato, and red hot pepper. I will go east through the open plain door to look for these ingredients.",go east,,"You arrive in a pantry. A standard one.

You see a gleam over in a corner, where you can see a shelf. The shelf is wooden. But the thing hasn't got anything on it. It would have been so cool if there was stuff on the shelf.

There is an open plain door leading west.",Pantry,"You arrive in a pantry. A standard one.

You see a gleam over in a corner, where you can see a shelf. The shelf is wooden. But the thing hasn't got anything on it. It would have been so cool if there was stuff on the shelf.

There is an open plain door leading west.","You are carrying: a banana, a yellow bell pepper, a knife, a raw red potato and a raw yellow potato.",2 of 17,0.11764705882352941,False,
15,,,"The pantry is empty and does not have the ingredients I need. I will go back west to the kitchen and check the counter for the carrot, purple potato, and red hot pepper.",go west,,"You've entered a kitchen.

You see an opened fridge nearby. The fridge contains a white onion and a block of cheese. There's something strange about this being here, but you can't put your finger on it. You bend down to tie your shoe. When you stand up, you notice an oven. You see a table. But the thing is empty, unfortunately. If you haven't noticed it already, there seems to be something there by the wall, it's a counter. On the counter you can make out a red apple, a red onion and a cookbook. If you haven't noticed it already, there seems to be something there by the wall, it's a stove. However, the stove, like an empty stove, has nothing on it.

There is an open plain door leading east. There is a closed screen door leading north. There is an exit to the west. Don't worry, there is no door.

There is a raw pork chop on the floor.",Kitchen,"You've entered a kitchen.

You see an opened fridge nearby. The fridge contains a white onion and a block of cheese. There's something strange about this being here, but you can't put your finger on it. You bend down to tie your shoe. When you stand up, you notice an oven. You see a table. But the thing is empty, unfortunately. If you haven't noticed it already, there seems to be something there by the wall, it's a counter. On the counter you can make out a red apple, a red onion and a cookbook. If you haven't noticed it already, there seems to be something there by the wall, it's a stove. However, the stove, like an empty stove, has nothing on it.

There is an open plain door leading east. There is a closed screen door leading north. There is an exit to the west. Don't worry, there is no door.

There is a raw pork chop on the floor.","You are carrying: a banana, a yellow bell pepper, a knife, a raw red potato and a raw yellow potato.",2 of 17,0.11764705882352941,False,
16,,,I should examine the cookbook on the counter to check the recipe for the meal I need to cook.,examine cookbook,,"You open the copy of ""Cooking: A Modern Approach (3rd Ed.)"" and start reading:

Recipe #1
---------
Gather all following ingredients and follow the directions to prepare this tasty meal.

Ingredients:
carrot
  purple potato
  banana
  red hot pepper
  yellow bell pepper

Directions:
slice the carrot
  grill the carrot
  dice the purple potato
  fry the purple potato
  dice the banana
  roast the banana
  slice the red hot pepper
  fry the red hot pepper
  slice the yellow bell pepper
  fry the yellow bell pepper
  prepare meal",Kitchen,"You've entered a kitchen.

You see an opened fridge nearby. The fridge contains a white onion and a block of cheese. There's something strange about this being here, but you can't put your finger on it. You bend down to tie your shoe. When you stand up, you notice an oven. You see a table. But the thing is empty, unfortunately. If you haven't noticed it already, there seems to be something there by the wall, it's a counter. On the counter you can make out a red apple, a red onion and a cookbook. If you haven't noticed it already, there seems to be something there by the wall, it's a stove. However, the stove, like an empty stove, has nothing on it.

There is an open plain door leading east. There is a closed screen door leading north. There is an exit to the west. Don't worry, there is no door.

There is a raw pork chop on the floor.","You are carrying: a banana, a yellow bell pepper, a knife, a raw red potato and a raw yellow potato.",2 of 17,0.11764705882352941,False,
17,,,"I need to find the carrot, purple potato, and red hot pepper to complete the recipe. I will take the red apple and red onion from the counter to check if they might be the red hot pepper or carrot by examining them.",take red apple from counter,,You're carrying too many things already.,Kitchen,"You've entered a kitchen.

You see an opened fridge nearby. The fridge contains a white onion and a block of cheese. There's something strange about this being here, but you can't put your finger on it. You bend down to tie your shoe. When you stand up, you notice an oven. You see a table. But the thing is empty, unfortunately. If you haven't noticed it already, there seems to be something there by the wall, it's a counter. On the counter you can make out a red apple, a red onion and a cookbook. If you haven't noticed it already, there seems to be something there by the wall, it's a stove. However, the stove, like an empty stove, has nothing on it.

There is an open plain door leading east. There is a closed screen door leading north. There is an exit to the west. Don't worry, there is no door.

There is a raw pork chop on the floor.","You are carrying: a banana, a yellow bell pepper, a knife, a raw red potato and a raw yellow potato.",2 of 17,0.11764705882352941,False,
18,,,I am carrying too many items. I will drop the raw yellow potato to free up space and then take the red apple from the counter.,drop raw yellow potato,,You drop the yellow potato on the ground.,Kitchen,"You've entered a kitchen.

You see an opened fridge nearby. The fridge contains a white onion and a block of cheese. There's something strange about this being here, but you can't put your finger on it. You bend down to tie your shoe. When you stand up, you notice an oven. You see a table. But the thing is empty, unfortunately. If you haven't noticed it already, there seems to be something there by the wall, it's a counter. On the counter you can make out a red apple, a red onion and a cookbook. If you haven't noticed it already, there seems to be something there by the wall, it's a stove. However, the stove, like an empty stove, has nothing on it.

There is an open plain door leading east. There is a closed screen door leading north. There is an exit to the west. Don't worry, there is no door.

There is a raw yellow potato and a raw pork chop on the floor.","You are carrying: a banana, a yellow bell pepper, a knife and a raw red potato.",2 of 17,0.11764705882352941,False,
19,,,"Now that I have space, I will take the red apple from the counter to check if it is the red hot pepper or carrot.",take red apple from counter,,You take the red apple from the counter.,Kitchen,"You've entered a kitchen.

You see an opened fridge nearby. The fridge contains a white onion and a block of cheese. There's something strange about this being here, but you can't put your finger on it. You bend down to tie your shoe. When you stand up, you notice an oven. You see a table. But the thing is empty, unfortunately. If you haven't noticed it already, there seems to be something there by the wall, it's a counter. On the counter you can make out a red onion and a cookbook. If you haven't noticed it already, there seems to be something there by the wall, it's a stove. However, the stove, like an empty stove, has nothing on it.

There is an open plain door leading east. There is a closed screen door leading north. There is an exit to the west. Don't worry, there is no door.

There is a raw yellow potato and a raw pork chop on the floor.","You are carrying: a red apple, a banana, a yellow bell pepper, a knife and a raw red potato.",2 of 17,0.11764705882352941,False,
20,,,I should examine the red apple to confirm if it is the red hot pepper or carrot.,examine red apple,,You couldn't pay me to eat that red apple.,Kitchen,"You've entered a kitchen.

You see an opened fridge nearby. The fridge contains a white onion and a block of cheese. There's something strange about this being here, but you can't put your finger on it. You bend down to tie your shoe. When you stand up, you notice an oven. You see a table. But the thing is empty, unfortunately. If you haven't noticed it already, there seems to be something there by the wall, it's a counter. On the counter you can make out a red onion and a cookbook. If you haven't noticed it already, there seems to be something there by the wall, it's a stove. However, the stove, like an empty stove, has nothing on it.

There is an open plain door leading east. There is a closed screen door leading north. There is an exit to the west. Don't worry, there is no door.

There is a raw yellow potato and a raw pork chop on the floor.","You are carrying: a red apple, a banana, a yellow bell pepper, a knife and a raw red potato.",2 of 17,0.11764705882352941,False,
21,,,The red apple is not edible. I should check the cookbook on the counter for the recipe.,examine cookbook,,"You open the copy of ""Cooking: A Modern Approach (3rd Ed.)"" and start reading:

Recipe #1
---------
Gather all following ingredients and follow the directions to prepare this tasty meal.

Ingredients:
carrot
  purple potato
  banana
  red hot pepper
  yellow bell pepper

Directions:
slice the carrot
  grill the carrot
  dice the purple potato
  fry the purple potato
  dice the banana
  roast the banana
  slice the red hot pepper
  fry the red hot pepper
  slice the yellow bell pepper
  fry the yellow bell pepper
  prepare meal",Kitchen,"You've entered a kitchen.

You see an opened fridge nearby. The fridge contains a white onion and a block of cheese. There's something strange about this being here, but you can't put your finger on it. You bend down to tie your shoe. When you stand up, you notice an oven. You see a table. But the thing is empty, unfortunately. If you haven't noticed it already, there seems to be something there by the wall, it's a counter. On the counter you can make out a red onion and a cookbook. If you haven't noticed it already, there seems to be something there by the wall, it's a stove. However, the stove, like an empty stove, has nothing on it.

There is an open plain door leading east. There is a closed screen door leading north. There is an exit to the west. Don't worry, there is no door.

There is a raw yellow potato and a raw pork chop on the floor.","You are carrying: a red apple, a banana, a yellow bell pepper, a knife and a raw red potato.",2 of 17,0.11764705882352941,False,
22,,,"I need to find a carrot, purple potato, and red hot pepper to follow the recipe. I will check the counter for the carrot and red hot pepper.",examine counter,,"The counter is stable.

On the counter are a red onion and a cookbook.",Kitchen,"You've entered a kitchen.

You see an opened fridge nearby. The fridge contains a white onion and a block of cheese. There's something strange about this being here, but you can't put your finger on it. You bend down to tie your shoe. When you stand up, you notice an oven. You see a table. But the thing is empty, unfortunately. If you haven't noticed it already, there seems to be something there by the wall, it's a counter. On the counter you can make out a red onion and a cookbook. If you haven't noticed it already, there seems to be something there by the wall, it's a stove. However, the stove, like an empty stove, has nothing on it.

There is an open plain door leading east. There is a closed screen door leading north. There is an exit to the west. Don't worry, there is no door.

There is a raw yellow potato and a raw pork chop on the floor.","You are carrying: a red apple, a banana, a yellow bell pepper, a knife and a raw red potato.",2 of 17,0.11764705882352941,False,
23,,,"The counter only has a red onion and the cookbook, no carrot or red hot pepper. I should check the floor for the purple potato and red hot pepper.",look floor,,You can't see any such thing.,Kitchen,"You've entered a kitchen.

You see an opened fridge nearby. The fridge contains a white onion and a block of cheese. There's something strange about this being here, but you can't put your finger on it. You bend down to tie your shoe. When you stand up, you notice an oven. You see a table. But the thing is empty, unfortunately. If you haven't noticed it already, there seems to be something there by the wall, it's a counter. On the counter you can make out a red onion and a cookbook. If you haven't noticed it already, there seems to be something there by the wall, it's a stove. However, the stove, like an empty stove, has nothing on it.

There is an open plain door leading east. There is a closed screen door leading north. There is an exit to the west. Don't worry, there is no door.

There is a raw yellow potato and a raw pork chop on the floor.","You are carrying: a red apple, a banana, a yellow bell pepper, a knife and a raw red potato.",2 of 17,0.11764705882352941,False,
24,,,The purple potato and red hot pepper are not visible in the kitchen. I should check the fridge for any useful ingredients.,open fridge,,That's already open.,Kitchen,"You've entered a kitchen.

You see an opened fridge nearby. The fridge contains a white onion and a block of cheese. There's something strange about this being here, but you can't put your finger on it. You bend down to tie your shoe. When you stand up, you notice an oven. You see a table. But the thing is empty, unfortunately. If you haven't noticed it already, there seems to be something there by the wall, it's a counter. On the counter you can make out a red onion and a cookbook. If you haven't noticed it already, there seems to be something there by the wall, it's a stove. However, the stove, like an empty stove, has nothing on it.

There is an open plain door leading east. There is a closed screen door leading north. There is an exit to the west. Don't worry, there is no door.

There is a raw yellow potato and a raw pork chop on the floor.","You are carrying: a red apple, a banana, a yellow bell pepper, a knife and a raw red potato.",2 of 17,0.11764705882352941,False,
25,,,"The fridge is already open and contains a white onion and cheese, which are not part of the recipe. I should check the open plain door leading east to see if the missing ingredients are there.",go east,,"You arrive in a pantry. A standard one.

You see a gleam over in a corner, where you can see a shelf. The shelf is wooden. But the thing hasn't got anything on it. It would have been so cool if there was stuff on the shelf.

There is an open plain door leading west.",Pantry,"You arrive in a pantry. A standard one.

You see a gleam over in a corner, where you can see a shelf. The shelf is wooden. But the thing hasn't got anything on it. It would have been so cool if there was stuff on the shelf.

There is an open plain door leading west.","You are carrying: a red apple, a banana, a yellow bell pepper, a knife and a raw red potato.",2 of 17,0.11764705882352941,False,
26,,,"The pantry is empty, so I should go back to the kitchen and examine the cookbook on the counter for the recipe.",go west,,"You've entered a kitchen.

You see an opened fridge nearby. The fridge contains a white onion and a block of cheese. There's something strange about this being here, but you can't put your finger on it. You bend down to tie your shoe. When you stand up, you notice an oven. You see a table. But the thing is empty, unfortunately. If you haven't noticed it already, there seems to be something there by the wall, it's a counter. On the counter you can make out a red onion and a cookbook. If you haven't noticed it already, there seems to be something there by the wall, it's a stove. However, the stove, like an empty stove, has nothing on it.

There is an open plain door leading east. There is a closed screen door leading north. There is an exit to the west. Don't worry, there is no door.

There is a raw yellow potato and a raw pork chop on the floor.",Kitchen,"You've entered a kitchen.

You see an opened fridge nearby. The fridge contains a white onion and a block of cheese. There's something strange about this being here, but you can't put your finger on it. You bend down to tie your shoe. When you stand up, you notice an oven. You see a table. But the thing is empty, unfortunately. If you haven't noticed it already, there seems to be something there by the wall, it's a counter. On the counter you can make out a red onion and a cookbook. If you haven't noticed it already, there seems to be something there by the wall, it's a stove. However, the stove, like an empty stove, has nothing on it.

There is an open plain door leading east. There is a closed screen door leading north. There is an exit to the west. Don't worry, there is no door.

There is a raw yellow potato and a raw pork chop on the floor.","You are carrying: a red apple, a banana, a yellow bell pepper, a knife and a raw red potato.",2 of 17,0.11764705882352941,False,
27,,,I should examine the cookbook on the counter to find the recipe for the meal.,examine cookbook,,"You open the copy of ""Cooking: A Modern Approach (3rd Ed.)"" and start reading:

Recipe #1
---------
Gather all following ingredients and follow the directions to prepare this tasty meal.

Ingredients:
carrot
  purple potato
  banana
  red hot pepper
  yellow bell pepper

Directions:
slice the carrot
  grill the carrot
  dice the purple potato
  fry the purple potato
  dice the banana
  roast the banana
  slice the red hot pepper
  fry the red hot pepper
  slice the yellow bell pepper
  fry the yellow bell pepper
  prepare meal",Kitchen,"You've entered a kitchen.

You see an opened fridge nearby. The fridge contains a white onion and a block of cheese. There's something strange about this being here, but you can't put your finger on it. You bend down to tie your shoe. When you stand up, you notice an oven. You see a table. But the thing is empty, unfortunately. If you haven't noticed it already, there seems to be something there by the wall, it's a counter. On the counter you can make out a red onion and a cookbook. If you haven't noticed it already, there seems to be something there by the wall, it's a stove. However, the stove, like an empty stove, has nothing on it.

There is an open plain door leading east. There is a closed screen door leading north. There is an exit to the west. Don't worry, there is no door.

There is a raw yellow potato and a raw pork chop on the floor.","You are carrying: a red apple, a banana, a yellow bell pepper, a knife and a raw red potato.",2 of 17,0.11764705882352941,False,
28,,,"I need to gather the ingredients from the recipe: carrot, purple potato, banana, red hot pepper, and yellow bell pepper. I already have a banana and yellow bell pepper, but I need to find a carrot, purple potato, and red hot pepper.",take carrot from counter,,You can't see any such thing.,Kitchen,"You've entered a kitchen.

You see an opened fridge nearby. The fridge contains a white onion and a block of cheese. There's something strange about this being here, but you can't put your finger on it. You bend down to tie your shoe. When you stand up, you notice an oven. You see a table. But the thing is empty, unfortunately. If you haven't noticed it already, there seems to be something there by the wall, it's a counter. On the counter you can make out a red onion and a cookbook. If you haven't noticed it already, there seems to be something there by the wall, it's a stove. However, the stove, like an empty stove, has nothing on it.

There is an open plain door leading east. There is a closed screen door leading north. There is an exit to the west. Don't worry, there is no door.

There is a raw yellow potato and a raw pork chop on the floor.","You are carrying: a red apple, a banana, a yellow bell pepper, a knife and a raw red potato.",2 of 17,0.11764705882352941,False,
29,,,"Since the carrot is not on the counter, I should check the floor for the raw yellow potato and raw pork chop, and also check the fridge for any other ingredients.",take raw yellow potato from floor,,You're carrying too many things already.,Kitchen,"You've entered a kitchen.

You see an opened fridge nearby. The fridge contains a white onion and a block of cheese. There's something strange about this being here, but you can't put your finger on it. You bend down to tie your shoe. When you stand up, you notice an oven. You see a table. But the thing is empty, unfortunately. If you haven't noticed it already, there seems to be something there by the wall, it's a counter. On the counter you can make out a red onion and a cookbook. If you haven't noticed it already, there seems to be something there by the wall, it's a stove. However, the stove, like an empty stove, has nothing on it.

There is an open plain door leading east. There is a closed screen door leading north. There is an exit to the west. Don't worry, there is no door.

There is a raw yellow potato and a raw pork chop on the floor.","You are carrying: a red apple, a banana, a yellow bell pepper, a knife and a raw red potato.",2 of 17,0.11764705882352941,False,
30,,,"I am carrying too many items, so I should drop the red apple to free up space for the raw yellow potato.",drop red apple,,You drop the red apple on the ground.,Kitchen,"You've entered a kitchen.

You see an opened fridge nearby. The fridge contains a white onion and a block of cheese. There's something strange about this being here, but you can't put your finger on it. You bend down to tie your shoe. When you stand up, you notice an oven. You see a table. But the thing is empty, unfortunately. If you haven't noticed it already, there seems to be something there by the wall, it's a counter. On the counter you can make out a red onion and a cookbook. If you haven't noticed it already, there seems to be something there by the wall, it's a stove. However, the stove, like an empty stove, has nothing on it.

There is an open plain door leading east. There is a closed screen door leading north. There is an exit to the west. Don't worry, there is no door.

There is a red apple, a raw yellow potato and a raw pork chop on the floor.","You are carrying: a banana, a yellow bell pepper, a knife and a raw red potato.",2 of 17,0.11764705882352941,False,
31,,,"Now that I have space, I should take the raw yellow potato from the floor.",take raw yellow potato from floor,,You pick up the yellow potato from the ground.,Kitchen,"You've entered a kitchen.

You see an opened fridge nearby. The fridge contains a white onion and a block of cheese. There's something strange about this being here, but you can't put your finger on it. You bend down to tie your shoe. When you stand up, you notice an oven. You see a table. But the thing is empty, unfortunately. If you haven't noticed it already, there seems to be something there by the wall, it's a counter. On the counter you can make out a red onion and a cookbook. If you haven't noticed it already, there seems to be something there by the wall, it's a stove. However, the stove, like an empty stove, has nothing on it.

There is an open plain door leading east. There is a closed screen door leading north. There is an exit to the west. Don't worry, there is no door.

There is a red apple and a raw pork chop on the floor.","You are carrying: a raw yellow potato, a banana, a yellow bell pepper, a knife and a raw red potato.",2 of 17,0.11764705882352941,False,
32,,,I should check the cookbook on the counter to find the recipe for cooking a delicious meal.,examine cookbook,,"You open the copy of ""Cooking: A Modern Approach (3rd Ed.)"" and start reading:

Recipe #1
---------
Gather all following ingredients and follow the directions to prepare this tasty meal.

Ingredients:
carrot
  purple potato
  banana
  red hot pepper
  yellow bell pepper

Directions:
slice the carrot
  grill the carrot
  dice the purple potato
  fry the purple potato
  dice the banana
  roast the banana
  slice the red hot pepper
  fry the red hot pepper
  slice the yellow bell pepper
  fry the yellow bell pepper
  prepare meal",Kitchen,"You've entered a kitchen.

You see an opened fridge nearby. The fridge contains a white onion and a block of cheese. There's something strange about this being here, but you can't put your finger on it. You bend down to tie your shoe. When you stand up, you notice an oven. You see a table. But the thing is empty, unfortunately. If you haven't noticed it already, there seems to be something there by the wall, it's a counter. On the counter you can make out a red onion and a cookbook. If you haven't noticed it already, there seems to be something there by the wall, it's a stove. However, the stove, like an empty stove, has nothing on it.

There is an open plain door leading east. There is a closed screen door leading north. There is an exit to the west. Don't worry, there is no door.

There is a red apple and a raw pork chop on the floor.","You are carrying: a raw yellow potato, a banana, a yellow bell pepper, a knife and a raw red potato.",2 of 17,0.11764705882352941,False,
33,,,"The recipe requires a carrot and a purple potato, but I currently have a raw yellow potato and a raw red potato. I should check if the raw red potato is the purple potato mentioned in the recipe.",examine raw red potato,,That's a raw red potato!,Kitchen,"You've entered a kitchen.

You see an opened fridge nearby. The fridge contains a white onion and a block of cheese. There's something strange about this being here, but you can't put your finger on it. You bend down to tie your shoe. When you stand up, you notice an oven. You see a table. But the thing is empty, unfortunately. If you haven't noticed it already, there seems to be something there by the wall, it's a counter. On the counter you can make out a red onion and a cookbook. If you haven't noticed it already, there seems to be something there by the wall, it's a stove. However, the stove, like an empty stove, has nothing on it.

There is an open plain door leading east. There is a closed screen door leading north. There is an exit to the west. Don't worry, there is no door.

There is a red apple and a raw pork chop on the floor.","You are carrying: a raw yellow potato, a banana, a yellow bell pepper, a knife and a raw red potato.",2 of 17,0.11764705882352941,False,
34,,,"Since I don't have a carrot or a purple potato, I cannot follow the recipe exactly. I will try to slice the yellow bell pepper as it is part of the recipe and then fry it.",slice yellow bell pepper with knife,,"You slice the yellow bell pepper.



Your score has just gone up by one point.",Kitchen,"You've entered a kitchen.

You see an opened fridge nearby. The fridge contains a white onion and a block of cheese. There's something strange about this being here, but you can't put your finger on it. You bend down to tie your shoe. When you stand up, you notice an oven. You see a table. But the thing is empty, unfortunately. If you haven't noticed it already, there seems to be something there by the wall, it's a counter. On the counter you can make out a red onion and a cookbook. If you haven't noticed it already, there seems to be something there by the wall, it's a stove. However, the stove, like an empty stove, has nothing on it.

There is an open plain door leading east. There is a closed screen door leading north. There is an exit to the west. Don't worry, there is no door.

There is a red apple and a raw pork chop on the floor.","You are carrying: a raw yellow potato, a banana, a sliced yellow bell pepper, a knife and a raw red potato.",3 of 17,0.17647058823529413,False,
35,,,I should fry the sliced yellow bell pepper as the next step in the recipe.,fry sliced yellow bell pepper,,That's not a verb I recognise.,Kitchen,"You've entered a kitchen.

You see an opened fridge nearby. The fridge contains a white onion and a block of cheese. There's something strange about this being here, but you can't put your finger on it. You bend down to tie your shoe. When you stand up, you notice an oven. You see a table. But the thing is empty, unfortunately. If you haven't noticed it already, there seems to be something there by the wall, it's a counter. On the counter you can make out a red onion and a cookbook. If you haven't noticed it already, there seems to be something there by the wall, it's a stove. However, the stove, like an empty stove, has nothing on it.

There is an open plain door leading east. There is a closed screen door leading north. There is an exit to the west. Don't worry, there is no door.

There is a red apple and a raw pork chop on the floor.","You are carrying: a raw yellow potato, a banana, a sliced yellow bell pepper, a knife and a raw red potato.",3 of 17,0.17647058823529413,False,
36,,,"The command ""fry"" is not recognized. I should try to cook the sliced yellow bell pepper using the stove instead.",cook sliced yellow bell pepper with stove,,"You fried the yellow bell pepper.



Your score has just gone up by one point.",Kitchen,"You've entered a kitchen.

You see an opened fridge nearby. The fridge contains a white onion and a block of cheese. There's something strange about this being here, but you can't put your finger on it. You bend down to tie your shoe. When you stand up, you notice an oven. You see a table. But the thing is empty, unfortunately. If you haven't noticed it already, there seems to be something there by the wall, it's a counter. On the counter you can make out a red onion and a cookbook. If you haven't noticed it already, there seems to be something there by the wall, it's a stove. However, the stove, like an empty stove, has nothing on it.

There is an open plain door leading east. There is a closed screen door leading north. There is an exit to the west. Don't worry, there is no door.

There is a red apple and a raw pork chop on the floor.","You are carrying: a raw yellow potato, a banana, a sliced fried yellow bell pepper, a knife and a raw red potato.",4 of 17,0.23529411764705882,False,
37,,,I should check the cookbook on the counter to see the full recipe and next steps.,examine cookbook,,"You open the copy of ""Cooking: A Modern Approach (3rd Ed.)"" and start reading:

Recipe #1
---------
Gather all following ingredients and follow the directions to prepare this tasty meal.

Ingredients:
carrot
  purple potato
  banana
  red hot pepper
  yellow bell pepper

Directions:
slice the carrot
  grill the carrot
  dice the purple potato
  fry the purple potato
  dice the banana
  roast the banana
  slice the red hot pepper
  fry the red hot pepper
  slice the yellow bell pepper
  fry the yellow bell pepper
  prepare meal",Kitchen,"You've entered a kitchen.

You see an opened fridge nearby. The fridge contains a white onion and a block of cheese. There's something strange about this being here, but you can't put your finger on it. You bend down to tie your shoe. When you stand up, you notice an oven. You see a table. But the thing is empty, unfortunately. If you haven't noticed it already, there seems to be something there by the wall, it's a counter. On the counter you can make out a red onion and a cookbook. If you haven't noticed it already, there seems to be something there by the wall, it's a stove. However, the stove, like an empty stove, has nothing on it.

There is an open plain door leading east. There is a closed screen door leading north. There is an exit to the west. Don't worry, there is no door.

There is a red apple and a raw pork chop on the floor.","You are carrying: a raw yellow potato, a banana, a sliced fried yellow bell pepper, a knife and a raw red potato.",4 of 17,0.23529411764705882,False,
38,,,"I need to find and prepare the carrot and purple potato as per the recipe. I currently have a raw yellow potato and raw red potato, but no carrot or purple potato. I should look around to find the carrot and purple potato.",look,,"You've entered a kitchen.

You see an opened fridge nearby. The fridge contains a white onion and a block of cheese. There's something strange about this being here, but you can't put your finger on it. You bend down to tie your shoe. When you stand up, you notice an oven. You see a table. But the thing is empty, unfortunately. If you haven't noticed it already, there seems to be something there by the wall, it's a counter. On the counter you can make out a red onion and a cookbook. If you haven't noticed it already, there seems to be something there by the wall, it's a stove. However, the stove, like an empty stove, has nothing on it.

There is an open plain door leading east. There is a closed screen door leading north. There is an exit to the west. Don't worry, there is no door.

There is a red apple and a raw pork chop on the floor.",Kitchen,"You've entered a kitchen.

You see an opened fridge nearby. The fridge contains a white onion and a block of cheese. There's something strange about this being here, but you can't put your finger on it. You bend down to tie your shoe. When you stand up, you notice an oven. You see a table. But the thing is empty, unfortunately. If you haven't noticed it already, there seems to be something there by the wall, it's a counter. On the counter you can make out a red onion and a cookbook. If you haven't noticed it already, there seems to be something there by the wall, it's a stove. However, the stove, like an empty stove, has nothing on it.

There is an open plain door leading east. There is a closed screen door leading north. There is an exit to the west. Don't worry, there is no door.

There is a red apple and a raw pork chop on the floor.","You are carrying: a raw yellow potato, a banana, a sliced fried yellow bell pepper, a knife and a raw red potato.",4 of 17,0.23529411764705882,False,
39,,,There is no carrot or purple potato visible in the kitchen. I should go west to check if these ingredients are there.,go west,,"You are in a livingroom. A normal kind of place.

You hear a noise behind you and spin around, but you can't see anything other than a sofa. Wow, isn't TextWorld just the best? The sofa is comfy. However, the sofa, like an empty sofa, has nothing on it. What, you think everything in TextWorld should have stuff on it?

There is an exit to the east. Don't worry, there is no door. You need an exit without a door? You should try going north.",Livingroom,"You are in a livingroom. A normal kind of place.

You hear a noise behind you and spin around, but you can't see anything other than a sofa. Wow, isn't TextWorld just the best? The sofa is comfy. However, the sofa, like an empty sofa, has nothing on it. What, you think everything in TextWorld should have stuff on it?

There is an exit to the east. Don't worry, there is no door. You need an exit without a door? You should try going north.","You are carrying: a raw yellow potato, a banana, a sliced fried yellow bell pepper, a knife and a raw red potato.",4 of 17,0.23529411764705882,False,
40,,,I should go north from the livingroom to explore further for the carrot and purple potato.,go north,,"You've entered a corridor.



There is a closed sliding patio door leading east. You don't like doors? Why not try going north, that entranceway is not blocked by one. You don't like doors? Why not try going south, that entranceway is not blocked by one. You don't like doors? Why not try going west, that entranceway is not blocked by one.",Corridor,"You've entered a corridor.



There is a closed sliding patio door leading east. You don't like doors? Why not try going north, that entranceway is not blocked by one. You don't like doors? Why not try going south, that entranceway is not blocked by one. You don't like doors? Why not try going west, that entranceway is not blocked by one.","You are carrying: a raw yellow potato, a banana, a sliced fried yellow bell pepper, a knife and a raw red potato.",4 of 17,0.23529411764705882,False,
41,,,I should go west from the corridor to check for the carrot and purple potato.,go west,,"You arrive in a bathroom. A standard kind of place.

You can see a toilet. The toilet is white. But there isn't a thing on it. What, you think everything in TextWorld should have stuff on it?

There is an exit to the east. Don't worry, there is no door.",Bathroom,"You arrive in a bathroom. A standard kind of place.

You can see a toilet. The toilet is white. But there isn't a thing on it. What, you think everything in TextWorld should have stuff on it?

There is an exit to the east. Don't worry, there is no door.","You are carrying: a raw yellow potato, a banana, a sliced fried yellow bell pepper, a knife and a raw red potato.",4 of 17,0.23529411764705882,False,
42,,,The bathroom does not have the carrot or purple potato. I should go back east to the corridor and then try going north to explore further.,go east,,"You've entered a corridor.



There is a closed sliding patio door leading east. You don't like doors? Why not try going north, that entranceway is not blocked by one. You don't like doors? Why not try going south, that entranceway is not blocked by one. You don't like doors? Why not try going west, that entranceway is not blocked by one.",Corridor,"You've entered a corridor.



There is a closed sliding patio door leading east. You don't like doors? Why not try going north, that entranceway is not blocked by one. You don't like doors? Why not try going south, that entranceway is not blocked by one. You don't like doors? Why not try going west, that entranceway is not blocked by one.","You are carrying: a raw yellow potato, a banana, a sliced fried yellow bell pepper, a knife and a raw red potato.",4 of 17,0.23529411764705882,False,
43,,,I should go north from the corridor to continue exploring for the carrot and purple potato.,go north,,"Guess what, you are in the place we're calling the bedroom.

You make out a bed. But the thing is empty. What, you think everything in TextWorld should have stuff on it?

You need an exit without a door? You should try going south.",Bedroom,"Guess what, you are in the place we're calling the bedroom.

You make out a bed. But the thing is empty. What, you think everything in TextWorld should have stuff on it?

You need an exit without a door? You should try going south.","You are carrying: a raw yellow potato, a banana, a sliced fried yellow bell pepper, a knife and a raw red potato.",4 of 17,0.23529411764705882,False,
44,,,The bedroom does not have the carrot or purple potato. I should go back south to the corridor and then try going south to explore further.,go south,,"You've entered a corridor.



There is a closed sliding patio door leading east. You don't like doors? Why not try going north, that entranceway is not blocked by one. You don't like doors? Why not try going south, that entranceway is not blocked by one. You don't like doors? Why not try going west, that entranceway is not blocked by one.",Corridor,"You've entered a corridor.



There is a closed sliding patio door leading east. You don't like doors? Why not try going north, that entranceway is not blocked by one. You don't like doors? Why not try going south, that entranceway is not blocked by one. You don't like doors? Why not try going west, that entranceway is not blocked by one.","You are carrying: a raw yellow potato, a banana, a sliced fried yellow bell pepper, a knife and a raw red potato.",4 of 17,0.23529411764705882,False,
45,,,I should go south from the corridor to check if the carrot or purple potato is there.,go south,,"You are in a livingroom. A normal kind of place.

You hear a noise behind you and spin around, but you can't see anything other than a sofa. Wow, isn't TextWorld just the best? The sofa is comfy. However, the sofa, like an empty sofa, has nothing on it. What, you think everything in TextWorld should have stuff on it?

There is an exit to the east. Don't worry, there is no door. You need an exit without a door? You should try going north.",Livingroom,"You are in a livingroom. A normal kind of place.

You hear a noise behind you and spin around, but you can't see anything other than a sofa. Wow, isn't TextWorld just the best? The sofa is comfy. However, the sofa, like an empty sofa, has nothing on it. What, you think everything in TextWorld should have stuff on it?

There is an exit to the east. Don't worry, there is no door. You need an exit without a door? You should try going north.","You are carrying: a raw yellow potato, a banana, a sliced fried yellow bell pepper, a knife and a raw red potato.",4 of 17,0.23529411764705882,False,
46,,,I should go east from the livingroom to explore further for the carrot and purple potato.,go east,,"You've entered a kitchen.

You see an opened fridge nearby. The fridge contains a white onion and a block of cheese. There's something strange about this being here, but you can't put your finger on it. You bend down to tie your shoe. When you stand up, you notice an oven. You see a table. But the thing is empty, unfortunately. If you haven't noticed it already, there seems to be something there by the wall, it's a counter. On the counter you can make out a red onion and a cookbook. If you haven't noticed it already, there seems to be something there by the wall, it's a stove. However, the stove, like an empty stove, has nothing on it.

There is an open plain door leading east. There is a closed screen door leading north. There is an exit to the west. Don't worry, there is no door.

There is a red apple and a raw pork chop on the floor.",Kitchen,"You've entered a kitchen.

You see an opened fridge nearby. The fridge contains a white onion and a block of cheese. There's something strange about this being here, but you can't put your finger on it. You bend down to tie your shoe. When you stand up, you notice an oven. You see a table. But the thing is empty, unfortunately. If you haven't noticed it already, there seems to be something there by the wall, it's a counter. On the counter you can make out a red onion and a cookbook. If you haven't noticed it already, there seems to be something there by the wall, it's a stove. However, the stove, like an empty stove, has nothing on it.

There is an open plain door leading east. There is a closed screen door leading north. There is an exit to the west. Don't worry, there is no door.

There is a red apple and a raw pork chop on the floor.","You are carrying: a raw yellow potato, a banana, a sliced fried yellow bell pepper, a knife and a raw red potato.",4 of 17,0.23529411764705882,False,
47,,,I should examine the cookbook on the counter to check the recipe for cooking a delicious meal.,examine cookbook,,"You open the copy of ""Cooking: A Modern Approach (3rd Ed.)"" and start reading:

Recipe #1
---------
Gather all following ingredients and follow the directions to prepare this tasty meal.

Ingredients:
carrot
  purple potato
  banana
  red hot pepper
  yellow bell pepper

Directions:
slice the carrot
  grill the carrot
  dice the purple potato
  fry the purple potato
  dice the banana
  roast the banana
  slice the red hot pepper
  fry the red hot pepper
  slice the yellow bell pepper
  fry the yellow bell pepper
  prepare meal",Kitchen,"You've entered a kitchen.

You see an opened fridge nearby. The fridge contains a white onion and a block of cheese. There's something strange about this being here, but you can't put your finger on it. You bend down to tie your shoe. When you stand up, you notice an oven. You see a table. But the thing is empty, unfortunately. If you haven't noticed it already, there seems to be something there by the wall, it's a counter. On the counter you can make out a red onion and a cookbook. If you haven't noticed it already, there seems to be something there by the wall, it's a stove. However, the stove, like an empty stove, has nothing on it.

There is an open plain door leading east. There is a closed screen door leading north. There is an exit to the west. Don't worry, there is no door.

There is a red apple and a raw pork chop on the floor.","You are carrying: a raw yellow potato, a banana, a sliced fried yellow bell pepper, a knife and a raw red potato.",4 of 17,0.23529411764705882,False,
48,,,I need to find the carrot and purple potato to follow the recipe. I will go east to check the next room for these ingredients.,go east,,"You arrive in a pantry. A standard one.

You see a gleam over in a corner, where you can see a shelf. The shelf is wooden. But the thing hasn't got anything on it. It would have been so cool if there was stuff on the shelf.

There is an open plain door leading west.",Pantry,"You arrive in a pantry. A standard one.

You see a gleam over in a corner, where you can see a shelf. The shelf is wooden. But the thing hasn't got anything on it. It would have been so cool if there was stuff on the shelf.

There is an open plain door leading west.","You are carrying: a raw yellow potato, a banana, a sliced fried yellow bell pepper, a knife and a raw red potato.",4 of 17,0.23529411764705882,False,
49,,,The pantry has no carrot or purple potato. I should go back west to the kitchen and then try going north through the closed screen door to explore further.,go west,,"You've entered a kitchen.

You see an opened fridge nearby. The fridge contains a white onion and a block of cheese. There's something strange about this being here, but you can't put your finger on it. You bend down to tie your shoe. When you stand up, you notice an oven. You see a table. But the thing is empty, unfortunately. If you haven't noticed it already, there seems to be something there by the wall, it's a counter. On the counter you can make out a red onion and a cookbook. If you haven't noticed it already, there seems to be something there by the wall, it's a stove. However, the stove, like an empty stove, has nothing on it.

There is an open plain door leading east. There is a closed screen door leading north. There is an exit to the west. Don't worry, there is no door.

There is a red apple and a raw pork chop on the floor.",Kitchen,"You've entered a kitchen.

You see an opened fridge nearby. The fridge contains a white onion and a block of cheese. There's something strange about this being here, but you can't put your finger on it. You bend down to tie your shoe. When you stand up, you notice an oven. You see a table. But the thing is empty, unfortunately. If you haven't noticed it already, there seems to be something there by the wall, it's a counter. On the counter you can make out a red onion and a cookbook. If you haven't noticed it already, there seems to be something there by the wall, it's a stove. However, the stove, like an empty stove, has nothing on it.

There is an open plain door leading east. There is a closed screen door leading north. There is an exit to the west. Don't worry, there is no door.

There is a red apple and a raw pork chop on the floor.","You are carrying: a raw yellow potato, a banana, a sliced fried yellow bell pepper, a knife and a raw red potato.",4 of 17,0.23529411764705882,False,
50,,,"I should take the banana from my inventory and dice it as per the recipe, then roast it.",dice banana with knife,,"You dice the banana.



Your score has just gone up by one point.",Kitchen,"You've entered a kitchen.

You see an opened fridge nearby. The fridge contains a white onion and a block of cheese. There's something strange about this being here, but you can't put your finger on it. You bend down to tie your shoe. When you stand up, you notice an oven. You see a table. But the thing is empty, unfortunately. If you haven't noticed it already, there seems to be something there by the wall, it's a counter. On the counter you can make out a red onion and a cookbook. If you haven't noticed it already, there seems to be something there by the wall, it's a stove. However, the stove, like an empty stove, has nothing on it.

There is an open plain door leading east. There is a closed screen door leading north. There is an exit to the west. Don't worry, there is no door.

There is a red apple and a raw pork chop on the floor.","You are carrying: a raw yellow potato, a diced banana, a sliced fried yellow bell pepper, a knife and a raw red potato.",5 of 17,0.29411764705882354,False,
51,,,I should roast the diced banana next as per the recipe.,cook diced banana with oven,,"You roasted the banana.



Your score has just gone up by one point.",Kitchen,"You've entered a kitchen.

You see an opened fridge nearby. The fridge contains a white onion and a block of cheese. There's something strange about this being here, but you can't put your finger on it. You bend down to tie your shoe. When you stand up, you notice an oven. You see a table. But the thing is empty, unfortunately. If you haven't noticed it already, there seems to be something there by the wall, it's a counter. On the counter you can make out a red onion and a cookbook. If you haven't noticed it already, there seems to be something there by the wall, it's a stove. However, the stove, like an empty stove, has nothing on it.

There is an open plain door leading east. There is a closed screen door leading north. There is an exit to the west. Don't worry, there is no door.

There is a red apple and a raw pork chop on the floor.","You are carrying: a raw yellow potato, a diced roasted banana, a sliced fried yellow bell pepper, a knife and a raw red potato.",6 of 17,0.35294117647058826,False,
52,,,"I should now prepare the meal using the diced roasted banana, sliced fried yellow bell pepper, raw yellow potato, and raw red potato.",prepare meal,,You still miss something.,Kitchen,"You've entered a kitchen.

You see an opened fridge nearby. The fridge contains a white onion and a block of cheese. There's something strange about this being here, but you can't put your finger on it. You bend down to tie your shoe. When you stand up, you notice an oven. You see a table. But the thing is empty, unfortunately. If you haven't noticed it already, there seems to be something there by the wall, it's a counter. On the counter you can make out a red onion and a cookbook. If you haven't noticed it already, there seems to be something there by the wall, it's a stove. However, the stove, like an empty stove, has nothing on it.

There is an open plain door leading east. There is a closed screen door leading north. There is an exit to the west. Don't worry, there is no door.

There is a red apple and a raw pork chop on the floor.","You are carrying: a raw yellow potato, a diced roasted banana, a sliced fried yellow bell pepper, a knife and a raw red potato.",6 of 17,0.35294117647058826,False,
53,,,"I am missing an ingredient from the fridge or counter, likely the onion or cheese. I should take the red onion from the counter to complete the ingredients.",take red onion from counter,,You're carrying too many things already.,Kitchen,"You've entered a kitchen.

You see an opened fridge nearby. The fridge contains a white onion and a block of cheese. There's something strange about this being here, but you can't put your finger on it. You bend down to tie your shoe. When you stand up, you notice an oven. You see a table. But the thing is empty, unfortunately. If you haven't noticed it already, there seems to be something there by the wall, it's a counter. On the counter you can make out a red onion and a cookbook. If you haven't noticed it already, there seems to be something there by the wall, it's a stove. However, the stove, like an empty stove, has nothing on it.

There is an open plain door leading east. There is a closed screen door leading north. There is an exit to the west. Don't worry, there is no door.

There is a red apple and a raw pork chop on the floor.","You are carrying: a raw yellow potato, a diced roasted banana, a sliced fried yellow bell pepper, a knife and a raw red potato.",6 of 17,0.35294117647058826,False,
54,,,I need to free up some inventory space by putting down the knife before taking the red onion.,drop knife,,You drop the knife on the ground.,Kitchen,"You've entered a kitchen.

You see an opened fridge nearby. The fridge contains a white onion and a block of cheese. There's something strange about this being here, but you can't put your finger on it. You bend down to tie your shoe. When you stand up, you notice an oven. You see a table. But the thing is empty, unfortunately. If you haven't noticed it already, there seems to be something there by the wall, it's a counter. On the counter you can make out a red onion and a cookbook. If you haven't noticed it already, there seems to be something there by the wall, it's a stove. However, the stove, like an empty stove, has nothing on it.

There is an open plain door leading east. There is a closed screen door leading north. There is an exit to the west. Don't worry, there is no door.

There is a knife, a red apple and a raw pork chop on the floor.","You are carrying: a raw yellow potato, a diced roasted banana, a sliced fried yellow bell pepper and a raw red potato.",6 of 17,0.35294117647058826,False,
55,,,"Now that I have freed up space, I should take the red onion from the counter.",take red onion from counter,,You take the red onion from the counter.,Kitchen,"You've entered a kitchen.

You see an opened fridge nearby. The fridge contains a white onion and a block of cheese. There's something strange about this being here, but you can't put your finger on it. You bend down to tie your shoe. When you stand up, you notice an oven. You see a table. But the thing is empty, unfortunately. If you haven't noticed it already, there seems to be something there by the wall, it's a counter. On the counter you can make out a cookbook. If you haven't noticed it already, there seems to be something there by the wall, it's a stove. However, the stove, like an empty stove, has nothing on it.

There is an open plain door leading east. There is a closed screen door leading north. There is an exit to the west. Don't worry, there is no door.

There is a knife, a red apple and a raw pork chop on the floor.","You are carrying: a red onion, a raw yellow potato, a diced roasted banana, a sliced fried yellow bell pepper and a raw red potato.",6 of 17,0.35294117647058826,False,
56,,,I should now take the knife from the floor to be able to prepare the meal.,take knife from floor,,You're carrying too many things already.,Kitchen,"You've entered a kitchen.

You see an opened fridge nearby. The fridge contains a white onion and a block of cheese. There's something strange about this being here, but you can't put your finger on it. You bend down to tie your shoe. When you stand up, you notice an oven. You see a table. But the thing is empty, unfortunately. If you haven't noticed it already, there seems to be something there by the wall, it's a counter. On the counter you can make out a cookbook. If you haven't noticed it already, there seems to be something there by the wall, it's a stove. However, the stove, like an empty stove, has nothing on it.

There is an open plain door leading east. There is a closed screen door leading north. There is an exit to the west. Don't worry, there is no door.

There is a knife, a red apple and a raw pork chop on the floor.","You are carrying: a red onion, a raw yellow potato, a diced roasted banana, a sliced fried yellow bell pepper and a raw red potato.",6 of 17,0.35294117647058826,False,
57,,,I need to drop one item to free up space for the knife. I will drop the diced roasted banana.,drop diced roasted banana,,You drop the banana on the ground.,Kitchen,"You've entered a kitchen.

You see an opened fridge nearby. The fridge contains a white onion and a block of cheese. There's something strange about this being here, but you can't put your finger on it. You bend down to tie your shoe. When you stand up, you notice an oven. You see a table. But the thing is empty, unfortunately. If you haven't noticed it already, there seems to be something there by the wall, it's a counter. On the counter you can make out a cookbook. If you haven't noticed it already, there seems to be something there by the wall, it's a stove. However, the stove, like an empty stove, has nothing on it.

There is an open plain door leading east. There is a closed screen door leading north. There is an exit to the west. Don't worry, there is no door.

There is a diced roasted banana, a knife, a red apple and a raw pork chop on the floor.","You are carrying: a red onion, a raw yellow potato, a sliced fried yellow bell pepper and a raw red potato.",6 of 17,0.35294117647058826,False,
58,,,"Now that I have space, I should take the knife from the floor.",take knife from floor,,You pick up the knife from the ground.,Kitchen,"You've entered a kitchen.

You see an opened fridge nearby. The fridge contains a white onion and a block of cheese. There's something strange about this being here, but you can't put your finger on it. You bend down to tie your shoe. When you stand up, you notice an oven. You see a table. But the thing is empty, unfortunately. If you haven't noticed it already, there seems to be something there by the wall, it's a counter. On the counter you can make out a cookbook. If you haven't noticed it already, there seems to be something there by the wall, it's a stove. However, the stove, like an empty stove, has nothing on it.

There is an open plain door leading east. There is a closed screen door leading north. There is an exit to the west. Don't worry, there is no door.

There is a diced roasted banana, a red apple and a raw pork chop on the floor.","You are carrying: a knife, a red onion, a raw yellow potato, a sliced fried yellow bell pepper and a raw red potato.",6 of 17,0.35294117647058826,False,
59,,,I should examine the cookbook on the counter to check the recipe for cooking a delicious meal.,examine cookbook,,"You open the copy of ""Cooking: A Modern Approach (3rd Ed.)"" and start reading:

Recipe #1
---------
Gather all following ingredients and follow the directions to prepare this tasty meal.

Ingredients:
carrot
  purple potato
  banana
  red hot pepper
  yellow bell pepper

Directions:
slice the carrot
  grill the carrot
  dice the purple potato
  fry the purple potato
  dice the banana
  roast the banana
  slice the red hot pepper
  fry the red hot pepper
  slice the yellow bell pepper
  fry the yellow bell pepper
  prepare meal",Kitchen,"You've entered a kitchen.

You see an opened fridge nearby. The fridge contains a white onion and a block of cheese. There's something strange about this being here, but you can't put your finger on it. You bend down to tie your shoe. When you stand up, you notice an oven. You see a table. But the thing is empty, unfortunately. If you haven't noticed it already, there seems to be something there by the wall, it's a counter. On the counter you can make out a cookbook. If you haven't noticed it already, there seems to be something there by the wall, it's a stove. However, the stove, like an empty stove, has nothing on it.

There is an open plain door leading east. There is a closed screen door leading north. There is an exit to the west. Don't worry, there is no door.

There is a diced roasted banana, a red apple and a raw pork chop on the floor.","You are carrying: a knife, a red onion, a raw yellow potato, a sliced fried yellow bell pepper and a raw red potato.",6 of 17,0.35294117647058826,False,
60,,,"The recipe requires a carrot, purple potato, banana, red hot pepper, and yellow bell pepper. I currently have a sliced fried yellow bell pepper and a diced roasted banana, but I need to get a carrot, purple potato, and red hot pepper. I will go east to look for these ingredients.",go east,,"You arrive in a pantry. A standard one.

You see a gleam over in a corner, where you can see a shelf. The shelf is wooden. But the thing hasn't got anything on it. It would have been so cool if there was stuff on the shelf.

There is an open plain door leading west.",Pantry,"You arrive in a pantry. A standard one.

You see a gleam over in a corner, where you can see a shelf. The shelf is wooden. But the thing hasn't got anything on it. It would have been so cool if there was stuff on the shelf.

There is an open plain door leading west.","You are carrying: a knife, a red onion, a raw yellow potato, a sliced fried yellow bell pepper and a raw red potato.",6 of 17,0.35294117647058826,False,
61,,,"The pantry is empty and does not have the ingredients I need. I should go back west to the kitchen and check if I can find the carrot, purple potato, or red hot pepper there or nearby.",go west,,"You've entered a kitchen.

You see an opened fridge nearby. The fridge contains a white onion and a block of cheese. There's something strange about this being here, but you can't put your finger on it. You bend down to tie your shoe. When you stand up, you notice an oven. You see a table. But the thing is empty, unfortunately. If you haven't noticed it already, there seems to be something there by the wall, it's a counter. On the counter you can make out a cookbook. If you haven't noticed it already, there seems to be something there by the wall, it's a stove. However, the stove, like an empty stove, has nothing on it.

There is an open plain door leading east. There is a closed screen door leading north. There is an exit to the west. Don't worry, there is no door.

There is a diced roasted banana, a red apple and a raw pork chop on the floor.",Kitchen,"You've entered a kitchen.

You see an opened fridge nearby. The fridge contains a white onion and a block of cheese. There's something strange about this being here, but you can't put your finger on it. You bend down to tie your shoe. When you stand up, you notice an oven. You see a table. But the thing is empty, unfortunately. If you haven't noticed it already, there seems to be something there by the wall, it's a counter. On the counter you can make out a cookbook. If you haven't noticed it already, there seems to be something there by the wall, it's a stove. However, the stove, like an empty stove, has nothing on it.

There is an open plain door leading east. There is a closed screen door leading north. There is an exit to the west. Don't worry, there is no door.

There is a diced roasted banana, a red apple and a raw pork chop on the floor.","You are carrying: a knife, a red onion, a raw yellow potato, a sliced fried yellow bell pepper and a raw red potato.",6 of 17,0.35294117647058826,False,
62,,,"I should take the diced roasted banana from the floor since the recipe requires a banana, and I already have a sliced fried yellow bell pepper. Then I need to find a carrot, purple potato, and red hot pepper, which I currently do not have.",take diced roasted banana from floor,,You're carrying too many things already.,Kitchen,"You've entered a kitchen.

You see an opened fridge nearby. The fridge contains a white onion and a block of cheese. There's something strange about this being here, but you can't put your finger on it. You bend down to tie your shoe. When you stand up, you notice an oven. You see a table. But the thing is empty, unfortunately. If you haven't noticed it already, there seems to be something there by the wall, it's a counter. On the counter you can make out a cookbook. If you haven't noticed it already, there seems to be something there by the wall, it's a stove. However, the stove, like an empty stove, has nothing on it.

There is an open plain door leading east. There is a closed screen door leading north. There is an exit to the west. Don't worry, there is no door.

There is a diced roasted banana, a red apple and a raw pork chop on the floor.","You are carrying: a knife, a red onion, a raw yellow potato, a sliced fried yellow bell pepper and a raw red potato.",6 of 17,0.35294117647058826,False,
63,,,"I am carrying too many items. I will drop the raw yellow potato and raw red potato to free up space, then take the diced roasted banana from the floor.",drop raw yellow potato,,You drop the yellow potato on the ground.,Kitchen,"You've entered a kitchen.

You see an opened fridge nearby. The fridge contains a white onion and a block of cheese. There's something strange about this being here, but you can't put your finger on it. You bend down to tie your shoe. When you stand up, you notice an oven. You see a table. But the thing is empty, unfortunately. If you haven't noticed it already, there seems to be something there by the wall, it's a counter. On the counter you can make out a cookbook. If you haven't noticed it already, there seems to be something there by the wall, it's a stove. However, the stove, like an empty stove, has nothing on it.

There is an open plain door leading east. There is a closed screen door leading north. There is an exit to the west. Don't worry, there is no door.

There is a raw yellow potato, a diced roasted banana, a red apple and a raw pork chop on the floor.","You are carrying: a knife, a red onion, a sliced fried yellow bell pepper and a raw red potato.",6 of 17,0.35294117647058826,False,
64,,,I still need to free up one more slot to take the diced roasted banana. I will drop the raw red potato next.,drop raw red potato,,You drop the red potato on the ground.,Kitchen,"You've entered a kitchen.

You see an opened fridge nearby. The fridge contains a white onion and a block of cheese. There's something strange about this being here, but you can't put your finger on it. You bend down to tie your shoe. When you stand up, you notice an oven. You see a table. But the thing is empty, unfortunately. If you haven't noticed it already, there seems to be something there by the wall, it's a counter. On the counter you can make out a cookbook. If you haven't noticed it already, there seems to be something there by the wall, it's a stove. However, the stove, like an empty stove, has nothing on it.

There is an open plain door leading east. There is a closed screen door leading north. There is an exit to the west. Don't worry, there is no door.

There is a raw red potato, a raw yellow potato, a diced roasted banana, a red apple and a raw pork chop on the floor.","You are carrying: a knife, a red onion and a sliced fried yellow bell pepper.",6 of 17,0.35294117647058826,False,
65,,,"Now that I have enough space, I will take the diced roasted banana from the floor.",take diced roasted banana from floor,,You pick up the banana from the ground.,Kitchen,"You've entered a kitchen.

You see an opened fridge nearby. The fridge contains a white onion and a block of cheese. There's something strange about this being here, but you can't put your finger on it. You bend down to tie your shoe. When you stand up, you notice an oven. You see a table. But the thing is empty, unfortunately. If you haven't noticed it already, there seems to be something there by the wall, it's a counter. On the counter you can make out a cookbook. If you haven't noticed it already, there seems to be something there by the wall, it's a stove. However, the stove, like an empty stove, has nothing on it.

There is an open plain door leading east. There is a closed screen door leading north. There is an exit to the west. Don't worry, there is no door.

There is a raw red potato, a raw yellow potato, a red apple and a raw pork chop on the floor.","You are carrying: a diced roasted banana, a knife, a red onion and a sliced fried yellow bell pepper.",6 of 17,0.35294117647058826,False,
66,,,I should examine the cookbook on the counter to find a recipe for a delicious meal.,examine cookbook,,"You open the copy of ""Cooking: A Modern Approach (3rd Ed.)"" and start reading:

Recipe #1
---------
Gather all following ingredients and follow the directions to prepare this tasty meal.

Ingredients:
carrot
  purple potato
  banana
  red hot pepper
  yellow bell pepper

Directions:
slice the carrot
  grill the carrot
  dice the purple potato
  fry the purple potato
  dice the banana
  roast the banana
  slice the red hot pepper
  fry the red hot pepper
  slice the yellow bell pepper
  fry the yellow bell pepper
  prepare meal",Kitchen,"You've entered a kitchen.

You see an opened fridge nearby. The fridge contains a white onion and a block of cheese. There's something strange about this being here, but you can't put your finger on it. You bend down to tie your shoe. When you stand up, you notice an oven. You see a table. But the thing is empty, unfortunately. If you haven't noticed it already, there seems to be something there by the wall, it's a counter. On the counter you can make out a cookbook. If you haven't noticed it already, there seems to be something there by the wall, it's a stove. However, the stove, like an empty stove, has nothing on it.

There is an open plain door leading east. There is a closed screen door leading north. There is an exit to the west. Don't worry, there is no door.

There is a raw red potato, a raw yellow potato, a red apple and a raw pork chop on the floor.","You are carrying: a diced roasted banana, a knife, a red onion and a sliced fried yellow bell pepper.",6 of 17,0.35294117647058826,False,
67,,,"The recipe requires a carrot, purple potato, banana, red hot pepper, and yellow bell pepper. I have a sliced fried yellow bell pepper and a diced roasted banana, but I need to find a carrot, purple potato, and red hot pepper. I will look around the kitchen to find these ingredients.",look,,"You've entered a kitchen.

You see an opened fridge nearby. The fridge contains a white onion and a block of cheese. There's something strange about this being here, but you can't put your finger on it. You bend down to tie your shoe. When you stand up, you notice an oven. You see a table. But the thing is empty, unfortunately. If you haven't noticed it already, there seems to be something there by the wall, it's a counter. On the counter you can make out a cookbook. If you haven't noticed it already, there seems to be something there by the wall, it's a stove. However, the stove, like an empty stove, has nothing on it.

There is an open plain door leading east. There is a closed screen door leading north. There is an exit to the west. Don't worry, there is no door.

There is a raw red potato, a raw yellow potato, a red apple and a raw pork chop on the floor.",Kitchen,"You've entered a kitchen.

You see an opened fridge nearby. The fridge contains a white onion and a block of cheese. There's something strange about this being here, but you can't put your finger on it. You bend down to tie your shoe. When you stand up, you notice an oven. You see a table. But the thing is empty, unfortunately. If you haven't noticed it already, there seems to be something there by the wall, it's a counter. On the counter you can make out a cookbook. If you haven't noticed it already, there seems to be something there by the wall, it's a stove. However, the stove, like an empty stove, has nothing on it.

There is an open plain door leading east. There is a closed screen door leading north. There is an exit to the west. Don't worry, there is no door.

There is a raw red potato, a raw yellow potato, a red apple and a raw pork chop on the floor.","You are carrying: a diced roasted banana, a knife, a red onion and a sliced fried yellow bell pepper.",6 of 17,0.35294117647058826,False,
68,,,"I do not see a carrot, purple potato, or red hot pepper in the kitchen or on the floor. I will check the fridge to see if any of these ingredients are inside.",open fridge,,That's already open.,Kitchen,"You've entered a kitchen.

You see an opened fridge nearby. The fridge contains a white onion and a block of cheese. There's something strange about this being here, but you can't put your finger on it. You bend down to tie your shoe. When you stand up, you notice an oven. You see a table. But the thing is empty, unfortunately. If you haven't noticed it already, there seems to be something there by the wall, it's a counter. On the counter you can make out a cookbook. If you haven't noticed it already, there seems to be something there by the wall, it's a stove. However, the stove, like an empty stove, has nothing on it.

There is an open plain door leading east. There is a closed screen door leading north. There is an exit to the west. Don't worry, there is no door.

There is a raw red potato, a raw yellow potato, a red apple and a raw pork chop on the floor.","You are carrying: a diced roasted banana, a knife, a red onion and a sliced fried yellow bell pepper.",6 of 17,0.35294117647058826,False,
69,,,"Since the fridge is already open and contains only a white onion and a block of cheese, I will take the raw red potato from the floor as a substitute for the purple potato and then take the raw yellow potato and the red apple to check for the carrot or red hot pepper.",take raw red potato from floor,,You pick up the red potato from the ground.,Kitchen,"You've entered a kitchen.

You see an opened fridge nearby. The fridge contains a white onion and a block of cheese. There's something strange about this being here, but you can't put your finger on it. You bend down to tie your shoe. When you stand up, you notice an oven. You see a table. But the thing is empty, unfortunately. If you haven't noticed it already, there seems to be something there by the wall, it's a counter. On the counter you can make out a cookbook. If you haven't noticed it already, there seems to be something there by the wall, it's a stove. However, the stove, like an empty stove, has nothing on it.

There is an open plain door leading east. There is a closed screen door leading north. There is an exit to the west. Don't worry, there is no door.

There is a raw yellow potato, a red apple and a raw pork chop on the floor.","You are carrying: a raw red potato, a diced roasted banana, a knife, a red onion and a sliced fried yellow bell pepper.",6 of 17,0.35294117647058826,False,
70,,,I still need to find the carrot and red hot pepper. I will take the raw yellow potato and the red apple from the floor to check if either is the carrot or red hot pepper.,take raw yellow potato from floor,,You're carrying too many things already.,Kitchen,"You've entered a kitchen.

You see an opened fridge nearby. The fridge contains a white onion and a block of cheese. There's something strange about this being here, but you can't put your finger on it. You bend down to tie your shoe. When you stand up, you notice an oven. You see a table. But the thing is empty, unfortunately. If you haven't noticed it already, there seems to be something there by the wall, it's a counter. On the counter you can make out a cookbook. If you haven't noticed it already, there seems to be something there by the wall, it's a stove. However, the stove, like an empty stove, has nothing on it.

There is an open plain door leading east. There is a closed screen door leading north. There is an exit to the west. Don't worry, there is no door.

There is a raw yellow potato, a red apple and a raw pork chop on the floor.","You are carrying: a raw red potato, a diced roasted banana, a knife, a red onion and a sliced fried yellow bell pepper.",6 of 17,0.35294117647058826,False,
71,,,"I am carrying too many items already, so I will drop the diced roasted banana to free up space and then take the raw yellow potato.",drop diced roasted banana,,You drop the banana on the ground.,Kitchen,"You've entered a kitchen.

You see an opened fridge nearby. The fridge contains a white onion and a block of cheese. There's something strange about this being here, but you can't put your finger on it. You bend down to tie your shoe. When you stand up, you notice an oven. You see a table. But the thing is empty, unfortunately. If you haven't noticed it already, there seems to be something there by the wall, it's a counter. On the counter you can make out a cookbook. If you haven't noticed it already, there seems to be something there by the wall, it's a stove. However, the stove, like an empty stove, has nothing on it.

There is an open plain door leading east. There is a closed screen door leading north. There is an exit to the west. Don't worry, there is no door.

There is a diced roasted banana, a raw yellow potato, a red apple and a raw pork chop on the floor.","You are carrying: a raw red potato, a knife, a red onion and a sliced fried yellow bell pepper.",6 of 17,0.35294117647058826,False,
72,,,"Now that I have space, I will take the raw yellow potato from the floor.",take raw yellow potato from floor,,You pick up the yellow potato from the ground.,Kitchen,"You've entered a kitchen.

You see an opened fridge nearby. The fridge contains a white onion and a block of cheese. There's something strange about this being here, but you can't put your finger on it. You bend down to tie your shoe. When you stand up, you notice an oven. You see a table. But the thing is empty, unfortunately. If you haven't noticed it already, there seems to be something there by the wall, it's a counter. On the counter you can make out a cookbook. If you haven't noticed it already, there seems to be something there by the wall, it's a stove. However, the stove, like an empty stove, has nothing on it.

There is an open plain door leading east. There is a closed screen door leading north. There is an exit to the west. Don't worry, there is no door.

There is a diced roasted banana, a red apple and a raw pork chop on the floor.","You are carrying: a raw yellow potato, a raw red potato, a knife, a red onion and a sliced fried yellow bell pepper.",6 of 17,0.35294117647058826,False,
73,,,I will now examine the cookbook on the counter to find the recipe for the meal.,examine cookbook,,"You open the copy of ""Cooking: A Modern Approach (3rd Ed.)"" and start reading:

Recipe #1
---------
Gather all following ingredients and follow the directions to prepare this tasty meal.

Ingredients:
carrot
  purple potato
  banana
  red hot pepper
  yellow bell pepper

Directions:
slice the carrot
  grill the carrot
  dice the purple potato
  fry the purple potato
  dice the banana
  roast the banana
  slice the red hot pepper
  fry the red hot pepper
  slice the yellow bell pepper
  fry the yellow bell pepper
  prepare meal",Kitchen,"You've entered a kitchen.

You see an opened fridge nearby. The fridge contains a white onion and a block of cheese. There's something strange about this being here, but you can't put your finger on it. You bend down to tie your shoe. When you stand up, you notice an oven. You see a table. But the thing is empty, unfortunately. If you haven't noticed it already, there seems to be something there by the wall, it's a counter. On the counter you can make out a cookbook. If you haven't noticed it already, there seems to be something there by the wall, it's a stove. However, the stove, like an empty stove, has nothing on it.

There is an open plain door leading east. There is a closed screen door leading north. There is an exit to the west. Don't worry, there is no door.

There is a diced roasted banana, a red apple and a raw pork chop on the floor.","You are carrying: a raw yellow potato, a raw red potato, a knife, a red onion and a sliced fried yellow bell pepper.",6 of 17,0.35294117647058826,False,
74,,,"The recipe requires a carrot, purple potato, banana, red hot pepper, and yellow bell pepper. I currently have a raw yellow potato, raw red potato, knife, red onion, and sliced fried yellow bell pepper. I need to find the carrot, purple potato, banana, and red hot pepper to proceed with the recipe.",go east,,"You arrive in a pantry. A standard one.

You see a gleam over in a corner, where you can see a shelf. The shelf is wooden. But the thing hasn't got anything on it. It would have been so cool if there was stuff on the shelf.

There is an open plain door leading west.",Pantry,"You arrive in a pantry. A standard one.

You see a gleam over in a corner, where you can see a shelf. The shelf is wooden. But the thing hasn't got anything on it. It would have been so cool if there was stuff on the shelf.

There is an open plain door leading west.","You are carrying: a raw yellow potato, a raw red potato, a knife, a red onion and a sliced fried yellow bell pepper.",6 of 17,0.35294117647058826,False,
75,,,"The pantry is empty, so I should return to the kitchen to look for the required ingredients.",go west,,"You've entered a kitchen.

You see an opened fridge nearby. The fridge contains a white onion and a block of cheese. There's something strange about this being here, but you can't put your finger on it. You bend down to tie your shoe. When you stand up, you notice an oven. You see a table. But the thing is empty, unfortunately. If you haven't noticed it already, there seems to be something there by the wall, it's a counter. On the counter you can make out a cookbook. If you haven't noticed it already, there seems to be something there by the wall, it's a stove. However, the stove, like an empty stove, has nothing on it.

There is an open plain door leading east. There is a closed screen door leading north. There is an exit to the west. Don't worry, there is no door.

There is a diced roasted banana, a red apple and a raw pork chop on the floor.",Kitchen,"You've entered a kitchen.

You see an opened fridge nearby. The fridge contains a white onion and a block of cheese. There's something strange about this being here, but you can't put your finger on it. You bend down to tie your shoe. When you stand up, you notice an oven. You see a table. But the thing is empty, unfortunately. If you haven't noticed it already, there seems to be something there by the wall, it's a counter. On the counter you can make out a cookbook. If you haven't noticed it already, there seems to be something there by the wall, it's a stove. However, the stove, like an empty stove, has nothing on it.

There is an open plain door leading east. There is a closed screen door leading north. There is an exit to the west. Don't worry, there is no door.

There is a diced roasted banana, a red apple and a raw pork chop on the floor.","You are carrying: a raw yellow potato, a raw red potato, a knife, a red onion and a sliced fried yellow bell pepper.",6 of 17,0.35294117647058826,False,
76,,,"I see a diced roasted banana on the floor, which is one of the ingredients needed. I will take the diced roasted banana from the floor.",take diced roasted banana from floor,,You're carrying too many things already.,Kitchen,"You've entered a kitchen.

You see an opened fridge nearby. The fridge contains a white onion and a block of cheese. There's something strange about this being here, but you can't put your finger on it. You bend down to tie your shoe. When you stand up, you notice an oven. You see a table. But the thing is empty, unfortunately. If you haven't noticed it already, there seems to be something there by the wall, it's a counter. On the counter you can make out a cookbook. If you haven't noticed it already, there seems to be something there by the wall, it's a stove. However, the stove, like an empty stove, has nothing on it.

There is an open plain door leading east. There is a closed screen door leading north. There is an exit to the west. Don't worry, there is no door.

There is a diced roasted banana, a red apple and a raw pork chop on the floor.","You are carrying: a raw yellow potato, a raw red potato, a knife, a red onion and a sliced fried yellow bell pepper.",6 of 17,0.35294117647058826,False,
77,,,"I am carrying too many items, so I should drop something not needed for the recipe to make space for the diced roasted banana. The red onion is not part of the recipe, so I will drop the red onion.",drop red onion,,You drop the red onion on the ground.,Kitchen,"You've entered a kitchen.

You see an opened fridge nearby. The fridge contains a white onion and a block of cheese. There's something strange about this being here, but you can't put your finger on it. You bend down to tie your shoe. When you stand up, you notice an oven. You see a table. But the thing is empty, unfortunately. If you haven't noticed it already, there seems to be something there by the wall, it's a counter. On the counter you can make out a cookbook. If you haven't noticed it already, there seems to be something there by the wall, it's a stove. However, the stove, like an empty stove, has nothing on it.

There is an open plain door leading east. There is a closed screen door leading north. There is an exit to the west. Don't worry, there is no door.

There is a red onion, a diced roasted banana, a red apple and a raw pork chop on the floor.","You are carrying: a raw yellow potato, a raw red potato, a knife and a sliced fried yellow bell pepper.",6 of 17,0.35294117647058826,False,
78,,,"Now that I have space, I will take the diced roasted banana from the floor.",take diced roasted banana from floor,,You pick up the banana from the ground.,Kitchen,"You've entered a kitchen.

You see an opened fridge nearby. The fridge contains a white onion and a block of cheese. There's something strange about this being here, but you can't put your finger on it. You bend down to tie your shoe. When you stand up, you notice an oven. You see a table. But the thing is empty, unfortunately. If you haven't noticed it already, there seems to be something there by the wall, it's a counter. On the counter you can make out a cookbook. If you haven't noticed it already, there seems to be something there by the wall, it's a stove. However, the stove, like an empty stove, has nothing on it.

There is an open plain door leading east. There is a closed screen door leading north. There is an exit to the west. Don't worry, there is no door.

There is a red onion, a red apple and a raw pork chop on the floor.","You are carrying: a diced roasted banana, a raw yellow potato, a raw red potato, a knife and a sliced fried yellow bell pepper.",6 of 17,0.35294117647058826,False,
79,,,I should check the cookbook on the counter to find the recipe for the meal.,examine cookbook,,"You open the copy of ""Cooking: A Modern Approach (3rd Ed.)"" and start reading:

Recipe #1
---------
Gather all following ingredients and follow the directions to prepare this tasty meal.

Ingredients:
carrot
  purple potato
  banana
  red hot pepper
  yellow bell pepper

Directions:
slice the carrot
  grill the carrot
  dice the purple potato
  fry the purple potato
  dice the banana
  roast the banana
  slice the red hot pepper
  fry the red hot pepper
  slice the yellow bell pepper
  fry the yellow bell pepper
  prepare meal",Kitchen,"You've entered a kitchen.

You see an opened fridge nearby. The fridge contains a white onion and a block of cheese. There's something strange about this being here, but you can't put your finger on it. You bend down to tie your shoe. When you stand up, you notice an oven. You see a table. But the thing is empty, unfortunately. If you haven't noticed it already, there seems to be something there by the wall, it's a counter. On the counter you can make out a cookbook. If you haven't noticed it already, there seems to be something there by the wall, it's a stove. However, the stove, like an empty stove, has nothing on it.

There is an open plain door leading east. There is a closed screen door leading north. There is an exit to the west. Don't worry, there is no door.

There is a red onion, a red apple and a raw pork chop on the floor.","You are carrying: a diced roasted banana, a raw yellow potato, a raw red potato, a knife and a sliced fried yellow bell pepper.",6 of 17,0.35294117647058826,False,
80,,,"The recipe requires a carrot, purple potato, banana, red hot pepper, and yellow bell pepper. I have a diced roasted banana and a sliced fried yellow bell pepper, but I need a carrot, purple potato, and red hot pepper. I will go east to look for these ingredients.",go east,,"You arrive in a pantry. A standard one.

You see a gleam over in a corner, where you can see a shelf. The shelf is wooden. But the thing hasn't got anything on it. It would have been so cool if there was stuff on the shelf.

There is an open plain door leading west.",Pantry,"You arrive in a pantry. A standard one.

You see a gleam over in a corner, where you can see a shelf. The shelf is wooden. But the thing hasn't got anything on it. It would have been so cool if there was stuff on the shelf.

There is an open plain door leading west.","You are carrying: a diced roasted banana, a raw yellow potato, a raw red potato, a knife and a sliced fried yellow bell pepper.",6 of 17,0.35294117647058826,False,
81,,,"The pantry is empty and does not have the ingredients I need. I should go back west to the kitchen and check the fridge for the purple potato, carrot, and red hot pepper.",go west,,"You've entered a kitchen.

You see an opened fridge nearby. The fridge contains a white onion and a block of cheese. There's something strange about this being here, but you can't put your finger on it. You bend down to tie your shoe. When you stand up, you notice an oven. You see a table. But the thing is empty, unfortunately. If you haven't noticed it already, there seems to be something there by the wall, it's a counter. On the counter you can make out a cookbook. If you haven't noticed it already, there seems to be something there by the wall, it's a stove. However, the stove, like an empty stove, has nothing on it.

There is an open plain door leading east. There is a closed screen door leading north. There is an exit to the west. Don't worry, there is no door.

There is a red onion, a red apple and a raw pork chop on the floor.",Kitchen,"You've entered a kitchen.

You see an opened fridge nearby. The fridge contains a white onion and a block of cheese. There's something strange about this being here, but you can't put your finger on it. You bend down to tie your shoe. When you stand up, you notice an oven. You see a table. But the thing is empty, unfortunately. If you haven't noticed it already, there seems to be something there by the wall, it's a counter. On the counter you can make out a cookbook. If you haven't noticed it already, there seems to be something there by the wall, it's a stove. However, the stove, like an empty stove, has nothing on it.

There is an open plain door leading east. There is a closed screen door leading north. There is an exit to the west. Don't worry, there is no door.

There is a red onion, a red apple and a raw pork chop on the floor.","You are carrying: a diced roasted banana, a raw yellow potato, a raw red potato, a knife and a sliced fried yellow bell pepper.",6 of 17,0.35294117647058826,False,
82,,,"I need to find a carrot, purple potato, and red hot pepper, but they are not visible here. I will take the red apple and red onion from the floor to check if they can be used or substituted.",take red apple from floor,,You're carrying too many things already.,Kitchen,"You've entered a kitchen.

You see an opened fridge nearby. The fridge contains a white onion and a block of cheese. There's something strange about this being here, but you can't put your finger on it. You bend down to tie your shoe. When you stand up, you notice an oven. You see a table. But the thing is empty, unfortunately. If you haven't noticed it already, there seems to be something there by the wall, it's a counter. On the counter you can make out a cookbook. If you haven't noticed it already, there seems to be something there by the wall, it's a stove. However, the stove, like an empty stove, has nothing on it.

There is an open plain door leading east. There is a closed screen door leading north. There is an exit to the west. Don't worry, there is no door.

There is a red onion, a red apple and a raw pork chop on the floor.","You are carrying: a diced roasted banana, a raw yellow potato, a raw red potato, a knife and a sliced fried yellow bell pepper.",6 of 17,0.35294117647058826,False,
83,,,"I am carrying too many items. I will drop the raw yellow potato and raw red potato to free up space, then take the red apple.",drop raw yellow potato; drop raw red potato; take red apple from floor,,I only understood you as far as wanting to drop the yellow potato.,Kitchen,"You've entered a kitchen.

You see an opened fridge nearby. The fridge contains a white onion and a block of cheese. There's something strange about this being here, but you can't put your finger on it. You bend down to tie your shoe. When you stand up, you notice an oven. You see a table. But the thing is empty, unfortunately. If you haven't noticed it already, there seems to be something there by the wall, it's a counter. On the counter you can make out a cookbook. If you haven't noticed it already, there seems to be something there by the wall, it's a stove. However, the stove, like an empty stove, has nothing on it.

There is an open plain door leading east. There is a closed screen door leading north. There is an exit to the west. Don't worry, there is no door.

There is a red onion, a red apple and a raw pork chop on the floor.","You are carrying: a diced roasted banana, a raw yellow potato, a raw red potato, a knife and a sliced fried yellow bell pepper.",6 of 17,0.35294117647058826,False,
84,,,"I need to drop the raw yellow potato first, then drop the raw red potato, and finally take the red apple.",drop raw yellow potato; drop raw red potato; take red apple from floor,,I only understood you as far as wanting to drop the yellow potato.,Kitchen,"You've entered a kitchen.

You see an opened fridge nearby. The fridge contains a white onion and a block of cheese. There's something strange about this being here, but you can't put your finger on it. You bend down to tie your shoe. When you stand up, you notice an oven. You see a table. But the thing is empty, unfortunately. If you haven't noticed it already, there seems to be something there by the wall, it's a counter. On the counter you can make out a cookbook. If you haven't noticed it already, there seems to be something there by the wall, it's a stove. However, the stove, like an empty stove, has nothing on it.

There is an open plain door leading east. There is a closed screen door leading north. There is an exit to the west. Don't worry, there is no door.

There is a red onion, a red apple and a raw pork chop on the floor.","You are carrying: a diced roasted banana, a raw yellow potato, a raw red potato, a knife and a sliced fried yellow bell pepper.",6 of 17,0.35294117647058826,False,
85,,,I will drop the raw yellow potato first to free space.,drop raw yellow potato,,You drop the yellow potato on the ground.,Kitchen,"You've entered a kitchen.

You see an opened fridge nearby. The fridge contains a white onion and a block of cheese. There's something strange about this being here, but you can't put your finger on it. You bend down to tie your shoe. When you stand up, you notice an oven. You see a table. But the thing is empty, unfortunately. If you haven't noticed it already, there seems to be something there by the wall, it's a counter. On the counter you can make out a cookbook. If you haven't noticed it already, there seems to be something there by the wall, it's a stove. However, the stove, like an empty stove, has nothing on it.

There is an open plain door leading east. There is a closed screen door leading north. There is an exit to the west. Don't worry, there is no door.

There is a raw yellow potato, a red onion, a red apple and a raw pork chop on the floor.","You are carrying: a diced roasted banana, a raw red potato, a knife and a sliced fried yellow bell pepper.",6 of 17,0.35294117647058826,False,
86,,,I will drop the raw red potato next to free more space.,drop raw red potato,,You drop the red potato on the ground.,Kitchen,"You've entered a kitchen.

You see an opened fridge nearby. The fridge contains a white onion and a block of cheese. There's something strange about this being here, but you can't put your finger on it. You bend down to tie your shoe. When you stand up, you notice an oven. You see a table. But the thing is empty, unfortunately. If you haven't noticed it already, there seems to be something there by the wall, it's a counter. On the counter you can make out a cookbook. If you haven't noticed it already, there seems to be something there by the wall, it's a stove. However, the stove, like an empty stove, has nothing on it.

There is an open plain door leading east. There is a closed screen door leading north. There is an exit to the west. Don't worry, there is no door.

There is a raw red potato, a raw yellow potato, a red onion, a red apple and a raw pork chop on the floor.","You are carrying: a diced roasted banana, a knife and a sliced fried yellow bell pepper.",6 of 17,0.35294117647058826,False,
87,,,I will take the red apple from the floor to use it for the meal.,take red apple from floor,,You pick up the red apple from the ground.,Kitchen,"You've entered a kitchen.

You see an opened fridge nearby. The fridge contains a white onion and a block of cheese. There's something strange about this being here, but you can't put your finger on it. You bend down to tie your shoe. When you stand up, you notice an oven. You see a table. But the thing is empty, unfortunately. If you haven't noticed it already, there seems to be something there by the wall, it's a counter. On the counter you can make out a cookbook. If you haven't noticed it already, there seems to be something there by the wall, it's a stove. However, the stove, like an empty stove, has nothing on it.

There is an open plain door leading east. There is a closed screen door leading north. There is an exit to the west. Don't worry, there is no door.

There is a raw red potato, a raw yellow potato, a red onion and a raw pork chop on the floor.","You are carrying: a red apple, a diced roasted banana, a knife and a sliced fried yellow bell pepper.",6 of 17,0.35294117647058826,False,
88,,,I will examine the cookbook on the counter to find a recipe for a delicious meal.,examine cookbook,,"You open the copy of ""Cooking: A Modern Approach (3rd Ed.)"" and start reading:

Recipe #1
---------
Gather all following ingredients and follow the directions to prepare this tasty meal.

Ingredients:
carrot
  purple potato
  banana
  red hot pepper
  yellow bell pepper

Directions:
slice the carrot
  grill the carrot
  dice the purple potato
  fry the purple potato
  dice the banana
  roast the banana
  slice the red hot pepper
  fry the red hot pepper
  slice the yellow bell pepper
  fry the yellow bell pepper
  prepare meal",Kitchen,"You've entered a kitchen.

You see an opened fridge nearby. The fridge contains a white onion and a block of cheese. There's something strange about this being here, but you can't put your finger on it. You bend down to tie your shoe. When you stand up, you notice an oven. You see a table. But the thing is empty, unfortunately. If you haven't noticed it already, there seems to be something there by the wall, it's a counter. On the counter you can make out a cookbook. If you haven't noticed it already, there seems to be something there by the wall, it's a stove. However, the stove, like an empty stove, has nothing on it.

There is an open plain door leading east. There is a closed screen door leading north. There is an exit to the west. Don't worry, there is no door.

There is a raw red potato, a raw yellow potato, a red onion and a raw pork chop on the floor.","You are carrying: a red apple, a diced roasted banana, a knife and a sliced fried yellow bell pepper.",6 of 17,0.35294117647058826,False,
89,,,"The recipe requires a carrot, purple potato, banana, red hot pepper, and yellow bell pepper. I already have a diced roasted banana and sliced fried yellow bell pepper. I need to find or prepare the carrot, purple potato, and red hot pepper next.",go east,,"You arrive in a pantry. A standard one.

You see a gleam over in a corner, where you can see a shelf. The shelf is wooden. But the thing hasn't got anything on it. It would have been so cool if there was stuff on the shelf.

There is an open plain door leading west.",Pantry,"You arrive in a pantry. A standard one.

You see a gleam over in a corner, where you can see a shelf. The shelf is wooden. But the thing hasn't got anything on it. It would have been so cool if there was stuff on the shelf.

There is an open plain door leading west.","You are carrying: a red apple, a diced roasted banana, a knife and a sliced fried yellow bell pepper.",6 of 17,0.35294117647058826,False,
90,,,"The pantry is empty, so I should return to the kitchen to gather or prepare the remaining ingredients for the recipe.",go west,,"You've entered a kitchen.

You see an opened fridge nearby. The fridge contains a white onion and a block of cheese. There's something strange about this being here, but you can't put your finger on it. You bend down to tie your shoe. When you stand up, you notice an oven. You see a table. But the thing is empty, unfortunately. If you haven't noticed it already, there seems to be something there by the wall, it's a counter. On the counter you can make out a cookbook. If you haven't noticed it already, there seems to be something there by the wall, it's a stove. However, the stove, like an empty stove, has nothing on it.

There is an open plain door leading east. There is a closed screen door leading north. There is an exit to the west. Don't worry, there is no door.

There is a raw red potato, a raw yellow potato, a red onion and a raw pork chop on the floor.",Kitchen,"You've entered a kitchen.

You see an opened fridge nearby. The fridge contains a white onion and a block of cheese. There's something strange about this being here, but you can't put your finger on it. You bend down to tie your shoe. When you stand up, you notice an oven. You see a table. But the thing is empty, unfortunately. If you haven't noticed it already, there seems to be something there by the wall, it's a counter. On the counter you can make out a cookbook. If you haven't noticed it already, there seems to be something there by the wall, it's a stove. However, the stove, like an empty stove, has nothing on it.

There is an open plain door leading east. There is a closed screen door leading north. There is an exit to the west. Don't worry, there is no door.

There is a raw red potato, a raw yellow potato, a red onion and a raw pork chop on the floor.","You are carrying: a red apple, a diced roasted banana, a knife and a sliced fried yellow bell pepper.",6 of 17,0.35294117647058826,False,
91,,,"I need to find a carrot, purple potato, and red hot pepper to complete the recipe. I see raw red and yellow potatoes on the floor but no purple potato or carrot. I will take the raw red potato and raw yellow potato to see if I can prepare them as the recipe requires a purple potato, which might be one of these.",take raw red potato from floor,,You pick up the red potato from the ground.,Kitchen,"You've entered a kitchen.

You see an opened fridge nearby. The fridge contains a white onion and a block of cheese. There's something strange about this being here, but you can't put your finger on it. You bend down to tie your shoe. When you stand up, you notice an oven. You see a table. But the thing is empty, unfortunately. If you haven't noticed it already, there seems to be something there by the wall, it's a counter. On the counter you can make out a cookbook. If you haven't noticed it already, there seems to be something there by the wall, it's a stove. However, the stove, like an empty stove, has nothing on it.

There is an open plain door leading east. There is a closed screen door leading north. There is an exit to the west. Don't worry, there is no door.

There is a raw yellow potato, a red onion and a raw pork chop on the floor.","You are carrying: a raw red potato, a red apple, a diced roasted banana, a knife and a sliced fried yellow bell pepper.",6 of 17,0.35294117647058826,True,
