step_id,plan,summary,thought,action,task,feedback,location,description,inventory,score,reward,is_done,error
0,,,,,"You are hungry! Let's cook a delicious meal. Check the cookbook in the kitchen for the recipe. Once done, enjoy your meal!",,Pantry,"You are in a pantry. A standard one.

You see a shelf. Make a note of this, you might have to put stuff on or in it later on. But the thing hasn't got anything on it.

There is a closed frosted-glass door leading west.",You are carrying: a red apple and a red onion.,0 of 16,0.0,False,
1,,,I should go west through the frosted-glass door to find the kitchen where the cookbook might be.,go west,,You have to open the frosted-glass door first.,Pantry,"You are in a pantry. A standard one.

You see a shelf. Make a note of this, you might have to put stuff on or in it later on. But the thing hasn't got anything on it.

There is a closed frosted-glass door leading west.",You are carrying: a red apple and a red onion.,0 of 16,0.0,False,
2,,,I need to open the frosted-glass door before I can go west.,open frosted-glass door,,You open frosted-glass door.,Pantry,"You are in a pantry. A standard one.

You see a shelf. Make a note of this, you might have to put stuff on or in it later on. But the thing hasn't got anything on it.

There is an open frosted-glass door leading west.",You are carrying: a red apple and a red onion.,0 of 16,0.0,False,
3,,,"Now that the frosted-glass door is open, I should go west to the kitchen to find the cookbook.",go west,,"You arrive in a kitchen. A normal one.

You can make out a fridge. I mean, just wow! Isn't TextWorld just the best? Look out! It's a- oh, never mind, it's just an oven. You lean against the wall, inadvertently pressing a secret button. The wall opens up to reveal a table. On the table you can see a cookbook and a knife. You can't wait to tell the folks at home about this! You smell an interesting smell, and follow it to a counter. You see a banana on the counter. You can see a stove. The stove appears to be empty.

There is an open frosted-glass door leading east. There is a closed screen door leading north. You don't like doors? Why not try going south, that entranceway is not blocked by one. There is an exit to the west.",Kitchen,"You arrive in a kitchen. A normal one.

You can make out a fridge. I mean, just wow! Isn't TextWorld just the best? Look out! It's a- oh, never mind, it's just an oven. You lean against the wall, inadvertently pressing a secret button. The wall opens up to reveal a table. On the table you can see a cookbook and a knife. You can't wait to tell the folks at home about this! You smell an interesting smell, and follow it to a counter. You see a banana on the counter. You can see a stove. The stove appears to be empty.

There is an open frosted-glass door leading east. There is a closed screen door leading north. You don't like doors? Why not try going south, that entranceway is not blocked by one. There is an exit to the west.",You are carrying: a red apple and a red onion.,0 of 16,0.0,False,
4,,,I should examine the cookbook on the table to find the recipe for a delicious meal.,examine cookbook,,"You open the copy of ""Cooking: A Modern Approach (3rd Ed.)"" and start reading:

Recipe #1
---------
Gather all following ingredients and follow the directions to prepare this tasty meal.

Ingredients:
yellow potato
  red apple
  banana
  white onion
  orange bell pepper

Directions:
dice the yellow potato
  fry the yellow potato
  chop the red apple
  roast the red apple
  dice the banana
  grill the banana
  dice the white onion
  roast the white onion
  chop the orange bell pepper
  grill the orange bell pepper
  prepare meal",Kitchen,"You arrive in a kitchen. A normal one.

You can make out a fridge. I mean, just wow! Isn't TextWorld just the best? Look out! It's a- oh, never mind, it's just an oven. You lean against the wall, inadvertently pressing a secret button. The wall opens up to reveal a table. On the table you can see a cookbook and a knife. You can't wait to tell the folks at home about this! You smell an interesting smell, and follow it to a counter. You see a banana on the counter. You can see a stove. The stove appears to be empty.

There is an open frosted-glass door leading east. There is a closed screen door leading north. You don't like doors? Why not try going south, that entranceway is not blocked by one. There is an exit to the west.",You are carrying: a red apple and a red onion.,0 of 16,0.0,False,
5,,,I need to gather the ingredients from the recipe. I already have a red apple and a red onion (which can substitute for white onion). I should take the banana from the counter next.,take banana from counter,,"You take the banana from the counter.



Your score has just gone up by one point.",Kitchen,"You arrive in a kitchen. A normal one.

You can make out a fridge. I mean, just wow! Isn't TextWorld just the best? Look out! It's a- oh, never mind, it's just an oven. You lean against the wall, inadvertently pressing a secret button. The wall opens up to reveal a table. On the table you can see a cookbook and a knife. You can't wait to tell the folks at home about this! You smell an interesting smell, and follow it to a counter. But the thing is empty, unfortunately. You think about smashing the counter to bits, throwing the bits into the garbage, etc, until you get bored and decide to move on. You can see a stove. The stove appears to be empty.

There is an open frosted-glass door leading east. There is a closed screen door leading north. You don't like doors? Why not try going south, that entranceway is not blocked by one. There is an exit to the west.","You are carrying: a banana, a red apple and a red onion.",1 of 16,0.0625,False,
6,,,I need to find the yellow potato and orange bell pepper to complete the ingredients. I should check the fridge for these items.,open fridge,,"You open the fridge, revealing a raw pork chop and a block of cheese.",Kitchen,"You arrive in a kitchen. A normal one.

You can make out a fridge. I mean, just wow! Isn't TextWorld just the best? The fridge contains a raw pork chop and a block of cheese. The light flickers for a second, but nothing else happens. Look out! It's a- oh, never mind, it's just an oven. You lean against the wall, inadvertently pressing a secret button. The wall opens up to reveal a table. On the table you can see a cookbook and a knife. You can't wait to tell the folks at home about this! You smell an interesting smell, and follow it to a counter. But the thing is empty, unfortunately. You think about smashing the counter to bits, throwing the bits into the garbage, etc, until you get bored and decide to move on. You can see a stove. The stove appears to be empty.

There is an open frosted-glass door leading east. There is a closed screen door leading north. You don't like doors? Why not try going south, that entranceway is not blocked by one. There is an exit to the west.","You are carrying: a banana, a red apple and a red onion.",1 of 16,0.0625,False,
7,,,The fridge does not have the yellow potato or orange bell pepper. I should explore the area to the east through the frosted-glass door to look for these ingredients.,go east,,"You are in a pantry. A standard one.

You see a shelf. Make a note of this, you might have to put stuff on or in it later on. But the thing hasn't got anything on it.

There is an open frosted-glass door leading west.",Pantry,"You are in a pantry. A standard one.

You see a shelf. Make a note of this, you might have to put stuff on or in it later on. But the thing hasn't got anything on it.

There is an open frosted-glass door leading west.","You are carrying: a banana, a red apple and a red onion.",1 of 16,0.0625,False,
8,,,"The pantry is empty, so I should go back to the kitchen and check the area to the south for the missing ingredients.",go west,,"You arrive in a kitchen. A normal one.

You can make out a fridge. I mean, just wow! Isn't TextWorld just the best? The fridge contains a raw pork chop and a block of cheese. The light flickers for a second, but nothing else happens. Look out! It's a- oh, never mind, it's just an oven. You lean against the wall, inadvertently pressing a secret button. The wall opens up to reveal a table. On the table you can see a cookbook and a knife. You can't wait to tell the folks at home about this! You smell an interesting smell, and follow it to a counter. But the thing is empty, unfortunately. You think about smashing the counter to bits, throwing the bits into the garbage, etc, until you get bored and decide to move on. You can see a stove. The stove appears to be empty.

There is an open frosted-glass door leading east. There is a closed screen door leading north. You don't like doors? Why not try going south, that entranceway is not blocked by one. There is an exit to the west.",Kitchen,"You arrive in a kitchen. A normal one.

You can make out a fridge. I mean, just wow! Isn't TextWorld just the best? The fridge contains a raw pork chop and a block of cheese. The light flickers for a second, but nothing else happens. Look out! It's a- oh, never mind, it's just an oven. You lean against the wall, inadvertently pressing a secret button. The wall opens up to reveal a table. On the table you can see a cookbook and a knife. You can't wait to tell the folks at home about this! You smell an interesting smell, and follow it to a counter. But the thing is empty, unfortunately. You think about smashing the counter to bits, throwing the bits into the garbage, etc, until you get bored and decide to move on. You can see a stove. The stove appears to be empty.

There is an open frosted-glass door leading east. There is a closed screen door leading north. You don't like doors? Why not try going south, that entranceway is not blocked by one. There is an exit to the west.","You are carrying: a banana, a red apple and a red onion.",1 of 16,0.0625,False,
9,,,I should examine the cookbook on the table to find the recipe and see what ingredients I need to cook the meal.,examine cookbook,,"You open the copy of ""Cooking: A Modern Approach (3rd Ed.)"" and start reading:

Recipe #1
---------
Gather all following ingredients and follow the directions to prepare this tasty meal.

Ingredients:
yellow potato
  red apple
  banana
  white onion
  orange bell pepper

Directions:
dice the yellow potato
  fry the yellow potato
  chop the red apple
  roast the red apple
  dice the banana
  grill the banana
  dice the white onion
  roast the white onion
  chop the orange bell pepper
  grill the orange bell pepper
  prepare meal",Kitchen,"You arrive in a kitchen. A normal one.

You can make out a fridge. I mean, just wow! Isn't TextWorld just the best? The fridge contains a raw pork chop and a block of cheese. The light flickers for a second, but nothing else happens. Look out! It's a- oh, never mind, it's just an oven. You lean against the wall, inadvertently pressing a secret button. The wall opens up to reveal a table. On the table you can see a cookbook and a knife. You can't wait to tell the folks at home about this! You smell an interesting smell, and follow it to a counter. But the thing is empty, unfortunately. You think about smashing the counter to bits, throwing the bits into the garbage, etc, until you get bored and decide to move on. You can see a stove. The stove appears to be empty.

There is an open frosted-glass door leading east. There is a closed screen door leading north. You don't like doors? Why not try going south, that entranceway is not blocked by one. There is an exit to the west.","You are carrying: a banana, a red apple and a red onion.",1 of 16,0.0625,False,
10,,,"I need to find the yellow potato, white onion, and orange bell pepper since I already have the banana, red apple, and red onion (which might substitute for white onion). I should check the area to the south for these missing ingredients.",go south,,"You find yourself in a corridor. A standard one. You decide to just list off a complete list of everything you see in the room, because hey, why not?



There is an exit to the east. There is an exit to the north. There is an exit to the west. Don't worry, there is no door.",Corridor,"You find yourself in a corridor. A standard one. You decide to just list off a complete list of everything you see in the room, because hey, why not?



There is an exit to the east. There is an exit to the north. There is an exit to the west. Don't worry, there is no door.","You are carrying: a banana, a red apple and a red onion.",1 of 16,0.0625,False,
11,,,"I should explore the corridor by going east, north, and west to find the missing ingredients for the recipe.",go east,,"You find yourself in a bedroom. An ordinary one. You start to take note of what's in the room.

You make out a bed. But the thing is empty, unfortunately. Hm. Oh well

You need an exit without a door? You should try going west.",Bedroom,"You find yourself in a bedroom. An ordinary one. You start to take note of what's in the room.

You make out a bed. But the thing is empty, unfortunately. Hm. Oh well

You need an exit without a door? You should try going west.","You are carrying: a banana, a red apple and a red onion.",1 of 16,0.0625,False,
12,,,"The bedroom is empty, so I should go back west to the corridor and then try going north or west to find the missing ingredients.",go west,,"You find yourself in a corridor. A standard one. You decide to just list off a complete list of everything you see in the room, because hey, why not?



There is an exit to the east. There is an exit to the north. There is an exit to the west. Don't worry, there is no door.",Corridor,"You find yourself in a corridor. A standard one. You decide to just list off a complete list of everything you see in the room, because hey, why not?



There is an exit to the east. There is an exit to the north. There is an exit to the west. Don't worry, there is no door.","You are carrying: a banana, a red apple and a red onion.",1 of 16,0.0625,False,
13,,,I should try going north from the corridor to explore another area for the missing ingredients.,go north,,"You arrive in a kitchen. A normal one.

You can make out a fridge. I mean, just wow! Isn't TextWorld just the best? The fridge contains a raw pork chop and a block of cheese. The light flickers for a second, but nothing else happens. Look out! It's a- oh, never mind, it's just an oven. You lean against the wall, inadvertently pressing a secret button. The wall opens up to reveal a table. On the table you can see a cookbook and a knife. You can't wait to tell the folks at home about this! You smell an interesting smell, and follow it to a counter. But the thing is empty, unfortunately. You think about smashing the counter to bits, throwing the bits into the garbage, etc, until you get bored and decide to move on. You can see a stove. The stove appears to be empty.

There is an open frosted-glass door leading east. There is a closed screen door leading north. You don't like doors? Why not try going south, that entranceway is not blocked by one. There is an exit to the west.",Kitchen,"You arrive in a kitchen. A normal one.

You can make out a fridge. I mean, just wow! Isn't TextWorld just the best? The fridge contains a raw pork chop and a block of cheese. The light flickers for a second, but nothing else happens. Look out! It's a- oh, never mind, it's just an oven. You lean against the wall, inadvertently pressing a secret button. The wall opens up to reveal a table. On the table you can see a cookbook and a knife. You can't wait to tell the folks at home about this! You smell an interesting smell, and follow it to a counter. But the thing is empty, unfortunately. You think about smashing the counter to bits, throwing the bits into the garbage, etc, until you get bored and decide to move on. You can see a stove. The stove appears to be empty.

There is an open frosted-glass door leading east. There is a closed screen door leading north. You don't like doors? Why not try going south, that entranceway is not blocked by one. There is an exit to the west.","You are carrying: a banana, a red apple and a red onion.",1 of 16,0.0625,False,
14,,,I should take the cookbook and the knife from the table to check the recipe and prepare the meal.,take cookbook from table,,You take the cookbook from the table.,Kitchen,"You arrive in a kitchen. A normal one.

You can make out a fridge. I mean, just wow! Isn't TextWorld just the best? The fridge contains a raw pork chop and a block of cheese. The light flickers for a second, but nothing else happens. Look out! It's a- oh, never mind, it's just an oven. You lean against the wall, inadvertently pressing a secret button. The wall opens up to reveal a table. On the table you can see a knife. You can't wait to tell the folks at home about this! You smell an interesting smell, and follow it to a counter. But the thing is empty, unfortunately. You think about smashing the counter to bits, throwing the bits into the garbage, etc, until you get bored and decide to move on. You can see a stove. The stove appears to be empty.

There is an open frosted-glass door leading east. There is a closed screen door leading north. You don't like doors? Why not try going south, that entranceway is not blocked by one. There is an exit to the west.","You are carrying: a cookbook, a banana, a red apple and a red onion.",1 of 16,0.0625,False,
15,,,I should take the knife from the table to be able to prepare the meal.,take knife from table,,You take the knife from the table.,Kitchen,"You arrive in a kitchen. A normal one.

You can make out a fridge. I mean, just wow! Isn't TextWorld just the best? The fridge contains a raw pork chop and a block of cheese. The light flickers for a second, but nothing else happens. Look out! It's a- oh, never mind, it's just an oven. You lean against the wall, inadvertently pressing a secret button. The wall opens up to reveal a table. However, the table, like an empty table, has nothing on it. Sometimes, just sometimes, TextWorld can just be the worst. You smell an interesting smell, and follow it to a counter. But the thing is empty, unfortunately. You think about smashing the counter to bits, throwing the bits into the garbage, etc, until you get bored and decide to move on. You can see a stove. The stove appears to be empty.

There is an open frosted-glass door leading east. There is a closed screen door leading north. You don't like doors? Why not try going south, that entranceway is not blocked by one. There is an exit to the west.","You are carrying: a knife, a cookbook, a banana, a red apple and a red onion.",1 of 16,0.0625,False,
16,,,I should examine the cookbook to find the recipe for the meal.,examine cookbook,,"You open the copy of ""Cooking: A Modern Approach (3rd Ed.)"" and start reading:

Recipe #1
---------
Gather all following ingredients and follow the directions to prepare this tasty meal.

Ingredients:
yellow potato
  red apple
  banana
  white onion
  orange bell pepper

Directions:
dice the yellow potato
  fry the yellow potato
  chop the red apple
  roast the red apple
  dice the banana
  grill the banana
  dice the white onion
  roast the white onion
  chop the orange bell pepper
  grill the orange bell pepper
  prepare meal",Kitchen,"You arrive in a kitchen. A normal one.

You can make out a fridge. I mean, just wow! Isn't TextWorld just the best? The fridge contains a raw pork chop and a block of cheese. The light flickers for a second, but nothing else happens. Look out! It's a- oh, never mind, it's just an oven. You lean against the wall, inadvertently pressing a secret button. The wall opens up to reveal a table. However, the table, like an empty table, has nothing on it. Sometimes, just sometimes, TextWorld can just be the worst. You smell an interesting smell, and follow it to a counter. But the thing is empty, unfortunately. You think about smashing the counter to bits, throwing the bits into the garbage, etc, until you get bored and decide to move on. You can see a stove. The stove appears to be empty.

There is an open frosted-glass door leading east. There is a closed screen door leading north. You don't like doors? Why not try going south, that entranceway is not blocked by one. There is an exit to the west.","You are carrying: a knife, a cookbook, a banana, a red apple and a red onion.",1 of 16,0.0625,False,
17,,,"I need to find the yellow potato, white onion, and orange bell pepper to follow the recipe.",go south,,"You find yourself in a corridor. A standard one. You decide to just list off a complete list of everything you see in the room, because hey, why not?



There is an exit to the east. There is an exit to the north. There is an exit to the west. Don't worry, there is no door.",Corridor,"You find yourself in a corridor. A standard one. You decide to just list off a complete list of everything you see in the room, because hey, why not?



There is an exit to the east. There is an exit to the north. There is an exit to the west. Don't worry, there is no door.","You are carrying: a knife, a cookbook, a banana, a red apple and a red onion.",1 of 16,0.0625,False,
18,,,"I should explore the corridor to find the yellow potato, white onion, and orange bell pepper.",go east,,"You find yourself in a bedroom. An ordinary one. You start to take note of what's in the room.

You make out a bed. But the thing is empty, unfortunately. Hm. Oh well

You need an exit without a door? You should try going west.",Bedroom,"You find yourself in a bedroom. An ordinary one. You start to take note of what's in the room.

You make out a bed. But the thing is empty, unfortunately. Hm. Oh well

You need an exit without a door? You should try going west.","You are carrying: a knife, a cookbook, a banana, a red apple and a red onion.",1 of 16,0.0625,False,
19,,,"The bedroom has no ingredients, so I should try going north from the corridor to explore more.",go north,,You can't go that way.,Bedroom,"You find yourself in a bedroom. An ordinary one. You start to take note of what's in the room.

You make out a bed. But the thing is empty, unfortunately. Hm. Oh well

You need an exit without a door? You should try going west.","You are carrying: a knife, a cookbook, a banana, a red apple and a red onion.",1 of 16,0.0625,False,
20,,,"I cannot go north from the bedroom, so I should go back west to the corridor and then try going north from there.",go west,,"You find yourself in a corridor. A standard one. You decide to just list off a complete list of everything you see in the room, because hey, why not?



There is an exit to the east. There is an exit to the north. There is an exit to the west. Don't worry, there is no door.",Corridor,"You find yourself in a corridor. A standard one. You decide to just list off a complete list of everything you see in the room, because hey, why not?



There is an exit to the east. There is an exit to the north. There is an exit to the west. Don't worry, there is no door.","You are carrying: a knife, a cookbook, a banana, a red apple and a red onion.",1 of 16,0.0625,False,
21,,,I should try going north from the corridor again to see if there is anything new.,go north,,"You arrive in a kitchen. A normal one.

You can make out a fridge. I mean, just wow! Isn't TextWorld just the best? The fridge contains a raw pork chop and a block of cheese. The light flickers for a second, but nothing else happens. Look out! It's a- oh, never mind, it's just an oven. You lean against the wall, inadvertently pressing a secret button. The wall opens up to reveal a table. However, the table, like an empty table, has nothing on it. Sometimes, just sometimes, TextWorld can just be the worst. You smell an interesting smell, and follow it to a counter. But the thing is empty, unfortunately. You think about smashing the counter to bits, throwing the bits into the garbage, etc, until you get bored and decide to move on. You can see a stove. The stove appears to be empty.

There is an open frosted-glass door leading east. There is a closed screen door leading north. You don't like doors? Why not try going south, that entranceway is not blocked by one. There is an exit to the west.",Kitchen,"You arrive in a kitchen. A normal one.

You can make out a fridge. I mean, just wow! Isn't TextWorld just the best? The fridge contains a raw pork chop and a block of cheese. The light flickers for a second, but nothing else happens. Look out! It's a- oh, never mind, it's just an oven. You lean against the wall, inadvertently pressing a secret button. The wall opens up to reveal a table. However, the table, like an empty table, has nothing on it. Sometimes, just sometimes, TextWorld can just be the worst. You smell an interesting smell, and follow it to a counter. But the thing is empty, unfortunately. You think about smashing the counter to bits, throwing the bits into the garbage, etc, until you get bored and decide to move on. You can see a stove. The stove appears to be empty.

There is an open frosted-glass door leading east. There is a closed screen door leading north. You don't like doors? Why not try going south, that entranceway is not blocked by one. There is an exit to the west.","You are carrying: a knife, a cookbook, a banana, a red apple and a red onion.",1 of 16,0.0625,False,
22,,,I should examine the cookbook to find a recipe for cooking a delicious meal.,examine cookbook,,"You open the copy of ""Cooking: A Modern Approach (3rd Ed.)"" and start reading:

Recipe #1
---------
Gather all following ingredients and follow the directions to prepare this tasty meal.

Ingredients:
yellow potato
  red apple
  banana
  white onion
  orange bell pepper

Directions:
dice the yellow potato
  fry the yellow potato
  chop the red apple
  roast the red apple
  dice the banana
  grill the banana
  dice the white onion
  roast the white onion
  chop the orange bell pepper
  grill the orange bell pepper
  prepare meal",Kitchen,"You arrive in a kitchen. A normal one.

You can make out a fridge. I mean, just wow! Isn't TextWorld just the best? The fridge contains a raw pork chop and a block of cheese. The light flickers for a second, but nothing else happens. Look out! It's a- oh, never mind, it's just an oven. You lean against the wall, inadvertently pressing a secret button. The wall opens up to reveal a table. However, the table, like an empty table, has nothing on it. Sometimes, just sometimes, TextWorld can just be the worst. You smell an interesting smell, and follow it to a counter. But the thing is empty, unfortunately. You think about smashing the counter to bits, throwing the bits into the garbage, etc, until you get bored and decide to move on. You can see a stove. The stove appears to be empty.

There is an open frosted-glass door leading east. There is a closed screen door leading north. You don't like doors? Why not try going south, that entranceway is not blocked by one. There is an exit to the west.","You are carrying: a knife, a cookbook, a banana, a red apple and a red onion.",1 of 16,0.0625,False,
23,,,"I need to check if I have the required ingredients for the recipe: yellow potato, red apple, banana, white onion, and orange bell pepper. I have a red apple, banana, and a red onion, but not a yellow potato, white onion, or orange bell pepper. I should look around the kitchen, especially the fridge, for the missing ingredients.",open fridge,,That's already open.,Kitchen,"You arrive in a kitchen. A normal one.

You can make out a fridge. I mean, just wow! Isn't TextWorld just the best? The fridge contains a raw pork chop and a block of cheese. The light flickers for a second, but nothing else happens. Look out! It's a- oh, never mind, it's just an oven. You lean against the wall, inadvertently pressing a secret button. The wall opens up to reveal a table. However, the table, like an empty table, has nothing on it. Sometimes, just sometimes, TextWorld can just be the worst. You smell an interesting smell, and follow it to a counter. But the thing is empty, unfortunately. You think about smashing the counter to bits, throwing the bits into the garbage, etc, until you get bored and decide to move on. You can see a stove. The stove appears to be empty.

There is an open frosted-glass door leading east. There is a closed screen door leading north. You don't like doors? Why not try going south, that entranceway is not blocked by one. There is an exit to the west.","You are carrying: a knife, a cookbook, a banana, a red apple and a red onion.",1 of 16,0.0625,False,
24,,,"Since the fridge is already open and contains only a raw pork chop and a block of cheese, which are not part of the recipe, I should check the rest of the kitchen for the missing ingredients: yellow potato, white onion, and orange bell pepper.",look around kitchen,,You can't see any such thing.,Kitchen,"You arrive in a kitchen. A normal one.

You can make out a fridge. I mean, just wow! Isn't TextWorld just the best? The fridge contains a raw pork chop and a block of cheese. The light flickers for a second, but nothing else happens. Look out! It's a- oh, never mind, it's just an oven. You lean against the wall, inadvertently pressing a secret button. The wall opens up to reveal a table. However, the table, like an empty table, has nothing on it. Sometimes, just sometimes, TextWorld can just be the worst. You smell an interesting smell, and follow it to a counter. But the thing is empty, unfortunately. You think about smashing the counter to bits, throwing the bits into the garbage, etc, until you get bored and decide to move on. You can see a stove. The stove appears to be empty.

There is an open frosted-glass door leading east. There is a closed screen door leading north. You don't like doors? Why not try going south, that entranceway is not blocked by one. There is an exit to the west.","You are carrying: a knife, a cookbook, a banana, a red apple and a red onion.",1 of 16,0.0625,False,
25,,,"Since the missing ingredients are not in the kitchen, I should explore other accessible areas to find a yellow potato, white onion, and orange bell pepper. I will go east through the open frosted-glass door to see if I can find these ingredients there.",go east,,"You are in a pantry. A standard one.

You see a shelf. Make a note of this, you might have to put stuff on or in it later on. But the thing hasn't got anything on it.

There is an open frosted-glass door leading west.",Pantry,"You are in a pantry. A standard one.

You see a shelf. Make a note of this, you might have to put stuff on or in it later on. But the thing hasn't got anything on it.

There is an open frosted-glass door leading west.","You are carrying: a knife, a cookbook, a banana, a red apple and a red onion.",1 of 16,0.0625,False,
26,,,The pantry is empty and does not have the ingredients I need. I should return to the kitchen and try going south to explore another area for the missing ingredients.,go west,,"You arrive in a kitchen. A normal one.

You can make out a fridge. I mean, just wow! Isn't TextWorld just the best? The fridge contains a raw pork chop and a block of cheese. The light flickers for a second, but nothing else happens. Look out! It's a- oh, never mind, it's just an oven. You lean against the wall, inadvertently pressing a secret button. The wall opens up to reveal a table. However, the table, like an empty table, has nothing on it. Sometimes, just sometimes, TextWorld can just be the worst. You smell an interesting smell, and follow it to a counter. But the thing is empty, unfortunately. You think about smashing the counter to bits, throwing the bits into the garbage, etc, until you get bored and decide to move on. You can see a stove. The stove appears to be empty.

There is an open frosted-glass door leading east. There is a closed screen door leading north. You don't like doors? Why not try going south, that entranceway is not blocked by one. There is an exit to the west.",Kitchen,"You arrive in a kitchen. A normal one.

You can make out a fridge. I mean, just wow! Isn't TextWorld just the best? The fridge contains a raw pork chop and a block of cheese. The light flickers for a second, but nothing else happens. Look out! It's a- oh, never mind, it's just an oven. You lean against the wall, inadvertently pressing a secret button. The wall opens up to reveal a table. However, the table, like an empty table, has nothing on it. Sometimes, just sometimes, TextWorld can just be the worst. You smell an interesting smell, and follow it to a counter. But the thing is empty, unfortunately. You think about smashing the counter to bits, throwing the bits into the garbage, etc, until you get bored and decide to move on. You can see a stove. The stove appears to be empty.

There is an open frosted-glass door leading east. There is a closed screen door leading north. You don't like doors? Why not try going south, that entranceway is not blocked by one. There is an exit to the west.","You are carrying: a knife, a cookbook, a banana, a red apple and a red onion.",1 of 16,0.0625,False,
27,,,I should go south from the kitchen to explore the area without a door and look for the missing ingredients.,go south,,"You find yourself in a corridor. A standard one. You decide to just list off a complete list of everything you see in the room, because hey, why not?



There is an exit to the east. There is an exit to the north. There is an exit to the west. Don't worry, there is no door.",Corridor,"You find yourself in a corridor. A standard one. You decide to just list off a complete list of everything you see in the room, because hey, why not?



There is an exit to the east. There is an exit to the north. There is an exit to the west. Don't worry, there is no door.","You are carrying: a knife, a cookbook, a banana, a red apple and a red onion.",1 of 16,0.0625,False,
28,,,I should explore the corridor by going east to see if I can find the missing ingredients there.,go east,,"You find yourself in a bedroom. An ordinary one. You start to take note of what's in the room.

You make out a bed. But the thing is empty, unfortunately. Hm. Oh well

You need an exit without a door? You should try going west.",Bedroom,"You find yourself in a bedroom. An ordinary one. You start to take note of what's in the room.

You make out a bed. But the thing is empty, unfortunately. Hm. Oh well

You need an exit without a door? You should try going west.","You are carrying: a knife, a cookbook, a banana, a red apple and a red onion.",1 of 16,0.0625,False,
29,,,The bedroom is empty and does not have any ingredients. I should go back west to the corridor and try another direction.,go west,,"You find yourself in a corridor. A standard one. You decide to just list off a complete list of everything you see in the room, because hey, why not?



There is an exit to the east. There is an exit to the north. There is an exit to the west. Don't worry, there is no door.",Corridor,"You find yourself in a corridor. A standard one. You decide to just list off a complete list of everything you see in the room, because hey, why not?



There is an exit to the east. There is an exit to the north. There is an exit to the west. Don't worry, there is no door.","You are carrying: a knife, a cookbook, a banana, a red apple and a red onion.",1 of 16,0.0625,False,
30,,,I should go north from the corridor to explore another area for ingredients.,go north,,"You arrive in a kitchen. A normal one.

You can make out a fridge. I mean, just wow! Isn't TextWorld just the best? The fridge contains a raw pork chop and a block of cheese. The light flickers for a second, but nothing else happens. Look out! It's a- oh, never mind, it's just an oven. You lean against the wall, inadvertently pressing a secret button. The wall opens up to reveal a table. However, the table, like an empty table, has nothing on it. Sometimes, just sometimes, TextWorld can just be the worst. You smell an interesting smell, and follow it to a counter. But the thing is empty, unfortunately. You think about smashing the counter to bits, throwing the bits into the garbage, etc, until you get bored and decide to move on. You can see a stove. The stove appears to be empty.

There is an open frosted-glass door leading east. There is a closed screen door leading north. You don't like doors? Why not try going south, that entranceway is not blocked by one. There is an exit to the west.",Kitchen,"You arrive in a kitchen. A normal one.

You can make out a fridge. I mean, just wow! Isn't TextWorld just the best? The fridge contains a raw pork chop and a block of cheese. The light flickers for a second, but nothing else happens. Look out! It's a- oh, never mind, it's just an oven. You lean against the wall, inadvertently pressing a secret button. The wall opens up to reveal a table. However, the table, like an empty table, has nothing on it. Sometimes, just sometimes, TextWorld can just be the worst. You smell an interesting smell, and follow it to a counter. But the thing is empty, unfortunately. You think about smashing the counter to bits, throwing the bits into the garbage, etc, until you get bored and decide to move on. You can see a stove. The stove appears to be empty.

There is an open frosted-glass door leading east. There is a closed screen door leading north. You don't like doors? Why not try going south, that entranceway is not blocked by one. There is an exit to the west.","You are carrying: a knife, a cookbook, a banana, a red apple and a red onion.",1 of 16,0.0625,False,
31,,,I should take the raw pork chop and the block of cheese from the fridge to use for cooking.,take raw pork chop from fridge,,You're carrying too many things already.,Kitchen,"You arrive in a kitchen. A normal one.

You can make out a fridge. I mean, just wow! Isn't TextWorld just the best? The fridge contains a raw pork chop and a block of cheese. The light flickers for a second, but nothing else happens. Look out! It's a- oh, never mind, it's just an oven. You lean against the wall, inadvertently pressing a secret button. The wall opens up to reveal a table. However, the table, like an empty table, has nothing on it. Sometimes, just sometimes, TextWorld can just be the worst. You smell an interesting smell, and follow it to a counter. But the thing is empty, unfortunately. You think about smashing the counter to bits, throwing the bits into the garbage, etc, until you get bored and decide to move on. You can see a stove. The stove appears to be empty.

There is an open frosted-glass door leading east. There is a closed screen door leading north. You don't like doors? Why not try going south, that entranceway is not blocked by one. There is an exit to the west.","You are carrying: a knife, a cookbook, a banana, a red apple and a red onion.",1 of 16,0.0625,False,
32,,,"I am carrying too many items, so I should drop the banana, red apple, and red onion to free up space for the pork chop and cheese.",drop banana; drop red apple; drop red onion,,You can't see any such thing.,Kitchen,"You arrive in a kitchen. A normal one.

You can make out a fridge. I mean, just wow! Isn't TextWorld just the best? The fridge contains a raw pork chop and a block of cheese. The light flickers for a second, but nothing else happens. Look out! It's a- oh, never mind, it's just an oven. You lean against the wall, inadvertently pressing a secret button. The wall opens up to reveal a table. However, the table, like an empty table, has nothing on it. Sometimes, just sometimes, TextWorld can just be the worst. You smell an interesting smell, and follow it to a counter. But the thing is empty, unfortunately. You think about smashing the counter to bits, throwing the bits into the garbage, etc, until you get bored and decide to move on. You can see a stove. The stove appears to be empty.

There is an open frosted-glass door leading east. There is a closed screen door leading north. You don't like doors? Why not try going south, that entranceway is not blocked by one. There is an exit to the west.","You are carrying: a knife, a cookbook, a banana, a red apple and a red onion.",1 of 16,0.0625,False,
33,,,I need to drop the items one by one by specifying the correct objects to drop.,drop banana,,You drop the banana on the ground.,Kitchen,"You arrive in a kitchen. A normal one.

You can make out a fridge. I mean, just wow! Isn't TextWorld just the best? The fridge contains a raw pork chop and a block of cheese. The light flickers for a second, but nothing else happens. Look out! It's a- oh, never mind, it's just an oven. You lean against the wall, inadvertently pressing a secret button. The wall opens up to reveal a table. However, the table, like an empty table, has nothing on it. Sometimes, just sometimes, TextWorld can just be the worst. You smell an interesting smell, and follow it to a counter. But the thing is empty, unfortunately. You think about smashing the counter to bits, throwing the bits into the garbage, etc, until you get bored and decide to move on. You can see a stove. The stove appears to be empty.

There is an open frosted-glass door leading east. There is a closed screen door leading north. You don't like doors? Why not try going south, that entranceway is not blocked by one. There is an exit to the west.

There is a banana on the floor.","You are carrying: a knife, a cookbook, a red apple and a red onion.",1 of 16,0.0625,False,
34,,,I should drop the red apple next to free more space.,drop red apple,,You drop the red apple on the ground.,Kitchen,"You arrive in a kitchen. A normal one.

You can make out a fridge. I mean, just wow! Isn't TextWorld just the best? The fridge contains a raw pork chop and a block of cheese. The light flickers for a second, but nothing else happens. Look out! It's a- oh, never mind, it's just an oven. You lean against the wall, inadvertently pressing a secret button. The wall opens up to reveal a table. However, the table, like an empty table, has nothing on it. Sometimes, just sometimes, TextWorld can just be the worst. You smell an interesting smell, and follow it to a counter. But the thing is empty, unfortunately. You think about smashing the counter to bits, throwing the bits into the garbage, etc, until you get bored and decide to move on. You can see a stove. The stove appears to be empty.

There is an open frosted-glass door leading east. There is a closed screen door leading north. You don't like doors? Why not try going south, that entranceway is not blocked by one. There is an exit to the west.

There is a red apple and a banana on the floor.","You are carrying: a knife, a cookbook and a red onion.",1 of 16,0.0625,False,
35,,,I should drop the red onion as well to free up space for the pork chop and cheese.,drop red onion,,You drop the red onion on the ground.,Kitchen,"You arrive in a kitchen. A normal one.

You can make out a fridge. I mean, just wow! Isn't TextWorld just the best? The fridge contains a raw pork chop and a block of cheese. The light flickers for a second, but nothing else happens. Look out! It's a- oh, never mind, it's just an oven. You lean against the wall, inadvertently pressing a secret button. The wall opens up to reveal a table. However, the table, like an empty table, has nothing on it. Sometimes, just sometimes, TextWorld can just be the worst. You smell an interesting smell, and follow it to a counter. But the thing is empty, unfortunately. You think about smashing the counter to bits, throwing the bits into the garbage, etc, until you get bored and decide to move on. You can see a stove. The stove appears to be empty.

There is an open frosted-glass door leading east. There is a closed screen door leading north. You don't like doors? Why not try going south, that entranceway is not blocked by one. There is an exit to the west.

There is a red onion, a red apple and a banana on the floor.",You are carrying: a knife and a cookbook.,1 of 16,0.0625,False,
36,,,I should take the raw pork chop from the fridge to start cooking.,take raw pork chop from fridge,,You take the pork chop from the fridge.,Kitchen,"You arrive in a kitchen. A normal one.

You can make out a fridge. I mean, just wow! Isn't TextWorld just the best? The fridge contains a block of cheese. The light flickers for a second, but nothing else happens. Look out! It's a- oh, never mind, it's just an oven. You lean against the wall, inadvertently pressing a secret button. The wall opens up to reveal a table. However, the table, like an empty table, has nothing on it. Sometimes, just sometimes, TextWorld can just be the worst. You smell an interesting smell, and follow it to a counter. But the thing is empty, unfortunately. You think about smashing the counter to bits, throwing the bits into the garbage, etc, until you get bored and decide to move on. You can see a stove. The stove appears to be empty.

There is an open frosted-glass door leading east. There is a closed screen door leading north. You don't like doors? Why not try going south, that entranceway is not blocked by one. There is an exit to the west.

There is a red onion, a red apple and a banana on the floor.","You are carrying: a raw pork chop, a knife and a cookbook.",1 of 16,0.0625,False,
37,,,I should take the block of cheese from the fridge to have all ingredients for the meal.,take block of cheese from fridge,,You take the block of cheese from the fridge.,Kitchen,"You arrive in a kitchen. A normal one.

You can make out a fridge. I mean, just wow! Isn't TextWorld just the best? The fridge is empty! What a waste of a day! Look out! It's a- oh, never mind, it's just an oven. You lean against the wall, inadvertently pressing a secret button. The wall opens up to reveal a table. However, the table, like an empty table, has nothing on it. Sometimes, just sometimes, TextWorld can just be the worst. You smell an interesting smell, and follow it to a counter. But the thing is empty, unfortunately. You think about smashing the counter to bits, throwing the bits into the garbage, etc, until you get bored and decide to move on. You can see a stove. The stove appears to be empty.

There is an open frosted-glass door leading east. There is a closed screen door leading north. You don't like doors? Why not try going south, that entranceway is not blocked by one. There is an exit to the west.

There is a red onion, a red apple and a banana on the floor.","You are carrying: a block of cheese, a raw pork chop, a knife and a cookbook.",1 of 16,0.0625,False,
38,,,I should examine the cookbook to find the recipe for cooking the pork chop and cheese.,examine cookbook,,"You open the copy of ""Cooking: A Modern Approach (3rd Ed.)"" and start reading:

Recipe #1
---------
Gather all following ingredients and follow the directions to prepare this tasty meal.

Ingredients:
yellow potato
  red apple
  banana
  white onion
  orange bell pepper

Directions:
dice the yellow potato
  fry the yellow potato
  chop the red apple
  roast the red apple
  dice the banana
  grill the banana
  dice the white onion
  roast the white onion
  chop the orange bell pepper
  grill the orange bell pepper
  prepare meal",Kitchen,"You arrive in a kitchen. A normal one.

You can make out a fridge. I mean, just wow! Isn't TextWorld just the best? The fridge is empty! What a waste of a day! Look out! It's a- oh, never mind, it's just an oven. You lean against the wall, inadvertently pressing a secret button. The wall opens up to reveal a table. However, the table, like an empty table, has nothing on it. Sometimes, just sometimes, TextWorld can just be the worst. You smell an interesting smell, and follow it to a counter. But the thing is empty, unfortunately. You think about smashing the counter to bits, throwing the bits into the garbage, etc, until you get bored and decide to move on. You can see a stove. The stove appears to be empty.

There is an open frosted-glass door leading east. There is a closed screen door leading north. You don't like doors? Why not try going south, that entranceway is not blocked by one. There is an exit to the west.

There is a red onion, a red apple and a banana on the floor.","You are carrying: a block of cheese, a raw pork chop, a knife and a cookbook.",1 of 16,0.0625,False,
39,,,"The recipe requires yellow potato, white onion, and orange bell pepper, which I don't have. I should take the red apple and banana from the floor and then look for the other ingredients.",take red apple from floor,,You pick up the red apple from the ground.,Kitchen,"You arrive in a kitchen. A normal one.

You can make out a fridge. I mean, just wow! Isn't TextWorld just the best? The fridge is empty! What a waste of a day! Look out! It's a- oh, never mind, it's just an oven. You lean against the wall, inadvertently pressing a secret button. The wall opens up to reveal a table. However, the table, like an empty table, has nothing on it. Sometimes, just sometimes, TextWorld can just be the worst. You smell an interesting smell, and follow it to a counter. But the thing is empty, unfortunately. You think about smashing the counter to bits, throwing the bits into the garbage, etc, until you get bored and decide to move on. You can see a stove. The stove appears to be empty.

There is an open frosted-glass door leading east. There is a closed screen door leading north. You don't like doors? Why not try going south, that entranceway is not blocked by one. There is an exit to the west.

There is a red onion and a banana on the floor.","You are carrying: a red apple, a block of cheese, a raw pork chop, a knife and a cookbook.",1 of 16,0.0625,False,
40,,,I should take the banana from the floor to have more ingredients.,take banana from floor,,You're carrying too many things already.,Kitchen,"You arrive in a kitchen. A normal one.

You can make out a fridge. I mean, just wow! Isn't TextWorld just the best? The fridge is empty! What a waste of a day! Look out! It's a- oh, never mind, it's just an oven. You lean against the wall, inadvertently pressing a secret button. The wall opens up to reveal a table. However, the table, like an empty table, has nothing on it. Sometimes, just sometimes, TextWorld can just be the worst. You smell an interesting smell, and follow it to a counter. But the thing is empty, unfortunately. You think about smashing the counter to bits, throwing the bits into the garbage, etc, until you get bored and decide to move on. You can see a stove. The stove appears to be empty.

There is an open frosted-glass door leading east. There is a closed screen door leading north. You don't like doors? Why not try going south, that entranceway is not blocked by one. There is an exit to the west.

There is a red onion and a banana on the floor.","You are carrying: a red apple, a block of cheese, a raw pork chop, a knife and a cookbook.",1 of 16,0.0625,False,
41,,,"I am carrying too many items, so I should drop the block of cheese to free up space and then take the banana.",drop block of cheese,,You drop the block of cheese on the ground.,Kitchen,"You arrive in a kitchen. A normal one.

You can make out a fridge. I mean, just wow! Isn't TextWorld just the best? The fridge is empty! What a waste of a day! Look out! It's a- oh, never mind, it's just an oven. You lean against the wall, inadvertently pressing a secret button. The wall opens up to reveal a table. However, the table, like an empty table, has nothing on it. Sometimes, just sometimes, TextWorld can just be the worst. You smell an interesting smell, and follow it to a counter. But the thing is empty, unfortunately. You think about smashing the counter to bits, throwing the bits into the garbage, etc, until you get bored and decide to move on. You can see a stove. The stove appears to be empty.

There is an open frosted-glass door leading east. There is a closed screen door leading north. You don't like doors? Why not try going south, that entranceway is not blocked by one. There is an exit to the west.

There is a block of cheese, a red onion and a banana on the floor.","You are carrying: a red apple, a raw pork chop, a knife and a cookbook.",1 of 16,0.0625,False,
42,,,"Now that I have space, I should take the banana from the floor.",take banana from floor,,You pick up the banana from the ground.,Kitchen,"You arrive in a kitchen. A normal one.

You can make out a fridge. I mean, just wow! Isn't TextWorld just the best? The fridge is empty! What a waste of a day! Look out! It's a- oh, never mind, it's just an oven. You lean against the wall, inadvertently pressing a secret button. The wall opens up to reveal a table. However, the table, like an empty table, has nothing on it. Sometimes, just sometimes, TextWorld can just be the worst. You smell an interesting smell, and follow it to a counter. But the thing is empty, unfortunately. You think about smashing the counter to bits, throwing the bits into the garbage, etc, until you get bored and decide to move on. You can see a stove. The stove appears to be empty.

There is an open frosted-glass door leading east. There is a closed screen door leading north. You don't like doors? Why not try going south, that entranceway is not blocked by one. There is an exit to the west.

There is a block of cheese and a red onion on the floor.","You are carrying: a banana, a red apple, a raw pork chop, a knife and a cookbook.",1 of 16,0.0625,False,
43,,,I should check the cookbook for the recipe to cook a delicious meal.,examine cookbook,,"You open the copy of ""Cooking: A Modern Approach (3rd Ed.)"" and start reading:

Recipe #1
---------
Gather all following ingredients and follow the directions to prepare this tasty meal.

Ingredients:
yellow potato
  red apple
  banana
  white onion
  orange bell pepper

Directions:
dice the yellow potato
  fry the yellow potato
  chop the red apple
  roast the red apple
  dice the banana
  grill the banana
  dice the white onion
  roast the white onion
  chop the orange bell pepper
  grill the orange bell pepper
  prepare meal",Kitchen,"You arrive in a kitchen. A normal one.

You can make out a fridge. I mean, just wow! Isn't TextWorld just the best? The fridge is empty! What a waste of a day! Look out! It's a- oh, never mind, it's just an oven. You lean against the wall, inadvertently pressing a secret button. The wall opens up to reveal a table. However, the table, like an empty table, has nothing on it. Sometimes, just sometimes, TextWorld can just be the worst. You smell an interesting smell, and follow it to a counter. But the thing is empty, unfortunately. You think about smashing the counter to bits, throwing the bits into the garbage, etc, until you get bored and decide to move on. You can see a stove. The stove appears to be empty.

There is an open frosted-glass door leading east. There is a closed screen door leading north. You don't like doors? Why not try going south, that entranceway is not blocked by one. There is an exit to the west.

There is a block of cheese and a red onion on the floor.","You are carrying: a banana, a red apple, a raw pork chop, a knife and a cookbook.",1 of 16,0.0625,False,
44,,,"I need to gather the ingredients from the recipe. I have a red apple and a banana, but I need a yellow potato, white onion, and orange bell pepper. I see a red onion on the floor, so I should take it and then look for the other ingredients.",take red onion from floor,,You're carrying too many things already.,Kitchen,"You arrive in a kitchen. A normal one.

You can make out a fridge. I mean, just wow! Isn't TextWorld just the best? The fridge is empty! What a waste of a day! Look out! It's a- oh, never mind, it's just an oven. You lean against the wall, inadvertently pressing a secret button. The wall opens up to reveal a table. However, the table, like an empty table, has nothing on it. Sometimes, just sometimes, TextWorld can just be the worst. You smell an interesting smell, and follow it to a counter. But the thing is empty, unfortunately. You think about smashing the counter to bits, throwing the bits into the garbage, etc, until you get bored and decide to move on. You can see a stove. The stove appears to be empty.

There is an open frosted-glass door leading east. There is a closed screen door leading north. You don't like doors? Why not try going south, that entranceway is not blocked by one. There is an exit to the west.

There is a block of cheese and a red onion on the floor.","You are carrying: a banana, a red apple, a raw pork chop, a knife and a cookbook.",1 of 16,0.0625,False,
45,,,"I am carrying too many items, so I should drop the raw pork chop to free up space for the red onion.",drop raw pork chop,,You drop the pork chop on the ground.,Kitchen,"You arrive in a kitchen. A normal one.

You can make out a fridge. I mean, just wow! Isn't TextWorld just the best? The fridge is empty! What a waste of a day! Look out! It's a- oh, never mind, it's just an oven. You lean against the wall, inadvertently pressing a secret button. The wall opens up to reveal a table. However, the table, like an empty table, has nothing on it. Sometimes, just sometimes, TextWorld can just be the worst. You smell an interesting smell, and follow it to a counter. But the thing is empty, unfortunately. You think about smashing the counter to bits, throwing the bits into the garbage, etc, until you get bored and decide to move on. You can see a stove. The stove appears to be empty.

There is an open frosted-glass door leading east. There is a closed screen door leading north. You don't like doors? Why not try going south, that entranceway is not blocked by one. There is an exit to the west.

There is a raw pork chop, a block of cheese and a red onion on the floor.","You are carrying: a banana, a red apple, a knife and a cookbook.",1 of 16,0.0625,False,
46,,,"Now that I have space, I should take the red onion from the floor.",take red onion from floor,,You pick up the red onion from the ground.,Kitchen,"You arrive in a kitchen. A normal one.

You can make out a fridge. I mean, just wow! Isn't TextWorld just the best? The fridge is empty! What a waste of a day! Look out! It's a- oh, never mind, it's just an oven. You lean against the wall, inadvertently pressing a secret button. The wall opens up to reveal a table. However, the table, like an empty table, has nothing on it. Sometimes, just sometimes, TextWorld can just be the worst. You smell an interesting smell, and follow it to a counter. But the thing is empty, unfortunately. You think about smashing the counter to bits, throwing the bits into the garbage, etc, until you get bored and decide to move on. You can see a stove. The stove appears to be empty.

There is an open frosted-glass door leading east. There is a closed screen door leading north. You don't like doors? Why not try going south, that entranceway is not blocked by one. There is an exit to the west.

There is a raw pork chop and a block of cheese on the floor.","You are carrying: a red onion, a banana, a red apple, a knife and a cookbook.",1 of 16,0.0625,False,
47,,,I still need a yellow potato and an orange bell pepper to complete the recipe. I should explore the kitchen further by going south to see if I can find these ingredients.,go south,,"You find yourself in a corridor. A standard one. You decide to just list off a complete list of everything you see in the room, because hey, why not?



There is an exit to the east. There is an exit to the north. There is an exit to the west. Don't worry, there is no door.",Corridor,"You find yourself in a corridor. A standard one. You decide to just list off a complete list of everything you see in the room, because hey, why not?



There is an exit to the east. There is an exit to the north. There is an exit to the west. Don't worry, there is no door.","You are carrying: a red onion, a banana, a red apple, a knife and a cookbook.",1 of 16,0.0625,False,
48,,,I should check the east exit in the corridor to see if there are any useful ingredients or items.,go east,,"You find yourself in a bedroom. An ordinary one. You start to take note of what's in the room.

You make out a bed. But the thing is empty, unfortunately. Hm. Oh well

You need an exit without a door? You should try going west.",Bedroom,"You find yourself in a bedroom. An ordinary one. You start to take note of what's in the room.

You make out a bed. But the thing is empty, unfortunately. Hm. Oh well

You need an exit without a door? You should try going west.","You are carrying: a red onion, a banana, a red apple, a knife and a cookbook.",1 of 16,0.0625,False,
49,,,"The bedroom has no useful ingredients, so I should go back west to the corridor and then try the north exit to explore further.",go west,,"You find yourself in a corridor. A standard one. You decide to just list off a complete list of everything you see in the room, because hey, why not?



There is an exit to the east. There is an exit to the north. There is an exit to the west. Don't worry, there is no door.",Corridor,"You find yourself in a corridor. A standard one. You decide to just list off a complete list of everything you see in the room, because hey, why not?



There is an exit to the east. There is an exit to the north. There is an exit to the west. Don't worry, there is no door.","You are carrying: a red onion, a banana, a red apple, a knife and a cookbook.",1 of 16,0.0625,False,
50,,,I should go north from the corridor to explore another area for the ingredients I need.,go north,,"You arrive in a kitchen. A normal one.

You can make out a fridge. I mean, just wow! Isn't TextWorld just the best? The fridge is empty! What a waste of a day! Look out! It's a- oh, never mind, it's just an oven. You lean against the wall, inadvertently pressing a secret button. The wall opens up to reveal a table. However, the table, like an empty table, has nothing on it. Sometimes, just sometimes, TextWorld can just be the worst. You smell an interesting smell, and follow it to a counter. But the thing is empty, unfortunately. You think about smashing the counter to bits, throwing the bits into the garbage, etc, until you get bored and decide to move on. You can see a stove. The stove appears to be empty.

There is an open frosted-glass door leading east. There is a closed screen door leading north. You don't like doors? Why not try going south, that entranceway is not blocked by one. There is an exit to the west.

There is a raw pork chop and a block of cheese on the floor.",Kitchen,"You arrive in a kitchen. A normal one.

You can make out a fridge. I mean, just wow! Isn't TextWorld just the best? The fridge is empty! What a waste of a day! Look out! It's a- oh, never mind, it's just an oven. You lean against the wall, inadvertently pressing a secret button. The wall opens up to reveal a table. However, the table, like an empty table, has nothing on it. Sometimes, just sometimes, TextWorld can just be the worst. You smell an interesting smell, and follow it to a counter. But the thing is empty, unfortunately. You think about smashing the counter to bits, throwing the bits into the garbage, etc, until you get bored and decide to move on. You can see a stove. The stove appears to be empty.

There is an open frosted-glass door leading east. There is a closed screen door leading north. You don't like doors? Why not try going south, that entranceway is not blocked by one. There is an exit to the west.

There is a raw pork chop and a block of cheese on the floor.","You are carrying: a red onion, a banana, a red apple, a knife and a cookbook.",1 of 16,0.0625,False,
51,,,I should take the raw pork chop and the block of cheese from the floor to use them for cooking.,take raw pork chop from floor,,You're carrying too many things already.,Kitchen,"You arrive in a kitchen. A normal one.

You can make out a fridge. I mean, just wow! Isn't TextWorld just the best? The fridge is empty! What a waste of a day! Look out! It's a- oh, never mind, it's just an oven. You lean against the wall, inadvertently pressing a secret button. The wall opens up to reveal a table. However, the table, like an empty table, has nothing on it. Sometimes, just sometimes, TextWorld can just be the worst. You smell an interesting smell, and follow it to a counter. But the thing is empty, unfortunately. You think about smashing the counter to bits, throwing the bits into the garbage, etc, until you get bored and decide to move on. You can see a stove. The stove appears to be empty.

There is an open frosted-glass door leading east. There is a closed screen door leading north. You don't like doors? Why not try going south, that entranceway is not blocked by one. There is an exit to the west.

There is a raw pork chop and a block of cheese on the floor.","You are carrying: a red onion, a banana, a red apple, a knife and a cookbook.",1 of 16,0.0625,False,
52,,,"I am carrying too many items, so I should drop the banana to free up space before taking the raw pork chop.",drop banana,,You drop the banana on the ground.,Kitchen,"You arrive in a kitchen. A normal one.

You can make out a fridge. I mean, just wow! Isn't TextWorld just the best? The fridge is empty! What a waste of a day! Look out! It's a- oh, never mind, it's just an oven. You lean against the wall, inadvertently pressing a secret button. The wall opens up to reveal a table. However, the table, like an empty table, has nothing on it. Sometimes, just sometimes, TextWorld can just be the worst. You smell an interesting smell, and follow it to a counter. But the thing is empty, unfortunately. You think about smashing the counter to bits, throwing the bits into the garbage, etc, until you get bored and decide to move on. You can see a stove. The stove appears to be empty.

There is an open frosted-glass door leading east. There is a closed screen door leading north. You don't like doors? Why not try going south, that entranceway is not blocked by one. There is an exit to the west.

There is a banana, a raw pork chop and a block of cheese on the floor.","You are carrying: a red onion, a red apple, a knife and a cookbook.",1 of 16,0.0625,False,
53,,,"Now that I have space, I should take the raw pork chop from the floor.",take raw pork chop from floor,,You pick up the pork chop from the ground.,Kitchen,"You arrive in a kitchen. A normal one.

You can make out a fridge. I mean, just wow! Isn't TextWorld just the best? The fridge is empty! What a waste of a day! Look out! It's a- oh, never mind, it's just an oven. You lean against the wall, inadvertently pressing a secret button. The wall opens up to reveal a table. However, the table, like an empty table, has nothing on it. Sometimes, just sometimes, TextWorld can just be the worst. You smell an interesting smell, and follow it to a counter. But the thing is empty, unfortunately. You think about smashing the counter to bits, throwing the bits into the garbage, etc, until you get bored and decide to move on. You can see a stove. The stove appears to be empty.

There is an open frosted-glass door leading east. There is a closed screen door leading north. You don't like doors? Why not try going south, that entranceway is not blocked by one. There is an exit to the west.

There is a banana and a block of cheese on the floor.","You are carrying: a raw pork chop, a red onion, a red apple, a knife and a cookbook.",1 of 16,0.0625,False,
54,,,I should drop the red apple to free up space so I can take the block of cheese.,drop red apple,,You drop the red apple on the ground.,Kitchen,"You arrive in a kitchen. A normal one.

You can make out a fridge. I mean, just wow! Isn't TextWorld just the best? The fridge is empty! What a waste of a day! Look out! It's a- oh, never mind, it's just an oven. You lean against the wall, inadvertently pressing a secret button. The wall opens up to reveal a table. However, the table, like an empty table, has nothing on it. Sometimes, just sometimes, TextWorld can just be the worst. You smell an interesting smell, and follow it to a counter. But the thing is empty, unfortunately. You think about smashing the counter to bits, throwing the bits into the garbage, etc, until you get bored and decide to move on. You can see a stove. The stove appears to be empty.

There is an open frosted-glass door leading east. There is a closed screen door leading north. You don't like doors? Why not try going south, that entranceway is not blocked by one. There is an exit to the west.

There is a red apple, a banana and a block of cheese on the floor.","You are carrying: a raw pork chop, a red onion, a knife and a cookbook.",1 of 16,0.0625,False,
55,,,I should take the block of cheese from the floor now that I have space.,take block of cheese from floor,,You pick up the block of cheese from the ground.,Kitchen,"You arrive in a kitchen. A normal one.

You can make out a fridge. I mean, just wow! Isn't TextWorld just the best? The fridge is empty! What a waste of a day! Look out! It's a- oh, never mind, it's just an oven. You lean against the wall, inadvertently pressing a secret button. The wall opens up to reveal a table. However, the table, like an empty table, has nothing on it. Sometimes, just sometimes, TextWorld can just be the worst. You smell an interesting smell, and follow it to a counter. But the thing is empty, unfortunately. You think about smashing the counter to bits, throwing the bits into the garbage, etc, until you get bored and decide to move on. You can see a stove. The stove appears to be empty.

There is an open frosted-glass door leading east. There is a closed screen door leading north. You don't like doors? Why not try going south, that entranceway is not blocked by one. There is an exit to the west.

There is a red apple and a banana on the floor.","You are carrying: a block of cheese, a raw pork chop, a red onion, a knife and a cookbook.",1 of 16,0.0625,False,
56,,,I should open the cookbook to check the recipe for a delicious meal.,examine cookbook,,"You open the copy of ""Cooking: A Modern Approach (3rd Ed.)"" and start reading:

Recipe #1
---------
Gather all following ingredients and follow the directions to prepare this tasty meal.

Ingredients:
yellow potato
  red apple
  banana
  white onion
  orange bell pepper

Directions:
dice the yellow potato
  fry the yellow potato
  chop the red apple
  roast the red apple
  dice the banana
  grill the banana
  dice the white onion
  roast the white onion
  chop the orange bell pepper
  grill the orange bell pepper
  prepare meal",Kitchen,"You arrive in a kitchen. A normal one.

You can make out a fridge. I mean, just wow! Isn't TextWorld just the best? The fridge is empty! What a waste of a day! Look out! It's a- oh, never mind, it's just an oven. You lean against the wall, inadvertently pressing a secret button. The wall opens up to reveal a table. However, the table, like an empty table, has nothing on it. Sometimes, just sometimes, TextWorld can just be the worst. You smell an interesting smell, and follow it to a counter. But the thing is empty, unfortunately. You think about smashing the counter to bits, throwing the bits into the garbage, etc, until you get bored and decide to move on. You can see a stove. The stove appears to be empty.

There is an open frosted-glass door leading east. There is a closed screen door leading north. You don't like doors? Why not try going south, that entranceway is not blocked by one. There is an exit to the west.

There is a red apple and a banana on the floor.","You are carrying: a block of cheese, a raw pork chop, a red onion, a knife and a cookbook.",1 of 16,0.0625,False,
57,,,"The recipe requires ingredients I don't have, so I should take the red apple and banana from the floor to have the required ingredients.",take red apple from floor,,You're carrying too many things already.,Kitchen,"You arrive in a kitchen. A normal one.

You can make out a fridge. I mean, just wow! Isn't TextWorld just the best? The fridge is empty! What a waste of a day! Look out! It's a- oh, never mind, it's just an oven. You lean against the wall, inadvertently pressing a secret button. The wall opens up to reveal a table. However, the table, like an empty table, has nothing on it. Sometimes, just sometimes, TextWorld can just be the worst. You smell an interesting smell, and follow it to a counter. But the thing is empty, unfortunately. You think about smashing the counter to bits, throwing the bits into the garbage, etc, until you get bored and decide to move on. You can see a stove. The stove appears to be empty.

There is an open frosted-glass door leading east. There is a closed screen door leading north. You don't like doors? Why not try going south, that entranceway is not blocked by one. There is an exit to the west.

There is a red apple and a banana on the floor.","You are carrying: a block of cheese, a raw pork chop, a red onion, a knife and a cookbook.",1 of 16,0.0625,False,
58,,,"I am carrying too many items, so I should drop the block of cheese to free up space for the required ingredients.",drop block of cheese,,You drop the block of cheese on the ground.,Kitchen,"You arrive in a kitchen. A normal one.

You can make out a fridge. I mean, just wow! Isn't TextWorld just the best? The fridge is empty! What a waste of a day! Look out! It's a- oh, never mind, it's just an oven. You lean against the wall, inadvertently pressing a secret button. The wall opens up to reveal a table. However, the table, like an empty table, has nothing on it. Sometimes, just sometimes, TextWorld can just be the worst. You smell an interesting smell, and follow it to a counter. But the thing is empty, unfortunately. You think about smashing the counter to bits, throwing the bits into the garbage, etc, until you get bored and decide to move on. You can see a stove. The stove appears to be empty.

There is an open frosted-glass door leading east. There is a closed screen door leading north. You don't like doors? Why not try going south, that entranceway is not blocked by one. There is an exit to the west.

There is a block of cheese, a red apple and a banana on the floor.","You are carrying: a raw pork chop, a red onion, a knife and a cookbook.",1 of 16,0.0625,False,
59,,,"Now that I have space, I should take the red apple from the floor.",take red apple from floor,,You pick up the red apple from the ground.,Kitchen,"You arrive in a kitchen. A normal one.

You can make out a fridge. I mean, just wow! Isn't TextWorld just the best? The fridge is empty! What a waste of a day! Look out! It's a- oh, never mind, it's just an oven. You lean against the wall, inadvertently pressing a secret button. The wall opens up to reveal a table. However, the table, like an empty table, has nothing on it. Sometimes, just sometimes, TextWorld can just be the worst. You smell an interesting smell, and follow it to a counter. But the thing is empty, unfortunately. You think about smashing the counter to bits, throwing the bits into the garbage, etc, until you get bored and decide to move on. You can see a stove. The stove appears to be empty.

There is an open frosted-glass door leading east. There is a closed screen door leading north. You don't like doors? Why not try going south, that entranceway is not blocked by one. There is an exit to the west.

There is a block of cheese and a banana on the floor.","You are carrying: a red apple, a raw pork chop, a red onion, a knife and a cookbook.",1 of 16,0.0625,False,
60,,,I should now take the banana from the floor to have all the required ingredients.,take banana from floor,,You're carrying too many things already.,Kitchen,"You arrive in a kitchen. A normal one.

You can make out a fridge. I mean, just wow! Isn't TextWorld just the best? The fridge is empty! What a waste of a day! Look out! It's a- oh, never mind, it's just an oven. You lean against the wall, inadvertently pressing a secret button. The wall opens up to reveal a table. However, the table, like an empty table, has nothing on it. Sometimes, just sometimes, TextWorld can just be the worst. You smell an interesting smell, and follow it to a counter. But the thing is empty, unfortunately. You think about smashing the counter to bits, throwing the bits into the garbage, etc, until you get bored and decide to move on. You can see a stove. The stove appears to be empty.

There is an open frosted-glass door leading east. There is a closed screen door leading north. You don't like doors? Why not try going south, that entranceway is not blocked by one. There is an exit to the west.

There is a block of cheese and a banana on the floor.","You are carrying: a red apple, a raw pork chop, a red onion, a knife and a cookbook.",1 of 16,0.0625,False,
61,,,"I am carrying too many items, so I should drop the red onion to free up space for the banana.",drop red onion,,You drop the red onion on the ground.,Kitchen,"You arrive in a kitchen. A normal one.

You can make out a fridge. I mean, just wow! Isn't TextWorld just the best? The fridge is empty! What a waste of a day! Look out! It's a- oh, never mind, it's just an oven. You lean against the wall, inadvertently pressing a secret button. The wall opens up to reveal a table. However, the table, like an empty table, has nothing on it. Sometimes, just sometimes, TextWorld can just be the worst. You smell an interesting smell, and follow it to a counter. But the thing is empty, unfortunately. You think about smashing the counter to bits, throwing the bits into the garbage, etc, until you get bored and decide to move on. You can see a stove. The stove appears to be empty.

There is an open frosted-glass door leading east. There is a closed screen door leading north. You don't like doors? Why not try going south, that entranceway is not blocked by one. There is an exit to the west.

There is a red onion, a block of cheese and a banana on the floor.","You are carrying: a red apple, a raw pork chop, a knife and a cookbook.",1 of 16,0.0625,False,
62,,,"Now that I have space, I should take the banana from the floor.",take banana from floor,,You pick up the banana from the ground.,Kitchen,"You arrive in a kitchen. A normal one.

You can make out a fridge. I mean, just wow! Isn't TextWorld just the best? The fridge is empty! What a waste of a day! Look out! It's a- oh, never mind, it's just an oven. You lean against the wall, inadvertently pressing a secret button. The wall opens up to reveal a table. However, the table, like an empty table, has nothing on it. Sometimes, just sometimes, TextWorld can just be the worst. You smell an interesting smell, and follow it to a counter. But the thing is empty, unfortunately. You think about smashing the counter to bits, throwing the bits into the garbage, etc, until you get bored and decide to move on. You can see a stove. The stove appears to be empty.

There is an open frosted-glass door leading east. There is a closed screen door leading north. You don't like doors? Why not try going south, that entranceway is not blocked by one. There is an exit to the west.

There is a red onion and a block of cheese on the floor.","You are carrying: a banana, a red apple, a raw pork chop, a knife and a cookbook.",1 of 16,0.0625,False,
63,,,I should check the cookbook for the recipe to cook a delicious meal.,examine cookbook,,"You open the copy of ""Cooking: A Modern Approach (3rd Ed.)"" and start reading:

Recipe #1
---------
Gather all following ingredients and follow the directions to prepare this tasty meal.

Ingredients:
yellow potato
  red apple
  banana
  white onion
  orange bell pepper

Directions:
dice the yellow potato
  fry the yellow potato
  chop the red apple
  roast the red apple
  dice the banana
  grill the banana
  dice the white onion
  roast the white onion
  chop the orange bell pepper
  grill the orange bell pepper
  prepare meal",Kitchen,"You arrive in a kitchen. A normal one.

You can make out a fridge. I mean, just wow! Isn't TextWorld just the best? The fridge is empty! What a waste of a day! Look out! It's a- oh, never mind, it's just an oven. You lean against the wall, inadvertently pressing a secret button. The wall opens up to reveal a table. However, the table, like an empty table, has nothing on it. Sometimes, just sometimes, TextWorld can just be the worst. You smell an interesting smell, and follow it to a counter. But the thing is empty, unfortunately. You think about smashing the counter to bits, throwing the bits into the garbage, etc, until you get bored and decide to move on. You can see a stove. The stove appears to be empty.

There is an open frosted-glass door leading east. There is a closed screen door leading north. You don't like doors? Why not try going south, that entranceway is not blocked by one. There is an exit to the west.

There is a red onion and a block of cheese on the floor.","You are carrying: a banana, a red apple, a raw pork chop, a knife and a cookbook.",1 of 16,0.0625,False,
64,,,"I do not have the yellow potato, white onion, or orange bell pepper required for the recipe, so I should go south to explore and find these ingredients.",go south,,"You find yourself in a corridor. A standard one. You decide to just list off a complete list of everything you see in the room, because hey, why not?



There is an exit to the east. There is an exit to the north. There is an exit to the west. Don't worry, there is no door.",Corridor,"You find yourself in a corridor. A standard one. You decide to just list off a complete list of everything you see in the room, because hey, why not?



There is an exit to the east. There is an exit to the north. There is an exit to the west. Don't worry, there is no door.","You are carrying: a banana, a red apple, a raw pork chop, a knife and a cookbook.",1 of 16,0.0625,False,
65,,,I should go east to explore and look for the missing ingredients.,go east,,"You find yourself in a bedroom. An ordinary one. You start to take note of what's in the room.

You make out a bed. But the thing is empty, unfortunately. Hm. Oh well

You need an exit without a door? You should try going west.",Bedroom,"You find yourself in a bedroom. An ordinary one. You start to take note of what's in the room.

You make out a bed. But the thing is empty, unfortunately. Hm. Oh well

You need an exit without a door? You should try going west.","You are carrying: a banana, a red apple, a raw pork chop, a knife and a cookbook.",1 of 16,0.0625,False,
66,,,"Since the bedroom is empty and the only exit is west, I should go back west to the corridor and then try another direction to find the ingredients.",go west,,"You find yourself in a corridor. A standard one. You decide to just list off a complete list of everything you see in the room, because hey, why not?



There is an exit to the east. There is an exit to the north. There is an exit to the west. Don't worry, there is no door.",Corridor,"You find yourself in a corridor. A standard one. You decide to just list off a complete list of everything you see in the room, because hey, why not?



There is an exit to the east. There is an exit to the north. There is an exit to the west. Don't worry, there is no door.","You are carrying: a banana, a red apple, a raw pork chop, a knife and a cookbook.",1 of 16,0.0625,False,
67,,,I should try going north from the corridor to explore for the missing ingredients.,go north,,"You arrive in a kitchen. A normal one.

You can make out a fridge. I mean, just wow! Isn't TextWorld just the best? The fridge is empty! What a waste of a day! Look out! It's a- oh, never mind, it's just an oven. You lean against the wall, inadvertently pressing a secret button. The wall opens up to reveal a table. However, the table, like an empty table, has nothing on it. Sometimes, just sometimes, TextWorld can just be the worst. You smell an interesting smell, and follow it to a counter. But the thing is empty, unfortunately. You think about smashing the counter to bits, throwing the bits into the garbage, etc, until you get bored and decide to move on. You can see a stove. The stove appears to be empty.

There is an open frosted-glass door leading east. There is a closed screen door leading north. You don't like doors? Why not try going south, that entranceway is not blocked by one. There is an exit to the west.

There is a red onion and a block of cheese on the floor.",Kitchen,"You arrive in a kitchen. A normal one.

You can make out a fridge. I mean, just wow! Isn't TextWorld just the best? The fridge is empty! What a waste of a day! Look out! It's a- oh, never mind, it's just an oven. You lean against the wall, inadvertently pressing a secret button. The wall opens up to reveal a table. However, the table, like an empty table, has nothing on it. Sometimes, just sometimes, TextWorld can just be the worst. You smell an interesting smell, and follow it to a counter. But the thing is empty, unfortunately. You think about smashing the counter to bits, throwing the bits into the garbage, etc, until you get bored and decide to move on. You can see a stove. The stove appears to be empty.

There is an open frosted-glass door leading east. There is a closed screen door leading north. You don't like doors? Why not try going south, that entranceway is not blocked by one. There is an exit to the west.

There is a red onion and a block of cheese on the floor.","You are carrying: a banana, a red apple, a raw pork chop, a knife and a cookbook.",1 of 16,0.0625,False,
68,,,I should take the red onion and the block of cheese from the floor to have more ingredients for cooking.,take red onion from floor,,You're carrying too many things already.,Kitchen,"You arrive in a kitchen. A normal one.

You can make out a fridge. I mean, just wow! Isn't TextWorld just the best? The fridge is empty! What a waste of a day! Look out! It's a- oh, never mind, it's just an oven. You lean against the wall, inadvertently pressing a secret button. The wall opens up to reveal a table. However, the table, like an empty table, has nothing on it. Sometimes, just sometimes, TextWorld can just be the worst. You smell an interesting smell, and follow it to a counter. But the thing is empty, unfortunately. You think about smashing the counter to bits, throwing the bits into the garbage, etc, until you get bored and decide to move on. You can see a stove. The stove appears to be empty.

There is an open frosted-glass door leading east. There is a closed screen door leading north. You don't like doors? Why not try going south, that entranceway is not blocked by one. There is an exit to the west.

There is a red onion and a block of cheese on the floor.","You are carrying: a banana, a red apple, a raw pork chop, a knife and a cookbook.",1 of 16,0.0625,False,
69,,,I need to free up some inventory space by putting down the banana before taking the red onion.,drop banana,,You drop the banana on the ground.,Kitchen,"You arrive in a kitchen. A normal one.

You can make out a fridge. I mean, just wow! Isn't TextWorld just the best? The fridge is empty! What a waste of a day! Look out! It's a- oh, never mind, it's just an oven. You lean against the wall, inadvertently pressing a secret button. The wall opens up to reveal a table. However, the table, like an empty table, has nothing on it. Sometimes, just sometimes, TextWorld can just be the worst. You smell an interesting smell, and follow it to a counter. But the thing is empty, unfortunately. You think about smashing the counter to bits, throwing the bits into the garbage, etc, until you get bored and decide to move on. You can see a stove. The stove appears to be empty.

There is an open frosted-glass door leading east. There is a closed screen door leading north. You don't like doors? Why not try going south, that entranceway is not blocked by one. There is an exit to the west.

There is a banana, a red onion and a block of cheese on the floor.","You are carrying: a red apple, a raw pork chop, a knife and a cookbook.",1 of 16,0.0625,False,
70,,,"Now that I have space, I should take the red onion from the floor.",take red onion from floor,,You pick up the red onion from the ground.,Kitchen,"You arrive in a kitchen. A normal one.

You can make out a fridge. I mean, just wow! Isn't TextWorld just the best? The fridge is empty! What a waste of a day! Look out! It's a- oh, never mind, it's just an oven. You lean against the wall, inadvertently pressing a secret button. The wall opens up to reveal a table. However, the table, like an empty table, has nothing on it. Sometimes, just sometimes, TextWorld can just be the worst. You smell an interesting smell, and follow it to a counter. But the thing is empty, unfortunately. You think about smashing the counter to bits, throwing the bits into the garbage, etc, until you get bored and decide to move on. You can see a stove. The stove appears to be empty.

There is an open frosted-glass door leading east. There is a closed screen door leading north. You don't like doors? Why not try going south, that entranceway is not blocked by one. There is an exit to the west.

There is a banana and a block of cheese on the floor.","You are carrying: a red onion, a red apple, a raw pork chop, a knife and a cookbook.",1 of 16,0.0625,False,
71,,,I should now drop the red apple to make space for the block of cheese.,drop red apple,,You drop the red apple on the ground.,Kitchen,"You arrive in a kitchen. A normal one.

You can make out a fridge. I mean, just wow! Isn't TextWorld just the best? The fridge is empty! What a waste of a day! Look out! It's a- oh, never mind, it's just an oven. You lean against the wall, inadvertently pressing a secret button. The wall opens up to reveal a table. However, the table, like an empty table, has nothing on it. Sometimes, just sometimes, TextWorld can just be the worst. You smell an interesting smell, and follow it to a counter. But the thing is empty, unfortunately. You think about smashing the counter to bits, throwing the bits into the garbage, etc, until you get bored and decide to move on. You can see a stove. The stove appears to be empty.

There is an open frosted-glass door leading east. There is a closed screen door leading north. You don't like doors? Why not try going south, that entranceway is not blocked by one. There is an exit to the west.

There is a red apple, a banana and a block of cheese on the floor.","You are carrying: a red onion, a raw pork chop, a knife and a cookbook.",1 of 16,0.0625,False,
72,,,I should take the block of cheese from the floor now.,take block of cheese from floor,,You pick up the block of cheese from the ground.,Kitchen,"You arrive in a kitchen. A normal one.

You can make out a fridge. I mean, just wow! Isn't TextWorld just the best? The fridge is empty! What a waste of a day! Look out! It's a- oh, never mind, it's just an oven. You lean against the wall, inadvertently pressing a secret button. The wall opens up to reveal a table. However, the table, like an empty table, has nothing on it. Sometimes, just sometimes, TextWorld can just be the worst. You smell an interesting smell, and follow it to a counter. But the thing is empty, unfortunately. You think about smashing the counter to bits, throwing the bits into the garbage, etc, until you get bored and decide to move on. You can see a stove. The stove appears to be empty.

There is an open frosted-glass door leading east. There is a closed screen door leading north. You don't like doors? Why not try going south, that entranceway is not blocked by one. There is an exit to the west.

There is a red apple and a banana on the floor.","You are carrying: a block of cheese, a red onion, a raw pork chop, a knife and a cookbook.",1 of 16,0.0625,False,
73,,,I should examine the cookbook to find a recipe for a delicious meal.,examine cookbook,,"You open the copy of ""Cooking: A Modern Approach (3rd Ed.)"" and start reading:

Recipe #1
---------
Gather all following ingredients and follow the directions to prepare this tasty meal.

Ingredients:
yellow potato
  red apple
  banana
  white onion
  orange bell pepper

Directions:
dice the yellow potato
  fry the yellow potato
  chop the red apple
  roast the red apple
  dice the banana
  grill the banana
  dice the white onion
  roast the white onion
  chop the orange bell pepper
  grill the orange bell pepper
  prepare meal",Kitchen,"You arrive in a kitchen. A normal one.

You can make out a fridge. I mean, just wow! Isn't TextWorld just the best? The fridge is empty! What a waste of a day! Look out! It's a- oh, never mind, it's just an oven. You lean against the wall, inadvertently pressing a secret button. The wall opens up to reveal a table. However, the table, like an empty table, has nothing on it. Sometimes, just sometimes, TextWorld can just be the worst. You smell an interesting smell, and follow it to a counter. But the thing is empty, unfortunately. You think about smashing the counter to bits, throwing the bits into the garbage, etc, until you get bored and decide to move on. You can see a stove. The stove appears to be empty.

There is an open frosted-glass door leading east. There is a closed screen door leading north. You don't like doors? Why not try going south, that entranceway is not blocked by one. There is an exit to the west.

There is a red apple and a banana on the floor.","You are carrying: a block of cheese, a red onion, a raw pork chop, a knife and a cookbook.",1 of 16,0.0625,False,
74,,,"The recipe requires a red apple and a banana, which are on the floor, so I should take the banana from the floor.",take banana from floor,,You're carrying too many things already.,Kitchen,"You arrive in a kitchen. A normal one.

You can make out a fridge. I mean, just wow! Isn't TextWorld just the best? The fridge is empty! What a waste of a day! Look out! It's a- oh, never mind, it's just an oven. You lean against the wall, inadvertently pressing a secret button. The wall opens up to reveal a table. However, the table, like an empty table, has nothing on it. Sometimes, just sometimes, TextWorld can just be the worst. You smell an interesting smell, and follow it to a counter. But the thing is empty, unfortunately. You think about smashing the counter to bits, throwing the bits into the garbage, etc, until you get bored and decide to move on. You can see a stove. The stove appears to be empty.

There is an open frosted-glass door leading east. There is a closed screen door leading north. You don't like doors? Why not try going south, that entranceway is not blocked by one. There is an exit to the west.

There is a red apple and a banana on the floor.","You are carrying: a block of cheese, a red onion, a raw pork chop, a knife and a cookbook.",1 of 16,0.0625,False,
75,,,"I am carrying too many items, so I should drop the block of cheese to free up space.",drop block of cheese,,You drop the block of cheese on the ground.,Kitchen,"You arrive in a kitchen. A normal one.

You can make out a fridge. I mean, just wow! Isn't TextWorld just the best? The fridge is empty! What a waste of a day! Look out! It's a- oh, never mind, it's just an oven. You lean against the wall, inadvertently pressing a secret button. The wall opens up to reveal a table. However, the table, like an empty table, has nothing on it. Sometimes, just sometimes, TextWorld can just be the worst. You smell an interesting smell, and follow it to a counter. But the thing is empty, unfortunately. You think about smashing the counter to bits, throwing the bits into the garbage, etc, until you get bored and decide to move on. You can see a stove. The stove appears to be empty.

There is an open frosted-glass door leading east. There is a closed screen door leading north. You don't like doors? Why not try going south, that entranceway is not blocked by one. There is an exit to the west.

There is a block of cheese, a red apple and a banana on the floor.","You are carrying: a red onion, a raw pork chop, a knife and a cookbook.",1 of 16,0.0625,False,
76,,,"Now that I have space, I should take the banana from the floor.",take banana from floor,,You pick up the banana from the ground.,Kitchen,"You arrive in a kitchen. A normal one.

You can make out a fridge. I mean, just wow! Isn't TextWorld just the best? The fridge is empty! What a waste of a day! Look out! It's a- oh, never mind, it's just an oven. You lean against the wall, inadvertently pressing a secret button. The wall opens up to reveal a table. However, the table, like an empty table, has nothing on it. Sometimes, just sometimes, TextWorld can just be the worst. You smell an interesting smell, and follow it to a counter. But the thing is empty, unfortunately. You think about smashing the counter to bits, throwing the bits into the garbage, etc, until you get bored and decide to move on. You can see a stove. The stove appears to be empty.

There is an open frosted-glass door leading east. There is a closed screen door leading north. You don't like doors? Why not try going south, that entranceway is not blocked by one. There is an exit to the west.

There is a block of cheese and a red apple on the floor.","You are carrying: a banana, a red onion, a raw pork chop, a knife and a cookbook.",1 of 16,0.0625,False,
77,,,I should now take the red apple from the floor to have all the ingredients needed for the recipe.,take red apple from floor,,You're carrying too many things already.,Kitchen,"You arrive in a kitchen. A normal one.

You can make out a fridge. I mean, just wow! Isn't TextWorld just the best? The fridge is empty! What a waste of a day! Look out! It's a- oh, never mind, it's just an oven. You lean against the wall, inadvertently pressing a secret button. The wall opens up to reveal a table. However, the table, like an empty table, has nothing on it. Sometimes, just sometimes, TextWorld can just be the worst. You smell an interesting smell, and follow it to a counter. But the thing is empty, unfortunately. You think about smashing the counter to bits, throwing the bits into the garbage, etc, until you get bored and decide to move on. You can see a stove. The stove appears to be empty.

There is an open frosted-glass door leading east. There is a closed screen door leading north. You don't like doors? Why not try going south, that entranceway is not blocked by one. There is an exit to the west.

There is a block of cheese and a red apple on the floor.","You are carrying: a banana, a red onion, a raw pork chop, a knife and a cookbook.",1 of 16,0.0625,False,
78,,,"I am carrying too many items, so I should drop the red onion to free up space and then take the red apple.",drop red onion,,You drop the red onion on the ground.,Kitchen,"You arrive in a kitchen. A normal one.

You can make out a fridge. I mean, just wow! Isn't TextWorld just the best? The fridge is empty! What a waste of a day! Look out! It's a- oh, never mind, it's just an oven. You lean against the wall, inadvertently pressing a secret button. The wall opens up to reveal a table. However, the table, like an empty table, has nothing on it. Sometimes, just sometimes, TextWorld can just be the worst. You smell an interesting smell, and follow it to a counter. But the thing is empty, unfortunately. You think about smashing the counter to bits, throwing the bits into the garbage, etc, until you get bored and decide to move on. You can see a stove. The stove appears to be empty.

There is an open frosted-glass door leading east. There is a closed screen door leading north. You don't like doors? Why not try going south, that entranceway is not blocked by one. There is an exit to the west.

There is a red onion, a block of cheese and a red apple on the floor.","You are carrying: a banana, a raw pork chop, a knife and a cookbook.",1 of 16,0.0625,False,
79,,,"Now that I have space, I should take the red apple from the floor.",take red apple from floor,,You pick up the red apple from the ground.,Kitchen,"You arrive in a kitchen. A normal one.

You can make out a fridge. I mean, just wow! Isn't TextWorld just the best? The fridge is empty! What a waste of a day! Look out! It's a- oh, never mind, it's just an oven. You lean against the wall, inadvertently pressing a secret button. The wall opens up to reveal a table. However, the table, like an empty table, has nothing on it. Sometimes, just sometimes, TextWorld can just be the worst. You smell an interesting smell, and follow it to a counter. But the thing is empty, unfortunately. You think about smashing the counter to bits, throwing the bits into the garbage, etc, until you get bored and decide to move on. You can see a stove. The stove appears to be empty.

There is an open frosted-glass door leading east. There is a closed screen door leading north. You don't like doors? Why not try going south, that entranceway is not blocked by one. There is an exit to the west.

There is a red onion and a block of cheese on the floor.","You are carrying: a red apple, a banana, a raw pork chop, a knife and a cookbook.",1 of 16,0.0625,False,
80,,,I should now check the cookbook for the recipe to cook a delicious meal.,examine cookbook,,"You open the copy of ""Cooking: A Modern Approach (3rd Ed.)"" and start reading:

Recipe #1
---------
Gather all following ingredients and follow the directions to prepare this tasty meal.

Ingredients:
yellow potato
  red apple
  banana
  white onion
  orange bell pepper

Directions:
dice the yellow potato
  fry the yellow potato
  chop the red apple
  roast the red apple
  dice the banana
  grill the banana
  dice the white onion
  roast the white onion
  chop the orange bell pepper
  grill the orange bell pepper
  prepare meal",Kitchen,"You arrive in a kitchen. A normal one.

You can make out a fridge. I mean, just wow! Isn't TextWorld just the best? The fridge is empty! What a waste of a day! Look out! It's a- oh, never mind, it's just an oven. You lean against the wall, inadvertently pressing a secret button. The wall opens up to reveal a table. However, the table, like an empty table, has nothing on it. Sometimes, just sometimes, TextWorld can just be the worst. You smell an interesting smell, and follow it to a counter. But the thing is empty, unfortunately. You think about smashing the counter to bits, throwing the bits into the garbage, etc, until you get bored and decide to move on. You can see a stove. The stove appears to be empty.

There is an open frosted-glass door leading east. There is a closed screen door leading north. You don't like doors? Why not try going south, that entranceway is not blocked by one. There is an exit to the west.

There is a red onion and a block of cheese on the floor.","You are carrying: a red apple, a banana, a raw pork chop, a knife and a cookbook.",1 of 16,0.0625,False,
81,,,"I need to find the yellow potato, white onion, and orange bell pepper to follow the recipe.",go south,,"You find yourself in a corridor. A standard one. You decide to just list off a complete list of everything you see in the room, because hey, why not?



There is an exit to the east. There is an exit to the north. There is an exit to the west. Don't worry, there is no door.",Corridor,"You find yourself in a corridor. A standard one. You decide to just list off a complete list of everything you see in the room, because hey, why not?



There is an exit to the east. There is an exit to the north. There is an exit to the west. Don't worry, there is no door.","You are carrying: a red apple, a banana, a raw pork chop, a knife and a cookbook.",1 of 16,0.0625,False,
82,,,"I should explore the corridor to the east to look for the yellow potato, white onion, or orange bell pepper.",go east,,"You find yourself in a bedroom. An ordinary one. You start to take note of what's in the room.

You make out a bed. But the thing is empty, unfortunately. Hm. Oh well

You need an exit without a door? You should try going west.",Bedroom,"You find yourself in a bedroom. An ordinary one. You start to take note of what's in the room.

You make out a bed. But the thing is empty, unfortunately. Hm. Oh well

You need an exit without a door? You should try going west.","You are carrying: a red apple, a banana, a raw pork chop, a knife and a cookbook.",1 of 16,0.0625,False,
83,,,"The bedroom has no useful ingredients, so I should go back west to the corridor and try another direction.",go west,,"You find yourself in a corridor. A standard one. You decide to just list off a complete list of everything you see in the room, because hey, why not?



There is an exit to the east. There is an exit to the north. There is an exit to the west. Don't worry, there is no door.",Corridor,"You find yourself in a corridor. A standard one. You decide to just list off a complete list of everything you see in the room, because hey, why not?



There is an exit to the east. There is an exit to the north. There is an exit to the west. Don't worry, there is no door.","You are carrying: a red apple, a banana, a raw pork chop, a knife and a cookbook.",1 of 16,0.0625,False,
84,,,I should try going north from the corridor to look for the ingredients.,go north,,"You arrive in a kitchen. A normal one.

You can make out a fridge. I mean, just wow! Isn't TextWorld just the best? The fridge is empty! What a waste of a day! Look out! It's a- oh, never mind, it's just an oven. You lean against the wall, inadvertently pressing a secret button. The wall opens up to reveal a table. However, the table, like an empty table, has nothing on it. Sometimes, just sometimes, TextWorld can just be the worst. You smell an interesting smell, and follow it to a counter. But the thing is empty, unfortunately. You think about smashing the counter to bits, throwing the bits into the garbage, etc, until you get bored and decide to move on. You can see a stove. The stove appears to be empty.

There is an open frosted-glass door leading east. There is a closed screen door leading north. You don't like doors? Why not try going south, that entranceway is not blocked by one. There is an exit to the west.

There is a red onion and a block of cheese on the floor.",Kitchen,"You arrive in a kitchen. A normal one.

You can make out a fridge. I mean, just wow! Isn't TextWorld just the best? The fridge is empty! What a waste of a day! Look out! It's a- oh, never mind, it's just an oven. You lean against the wall, inadvertently pressing a secret button. The wall opens up to reveal a table. However, the table, like an empty table, has nothing on it. Sometimes, just sometimes, TextWorld can just be the worst. You smell an interesting smell, and follow it to a counter. But the thing is empty, unfortunately. You think about smashing the counter to bits, throwing the bits into the garbage, etc, until you get bored and decide to move on. You can see a stove. The stove appears to be empty.

There is an open frosted-glass door leading east. There is a closed screen door leading north. You don't like doors? Why not try going south, that entranceway is not blocked by one. There is an exit to the west.

There is a red onion and a block of cheese on the floor.","You are carrying: a red apple, a banana, a raw pork chop, a knife and a cookbook.",1 of 16,0.0625,False,
85,,,I should take the red onion and the block of cheese from the floor to have more ingredients for cooking.,take red onion from floor,,You're carrying too many things already.,Kitchen,"You arrive in a kitchen. A normal one.

You can make out a fridge. I mean, just wow! Isn't TextWorld just the best? The fridge is empty! What a waste of a day! Look out! It's a- oh, never mind, it's just an oven. You lean against the wall, inadvertently pressing a secret button. The wall opens up to reveal a table. However, the table, like an empty table, has nothing on it. Sometimes, just sometimes, TextWorld can just be the worst. You smell an interesting smell, and follow it to a counter. But the thing is empty, unfortunately. You think about smashing the counter to bits, throwing the bits into the garbage, etc, until you get bored and decide to move on. You can see a stove. The stove appears to be empty.

There is an open frosted-glass door leading east. There is a closed screen door leading north. You don't like doors? Why not try going south, that entranceway is not blocked by one. There is an exit to the west.

There is a red onion and a block of cheese on the floor.","You are carrying: a red apple, a banana, a raw pork chop, a knife and a cookbook.",1 of 16,0.0625,False,
86,,,"I am carrying too many items, so I should drop the banana to free up space for the red onion.",drop banana,,You drop the banana on the ground.,Kitchen,"You arrive in a kitchen. A normal one.

You can make out a fridge. I mean, just wow! Isn't TextWorld just the best? The fridge is empty! What a waste of a day! Look out! It's a- oh, never mind, it's just an oven. You lean against the wall, inadvertently pressing a secret button. The wall opens up to reveal a table. However, the table, like an empty table, has nothing on it. Sometimes, just sometimes, TextWorld can just be the worst. You smell an interesting smell, and follow it to a counter. But the thing is empty, unfortunately. You think about smashing the counter to bits, throwing the bits into the garbage, etc, until you get bored and decide to move on. You can see a stove. The stove appears to be empty.

There is an open frosted-glass door leading east. There is a closed screen door leading north. You don't like doors? Why not try going south, that entranceway is not blocked by one. There is an exit to the west.

There is a banana, a red onion and a block of cheese on the floor.","You are carrying: a red apple, a raw pork chop, a knife and a cookbook.",1 of 16,0.0625,False,
87,,,"Now that I have space, I should take the red onion from the floor.",take red onion from floor,,You pick up the red onion from the ground.,Kitchen,"You arrive in a kitchen. A normal one.

You can make out a fridge. I mean, just wow! Isn't TextWorld just the best? The fridge is empty! What a waste of a day! Look out! It's a- oh, never mind, it's just an oven. You lean against the wall, inadvertently pressing a secret button. The wall opens up to reveal a table. However, the table, like an empty table, has nothing on it. Sometimes, just sometimes, TextWorld can just be the worst. You smell an interesting smell, and follow it to a counter. But the thing is empty, unfortunately. You think about smashing the counter to bits, throwing the bits into the garbage, etc, until you get bored and decide to move on. You can see a stove. The stove appears to be empty.

There is an open frosted-glass door leading east. There is a closed screen door leading north. You don't like doors? Why not try going south, that entranceway is not blocked by one. There is an exit to the west.

There is a banana and a block of cheese on the floor.","You are carrying: a red onion, a red apple, a raw pork chop, a knife and a cookbook.",1 of 16,0.0625,False,
88,,,I should take the block of cheese from the floor now that I have space.,take block of cheese from floor,,You're carrying too many things already.,Kitchen,"You arrive in a kitchen. A normal one.

You can make out a fridge. I mean, just wow! Isn't TextWorld just the best? The fridge is empty! What a waste of a day! Look out! It's a- oh, never mind, it's just an oven. You lean against the wall, inadvertently pressing a secret button. The wall opens up to reveal a table. However, the table, like an empty table, has nothing on it. Sometimes, just sometimes, TextWorld can just be the worst. You smell an interesting smell, and follow it to a counter. But the thing is empty, unfortunately. You think about smashing the counter to bits, throwing the bits into the garbage, etc, until you get bored and decide to move on. You can see a stove. The stove appears to be empty.

There is an open frosted-glass door leading east. There is a closed screen door leading north. You don't like doors? Why not try going south, that entranceway is not blocked by one. There is an exit to the west.

There is a banana and a block of cheese on the floor.","You are carrying: a red onion, a red apple, a raw pork chop, a knife and a cookbook.",1 of 16,0.0625,False,
89,,,I need to drop the red apple to free up space to take the block of cheese.,drop red apple,,You drop the red apple on the ground.,Kitchen,"You arrive in a kitchen. A normal one.

You can make out a fridge. I mean, just wow! Isn't TextWorld just the best? The fridge is empty! What a waste of a day! Look out! It's a- oh, never mind, it's just an oven. You lean against the wall, inadvertently pressing a secret button. The wall opens up to reveal a table. However, the table, like an empty table, has nothing on it. Sometimes, just sometimes, TextWorld can just be the worst. You smell an interesting smell, and follow it to a counter. But the thing is empty, unfortunately. You think about smashing the counter to bits, throwing the bits into the garbage, etc, until you get bored and decide to move on. You can see a stove. The stove appears to be empty.

There is an open frosted-glass door leading east. There is a closed screen door leading north. You don't like doors? Why not try going south, that entranceway is not blocked by one. There is an exit to the west.

There is a red apple, a banana and a block of cheese on the floor.","You are carrying: a red onion, a raw pork chop, a knife and a cookbook.",1 of 16,0.0625,False,
90,,,"Now that I have space, I should take the block of cheese from the floor.",take block of cheese from floor,,You pick up the block of cheese from the ground.,Kitchen,"You arrive in a kitchen. A normal one.

You can make out a fridge. I mean, just wow! Isn't TextWorld just the best? The fridge is empty! What a waste of a day! Look out! It's a- oh, never mind, it's just an oven. You lean against the wall, inadvertently pressing a secret button. The wall opens up to reveal a table. However, the table, like an empty table, has nothing on it. Sometimes, just sometimes, TextWorld can just be the worst. You smell an interesting smell, and follow it to a counter. But the thing is empty, unfortunately. You think about smashing the counter to bits, throwing the bits into the garbage, etc, until you get bored and decide to move on. You can see a stove. The stove appears to be empty.

There is an open frosted-glass door leading east. There is a closed screen door leading north. You don't like doors? Why not try going south, that entranceway is not blocked by one. There is an exit to the west.

There is a red apple and a banana on the floor.","You are carrying: a block of cheese, a red onion, a raw pork chop, a knife and a cookbook.",1 of 16,0.0625,False,
91,,,I should check the cookbook for a recipe to cook a delicious meal.,examine cookbook,,"You open the copy of ""Cooking: A Modern Approach (3rd Ed.)"" and start reading:

Recipe #1
---------
Gather all following ingredients and follow the directions to prepare this tasty meal.

Ingredients:
yellow potato
  red apple
  banana
  white onion
  orange bell pepper

Directions:
dice the yellow potato
  fry the yellow potato
  chop the red apple
  roast the red apple
  dice the banana
  grill the banana
  dice the white onion
  roast the white onion
  chop the orange bell pepper
  grill the orange bell pepper
  prepare meal",Kitchen,"You arrive in a kitchen. A normal one.

You can make out a fridge. I mean, just wow! Isn't TextWorld just the best? The fridge is empty! What a waste of a day! Look out! It's a- oh, never mind, it's just an oven. You lean against the wall, inadvertently pressing a secret button. The wall opens up to reveal a table. However, the table, like an empty table, has nothing on it. Sometimes, just sometimes, TextWorld can just be the worst. You smell an interesting smell, and follow it to a counter. But the thing is empty, unfortunately. You think about smashing the counter to bits, throwing the bits into the garbage, etc, until you get bored and decide to move on. You can see a stove. The stove appears to be empty.

There is an open frosted-glass door leading east. There is a closed screen door leading north. You don't like doors? Why not try going south, that entranceway is not blocked by one. There is an exit to the west.

There is a red apple and a banana on the floor.","You are carrying: a block of cheese, a red onion, a raw pork chop, a knife and a cookbook.",1 of 16,0.0625,True,
