step_id,plan,summary,thought,action,task,feedback,location,description,inventory,score,reward,is_done,error
0,,,,,"You are hungry! Let's cook a delicious meal. Check the cookbook in the kitchen for the recipe. Once done, enjoy your meal!",,Backyard,"Okay, so you're in a backyard, cool, but is it typical? You better believe it is. You can barely contain your excitement.

You scan the room for a patio chair, and you find a patio chair. But the thing is empty. Were you looking for a patio table? Because look over there, it's a patio table. The patio table is stylish. However, the patio table, like an empty patio table, has nothing on it. You see a closed BBQ nearby.

There is a closed barn door leading east. There is a closed sliding patio door leading west. There is an exit to the north. Don't worry, there is no door.",You are carrying: a white onion and a raw pork chop.,0 of 16,0.0,False,
1,,,I should go west through the sliding patio door to get to the kitchen where the cookbook is likely to be.,go west,,You have to open the sliding patio door first.,Backyard,"Okay, so you're in a backyard, cool, but is it typical? You better believe it is. You can barely contain your excitement.

You scan the room for a patio chair, and you find a patio chair. But the thing is empty. Were you looking for a patio table? Because look over there, it's a patio table. The patio table is stylish. However, the patio table, like an empty patio table, has nothing on it. You see a closed BBQ nearby.

There is a closed barn door leading east. There is a closed sliding patio door leading west. There is an exit to the north. Don't worry, there is no door.",You are carrying: a white onion and a raw pork chop.,0 of 16,0.0,False,
2,,,I need to open the sliding patio door before I can go west.,open sliding patio door,,You open sliding patio door.,Backyard,"Okay, so you're in a backyard, cool, but is it typical? You better believe it is. You can barely contain your excitement.

You scan the room for a patio chair, and you find a patio chair. But the thing is empty. Were you looking for a patio table? Because look over there, it's a patio table. The patio table is stylish. However, the patio table, like an empty patio table, has nothing on it. You see a closed BBQ nearby.

There is a closed barn door leading east. There is an open sliding patio door leading west. There is an exit to the north. Don't worry, there is no door.",You are carrying: a white onion and a raw pork chop.,0 of 16,0.0,False,
3,,,"Now that the sliding patio door is open, I should go west through it to enter the kitchen.",go west,,"Well, here we are in a kitchen. You begin looking for stuff.

You can see a fridge. Huh, weird. You can see a closed conventional looking oven in the room. You make out a table. Unfortunately, there isn't a thing on it. You can see a counter. You see a red apple, a banana, a raw purple potato, a raw red potato, a cookbook and a knife on the counter. You make out a stove. You wonder idly who left that here. The stove is conventional. But there isn't a thing on it.

There is an open sliding patio door leading east. There is a closed frosted-glass door leading north. There is an exit to the south. You need an exit without a door? You should try going west.",Kitchen,"Well, here we are in a kitchen. You begin looking for stuff.

You can see a fridge. Huh, weird. You can see a closed conventional looking oven in the room. You make out a table. Unfortunately, there isn't a thing on it. You can see a counter. You see a red apple, a banana, a raw purple potato, a raw red potato, a cookbook and a knife on the counter. You make out a stove. You wonder idly who left that here. The stove is conventional. But there isn't a thing on it.

There is an open sliding patio door leading east. There is a closed frosted-glass door leading north. There is an exit to the south. You need an exit without a door? You should try going west.",You are carrying: a white onion and a raw pork chop.,0 of 16,0.0,False,
4,,,I should examine the cookbook on the counter to find the recipe for a delicious meal.,examine cookbook,,"You open the copy of ""Cooking: A Modern Approach (3rd Ed.)"" and start reading:

Recipe #1
---------
Gather all following ingredients and follow the directions to prepare this tasty meal.

Ingredients:
white onion
  red apple
  yellow potato
  block of cheese
  orange bell pepper

Directions:
dice the white onion
  fry the white onion
  slice the red apple
  fry the red apple
  slice the yellow potato
  fry the yellow potato
  chop the block of cheese
  roast the block of cheese
  slice the orange bell pepper
  grill the orange bell pepper
  prepare meal",Kitchen,"Well, here we are in a kitchen. You begin looking for stuff.

You can see a fridge. Huh, weird. You can see a closed conventional looking oven in the room. You make out a table. Unfortunately, there isn't a thing on it. You can see a counter. You see a red apple, a banana, a raw purple potato, a raw red potato, a cookbook and a knife on the counter. You make out a stove. You wonder idly who left that here. The stove is conventional. But there isn't a thing on it.

There is an open sliding patio door leading east. There is a closed frosted-glass door leading north. There is an exit to the south. You need an exit without a door? You should try going west.",You are carrying: a white onion and a raw pork chop.,0 of 16,0.0,False,
5,,,"I need to gather the ingredients from the recipe: white onion, red apple, yellow potato, block of cheese, and orange bell pepper. I already have the white onion, so I should take the red apple from the counter next.",take red apple from counter,,"You take the red apple from the counter.



Your score has just gone up by one point.",Kitchen,"Well, here we are in a kitchen. You begin looking for stuff.

You can see a fridge. Huh, weird. You can see a closed conventional looking oven in the room. You make out a table. Unfortunately, there isn't a thing on it. You can see a counter. You see a banana, a raw purple potato, a raw red potato, a cookbook and a knife on the counter. You make out a stove. You wonder idly who left that here. The stove is conventional. But there isn't a thing on it.

There is an open sliding patio door leading east. There is a closed frosted-glass door leading north. There is an exit to the south. You need an exit without a door? You should try going west.","You are carrying: a red apple, a white onion and a raw pork chop.",1 of 16,0.0625,False,
6,,,"I need to find a yellow potato, block of cheese, and orange bell pepper. I see a raw purple potato and a raw red potato on the counter, but no yellow potato or cheese or bell pepper. I should check the fridge for these ingredients.",open fridge,,"You open the fridge, revealing a block of cheese, a carrot, a red onion and a red hot pepper.",Kitchen,"Well, here we are in a kitchen. You begin looking for stuff.

You can see a fridge. Huh, weird. The fridge contains a block of cheese, a carrot, a red onion and a red hot pepper. You can see a closed conventional looking oven in the room. You make out a table. Unfortunately, there isn't a thing on it. You can see a counter. You see a banana, a raw purple potato, a raw red potato, a cookbook and a knife on the counter. You make out a stove. You wonder idly who left that here. The stove is conventional. But there isn't a thing on it.

There is an open sliding patio door leading east. There is a closed frosted-glass door leading north. There is an exit to the south. You need an exit without a door? You should try going west.","You are carrying: a red apple, a white onion and a raw pork chop.",1 of 16,0.0625,False,
7,,,I should take the block of cheese from the fridge since it is one of the required ingredients.,take block of cheese from fridge,,"You take the block of cheese from the fridge.



Your score has just gone up by one point.",Kitchen,"Well, here we are in a kitchen. You begin looking for stuff.

You can see a fridge. Huh, weird. The fridge contains a carrot, a red onion and a red hot pepper. You can see a closed conventional looking oven in the room. You make out a table. Unfortunately, there isn't a thing on it. You can see a counter. You see a banana, a raw purple potato, a raw red potato, a cookbook and a knife on the counter. You make out a stove. You wonder idly who left that here. The stove is conventional. But there isn't a thing on it.

There is an open sliding patio door leading east. There is a closed frosted-glass door leading north. There is an exit to the south. You need an exit without a door? You should try going west.","You are carrying: a block of cheese, a red apple, a white onion and a raw pork chop.",2 of 16,0.125,False,
8,,,"I still need a yellow potato and an orange bell pepper. I see raw purple and raw red potatoes on the counter, but no yellow potato or orange bell pepper. I should check the area outside through the open sliding patio door to see if I can find the missing ingredients.",go east,,"Okay, so you're in a backyard, cool, but is it typical? You better believe it is. You can barely contain your excitement.

You scan the room for a patio chair, and you find a patio chair. But the thing is empty. Were you looking for a patio table? Because look over there, it's a patio table. The patio table is stylish. However, the patio table, like an empty patio table, has nothing on it. You see a closed BBQ nearby.

There is a closed barn door leading east. There is an open sliding patio door leading west. There is an exit to the north. Don't worry, there is no door.",Backyard,"Okay, so you're in a backyard, cool, but is it typical? You better believe it is. You can barely contain your excitement.

You scan the room for a patio chair, and you find a patio chair. But the thing is empty. Were you looking for a patio table? Because look over there, it's a patio table. The patio table is stylish. However, the patio table, like an empty patio table, has nothing on it. You see a closed BBQ nearby.

There is a closed barn door leading east. There is an open sliding patio door leading west. There is an exit to the north. Don't worry, there is no door.","You are carrying: a block of cheese, a red apple, a white onion and a raw pork chop.",2 of 16,0.125,False,
9,,,"I still need a yellow potato and an orange bell pepper, but I don't see any here in the backyard. I should go back to the kitchen to check the cookbook for the recipe details.",go west,,"Well, here we are in a kitchen. You begin looking for stuff.

You can see a fridge. Huh, weird. The fridge contains a carrot, a red onion and a red hot pepper. You can see a closed conventional looking oven in the room. You make out a table. Unfortunately, there isn't a thing on it. You can see a counter. You see a banana, a raw purple potato, a raw red potato, a cookbook and a knife on the counter. You make out a stove. You wonder idly who left that here. The stove is conventional. But there isn't a thing on it.

There is an open sliding patio door leading east. There is a closed frosted-glass door leading north. There is an exit to the south. You need an exit without a door? You should try going west.",Kitchen,"Well, here we are in a kitchen. You begin looking for stuff.

You can see a fridge. Huh, weird. The fridge contains a carrot, a red onion and a red hot pepper. You can see a closed conventional looking oven in the room. You make out a table. Unfortunately, there isn't a thing on it. You can see a counter. You see a banana, a raw purple potato, a raw red potato, a cookbook and a knife on the counter. You make out a stove. You wonder idly who left that here. The stove is conventional. But there isn't a thing on it.

There is an open sliding patio door leading east. There is a closed frosted-glass door leading north. There is an exit to the south. You need an exit without a door? You should try going west.","You are carrying: a block of cheese, a red apple, a white onion and a raw pork chop.",2 of 16,0.125,False,
10,,,I should examine the cookbook on the counter to find the recipe and check if I have all the necessary ingredients.,examine cookbook,,"You open the copy of ""Cooking: A Modern Approach (3rd Ed.)"" and start reading:

Recipe #1
---------
Gather all following ingredients and follow the directions to prepare this tasty meal.

Ingredients:
white onion
  red apple
  yellow potato
  block of cheese
  orange bell pepper

Directions:
dice the white onion
  fry the white onion
  slice the red apple
  fry the red apple
  slice the yellow potato
  fry the yellow potato
  chop the block of cheese
  roast the block of cheese
  slice the orange bell pepper
  grill the orange bell pepper
  prepare meal",Kitchen,"Well, here we are in a kitchen. You begin looking for stuff.

You can see a fridge. Huh, weird. The fridge contains a carrot, a red onion and a red hot pepper. You can see a closed conventional looking oven in the room. You make out a table. Unfortunately, there isn't a thing on it. You can see a counter. You see a banana, a raw purple potato, a raw red potato, a cookbook and a knife on the counter. You make out a stove. You wonder idly who left that here. The stove is conventional. But there isn't a thing on it.

There is an open sliding patio door leading east. There is a closed frosted-glass door leading north. There is an exit to the south. You need an exit without a door? You should try going west.","You are carrying: a block of cheese, a red apple, a white onion and a raw pork chop.",2 of 16,0.125,False,
11,,,I need a yellow potato and an orange bell pepper to complete the recipe. I see raw purple and raw red potatoes on the counter but no yellow potato or orange bell pepper. I should check the fridge for the orange bell pepper and the counter for the yellow potato.,look fridge,,"The fridge looks robust. You can see inside it.

In the fridge are a carrot, a red onion and a red hot pepper.",Kitchen,"Well, here we are in a kitchen. You begin looking for stuff.

You can see a fridge. Huh, weird. The fridge contains a carrot, a red onion and a red hot pepper. You can see a closed conventional looking oven in the room. You make out a table. Unfortunately, there isn't a thing on it. You can see a counter. You see a banana, a raw purple potato, a raw red potato, a cookbook and a knife on the counter. You make out a stove. You wonder idly who left that here. The stove is conventional. But there isn't a thing on it.

There is an open sliding patio door leading east. There is a closed frosted-glass door leading north. There is an exit to the south. You need an exit without a door? You should try going west.","You are carrying: a block of cheese, a red apple, a white onion and a raw pork chop.",2 of 16,0.125,False,
12,,,There is no orange bell pepper or yellow potato in the fridge. I should check the counter more closely for a yellow potato or orange bell pepper.,look counter,,"The counter is an unstable piece of trash.

On the counter are a banana, a raw purple potato, a raw red potato, a cookbook and a knife.",Kitchen,"Well, here we are in a kitchen. You begin looking for stuff.

You can see a fridge. Huh, weird. The fridge contains a carrot, a red onion and a red hot pepper. You can see a closed conventional looking oven in the room. You make out a table. Unfortunately, there isn't a thing on it. You can see a counter. You see a banana, a raw purple potato, a raw red potato, a cookbook and a knife on the counter. You make out a stove. You wonder idly who left that here. The stove is conventional. But there isn't a thing on it.

There is an open sliding patio door leading east. There is a closed frosted-glass door leading north. There is an exit to the south. You need an exit without a door? You should try going west.","You are carrying: a block of cheese, a red apple, a white onion and a raw pork chop.",2 of 16,0.125,False,
13,,,There is no yellow potato or orange bell pepper available in the kitchen. I cannot complete the recipe as is. I will proceed with the ingredients I have and start by dicing the white onion.,dice white onion with knife,,You need to take the knife first.,Kitchen,"Well, here we are in a kitchen. You begin looking for stuff.

You can see a fridge. Huh, weird. The fridge contains a carrot, a red onion and a red hot pepper. You can see a closed conventional looking oven in the room. You make out a table. Unfortunately, there isn't a thing on it. You can see a counter. You see a banana, a raw purple potato, a raw red potato, a cookbook and a knife on the counter. You make out a stove. You wonder idly who left that here. The stove is conventional. But there isn't a thing on it.

There is an open sliding patio door leading east. There is a closed frosted-glass door leading north. There is an exit to the south. You need an exit without a door? You should try going west.","You are carrying: a block of cheese, a red apple, a white onion and a raw pork chop.",2 of 16,0.125,False,
14,,,I need to take the knife from the counter before I can dice the white onion.,take knife from counter,,You take the knife from the counter.,Kitchen,"Well, here we are in a kitchen. You begin looking for stuff.

You can see a fridge. Huh, weird. The fridge contains a carrot, a red onion and a red hot pepper. You can see a closed conventional looking oven in the room. You make out a table. Unfortunately, there isn't a thing on it. You can see a counter. You see a banana, a raw purple potato, a raw red potato and a cookbook on the counter. You make out a stove. You wonder idly who left that here. The stove is conventional. But there isn't a thing on it.

There is an open sliding patio door leading east. There is a closed frosted-glass door leading north. There is an exit to the south. You need an exit without a door? You should try going west.","You are carrying: a knife, a block of cheese, a red apple, a white onion and a raw pork chop.",2 of 16,0.125,False,
15,,,"Now that I have the knife, I should dice the white onion to prepare it for cooking.",dice white onion with knife,,"You dice the white onion.



Your score has just gone up by one point.",Kitchen,"Well, here we are in a kitchen. You begin looking for stuff.

You can see a fridge. Huh, weird. The fridge contains a carrot, a red onion and a red hot pepper. You can see a closed conventional looking oven in the room. You make out a table. Unfortunately, there isn't a thing on it. You can see a counter. You see a banana, a raw purple potato, a raw red potato and a cookbook on the counter. You make out a stove. You wonder idly who left that here. The stove is conventional. But there isn't a thing on it.

There is an open sliding patio door leading east. There is a closed frosted-glass door leading north. There is an exit to the south. You need an exit without a door? You should try going west.","You are carrying: a knife, a block of cheese, a red apple, a diced white onion and a raw pork chop.",3 of 16,0.1875,False,
16,,,I should now dice the raw pork chop to prepare it for cooking.,dice raw pork chop with knife,,You dice the pork chop.,Kitchen,"Well, here we are in a kitchen. You begin looking for stuff.

You can see a fridge. Huh, weird. The fridge contains a carrot, a red onion and a red hot pepper. You can see a closed conventional looking oven in the room. You make out a table. Unfortunately, there isn't a thing on it. You can see a counter. You see a banana, a raw purple potato, a raw red potato and a cookbook on the counter. You make out a stove. You wonder idly who left that here. The stove is conventional. But there isn't a thing on it.

There is an open sliding patio door leading east. There is a closed frosted-glass door leading north. There is an exit to the south. You need an exit without a door? You should try going west.","You are carrying: a knife, a block of cheese, a red apple, a diced white onion and a diced raw pork chop.",3 of 16,0.1875,False,
17,,,I should check the cookbook on the counter to find the recipe for a delicious meal.,examine cookbook,,"You open the copy of ""Cooking: A Modern Approach (3rd Ed.)"" and start reading:

Recipe #1
---------
Gather all following ingredients and follow the directions to prepare this tasty meal.

Ingredients:
white onion
  red apple
  yellow potato
  block of cheese
  orange bell pepper

Directions:
dice the white onion
  fry the white onion
  slice the red apple
  fry the red apple
  slice the yellow potato
  fry the yellow potato
  chop the block of cheese
  roast the block of cheese
  slice the orange bell pepper
  grill the orange bell pepper
  prepare meal",Kitchen,"Well, here we are in a kitchen. You begin looking for stuff.

You can see a fridge. Huh, weird. The fridge contains a carrot, a red onion and a red hot pepper. You can see a closed conventional looking oven in the room. You make out a table. Unfortunately, there isn't a thing on it. You can see a counter. You see a banana, a raw purple potato, a raw red potato and a cookbook on the counter. You make out a stove. You wonder idly who left that here. The stove is conventional. But there isn't a thing on it.

There is an open sliding patio door leading east. There is a closed frosted-glass door leading north. There is an exit to the south. You need an exit without a door? You should try going west.","You are carrying: a knife, a block of cheese, a red apple, a diced white onion and a diced raw pork chop.",3 of 16,0.1875,False,
18,,,"The recipe requires a yellow potato, but I only have raw purple and red potatoes. I should slice the red apple as the next step in the recipe.",slice red apple with knife,,"You slice the red apple.



Your score has just gone up by one point.",Kitchen,"Well, here we are in a kitchen. You begin looking for stuff.

You can see a fridge. Huh, weird. The fridge contains a carrot, a red onion and a red hot pepper. You can see a closed conventional looking oven in the room. You make out a table. Unfortunately, there isn't a thing on it. You can see a counter. You see a banana, a raw purple potato, a raw red potato and a cookbook on the counter. You make out a stove. You wonder idly who left that here. The stove is conventional. But there isn't a thing on it.

There is an open sliding patio door leading east. There is a closed frosted-glass door leading north. There is an exit to the south. You need an exit without a door? You should try going west.","You are carrying: a knife, a block of cheese, a sliced red apple, a diced white onion and a diced raw pork chop.",4 of 16,0.25,False,
19,,,"Next, I should fry the sliced red apple as per the recipe.",cook sliced red apple with stove,,"You fried the red apple.



Your score has just gone up by one point.",Kitchen,"Well, here we are in a kitchen. You begin looking for stuff.

You can see a fridge. Huh, weird. The fridge contains a carrot, a red onion and a red hot pepper. You can see a closed conventional looking oven in the room. You make out a table. Unfortunately, there isn't a thing on it. You can see a counter. You see a banana, a raw purple potato, a raw red potato and a cookbook on the counter. You make out a stove. You wonder idly who left that here. The stove is conventional. But there isn't a thing on it.

There is an open sliding patio door leading east. There is a closed frosted-glass door leading north. There is an exit to the south. You need an exit without a door? You should try going west.","You are carrying: a knife, a block of cheese, a sliced fried red apple, a diced white onion and a diced raw pork chop.",5 of 16,0.3125,False,
20,,,"The recipe calls for slicing and frying a yellow potato, but I only have raw purple and red potatoes. I will slice the raw red potato next.",slice raw red potato with knife,,You need to take the red potato first.,Kitchen,"Well, here we are in a kitchen. You begin looking for stuff.

You can see a fridge. Huh, weird. The fridge contains a carrot, a red onion and a red hot pepper. You can see a closed conventional looking oven in the room. You make out a table. Unfortunately, there isn't a thing on it. You can see a counter. You see a banana, a raw purple potato, a raw red potato and a cookbook on the counter. You make out a stove. You wonder idly who left that here. The stove is conventional. But there isn't a thing on it.

There is an open sliding patio door leading east. There is a closed frosted-glass door leading north. There is an exit to the south. You need an exit without a door? You should try going west.","You are carrying: a knife, a block of cheese, a sliced fried red apple, a diced white onion and a diced raw pork chop.",5 of 16,0.3125,False,
21,,,I need to take the raw red potato from the counter before I can slice it.,take raw red potato from counter,,You're carrying too many things already.,Kitchen,"Well, here we are in a kitchen. You begin looking for stuff.

You can see a fridge. Huh, weird. The fridge contains a carrot, a red onion and a red hot pepper. You can see a closed conventional looking oven in the room. You make out a table. Unfortunately, there isn't a thing on it. You can see a counter. You see a banana, a raw purple potato, a raw red potato and a cookbook on the counter. You make out a stove. You wonder idly who left that here. The stove is conventional. But there isn't a thing on it.

There is an open sliding patio door leading east. There is a closed frosted-glass door leading north. There is an exit to the south. You need an exit without a door? You should try going west.","You are carrying: a knife, a block of cheese, a sliced fried red apple, a diced white onion and a diced raw pork chop.",5 of 16,0.3125,False,
22,,,"I am carrying too many items, so I should drop the block of cheese to free up space.",drop block of cheese,,You drop the block of cheese on the ground.,Kitchen,"Well, here we are in a kitchen. You begin looking for stuff.

You can see a fridge. Huh, weird. The fridge contains a carrot, a red onion and a red hot pepper. You can see a closed conventional looking oven in the room. You make out a table. Unfortunately, there isn't a thing on it. You can see a counter. You see a banana, a raw purple potato, a raw red potato and a cookbook on the counter. You make out a stove. You wonder idly who left that here. The stove is conventional. But there isn't a thing on it.

There is an open sliding patio door leading east. There is a closed frosted-glass door leading north. There is an exit to the south. You need an exit without a door? You should try going west.

There is a block of cheese on the floor.","You are carrying: a knife, a sliced fried red apple, a diced white onion and a diced raw pork chop.",5 of 16,0.3125,False,
23,,,"Now that I have space, I should take the raw red potato from the counter.",take raw red potato from counter,,You take the red potato from the counter.,Kitchen,"Well, here we are in a kitchen. You begin looking for stuff.

You can see a fridge. Huh, weird. The fridge contains a carrot, a red onion and a red hot pepper. You can see a closed conventional looking oven in the room. You make out a table. Unfortunately, there isn't a thing on it. You can see a counter. You see a banana, a raw purple potato and a cookbook on the counter. You make out a stove. You wonder idly who left that here. The stove is conventional. But there isn't a thing on it.

There is an open sliding patio door leading east. There is a closed frosted-glass door leading north. There is an exit to the south. You need an exit without a door? You should try going west.

There is a block of cheese on the floor.","You are carrying: a raw red potato, a knife, a sliced fried red apple, a diced white onion and a diced raw pork chop.",5 of 16,0.3125,False,
24,,,I should slice the raw red potato with the knife to prepare it for cooking.,slice raw red potato with knife,,You slice the red potato.,Kitchen,"Well, here we are in a kitchen. You begin looking for stuff.

You can see a fridge. Huh, weird. The fridge contains a carrot, a red onion and a red hot pepper. You can see a closed conventional looking oven in the room. You make out a table. Unfortunately, there isn't a thing on it. You can see a counter. You see a banana, a raw purple potato and a cookbook on the counter. You make out a stove. You wonder idly who left that here. The stove is conventional. But there isn't a thing on it.

There is an open sliding patio door leading east. There is a closed frosted-glass door leading north. There is an exit to the south. You need an exit without a door? You should try going west.

There is a block of cheese on the floor.","You are carrying: a sliced raw red potato, a knife, a sliced fried red apple, a diced white onion and a diced raw pork chop.",5 of 16,0.3125,False,
25,,,I should check the cookbook on the counter to find the recipe for a delicious meal.,examine cookbook,,"You open the copy of ""Cooking: A Modern Approach (3rd Ed.)"" and start reading:

Recipe #1
---------
Gather all following ingredients and follow the directions to prepare this tasty meal.

Ingredients:
white onion
  red apple
  yellow potato
  block of cheese
  orange bell pepper

Directions:
dice the white onion
  fry the white onion
  slice the red apple
  fry the red apple
  slice the yellow potato
  fry the yellow potato
  chop the block of cheese
  roast the block of cheese
  slice the orange bell pepper
  grill the orange bell pepper
  prepare meal",Kitchen,"Well, here we are in a kitchen. You begin looking for stuff.

You can see a fridge. Huh, weird. The fridge contains a carrot, a red onion and a red hot pepper. You can see a closed conventional looking oven in the room. You make out a table. Unfortunately, there isn't a thing on it. You can see a counter. You see a banana, a raw purple potato and a cookbook on the counter. You make out a stove. You wonder idly who left that here. The stove is conventional. But there isn't a thing on it.

There is an open sliding patio door leading east. There is a closed frosted-glass door leading north. There is an exit to the south. You need an exit without a door? You should try going west.

There is a block of cheese on the floor.","You are carrying: a sliced raw red potato, a knife, a sliced fried red apple, a diced white onion and a diced raw pork chop.",5 of 16,0.3125,False,
26,,,"The recipe requires a yellow potato, but I have a red potato. I should take the raw purple potato from the counter as a possible substitute and then chop the block of cheese on the floor.",take raw purple potato from counter,,You're carrying too many things already.,Kitchen,"Well, here we are in a kitchen. You begin looking for stuff.

You can see a fridge. Huh, weird. The fridge contains a carrot, a red onion and a red hot pepper. You can see a closed conventional looking oven in the room. You make out a table. Unfortunately, there isn't a thing on it. You can see a counter. You see a banana, a raw purple potato and a cookbook on the counter. You make out a stove. You wonder idly who left that here. The stove is conventional. But there isn't a thing on it.

There is an open sliding patio door leading east. There is a closed frosted-glass door leading north. There is an exit to the south. You need an exit without a door? You should try going west.

There is a block of cheese on the floor.","You are carrying: a sliced raw red potato, a knife, a sliced fried red apple, a diced white onion and a diced raw pork chop.",5 of 16,0.3125,False,
27,,,I need to drop the diced raw pork chop to free up inventory space so I can take the raw purple potato.,drop diced raw pork chop,,You drop the pork chop on the ground.,Kitchen,"Well, here we are in a kitchen. You begin looking for stuff.

You can see a fridge. Huh, weird. The fridge contains a carrot, a red onion and a red hot pepper. You can see a closed conventional looking oven in the room. You make out a table. Unfortunately, there isn't a thing on it. You can see a counter. You see a banana, a raw purple potato and a cookbook on the counter. You make out a stove. You wonder idly who left that here. The stove is conventional. But there isn't a thing on it.

There is an open sliding patio door leading east. There is a closed frosted-glass door leading north. There is an exit to the south. You need an exit without a door? You should try going west.

There is a diced raw pork chop and a block of cheese on the floor.","You are carrying: a sliced raw red potato, a knife, a sliced fried red apple and a diced white onion.",5 of 16,0.3125,False,
28,,,"Now that I have inventory space, I should take the raw purple potato from the counter.",take raw purple potato from counter,,You take the purple potato from the counter.,Kitchen,"Well, here we are in a kitchen. You begin looking for stuff.

You can see a fridge. Huh, weird. The fridge contains a carrot, a red onion and a red hot pepper. You can see a closed conventional looking oven in the room. You make out a table. Unfortunately, there isn't a thing on it. You can see a counter. You see a banana and a cookbook on the counter. You make out a stove. You wonder idly who left that here. The stove is conventional. But there isn't a thing on it.

There is an open sliding patio door leading east. There is a closed frosted-glass door leading north. There is an exit to the south. You need an exit without a door? You should try going west.

There is a diced raw pork chop and a block of cheese on the floor.","You are carrying: a raw purple potato, a sliced raw red potato, a knife, a sliced fried red apple and a diced white onion.",5 of 16,0.3125,False,
29,,,I should chop the block of cheese on the floor to follow the recipe.,chop block of cheese with knife,,You need to take the block of cheese first.,Kitchen,"Well, here we are in a kitchen. You begin looking for stuff.

You can see a fridge. Huh, weird. The fridge contains a carrot, a red onion and a red hot pepper. You can see a closed conventional looking oven in the room. You make out a table. Unfortunately, there isn't a thing on it. You can see a counter. You see a banana and a cookbook on the counter. You make out a stove. You wonder idly who left that here. The stove is conventional. But there isn't a thing on it.

There is an open sliding patio door leading east. There is a closed frosted-glass door leading north. There is an exit to the south. You need an exit without a door? You should try going west.

There is a diced raw pork chop and a block of cheese on the floor.","You are carrying: a raw purple potato, a sliced raw red potato, a knife, a sliced fried red apple and a diced white onion.",5 of 16,0.3125,False,
30,,,I need to take the block of cheese from the floor before I can chop it.,take block of cheese from floor,,You're carrying too many things already.,Kitchen,"Well, here we are in a kitchen. You begin looking for stuff.

You can see a fridge. Huh, weird. The fridge contains a carrot, a red onion and a red hot pepper. You can see a closed conventional looking oven in the room. You make out a table. Unfortunately, there isn't a thing on it. You can see a counter. You see a banana and a cookbook on the counter. You make out a stove. You wonder idly who left that here. The stove is conventional. But there isn't a thing on it.

There is an open sliding patio door leading east. There is a closed frosted-glass door leading north. There is an exit to the south. You need an exit without a door? You should try going west.

There is a diced raw pork chop and a block of cheese on the floor.","You are carrying: a raw purple potato, a sliced raw red potato, a knife, a sliced fried red apple and a diced white onion.",5 of 16,0.3125,False,
31,,,I need to free up inventory space by dropping an item I don't immediately need.,drop sliced fried red apple,,You drop the red apple on the ground.,Kitchen,"Well, here we are in a kitchen. You begin looking for stuff.

You can see a fridge. Huh, weird. The fridge contains a carrot, a red onion and a red hot pepper. You can see a closed conventional looking oven in the room. You make out a table. Unfortunately, there isn't a thing on it. You can see a counter. You see a banana and a cookbook on the counter. You make out a stove. You wonder idly who left that here. The stove is conventional. But there isn't a thing on it.

There is an open sliding patio door leading east. There is a closed frosted-glass door leading north. There is an exit to the south. You need an exit without a door? You should try going west.

There is a sliced fried red apple, a diced raw pork chop and a block of cheese on the floor.","You are carrying: a raw purple potato, a sliced raw red potato, a knife and a diced white onion.",5 of 16,0.3125,False,
32,,,"Now that I have space, I should take the block of cheese from the floor.",take block of cheese from floor,,You pick up the block of cheese from the ground.,Kitchen,"Well, here we are in a kitchen. You begin looking for stuff.

You can see a fridge. Huh, weird. The fridge contains a carrot, a red onion and a red hot pepper. You can see a closed conventional looking oven in the room. You make out a table. Unfortunately, there isn't a thing on it. You can see a counter. You see a banana and a cookbook on the counter. You make out a stove. You wonder idly who left that here. The stove is conventional. But there isn't a thing on it.

There is an open sliding patio door leading east. There is a closed frosted-glass door leading north. There is an exit to the south. You need an exit without a door? You should try going west.

There is a sliced fried red apple and a diced raw pork chop on the floor.","You are carrying: a block of cheese, a raw purple potato, a sliced raw red potato, a knife and a diced white onion.",5 of 16,0.3125,False,
33,,,I should check the cookbook on the counter to find the recipe for a delicious meal.,examine cookbook,,"You open the copy of ""Cooking: A Modern Approach (3rd Ed.)"" and start reading:

Recipe #1
---------
Gather all following ingredients and follow the directions to prepare this tasty meal.

Ingredients:
white onion
  red apple
  yellow potato
  block of cheese
  orange bell pepper

Directions:
dice the white onion
  fry the white onion
  slice the red apple
  fry the red apple
  slice the yellow potato
  fry the yellow potato
  chop the block of cheese
  roast the block of cheese
  slice the orange bell pepper
  grill the orange bell pepper
  prepare meal",Kitchen,"Well, here we are in a kitchen. You begin looking for stuff.

You can see a fridge. Huh, weird. The fridge contains a carrot, a red onion and a red hot pepper. You can see a closed conventional looking oven in the room. You make out a table. Unfortunately, there isn't a thing on it. You can see a counter. You see a banana and a cookbook on the counter. You make out a stove. You wonder idly who left that here. The stove is conventional. But there isn't a thing on it.

There is an open sliding patio door leading east. There is a closed frosted-glass door leading north. There is an exit to the south. You need an exit without a door? You should try going west.

There is a sliced fried red apple and a diced raw pork chop on the floor.","You are carrying: a block of cheese, a raw purple potato, a sliced raw red potato, a knife and a diced white onion.",5 of 16,0.3125,False,
34,,,I need to get the yellow potato and orange bell pepper from the fridge to follow the recipe.,take carrot from fridge,,You're carrying too many things already.,Kitchen,"Well, here we are in a kitchen. You begin looking for stuff.

You can see a fridge. Huh, weird. The fridge contains a carrot, a red onion and a red hot pepper. You can see a closed conventional looking oven in the room. You make out a table. Unfortunately, there isn't a thing on it. You can see a counter. You see a banana and a cookbook on the counter. You make out a stove. You wonder idly who left that here. The stove is conventional. But there isn't a thing on it.

There is an open sliding patio door leading east. There is a closed frosted-glass door leading north. There is an exit to the south. You need an exit without a door? You should try going west.

There is a sliced fried red apple and a diced raw pork chop on the floor.","You are carrying: a block of cheese, a raw purple potato, a sliced raw red potato, a knife and a diced white onion.",5 of 16,0.3125,False,
35,,,I should drop the raw purple potato to free up space for the yellow potato.,drop raw purple potato,,You drop the purple potato on the ground.,Kitchen,"Well, here we are in a kitchen. You begin looking for stuff.

You can see a fridge. Huh, weird. The fridge contains a carrot, a red onion and a red hot pepper. You can see a closed conventional looking oven in the room. You make out a table. Unfortunately, there isn't a thing on it. You can see a counter. You see a banana and a cookbook on the counter. You make out a stove. You wonder idly who left that here. The stove is conventional. But there isn't a thing on it.

There is an open sliding patio door leading east. There is a closed frosted-glass door leading north. There is an exit to the south. You need an exit without a door? You should try going west.

There is a raw purple potato, a sliced fried red apple and a diced raw pork chop on the floor.","You are carrying: a block of cheese, a sliced raw red potato, a knife and a diced white onion.",5 of 16,0.3125,False,
36,,,I should take the carrot from the fridge now that I have space.,take carrot from fridge,,You take the carrot from the fridge.,Kitchen,"Well, here we are in a kitchen. You begin looking for stuff.

You can see a fridge. Huh, weird. The fridge contains a red onion and a red hot pepper. You can see a closed conventional looking oven in the room. You make out a table. Unfortunately, there isn't a thing on it. You can see a counter. You see a banana and a cookbook on the counter. You make out a stove. You wonder idly who left that here. The stove is conventional. But there isn't a thing on it.

There is an open sliding patio door leading east. There is a closed frosted-glass door leading north. There is an exit to the south. You need an exit without a door? You should try going west.

There is a raw purple potato, a sliced fried red apple and a diced raw pork chop on the floor.","You are carrying: a carrot, a block of cheese, a sliced raw red potato, a knife and a diced white onion.",5 of 16,0.3125,False,
37,,,I need to dice and fry the white onion first as per the recipe.,fry diced white onion with stove,,That's not a verb I recognise.,Kitchen,"Well, here we are in a kitchen. You begin looking for stuff.

You can see a fridge. Huh, weird. The fridge contains a red onion and a red hot pepper. You can see a closed conventional looking oven in the room. You make out a table. Unfortunately, there isn't a thing on it. You can see a counter. You see a banana and a cookbook on the counter. You make out a stove. You wonder idly who left that here. The stove is conventional. But there isn't a thing on it.

There is an open sliding patio door leading east. There is a closed frosted-glass door leading north. There is an exit to the south. You need an exit without a door? You should try going west.

There is a raw purple potato, a sliced fried red apple and a diced raw pork chop on the floor.","You are carrying: a carrot, a block of cheese, a sliced raw red potato, a knife and a diced white onion.",5 of 16,0.3125,False,
38,,,I should cook the diced white onion using the stove.,cook diced white onion with stove,,"You fried the white onion.



Your score has just gone up by one point.",Kitchen,"Well, here we are in a kitchen. You begin looking for stuff.

You can see a fridge. Huh, weird. The fridge contains a red onion and a red hot pepper. You can see a closed conventional looking oven in the room. You make out a table. Unfortunately, there isn't a thing on it. You can see a counter. You see a banana and a cookbook on the counter. You make out a stove. You wonder idly who left that here. The stove is conventional. But there isn't a thing on it.

There is an open sliding patio door leading east. There is a closed frosted-glass door leading north. There is an exit to the south. You need an exit without a door? You should try going west.

There is a raw purple potato, a sliced fried red apple and a diced raw pork chop on the floor.","You are carrying: a carrot, a block of cheese, a sliced raw red potato, a knife and a diced fried white onion.",6 of 16,0.375,False,
39,,,I should now cook the diced raw pork chop using the stove.,cook diced raw pork chop with stove,,You need to take the pork chop first.,Kitchen,"Well, here we are in a kitchen. You begin looking for stuff.

You can see a fridge. Huh, weird. The fridge contains a red onion and a red hot pepper. You can see a closed conventional looking oven in the room. You make out a table. Unfortunately, there isn't a thing on it. You can see a counter. You see a banana and a cookbook on the counter. You make out a stove. You wonder idly who left that here. The stove is conventional. But there isn't a thing on it.

There is an open sliding patio door leading east. There is a closed frosted-glass door leading north. There is an exit to the south. You need an exit without a door? You should try going west.

There is a raw purple potato, a sliced fried red apple and a diced raw pork chop on the floor.","You are carrying: a carrot, a block of cheese, a sliced raw red potato, a knife and a diced fried white onion.",6 of 16,0.375,False,
40,,,I need to take the diced raw pork chop from the floor before cooking it.,take diced raw pork chop from floor,,You're carrying too many things already.,Kitchen,"Well, here we are in a kitchen. You begin looking for stuff.

You can see a fridge. Huh, weird. The fridge contains a red onion and a red hot pepper. You can see a closed conventional looking oven in the room. You make out a table. Unfortunately, there isn't a thing on it. You can see a counter. You see a banana and a cookbook on the counter. You make out a stove. You wonder idly who left that here. The stove is conventional. But there isn't a thing on it.

There is an open sliding patio door leading east. There is a closed frosted-glass door leading north. There is an exit to the south. You need an exit without a door? You should try going west.

There is a raw purple potato, a sliced fried red apple and a diced raw pork chop on the floor.","You are carrying: a carrot, a block of cheese, a sliced raw red potato, a knife and a diced fried white onion.",6 of 16,0.375,False,
41,,,I need to free up inventory space by dropping an item before taking the diced raw pork chop.,drop carrot,,You drop the carrot on the ground.,Kitchen,"Well, here we are in a kitchen. You begin looking for stuff.

You can see a fridge. Huh, weird. The fridge contains a red onion and a red hot pepper. You can see a closed conventional looking oven in the room. You make out a table. Unfortunately, there isn't a thing on it. You can see a counter. You see a banana and a cookbook on the counter. You make out a stove. You wonder idly who left that here. The stove is conventional. But there isn't a thing on it.

There is an open sliding patio door leading east. There is a closed frosted-glass door leading north. There is an exit to the south. You need an exit without a door? You should try going west.

There is a carrot, a raw purple potato, a sliced fried red apple and a diced raw pork chop on the floor.","You are carrying: a block of cheese, a sliced raw red potato, a knife and a diced fried white onion.",6 of 16,0.375,False,
42,,,"Now that I have freed up space, I should take the diced raw pork chop from the floor.",take diced raw pork chop from floor,,You pick up the pork chop from the ground.,Kitchen,"Well, here we are in a kitchen. You begin looking for stuff.

You can see a fridge. Huh, weird. The fridge contains a red onion and a red hot pepper. You can see a closed conventional looking oven in the room. You make out a table. Unfortunately, there isn't a thing on it. You can see a counter. You see a banana and a cookbook on the counter. You make out a stove. You wonder idly who left that here. The stove is conventional. But there isn't a thing on it.

There is an open sliding patio door leading east. There is a closed frosted-glass door leading north. There is an exit to the south. You need an exit without a door? You should try going west.

There is a carrot, a raw purple potato and a sliced fried red apple on the floor.","You are carrying: a diced raw pork chop, a block of cheese, a sliced raw red potato, a knife and a diced fried white onion.",6 of 16,0.375,False,
43,,,I should check the cookbook on the counter for the recipe to cook the pork chop.,examine cookbook,,"You open the copy of ""Cooking: A Modern Approach (3rd Ed.)"" and start reading:

Recipe #1
---------
Gather all following ingredients and follow the directions to prepare this tasty meal.

Ingredients:
white onion
  red apple
  yellow potato
  block of cheese
  orange bell pepper

Directions:
dice the white onion
  fry the white onion
  slice the red apple
  fry the red apple
  slice the yellow potato
  fry the yellow potato
  chop the block of cheese
  roast the block of cheese
  slice the orange bell pepper
  grill the orange bell pepper
  prepare meal",Kitchen,"Well, here we are in a kitchen. You begin looking for stuff.

You can see a fridge. Huh, weird. The fridge contains a red onion and a red hot pepper. You can see a closed conventional looking oven in the room. You make out a table. Unfortunately, there isn't a thing on it. You can see a counter. You see a banana and a cookbook on the counter. You make out a stove. You wonder idly who left that here. The stove is conventional. But there isn't a thing on it.

There is an open sliding patio door leading east. There is a closed frosted-glass door leading north. There is an exit to the south. You need an exit without a door? You should try going west.

There is a carrot, a raw purple potato and a sliced fried red apple on the floor.","You are carrying: a diced raw pork chop, a block of cheese, a sliced raw red potato, a knife and a diced fried white onion.",6 of 16,0.375,False,
44,,,"The recipe requires a white onion, red apple, yellow potato, block of cheese, and orange bell pepper, but I have a diced raw pork chop and a sliced raw red potato instead of the yellow potato and orange bell pepper. I should take the red onion and red hot pepper from the fridge as possible substitutes and then try to prepare the meal.",take red onion from fridge,,You're carrying too many things already.,Kitchen,"Well, here we are in a kitchen. You begin looking for stuff.

You can see a fridge. Huh, weird. The fridge contains a red onion and a red hot pepper. You can see a closed conventional looking oven in the room. You make out a table. Unfortunately, there isn't a thing on it. You can see a counter. You see a banana and a cookbook on the counter. You make out a stove. You wonder idly who left that here. The stove is conventional. But there isn't a thing on it.

There is an open sliding patio door leading east. There is a closed frosted-glass door leading north. There is an exit to the south. You need an exit without a door? You should try going west.

There is a carrot, a raw purple potato and a sliced fried red apple on the floor.","You are carrying: a diced raw pork chop, a block of cheese, a sliced raw red potato, a knife and a diced fried white onion.",6 of 16,0.375,False,
45,,,"I am carrying too many items, so I should drop the diced raw pork chop to free up space for the red onion.",drop diced raw pork chop,,You drop the pork chop on the ground.,Kitchen,"Well, here we are in a kitchen. You begin looking for stuff.

You can see a fridge. Huh, weird. The fridge contains a red onion and a red hot pepper. You can see a closed conventional looking oven in the room. You make out a table. Unfortunately, there isn't a thing on it. You can see a counter. You see a banana and a cookbook on the counter. You make out a stove. You wonder idly who left that here. The stove is conventional. But there isn't a thing on it.

There is an open sliding patio door leading east. There is a closed frosted-glass door leading north. There is an exit to the south. You need an exit without a door? You should try going west.

There is a diced raw pork chop, a carrot, a raw purple potato and a sliced fried red apple on the floor.","You are carrying: a block of cheese, a sliced raw red potato, a knife and a diced fried white onion.",6 of 16,0.375,False,
46,,,"Now that I have space, I should take the red onion from the fridge.",take red onion from fridge,,You take the red onion from the fridge.,Kitchen,"Well, here we are in a kitchen. You begin looking for stuff.

You can see a fridge. Huh, weird. The fridge contains a red hot pepper. You can see a closed conventional looking oven in the room. You make out a table. Unfortunately, there isn't a thing on it. You can see a counter. You see a banana and a cookbook on the counter. You make out a stove. You wonder idly who left that here. The stove is conventional. But there isn't a thing on it.

There is an open sliding patio door leading east. There is a closed frosted-glass door leading north. There is an exit to the south. You need an exit without a door? You should try going west.

There is a diced raw pork chop, a carrot, a raw purple potato and a sliced fried red apple on the floor.","You are carrying: a red onion, a block of cheese, a sliced raw red potato, a knife and a diced fried white onion.",6 of 16,0.375,False,
47,,,I need to dice the red onion as per the recipe.,dice red onion with knife,,You dice the red onion.,Kitchen,"Well, here we are in a kitchen. You begin looking for stuff.

You can see a fridge. Huh, weird. The fridge contains a red hot pepper. You can see a closed conventional looking oven in the room. You make out a table. Unfortunately, there isn't a thing on it. You can see a counter. You see a banana and a cookbook on the counter. You make out a stove. You wonder idly who left that here. The stove is conventional. But there isn't a thing on it.

There is an open sliding patio door leading east. There is a closed frosted-glass door leading north. There is an exit to the south. You need an exit without a door? You should try going west.

There is a diced raw pork chop, a carrot, a raw purple potato and a sliced fried red apple on the floor.","You are carrying: a diced red onion, a block of cheese, a sliced raw red potato, a knife and a diced fried white onion.",6 of 16,0.375,False,
48,,,I should check the cookbook on the counter to find the recipe for the meal.,examine cookbook,,"You open the copy of ""Cooking: A Modern Approach (3rd Ed.)"" and start reading:

Recipe #1
---------
Gather all following ingredients and follow the directions to prepare this tasty meal.

Ingredients:
white onion
  red apple
  yellow potato
  block of cheese
  orange bell pepper

Directions:
dice the white onion
  fry the white onion
  slice the red apple
  fry the red apple
  slice the yellow potato
  fry the yellow potato
  chop the block of cheese
  roast the block of cheese
  slice the orange bell pepper
  grill the orange bell pepper
  prepare meal",Kitchen,"Well, here we are in a kitchen. You begin looking for stuff.

You can see a fridge. Huh, weird. The fridge contains a red hot pepper. You can see a closed conventional looking oven in the room. You make out a table. Unfortunately, there isn't a thing on it. You can see a counter. You see a banana and a cookbook on the counter. You make out a stove. You wonder idly who left that here. The stove is conventional. But there isn't a thing on it.

There is an open sliding patio door leading east. There is a closed frosted-glass door leading north. There is an exit to the south. You need an exit without a door? You should try going west.

There is a diced raw pork chop, a carrot, a raw purple potato and a sliced fried red apple on the floor.","You are carrying: a diced red onion, a block of cheese, a sliced raw red potato, a knife and a diced fried white onion.",6 of 16,0.375,False,
49,,,"The recipe requires a white onion, red apple, yellow potato, block of cheese, and orange bell pepper. I have a diced fried white onion and block of cheese, but I need to find or prepare the yellow potato and orange bell pepper. I will take the carrot and raw purple potato from the floor to check if the purple potato can substitute for the yellow potato or if I can prepare it accordingly.",take carrot from floor,,You're carrying too many things already.,Kitchen,"Well, here we are in a kitchen. You begin looking for stuff.

You can see a fridge. Huh, weird. The fridge contains a red hot pepper. You can see a closed conventional looking oven in the room. You make out a table. Unfortunately, there isn't a thing on it. You can see a counter. You see a banana and a cookbook on the counter. You make out a stove. You wonder idly who left that here. The stove is conventional. But there isn't a thing on it.

There is an open sliding patio door leading east. There is a closed frosted-glass door leading north. There is an exit to the south. You need an exit without a door? You should try going west.

There is a diced raw pork chop, a carrot, a raw purple potato and a sliced fried red apple on the floor.","You are carrying: a diced red onion, a block of cheese, a sliced raw red potato, a knife and a diced fried white onion.",6 of 16,0.375,False,
50,,,"I am carrying too many items, so I should drop the diced fried white onion to free up space and then take the carrot from the floor.",drop diced fried white onion,,You drop the white onion on the ground.,Kitchen,"Well, here we are in a kitchen. You begin looking for stuff.

You can see a fridge. Huh, weird. The fridge contains a red hot pepper. You can see a closed conventional looking oven in the room. You make out a table. Unfortunately, there isn't a thing on it. You can see a counter. You see a banana and a cookbook on the counter. You make out a stove. You wonder idly who left that here. The stove is conventional. But there isn't a thing on it.

There is an open sliding patio door leading east. There is a closed frosted-glass door leading north. There is an exit to the south. You need an exit without a door? You should try going west.

There is a diced fried white onion, a diced raw pork chop, a carrot, a raw purple potato and a sliced fried red apple on the floor.","You are carrying: a diced red onion, a block of cheese, a sliced raw red potato and a knife.",6 of 16,0.375,False,
51,,,"Now that I have space, I should take the carrot from the floor to continue gathering ingredients for the recipe.",take carrot from floor,,You pick up the carrot from the ground.,Kitchen,"Well, here we are in a kitchen. You begin looking for stuff.

You can see a fridge. Huh, weird. The fridge contains a red hot pepper. You can see a closed conventional looking oven in the room. You make out a table. Unfortunately, there isn't a thing on it. You can see a counter. You see a banana and a cookbook on the counter. You make out a stove. You wonder idly who left that here. The stove is conventional. But there isn't a thing on it.

There is an open sliding patio door leading east. There is a closed frosted-glass door leading north. There is an exit to the south. You need an exit without a door? You should try going west.

There is a diced fried white onion, a diced raw pork chop, a raw purple potato and a sliced fried red apple on the floor.","You are carrying: a carrot, a diced red onion, a block of cheese, a sliced raw red potato and a knife.",6 of 16,0.375,False,
52,,,I need to find the orange bell pepper and yellow potato for the recipe. I will check the fridge to see if there is an orange bell pepper inside.,open fridge,,That's already open.,Kitchen,"Well, here we are in a kitchen. You begin looking for stuff.

You can see a fridge. Huh, weird. The fridge contains a red hot pepper. You can see a closed conventional looking oven in the room. You make out a table. Unfortunately, there isn't a thing on it. You can see a counter. You see a banana and a cookbook on the counter. You make out a stove. You wonder idly who left that here. The stove is conventional. But there isn't a thing on it.

There is an open sliding patio door leading east. There is a closed frosted-glass door leading north. There is an exit to the south. You need an exit without a door? You should try going west.

There is a diced fried white onion, a diced raw pork chop, a raw purple potato and a sliced fried red apple on the floor.","You are carrying: a carrot, a diced red onion, a block of cheese, a sliced raw red potato and a knife.",6 of 16,0.375,False,
53,,,"Since the fridge is already open and contains only a red hot pepper, I should take the red hot pepper from the fridge to use in the recipe.",take red hot pepper from fridge,,You're carrying too many things already.,Kitchen,"Well, here we are in a kitchen. You begin looking for stuff.

You can see a fridge. Huh, weird. The fridge contains a red hot pepper. You can see a closed conventional looking oven in the room. You make out a table. Unfortunately, there isn't a thing on it. You can see a counter. You see a banana and a cookbook on the counter. You make out a stove. You wonder idly who left that here. The stove is conventional. But there isn't a thing on it.

There is an open sliding patio door leading east. There is a closed frosted-glass door leading north. There is an exit to the south. You need an exit without a door? You should try going west.

There is a diced fried white onion, a diced raw pork chop, a raw purple potato and a sliced fried red apple on the floor.","You are carrying: a carrot, a diced red onion, a block of cheese, a sliced raw red potato and a knife.",6 of 16,0.375,False,
54,,,"I am carrying too many items, so I should drop the block of cheese to free up space for the red hot pepper.",drop block of cheese,,You drop the block of cheese on the ground.,Kitchen,"Well, here we are in a kitchen. You begin looking for stuff.

You can see a fridge. Huh, weird. The fridge contains a red hot pepper. You can see a closed conventional looking oven in the room. You make out a table. Unfortunately, there isn't a thing on it. You can see a counter. You see a banana and a cookbook on the counter. You make out a stove. You wonder idly who left that here. The stove is conventional. But there isn't a thing on it.

There is an open sliding patio door leading east. There is a closed frosted-glass door leading north. There is an exit to the south. You need an exit without a door? You should try going west.

There is a block of cheese, a diced fried white onion, a diced raw pork chop, a raw purple potato and a sliced fried red apple on the floor.","You are carrying: a carrot, a diced red onion, a sliced raw red potato and a knife.",6 of 16,0.375,False,
55,,,"Now that I have space, I should take the red hot pepper from the fridge.",take red hot pepper from fridge,,You take the red hot pepper from the fridge.,Kitchen,"Well, here we are in a kitchen. You begin looking for stuff.

You can see a fridge. Huh, weird. The fridge is empty! What a waste of a day! You can see a closed conventional looking oven in the room. You make out a table. Unfortunately, there isn't a thing on it. You can see a counter. You see a banana and a cookbook on the counter. You make out a stove. You wonder idly who left that here. The stove is conventional. But there isn't a thing on it.

There is an open sliding patio door leading east. There is a closed frosted-glass door leading north. There is an exit to the south. You need an exit without a door? You should try going west.

There is a block of cheese, a diced fried white onion, a diced raw pork chop, a raw purple potato and a sliced fried red apple on the floor.","You are carrying: a red hot pepper, a carrot, a diced red onion, a sliced raw red potato and a knife.",6 of 16,0.375,False,
56,,,I should examine the cookbook on the counter to find the recipe for a delicious meal.,examine cookbook,,"You open the copy of ""Cooking: A Modern Approach (3rd Ed.)"" and start reading:

Recipe #1
---------
Gather all following ingredients and follow the directions to prepare this tasty meal.

Ingredients:
white onion
  red apple
  yellow potato
  block of cheese
  orange bell pepper

Directions:
dice the white onion
  fry the white onion
  slice the red apple
  fry the red apple
  slice the yellow potato
  fry the yellow potato
  chop the block of cheese
  roast the block of cheese
  slice the orange bell pepper
  grill the orange bell pepper
  prepare meal",Kitchen,"Well, here we are in a kitchen. You begin looking for stuff.

You can see a fridge. Huh, weird. The fridge is empty! What a waste of a day! You can see a closed conventional looking oven in the room. You make out a table. Unfortunately, there isn't a thing on it. You can see a counter. You see a banana and a cookbook on the counter. You make out a stove. You wonder idly who left that here. The stove is conventional. But there isn't a thing on it.

There is an open sliding patio door leading east. There is a closed frosted-glass door leading north. There is an exit to the south. You need an exit without a door? You should try going west.

There is a block of cheese, a diced fried white onion, a diced raw pork chop, a raw purple potato and a sliced fried red apple on the floor.","You are carrying: a red hot pepper, a carrot, a diced red onion, a sliced raw red potato and a knife.",6 of 16,0.375,False,
57,,,"The recipe requires a white onion, red apple, yellow potato, block of cheese, and orange bell pepper, but I have a red hot pepper, carrot, diced red onion, sliced raw red potato, and knife. I should drop the red hot pepper and carrot to pick up the block of cheese and the diced fried white onion from the floor.",drop red hot pepper; drop carrot,,I only understood you as far as wanting to drop the red hot pepper.,Kitchen,"Well, here we are in a kitchen. You begin looking for stuff.

You can see a fridge. Huh, weird. The fridge is empty! What a waste of a day! You can see a closed conventional looking oven in the room. You make out a table. Unfortunately, there isn't a thing on it. You can see a counter. You see a banana and a cookbook on the counter. You make out a stove. You wonder idly who left that here. The stove is conventional. But there isn't a thing on it.

There is an open sliding patio door leading east. There is a closed frosted-glass door leading north. There is an exit to the south. You need an exit without a door? You should try going west.

There is a block of cheese, a diced fried white onion, a diced raw pork chop, a raw purple potato and a sliced fried red apple on the floor.","You are carrying: a red hot pepper, a carrot, a diced red onion, a sliced raw red potato and a knife.",6 of 16,0.375,False,
58,,,"I should drop the red hot pepper first, then drop the carrot in a separate action.",drop red hot pepper,,You drop the red hot pepper on the ground.,Kitchen,"Well, here we are in a kitchen. You begin looking for stuff.

You can see a fridge. Huh, weird. The fridge is empty! What a waste of a day! You can see a closed conventional looking oven in the room. You make out a table. Unfortunately, there isn't a thing on it. You can see a counter. You see a banana and a cookbook on the counter. You make out a stove. You wonder idly who left that here. The stove is conventional. But there isn't a thing on it.

There is an open sliding patio door leading east. There is a closed frosted-glass door leading north. There is an exit to the south. You need an exit without a door? You should try going west.

There is a red hot pepper, a block of cheese, a diced fried white onion, a diced raw pork chop, a raw purple potato and a sliced fried red apple on the floor.","You are carrying: a carrot, a diced red onion, a sliced raw red potato and a knife.",6 of 16,0.375,False,
59,,,I should drop the carrot now to free up inventory space for the required ingredients.,drop carrot,,You drop the carrot on the ground.,Kitchen,"Well, here we are in a kitchen. You begin looking for stuff.

You can see a fridge. Huh, weird. The fridge is empty! What a waste of a day! You can see a closed conventional looking oven in the room. You make out a table. Unfortunately, there isn't a thing on it. You can see a counter. You see a banana and a cookbook on the counter. You make out a stove. You wonder idly who left that here. The stove is conventional. But there isn't a thing on it.

There is an open sliding patio door leading east. There is a closed frosted-glass door leading north. There is an exit to the south. You need an exit without a door? You should try going west.

There is a carrot, a red hot pepper, a block of cheese, a diced fried white onion, a diced raw pork chop, a raw purple potato and a sliced fried red apple on the floor.","You are carrying: a diced red onion, a sliced raw red potato and a knife.",6 of 16,0.375,False,
60,,,I should take the block of cheese and the diced fried white onion from the floor to have the required ingredients for the recipe.,take block of cheese from floor; take diced fried white onion from floor,,I only understood you as far as wanting to take the block of cheese.,Kitchen,"Well, here we are in a kitchen. You begin looking for stuff.

You can see a fridge. Huh, weird. The fridge is empty! What a waste of a day! You can see a closed conventional looking oven in the room. You make out a table. Unfortunately, there isn't a thing on it. You can see a counter. You see a banana and a cookbook on the counter. You make out a stove. You wonder idly who left that here. The stove is conventional. But there isn't a thing on it.

There is an open sliding patio door leading east. There is a closed frosted-glass door leading north. There is an exit to the south. You need an exit without a door? You should try going west.

There is a carrot, a red hot pepper, a block of cheese, a diced fried white onion, a diced raw pork chop, a raw purple potato and a sliced fried red apple on the floor.","You are carrying: a diced red onion, a sliced raw red potato and a knife.",6 of 16,0.375,False,
61,,,"I should take the block of cheese first, then take the diced fried white onion in a separate action.",take block of cheese from floor,,You pick up the block of cheese from the ground.,Kitchen,"Well, here we are in a kitchen. You begin looking for stuff.

You can see a fridge. Huh, weird. The fridge is empty! What a waste of a day! You can see a closed conventional looking oven in the room. You make out a table. Unfortunately, there isn't a thing on it. You can see a counter. You see a banana and a cookbook on the counter. You make out a stove. You wonder idly who left that here. The stove is conventional. But there isn't a thing on it.

There is an open sliding patio door leading east. There is a closed frosted-glass door leading north. There is an exit to the south. You need an exit without a door? You should try going west.

There is a carrot, a red hot pepper, a diced fried white onion, a diced raw pork chop, a raw purple potato and a sliced fried red apple on the floor.","You are carrying: a block of cheese, a diced red onion, a sliced raw red potato and a knife.",6 of 16,0.375,False,
62,,,I should take the diced fried white onion from the floor now.,take diced fried white onion from floor,,You pick up the white onion from the ground.,Kitchen,"Well, here we are in a kitchen. You begin looking for stuff.

You can see a fridge. Huh, weird. The fridge is empty! What a waste of a day! You can see a closed conventional looking oven in the room. You make out a table. Unfortunately, there isn't a thing on it. You can see a counter. You see a banana and a cookbook on the counter. You make out a stove. You wonder idly who left that here. The stove is conventional. But there isn't a thing on it.

There is an open sliding patio door leading east. There is a closed frosted-glass door leading north. There is an exit to the south. You need an exit without a door? You should try going west.

There is a carrot, a red hot pepper, a diced raw pork chop, a raw purple potato and a sliced fried red apple on the floor.","You are carrying: a diced fried white onion, a block of cheese, a diced red onion, a sliced raw red potato and a knife.",6 of 16,0.375,False,
63,,,I should examine the cookbook on the counter to find the recipe for the meal.,examine cookbook,,"You open the copy of ""Cooking: A Modern Approach (3rd Ed.)"" and start reading:

Recipe #1
---------
Gather all following ingredients and follow the directions to prepare this tasty meal.

Ingredients:
white onion
  red apple
  yellow potato
  block of cheese
  orange bell pepper

Directions:
dice the white onion
  fry the white onion
  slice the red apple
  fry the red apple
  slice the yellow potato
  fry the yellow potato
  chop the block of cheese
  roast the block of cheese
  slice the orange bell pepper
  grill the orange bell pepper
  prepare meal",Kitchen,"Well, here we are in a kitchen. You begin looking for stuff.

You can see a fridge. Huh, weird. The fridge is empty! What a waste of a day! You can see a closed conventional looking oven in the room. You make out a table. Unfortunately, there isn't a thing on it. You can see a counter. You see a banana and a cookbook on the counter. You make out a stove. You wonder idly who left that here. The stove is conventional. But there isn't a thing on it.

There is an open sliding patio door leading east. There is a closed frosted-glass door leading north. There is an exit to the south. You need an exit without a door? You should try going west.

There is a carrot, a red hot pepper, a diced raw pork chop, a raw purple potato and a sliced fried red apple on the floor.","You are carrying: a diced fried white onion, a block of cheese, a diced red onion, a sliced raw red potato and a knife.",6 of 16,0.375,False,
64,,,"I need to get a yellow potato and an orange bell pepper to follow the recipe, so I should take the raw purple potato from the floor and check if there is an orange bell pepper nearby.",take raw purple potato from floor,,You're carrying too many things already.,Kitchen,"Well, here we are in a kitchen. You begin looking for stuff.

You can see a fridge. Huh, weird. The fridge is empty! What a waste of a day! You can see a closed conventional looking oven in the room. You make out a table. Unfortunately, there isn't a thing on it. You can see a counter. You see a banana and a cookbook on the counter. You make out a stove. You wonder idly who left that here. The stove is conventional. But there isn't a thing on it.

There is an open sliding patio door leading east. There is a closed frosted-glass door leading north. There is an exit to the south. You need an exit without a door? You should try going west.

There is a carrot, a red hot pepper, a diced raw pork chop, a raw purple potato and a sliced fried red apple on the floor.","You are carrying: a diced fried white onion, a block of cheese, a diced red onion, a sliced raw red potato and a knife.",6 of 16,0.375,False,
65,,,I need to free up space in my inventory by dropping the diced red onion before taking the raw purple potato.,drop diced red onion,,You drop the red onion on the ground.,Kitchen,"Well, here we are in a kitchen. You begin looking for stuff.

You can see a fridge. Huh, weird. The fridge is empty! What a waste of a day! You can see a closed conventional looking oven in the room. You make out a table. Unfortunately, there isn't a thing on it. You can see a counter. You see a banana and a cookbook on the counter. You make out a stove. You wonder idly who left that here. The stove is conventional. But there isn't a thing on it.

There is an open sliding patio door leading east. There is a closed frosted-glass door leading north. There is an exit to the south. You need an exit without a door? You should try going west.

There is a diced red onion, a carrot, a red hot pepper, a diced raw pork chop, a raw purple potato and a sliced fried red apple on the floor.","You are carrying: a diced fried white onion, a block of cheese, a sliced raw red potato and a knife.",6 of 16,0.375,False,
66,,,"Now that I have space, I should take the raw purple potato from the floor.",take raw purple potato from floor,,You pick up the purple potato from the ground.,Kitchen,"Well, here we are in a kitchen. You begin looking for stuff.

You can see a fridge. Huh, weird. The fridge is empty! What a waste of a day! You can see a closed conventional looking oven in the room. You make out a table. Unfortunately, there isn't a thing on it. You can see a counter. You see a banana and a cookbook on the counter. You make out a stove. You wonder idly who left that here. The stove is conventional. But there isn't a thing on it.

There is an open sliding patio door leading east. There is a closed frosted-glass door leading north. There is an exit to the south. You need an exit without a door? You should try going west.

There is a diced red onion, a carrot, a red hot pepper, a diced raw pork chop and a sliced fried red apple on the floor.","You are carrying: a raw purple potato, a diced fried white onion, a block of cheese, a sliced raw red potato and a knife.",6 of 16,0.375,False,
67,,,"I need to find the orange bell pepper next, so I should look around the kitchen carefully for it.",look,,"Well, here we are in a kitchen. You begin looking for stuff.

You can see a fridge. Huh, weird. The fridge is empty! What a waste of a day! You can see a closed conventional looking oven in the room. You make out a table. Unfortunately, there isn't a thing on it. You can see a counter. You see a banana and a cookbook on the counter. You make out a stove. You wonder idly who left that here. The stove is conventional. But there isn't a thing on it.

There is an open sliding patio door leading east. There is a closed frosted-glass door leading north. There is an exit to the south. You need an exit without a door? You should try going west.

There is a diced red onion, a carrot, a red hot pepper, a diced raw pork chop and a sliced fried red apple on the floor.",Kitchen,"Well, here we are in a kitchen. You begin looking for stuff.

You can see a fridge. Huh, weird. The fridge is empty! What a waste of a day! You can see a closed conventional looking oven in the room. You make out a table. Unfortunately, there isn't a thing on it. You can see a counter. You see a banana and a cookbook on the counter. You make out a stove. You wonder idly who left that here. The stove is conventional. But there isn't a thing on it.

There is an open sliding patio door leading east. There is a closed frosted-glass door leading north. There is an exit to the south. You need an exit without a door? You should try going west.

There is a diced red onion, a carrot, a red hot pepper, a diced raw pork chop and a sliced fried red apple on the floor.","You are carrying: a raw purple potato, a diced fried white onion, a block of cheese, a sliced raw red potato and a knife.",6 of 16,0.375,False,
68,,,I should examine the cookbook on the counter to find the recipe for the meal I want to cook.,examine cookbook,,"You open the copy of ""Cooking: A Modern Approach (3rd Ed.)"" and start reading:

Recipe #1
---------
Gather all following ingredients and follow the directions to prepare this tasty meal.

Ingredients:
white onion
  red apple
  yellow potato
  block of cheese
  orange bell pepper

Directions:
dice the white onion
  fry the white onion
  slice the red apple
  fry the red apple
  slice the yellow potato
  fry the yellow potato
  chop the block of cheese
  roast the block of cheese
  slice the orange bell pepper
  grill the orange bell pepper
  prepare meal",Kitchen,"Well, here we are in a kitchen. You begin looking for stuff.

You can see a fridge. Huh, weird. The fridge is empty! What a waste of a day! You can see a closed conventional looking oven in the room. You make out a table. Unfortunately, there isn't a thing on it. You can see a counter. You see a banana and a cookbook on the counter. You make out a stove. You wonder idly who left that here. The stove is conventional. But there isn't a thing on it.

There is an open sliding patio door leading east. There is a closed frosted-glass door leading north. There is an exit to the south. You need an exit without a door? You should try going west.

There is a diced red onion, a carrot, a red hot pepper, a diced raw pork chop and a sliced fried red apple on the floor.","You are carrying: a raw purple potato, a diced fried white onion, a block of cheese, a sliced raw red potato and a knife.",6 of 16,0.375,False,
69,,,I need to find the orange bell pepper and yellow potato to complete the recipe. I will look around the kitchen to find these ingredients.,look,,"Well, here we are in a kitchen. You begin looking for stuff.

You can see a fridge. Huh, weird. The fridge is empty! What a waste of a day! You can see a closed conventional looking oven in the room. You make out a table. Unfortunately, there isn't a thing on it. You can see a counter. You see a banana and a cookbook on the counter. You make out a stove. You wonder idly who left that here. The stove is conventional. But there isn't a thing on it.

There is an open sliding patio door leading east. There is a closed frosted-glass door leading north. There is an exit to the south. You need an exit without a door? You should try going west.

There is a diced red onion, a carrot, a red hot pepper, a diced raw pork chop and a sliced fried red apple on the floor.",Kitchen,"Well, here we are in a kitchen. You begin looking for stuff.

You can see a fridge. Huh, weird. The fridge is empty! What a waste of a day! You can see a closed conventional looking oven in the room. You make out a table. Unfortunately, there isn't a thing on it. You can see a counter. You see a banana and a cookbook on the counter. You make out a stove. You wonder idly who left that here. The stove is conventional. But there isn't a thing on it.

There is an open sliding patio door leading east. There is a closed frosted-glass door leading north. There is an exit to the south. You need an exit without a door? You should try going west.

There is a diced red onion, a carrot, a red hot pepper, a diced raw pork chop and a sliced fried red apple on the floor.","You are carrying: a raw purple potato, a diced fried white onion, a block of cheese, a sliced raw red potato and a knife.",6 of 16,0.375,False,
70,,,"Since I don't see the orange bell pepper or yellow potato in the kitchen, I should check the fridge to see if they are inside.",open fridge,,That's already open.,Kitchen,"Well, here we are in a kitchen. You begin looking for stuff.

You can see a fridge. Huh, weird. The fridge is empty! What a waste of a day! You can see a closed conventional looking oven in the room. You make out a table. Unfortunately, there isn't a thing on it. You can see a counter. You see a banana and a cookbook on the counter. You make out a stove. You wonder idly who left that here. The stove is conventional. But there isn't a thing on it.

There is an open sliding patio door leading east. There is a closed frosted-glass door leading north. There is an exit to the south. You need an exit without a door? You should try going west.

There is a diced red onion, a carrot, a red hot pepper, a diced raw pork chop and a sliced fried red apple on the floor.","You are carrying: a raw purple potato, a diced fried white onion, a block of cheese, a sliced raw red potato and a knife.",6 of 16,0.375,False,
71,,,I should check the floor items to see if any of them can be used as the orange bell pepper or yellow potato for the recipe.,examine carrot,,That's a carrot!,Kitchen,"Well, here we are in a kitchen. You begin looking for stuff.

You can see a fridge. Huh, weird. The fridge is empty! What a waste of a day! You can see a closed conventional looking oven in the room. You make out a table. Unfortunately, there isn't a thing on it. You can see a counter. You see a banana and a cookbook on the counter. You make out a stove. You wonder idly who left that here. The stove is conventional. But there isn't a thing on it.

There is an open sliding patio door leading east. There is a closed frosted-glass door leading north. There is an exit to the south. You need an exit without a door? You should try going west.

There is a diced red onion, a carrot, a red hot pepper, a diced raw pork chop and a sliced fried red apple on the floor.","You are carrying: a raw purple potato, a diced fried white onion, a block of cheese, a sliced raw red potato and a knife.",6 of 16,0.375,False,
72,,,The carrot is not the yellow potato needed for the recipe. I should check the red hot pepper on the floor to see if it can be used as the orange bell pepper.,examine red hot pepper,,You couldn't pay me to eat that red hot pepper.,Kitchen,"Well, here we are in a kitchen. You begin looking for stuff.

You can see a fridge. Huh, weird. The fridge is empty! What a waste of a day! You can see a closed conventional looking oven in the room. You make out a table. Unfortunately, there isn't a thing on it. You can see a counter. You see a banana and a cookbook on the counter. You make out a stove. You wonder idly who left that here. The stove is conventional. But there isn't a thing on it.

There is an open sliding patio door leading east. There is a closed frosted-glass door leading north. There is an exit to the south. You need an exit without a door? You should try going west.

There is a diced red onion, a carrot, a red hot pepper, a diced raw pork chop and a sliced fried red apple on the floor.","You are carrying: a raw purple potato, a diced fried white onion, a block of cheese, a sliced raw red potato and a knife.",6 of 16,0.375,False,
73,,,The red hot pepper is not suitable for the recipe. I should check the sliced raw red potato in my inventory to see if it can substitute for the yellow potato.,examine sliced raw red potato,,That's a sliced raw red potato!,Kitchen,"Well, here we are in a kitchen. You begin looking for stuff.

You can see a fridge. Huh, weird. The fridge is empty! What a waste of a day! You can see a closed conventional looking oven in the room. You make out a table. Unfortunately, there isn't a thing on it. You can see a counter. You see a banana and a cookbook on the counter. You make out a stove. You wonder idly who left that here. The stove is conventional. But there isn't a thing on it.

There is an open sliding patio door leading east. There is a closed frosted-glass door leading north. There is an exit to the south. You need an exit without a door? You should try going west.

There is a diced red onion, a carrot, a red hot pepper, a diced raw pork chop and a sliced fried red apple on the floor.","You are carrying: a raw purple potato, a diced fried white onion, a block of cheese, a sliced raw red potato and a knife.",6 of 16,0.375,False,
74,,,I should check the cookbook on the counter to find the recipe for the meal I want to cook.,examine cookbook,,"You open the copy of ""Cooking: A Modern Approach (3rd Ed.)"" and start reading:

Recipe #1
---------
Gather all following ingredients and follow the directions to prepare this tasty meal.

Ingredients:
white onion
  red apple
  yellow potato
  block of cheese
  orange bell pepper

Directions:
dice the white onion
  fry the white onion
  slice the red apple
  fry the red apple
  slice the yellow potato
  fry the yellow potato
  chop the block of cheese
  roast the block of cheese
  slice the orange bell pepper
  grill the orange bell pepper
  prepare meal",Kitchen,"Well, here we are in a kitchen. You begin looking for stuff.

You can see a fridge. Huh, weird. The fridge is empty! What a waste of a day! You can see a closed conventional looking oven in the room. You make out a table. Unfortunately, there isn't a thing on it. You can see a counter. You see a banana and a cookbook on the counter. You make out a stove. You wonder idly who left that here. The stove is conventional. But there isn't a thing on it.

There is an open sliding patio door leading east. There is a closed frosted-glass door leading north. There is an exit to the south. You need an exit without a door? You should try going west.

There is a diced red onion, a carrot, a red hot pepper, a diced raw pork chop and a sliced fried red apple on the floor.","You are carrying: a raw purple potato, a diced fried white onion, a block of cheese, a sliced raw red potato and a knife.",6 of 16,0.375,False,
75,,,I need to find a yellow potato and an orange bell pepper to complete the recipe. I should check the carrot on the floor to see if it can substitute for the orange bell pepper.,examine carrot,,That's a carrot!,Kitchen,"Well, here we are in a kitchen. You begin looking for stuff.

You can see a fridge. Huh, weird. The fridge is empty! What a waste of a day! You can see a closed conventional looking oven in the room. You make out a table. Unfortunately, there isn't a thing on it. You can see a counter. You see a banana and a cookbook on the counter. You make out a stove. You wonder idly who left that here. The stove is conventional. But there isn't a thing on it.

There is an open sliding patio door leading east. There is a closed frosted-glass door leading north. There is an exit to the south. You need an exit without a door? You should try going west.

There is a diced red onion, a carrot, a red hot pepper, a diced raw pork chop and a sliced fried red apple on the floor.","You are carrying: a raw purple potato, a diced fried white onion, a block of cheese, a sliced raw red potato and a knife.",6 of 16,0.375,False,
76,,,I should take the carrot from the floor as a possible substitute for the orange bell pepper.,take carrot from floor,,You're carrying too many things already.,Kitchen,"Well, here we are in a kitchen. You begin looking for stuff.

You can see a fridge. Huh, weird. The fridge is empty! What a waste of a day! You can see a closed conventional looking oven in the room. You make out a table. Unfortunately, there isn't a thing on it. You can see a counter. You see a banana and a cookbook on the counter. You make out a stove. You wonder idly who left that here. The stove is conventional. But there isn't a thing on it.

There is an open sliding patio door leading east. There is a closed frosted-glass door leading north. There is an exit to the south. You need an exit without a door? You should try going west.

There is a diced red onion, a carrot, a red hot pepper, a diced raw pork chop and a sliced fried red apple on the floor.","You are carrying: a raw purple potato, a diced fried white onion, a block of cheese, a sliced raw red potato and a knife.",6 of 16,0.375,False,
77,,,"I need to free up space in my inventory by dropping an item I don't need for the recipe, such as the raw purple potato.",drop raw purple potato,,You drop the purple potato on the ground.,Kitchen,"Well, here we are in a kitchen. You begin looking for stuff.

You can see a fridge. Huh, weird. The fridge is empty! What a waste of a day! You can see a closed conventional looking oven in the room. You make out a table. Unfortunately, there isn't a thing on it. You can see a counter. You see a banana and a cookbook on the counter. You make out a stove. You wonder idly who left that here. The stove is conventional. But there isn't a thing on it.

There is an open sliding patio door leading east. There is a closed frosted-glass door leading north. There is an exit to the south. You need an exit without a door? You should try going west.

There is a raw purple potato, a diced red onion, a carrot, a red hot pepper, a diced raw pork chop and a sliced fried red apple on the floor.","You are carrying: a diced fried white onion, a block of cheese, a sliced raw red potato and a knife.",6 of 16,0.375,False,
78,,,"Now that I have space, I should take the carrot from the floor.",take carrot from floor,,You pick up the carrot from the ground.,Kitchen,"Well, here we are in a kitchen. You begin looking for stuff.

You can see a fridge. Huh, weird. The fridge is empty! What a waste of a day! You can see a closed conventional looking oven in the room. You make out a table. Unfortunately, there isn't a thing on it. You can see a counter. You see a banana and a cookbook on the counter. You make out a stove. You wonder idly who left that here. The stove is conventional. But there isn't a thing on it.

There is an open sliding patio door leading east. There is a closed frosted-glass door leading north. There is an exit to the south. You need an exit without a door? You should try going west.

There is a raw purple potato, a diced red onion, a red hot pepper, a diced raw pork chop and a sliced fried red apple on the floor.","You are carrying: a carrot, a diced fried white onion, a block of cheese, a sliced raw red potato and a knife.",6 of 16,0.375,False,
79,,,I should examine the cookbook on the counter to find the recipe for a delicious meal.,examine cookbook,,"You open the copy of ""Cooking: A Modern Approach (3rd Ed.)"" and start reading:

Recipe #1
---------
Gather all following ingredients and follow the directions to prepare this tasty meal.

Ingredients:
white onion
  red apple
  yellow potato
  block of cheese
  orange bell pepper

Directions:
dice the white onion
  fry the white onion
  slice the red apple
  fry the red apple
  slice the yellow potato
  fry the yellow potato
  chop the block of cheese
  roast the block of cheese
  slice the orange bell pepper
  grill the orange bell pepper
  prepare meal",Kitchen,"Well, here we are in a kitchen. You begin looking for stuff.

You can see a fridge. Huh, weird. The fridge is empty! What a waste of a day! You can see a closed conventional looking oven in the room. You make out a table. Unfortunately, there isn't a thing on it. You can see a counter. You see a banana and a cookbook on the counter. You make out a stove. You wonder idly who left that here. The stove is conventional. But there isn't a thing on it.

There is an open sliding patio door leading east. There is a closed frosted-glass door leading north. There is an exit to the south. You need an exit without a door? You should try going west.

There is a raw purple potato, a diced red onion, a red hot pepper, a diced raw pork chop and a sliced fried red apple on the floor.","You are carrying: a carrot, a diced fried white onion, a block of cheese, a sliced raw red potato and a knife.",6 of 16,0.375,False,
80,,,"I need to gather the ingredients from the recipe: white onion, red apple, yellow potato, block of cheese, and orange bell pepper. I already have a block of cheese and a diced fried white onion, but I need to find a yellow potato and an orange bell pepper. I will drop the carrot and sliced raw red potato to free space and then take the red apple from the floor.",drop carrot,,You drop the carrot on the ground.,Kitchen,"Well, here we are in a kitchen. You begin looking for stuff.

You can see a fridge. Huh, weird. The fridge is empty! What a waste of a day! You can see a closed conventional looking oven in the room. You make out a table. Unfortunately, there isn't a thing on it. You can see a counter. You see a banana and a cookbook on the counter. You make out a stove. You wonder idly who left that here. The stove is conventional. But there isn't a thing on it.

There is an open sliding patio door leading east. There is a closed frosted-glass door leading north. There is an exit to the south. You need an exit without a door? You should try going west.

There is a carrot, a raw purple potato, a diced red onion, a red hot pepper, a diced raw pork chop and a sliced fried red apple on the floor.","You are carrying: a diced fried white onion, a block of cheese, a sliced raw red potato and a knife.",6 of 16,0.375,False,
81,,,I should take the sliced fried red apple from the floor to have the red apple ingredient.,take sliced fried red apple from floor,,You pick up the red apple from the ground.,Kitchen,"Well, here we are in a kitchen. You begin looking for stuff.

You can see a fridge. Huh, weird. The fridge is empty! What a waste of a day! You can see a closed conventional looking oven in the room. You make out a table. Unfortunately, there isn't a thing on it. You can see a counter. You see a banana and a cookbook on the counter. You make out a stove. You wonder idly who left that here. The stove is conventional. But there isn't a thing on it.

There is an open sliding patio door leading east. There is a closed frosted-glass door leading north. There is an exit to the south. You need an exit without a door? You should try going west.

There is a carrot, a raw purple potato, a diced red onion, a red hot pepper and a diced raw pork chop on the floor.","You are carrying: a sliced fried red apple, a diced fried white onion, a block of cheese, a sliced raw red potato and a knife.",6 of 16,0.375,False,
82,,,"I need to find a yellow potato and an orange bell pepper, which are missing from my inventory. I will take the raw purple potato from the floor and check if it can be used as a yellow potato substitute or if there is an orange bell pepper nearby.",take raw purple potato from floor,,You're carrying too many things already.,Kitchen,"Well, here we are in a kitchen. You begin looking for stuff.

You can see a fridge. Huh, weird. The fridge is empty! What a waste of a day! You can see a closed conventional looking oven in the room. You make out a table. Unfortunately, there isn't a thing on it. You can see a counter. You see a banana and a cookbook on the counter. You make out a stove. You wonder idly who left that here. The stove is conventional. But there isn't a thing on it.

There is an open sliding patio door leading east. There is a closed frosted-glass door leading north. There is an exit to the south. You need an exit without a door? You should try going west.

There is a carrot, a raw purple potato, a diced red onion, a red hot pepper and a diced raw pork chop on the floor.","You are carrying: a sliced fried red apple, a diced fried white onion, a block of cheese, a sliced raw red potato and a knife.",6 of 16,0.375,False,
83,,,"I am carrying too many items, so I should drop the sliced raw red potato to free space and then take the raw purple potato from the floor.",drop sliced raw red potato,,You drop the red potato on the ground.,Kitchen,"Well, here we are in a kitchen. You begin looking for stuff.

You can see a fridge. Huh, weird. The fridge is empty! What a waste of a day! You can see a closed conventional looking oven in the room. You make out a table. Unfortunately, there isn't a thing on it. You can see a counter. You see a banana and a cookbook on the counter. You make out a stove. You wonder idly who left that here. The stove is conventional. But there isn't a thing on it.

There is an open sliding patio door leading east. There is a closed frosted-glass door leading north. There is an exit to the south. You need an exit without a door? You should try going west.

There is a sliced raw red potato, a carrot, a raw purple potato, a diced red onion, a red hot pepper and a diced raw pork chop on the floor.","You are carrying: a sliced fried red apple, a diced fried white onion, a block of cheese and a knife.",6 of 16,0.375,False,
84,,,"Now that I have space, I should take the raw purple potato from the floor.",take raw purple potato from floor,,You pick up the purple potato from the ground.,Kitchen,"Well, here we are in a kitchen. You begin looking for stuff.

You can see a fridge. Huh, weird. The fridge is empty! What a waste of a day! You can see a closed conventional looking oven in the room. You make out a table. Unfortunately, there isn't a thing on it. You can see a counter. You see a banana and a cookbook on the counter. You make out a stove. You wonder idly who left that here. The stove is conventional. But there isn't a thing on it.

There is an open sliding patio door leading east. There is a closed frosted-glass door leading north. There is an exit to the south. You need an exit without a door? You should try going west.

There is a sliced raw red potato, a carrot, a diced red onion, a red hot pepper and a diced raw pork chop on the floor.","You are carrying: a raw purple potato, a sliced fried red apple, a diced fried white onion, a block of cheese and a knife.",6 of 16,0.375,False,
85,,,I should check the cookbook on the counter to find the recipe for the meal I want to cook.,examine cookbook,,"You open the copy of ""Cooking: A Modern Approach (3rd Ed.)"" and start reading:

Recipe #1
---------
Gather all following ingredients and follow the directions to prepare this tasty meal.

Ingredients:
white onion
  red apple
  yellow potato
  block of cheese
  orange bell pepper

Directions:
dice the white onion
  fry the white onion
  slice the red apple
  fry the red apple
  slice the yellow potato
  fry the yellow potato
  chop the block of cheese
  roast the block of cheese
  slice the orange bell pepper
  grill the orange bell pepper
  prepare meal",Kitchen,"Well, here we are in a kitchen. You begin looking for stuff.

You can see a fridge. Huh, weird. The fridge is empty! What a waste of a day! You can see a closed conventional looking oven in the room. You make out a table. Unfortunately, there isn't a thing on it. You can see a counter. You see a banana and a cookbook on the counter. You make out a stove. You wonder idly who left that here. The stove is conventional. But there isn't a thing on it.

There is an open sliding patio door leading east. There is a closed frosted-glass door leading north. There is an exit to the south. You need an exit without a door? You should try going west.

There is a sliced raw red potato, a carrot, a diced red onion, a red hot pepper and a diced raw pork chop on the floor.","You are carrying: a raw purple potato, a sliced fried red apple, a diced fried white onion, a block of cheese and a knife.",6 of 16,0.375,False,
86,,,"The recipe requires a yellow potato, but I have a raw purple potato. I should check if the sliced raw red potato on the floor can be used as a yellow potato substitute by slicing and frying it.",take sliced raw red potato from floor,,You're carrying too many things already.,Kitchen,"Well, here we are in a kitchen. You begin looking for stuff.

You can see a fridge. Huh, weird. The fridge is empty! What a waste of a day! You can see a closed conventional looking oven in the room. You make out a table. Unfortunately, there isn't a thing on it. You can see a counter. You see a banana and a cookbook on the counter. You make out a stove. You wonder idly who left that here. The stove is conventional. But there isn't a thing on it.

There is an open sliding patio door leading east. There is a closed frosted-glass door leading north. There is an exit to the south. You need an exit without a door? You should try going west.

There is a sliced raw red potato, a carrot, a diced red onion, a red hot pepper and a diced raw pork chop on the floor.","You are carrying: a raw purple potato, a sliced fried red apple, a diced fried white onion, a block of cheese and a knife.",6 of 16,0.375,False,
87,,,I need to free up inventory space by dropping the raw purple potato before taking the sliced raw red potato.,drop raw purple potato,,You drop the purple potato on the ground.,Kitchen,"Well, here we are in a kitchen. You begin looking for stuff.

You can see a fridge. Huh, weird. The fridge is empty! What a waste of a day! You can see a closed conventional looking oven in the room. You make out a table. Unfortunately, there isn't a thing on it. You can see a counter. You see a banana and a cookbook on the counter. You make out a stove. You wonder idly who left that here. The stove is conventional. But there isn't a thing on it.

There is an open sliding patio door leading east. There is a closed frosted-glass door leading north. There is an exit to the south. You need an exit without a door? You should try going west.

There is a raw purple potato, a sliced raw red potato, a carrot, a diced red onion, a red hot pepper and a diced raw pork chop on the floor.","You are carrying: a sliced fried red apple, a diced fried white onion, a block of cheese and a knife.",6 of 16,0.375,True,
