step_id,plan,summary,thought,action,task,feedback,location,description,inventory,score,reward,is_done,error
0,,,,,"You are hungry! Let's cook a delicious meal. Check the cookbook in the kitchen for the recipe. Once done, enjoy your meal!",,Backyard,"You've just shown up in a backyard.

You can see a patio chair. But the thing is empty. You can make out a patio table. The patio table is stylish. But the thing is empty, unfortunately. Aw, here you were, all excited for there to be things on it! You rest your hand against a wall, but you miss the wall and fall onto a BBQ.

There is a closed screen door leading north. There is a closed wooden door leading south. You need an exit without a door? You should try going west.",You are carrying: a carrot and a banana.,0 of 17,0.0,False,
1,,,I should go west to explore more areas that might lead to the kitchen or other useful places for cooking.,go west,,"You are in a garden. A normal kind of place.



You don't like doors? Why not try going east, that entranceway is not blocked by one.

There is a raw purple potato, a red hot pepper, a raw yellow potato and a yellow bell pepper on the floor.",Garden,"You are in a garden. A normal kind of place.



You don't like doors? Why not try going east, that entranceway is not blocked by one.

There is a raw purple potato, a red hot pepper, a raw yellow potato and a yellow bell pepper on the floor.",You are carrying: a carrot and a banana.,0 of 17,0.0,False,
2,,,"I should take the raw purple potato, red hot pepper, raw yellow potato, and yellow bell pepper from the floor to have more ingredients for cooking.","take raw purple potato, red hot pepper, raw yellow potato, yellow bell pepper from floor",,"purple potato: You pick up the purple potato from the ground.
red hot pepper: You pick up the red hot pepper from the ground.
yellow potato: You pick up the yellow potato from the ground.
yellow bell pepper: You're carrying too many things already.


Your score has just gone up by two points.",Garden,"You are in a garden. A normal kind of place.



You don't like doors? Why not try going east, that entranceway is not blocked by one.

There is a yellow bell pepper on the floor.","You are carrying: a raw yellow potato, a red hot pepper, a raw purple potato, a carrot and a banana.",2 of 17,0.11764705882352941,False,
3,,,I should take the yellow bell pepper from the floor after dropping one item to free up space.,drop banana,,You drop the banana on the ground.,Garden,"You are in a garden. A normal kind of place.



You don't like doors? Why not try going east, that entranceway is not blocked by one.

There is a banana and a yellow bell pepper on the floor.","You are carrying: a raw yellow potato, a red hot pepper, a raw purple potato and a carrot.",2 of 17,0.11764705882352941,False,
4,,,"Now that I have space, I should take the yellow bell pepper from the floor.",take yellow bell pepper from floor,,You pick up the yellow bell pepper from the ground.,Garden,"You are in a garden. A normal kind of place.



You don't like doors? Why not try going east, that entranceway is not blocked by one.

There is a banana on the floor.","You are carrying: a yellow bell pepper, a raw yellow potato, a red hot pepper, a raw purple potato and a carrot.",2 of 17,0.11764705882352941,False,
5,,,I should go east to enter the kitchen where the cookbook is located.,go east,,"You've just shown up in a backyard.

You can see a patio chair. But the thing is empty. You can make out a patio table. The patio table is stylish. But the thing is empty, unfortunately. Aw, here you were, all excited for there to be things on it! You rest your hand against a wall, but you miss the wall and fall onto a BBQ.

There is a closed screen door leading north. There is a closed wooden door leading south. You need an exit without a door? You should try going west.",Backyard,"You've just shown up in a backyard.

You can see a patio chair. But the thing is empty. You can make out a patio table. The patio table is stylish. But the thing is empty, unfortunately. Aw, here you were, all excited for there to be things on it! You rest your hand against a wall, but you miss the wall and fall onto a BBQ.

There is a closed screen door leading north. There is a closed wooden door leading south. You need an exit without a door? You should try going west.","You are carrying: a yellow bell pepper, a raw yellow potato, a red hot pepper, a raw purple potato and a carrot.",2 of 17,0.11764705882352941,False,
6,,,I should go west to return to the garden and then find another way to the kitchen.,go west,,"You are in a garden. A normal kind of place.



You don't like doors? Why not try going east, that entranceway is not blocked by one.

There is a banana on the floor.",Garden,"You are in a garden. A normal kind of place.



You don't like doors? Why not try going east, that entranceway is not blocked by one.

There is a banana on the floor.","You are carrying: a yellow bell pepper, a raw yellow potato, a red hot pepper, a raw purple potato and a carrot.",2 of 17,0.11764705882352941,False,
7,,,I should go east again to try to find the kitchen or the cookbook.,go east,,"You've just shown up in a backyard.

You can see a patio chair. But the thing is empty. You can make out a patio table. The patio table is stylish. But the thing is empty, unfortunately. Aw, here you were, all excited for there to be things on it! You rest your hand against a wall, but you miss the wall and fall onto a BBQ.

There is a closed screen door leading north. There is a closed wooden door leading south. You need an exit without a door? You should try going west.",Backyard,"You've just shown up in a backyard.

You can see a patio chair. But the thing is empty. You can make out a patio table. The patio table is stylish. But the thing is empty, unfortunately. Aw, here you were, all excited for there to be things on it! You rest your hand against a wall, but you miss the wall and fall onto a BBQ.

There is a closed screen door leading north. There is a closed wooden door leading south. You need an exit without a door? You should try going west.","You are carrying: a yellow bell pepper, a raw yellow potato, a red hot pepper, a raw purple potato and a carrot.",2 of 17,0.11764705882352941,False,
8,,,"Since the backyard has doors blocking north and south, and west leads back to the garden, I should try going north through the closed screen door to see if I can find the kitchen or cookbook.",open screen door,,You open screen door.,Backyard,"You've just shown up in a backyard.

You can see a patio chair. But the thing is empty. You can make out a patio table. The patio table is stylish. But the thing is empty, unfortunately. Aw, here you were, all excited for there to be things on it! You rest your hand against a wall, but you miss the wall and fall onto a BBQ.

There is an open screen door leading north. There is a closed wooden door leading south. You need an exit without a door? You should try going west.","You are carrying: a yellow bell pepper, a raw yellow potato, a red hot pepper, a raw purple potato and a carrot.",2 of 17,0.11764705882352941,False,
9,,,"Now that the screen door is open, I should go north through it to explore further.",go north,,"I am required to announce that you are now in the kitchen.

You see a fridge. You can make out a closed oven here. You can see a table. The table is massive. On the table you can see a knife. You can make out a counter. The counter is vast. On the counter you make out a red apple and a cookbook. You see a stove. But the thing is empty.

There is an open screen door leading south. There is a closed plain door leading west. You don't like doors? Why not try going east, that entranceway is not blocked by one.",Kitchen,"I am required to announce that you are now in the kitchen.

You see a fridge. You can make out a closed oven here. You can see a table. The table is massive. On the table you can see a knife. You can make out a counter. The counter is vast. On the counter you make out a red apple and a cookbook. You see a stove. But the thing is empty.

There is an open screen door leading south. There is a closed plain door leading west. You don't like doors? Why not try going east, that entranceway is not blocked by one.","You are carrying: a yellow bell pepper, a raw yellow potato, a red hot pepper, a raw purple potato and a carrot.",2 of 17,0.11764705882352941,False,
10,,,I should examine the cookbook on the counter to check the recipe for cooking a delicious meal.,examine cookbook,,"You open the copy of ""Cooking: A Modern Approach (3rd Ed.)"" and start reading:

Recipe #1
---------
Gather all following ingredients and follow the directions to prepare this tasty meal.

Ingredients:
red hot pepper
  block of cheese
  purple potato
  white onion
  red apple

Directions:
slice the red hot pepper
  fry the red hot pepper
  slice the block of cheese
  grill the block of cheese
  slice the purple potato
  roast the purple potato
  dice the white onion
  roast the white onion
  slice the red apple
  grill the red apple
  prepare meal",Kitchen,"I am required to announce that you are now in the kitchen.

You see a fridge. You can make out a closed oven here. You can see a table. The table is massive. On the table you can see a knife. You can make out a counter. The counter is vast. On the counter you make out a red apple and a cookbook. You see a stove. But the thing is empty.

There is an open screen door leading south. There is a closed plain door leading west. You don't like doors? Why not try going east, that entranceway is not blocked by one.","You are carrying: a yellow bell pepper, a raw yellow potato, a red hot pepper, a raw purple potato and a carrot.",2 of 17,0.11764705882352941,False,
11,,,"I need to find a block of cheese and a white onion to complete the recipe, so I should check the fridge for these ingredients.",open fridge,,"You open the fridge, revealing a white onion and a red onion.",Kitchen,"I am required to announce that you are now in the kitchen.

You see a fridge. The fridge contains a white onion and a red onion. You can make out a closed oven here. You can see a table. The table is massive. On the table you can see a knife. You can make out a counter. The counter is vast. On the counter you make out a red apple and a cookbook. You see a stove. But the thing is empty.

There is an open screen door leading south. There is a closed plain door leading west. You don't like doors? Why not try going east, that entranceway is not blocked by one.","You are carrying: a yellow bell pepper, a raw yellow potato, a red hot pepper, a raw purple potato and a carrot.",2 of 17,0.11764705882352941,False,
12,,,"I should take the white onion from the fridge and then look for the block of cheese, possibly on the counter or table.",take white onion from fridge,,You're carrying too many things already.,Kitchen,"I am required to announce that you are now in the kitchen.

You see a fridge. The fridge contains a white onion and a red onion. You can make out a closed oven here. You can see a table. The table is massive. On the table you can see a knife. You can make out a counter. The counter is vast. On the counter you make out a red apple and a cookbook. You see a stove. But the thing is empty.

There is an open screen door leading south. There is a closed plain door leading west. You don't like doors? Why not try going east, that entranceway is not blocked by one.","You are carrying: a yellow bell pepper, a raw yellow potato, a red hot pepper, a raw purple potato and a carrot.",2 of 17,0.11764705882352941,False,
13,,,"I am carrying too many items, so I should drop the yellow bell pepper to free up space before taking the white onion.",drop yellow bell pepper,,You drop the yellow bell pepper on the ground.,Kitchen,"I am required to announce that you are now in the kitchen.

You see a fridge. The fridge contains a white onion and a red onion. You can make out a closed oven here. You can see a table. The table is massive. On the table you can see a knife. You can make out a counter. The counter is vast. On the counter you make out a red apple and a cookbook. You see a stove. But the thing is empty.

There is an open screen door leading south. There is a closed plain door leading west. You don't like doors? Why not try going east, that entranceway is not blocked by one.

There is a yellow bell pepper on the floor.","You are carrying: a raw yellow potato, a red hot pepper, a raw purple potato and a carrot.",2 of 17,0.11764705882352941,False,
14,,,"Now that I have space, I should take the white onion from the fridge.",take white onion from fridge,,"You take the white onion from the fridge.



Your score has just gone up by one point.",Kitchen,"I am required to announce that you are now in the kitchen.

You see a fridge. The fridge contains a red onion. You can make out a closed oven here. You can see a table. The table is massive. On the table you can see a knife. You can make out a counter. The counter is vast. On the counter you make out a red apple and a cookbook. You see a stove. But the thing is empty.

There is an open screen door leading south. There is a closed plain door leading west. You don't like doors? Why not try going east, that entranceway is not blocked by one.

There is a yellow bell pepper on the floor.","You are carrying: a white onion, a raw yellow potato, a red hot pepper, a raw purple potato and a carrot.",3 of 17,0.17647058823529413,False,
15,,,I should examine the cookbook on the counter to find a recipe for a delicious meal.,examine cookbook,,"You open the copy of ""Cooking: A Modern Approach (3rd Ed.)"" and start reading:

Recipe #1
---------
Gather all following ingredients and follow the directions to prepare this tasty meal.

Ingredients:
red hot pepper
  block of cheese
  purple potato
  white onion
  red apple

Directions:
slice the red hot pepper
  fry the red hot pepper
  slice the block of cheese
  grill the block of cheese
  slice the purple potato
  roast the purple potato
  dice the white onion
  roast the white onion
  slice the red apple
  grill the red apple
  prepare meal",Kitchen,"I am required to announce that you are now in the kitchen.

You see a fridge. The fridge contains a red onion. You can make out a closed oven here. You can see a table. The table is massive. On the table you can see a knife. You can make out a counter. The counter is vast. On the counter you make out a red apple and a cookbook. You see a stove. But the thing is empty.

There is an open screen door leading south. There is a closed plain door leading west. You don't like doors? Why not try going east, that entranceway is not blocked by one.

There is a yellow bell pepper on the floor.","You are carrying: a white onion, a raw yellow potato, a red hot pepper, a raw purple potato and a carrot.",3 of 17,0.17647058823529413,False,
16,,,"I need to get a block of cheese to complete the recipe, so I should look around the kitchen for it.",look,,"I am required to announce that you are now in the kitchen.

You see a fridge. The fridge contains a red onion. You can make out a closed oven here. You can see a table. The table is massive. On the table you can see a knife. You can make out a counter. The counter is vast. On the counter you make out a red apple and a cookbook. You see a stove. But the thing is empty.

There is an open screen door leading south. There is a closed plain door leading west. You don't like doors? Why not try going east, that entranceway is not blocked by one.

There is a yellow bell pepper on the floor.",Kitchen,"I am required to announce that you are now in the kitchen.

You see a fridge. The fridge contains a red onion. You can make out a closed oven here. You can see a table. The table is massive. On the table you can see a knife. You can make out a counter. The counter is vast. On the counter you make out a red apple and a cookbook. You see a stove. But the thing is empty.

There is an open screen door leading south. There is a closed plain door leading west. You don't like doors? Why not try going east, that entranceway is not blocked by one.

There is a yellow bell pepper on the floor.","You are carrying: a white onion, a raw yellow potato, a red hot pepper, a raw purple potato and a carrot.",3 of 17,0.17647058823529413,False,
17,,,"Since the block of cheese is not visible in the kitchen, I should check inside the fridge to see if it is there.",open fridge,,That's already open.,Kitchen,"I am required to announce that you are now in the kitchen.

You see a fridge. The fridge contains a red onion. You can make out a closed oven here. You can see a table. The table is massive. On the table you can see a knife. You can make out a counter. The counter is vast. On the counter you make out a red apple and a cookbook. You see a stove. But the thing is empty.

There is an open screen door leading south. There is a closed plain door leading west. You don't like doors? Why not try going east, that entranceway is not blocked by one.

There is a yellow bell pepper on the floor.","You are carrying: a white onion, a raw yellow potato, a red hot pepper, a raw purple potato and a carrot.",3 of 17,0.17647058823529413,False,
18,,,I should take the red onion from the fridge to check if it can be used as a substitute or for the recipe.,take red onion from fridge,,You're carrying too many things already.,Kitchen,"I am required to announce that you are now in the kitchen.

You see a fridge. The fridge contains a red onion. You can make out a closed oven here. You can see a table. The table is massive. On the table you can see a knife. You can make out a counter. The counter is vast. On the counter you make out a red apple and a cookbook. You see a stove. But the thing is empty.

There is an open screen door leading south. There is a closed plain door leading west. You don't like doors? Why not try going east, that entranceway is not blocked by one.

There is a yellow bell pepper on the floor.","You are carrying: a white onion, a raw yellow potato, a red hot pepper, a raw purple potato and a carrot.",3 of 17,0.17647058823529413,False,
19,,,"I need to free up inventory space by dropping an item I don't need for the recipe, then I can take the block of cheese if I find it.",drop carrot,,You drop the carrot on the ground.,Kitchen,"I am required to announce that you are now in the kitchen.

You see a fridge. The fridge contains a red onion. You can make out a closed oven here. You can see a table. The table is massive. On the table you can see a knife. You can make out a counter. The counter is vast. On the counter you make out a red apple and a cookbook. You see a stove. But the thing is empty.

There is an open screen door leading south. There is a closed plain door leading west. You don't like doors? Why not try going east, that entranceway is not blocked by one.

There is a carrot and a yellow bell pepper on the floor.","You are carrying: a white onion, a raw yellow potato, a red hot pepper and a raw purple potato.",3 of 17,0.17647058823529413,False,
20,,,I should take the red onion from the fridge now that I have space in my inventory.,take red onion from fridge,,You take the red onion from the fridge.,Kitchen,"I am required to announce that you are now in the kitchen.

You see a fridge. What a letdown! The fridge is empty! You can make out a closed oven here. You can see a table. The table is massive. On the table you can see a knife. You can make out a counter. The counter is vast. On the counter you make out a red apple and a cookbook. You see a stove. But the thing is empty.

There is an open screen door leading south. There is a closed plain door leading west. You don't like doors? Why not try going east, that entranceway is not blocked by one.

There is a carrot and a yellow bell pepper on the floor.","You are carrying: a red onion, a white onion, a raw yellow potato, a red hot pepper and a raw purple potato.",3 of 17,0.17647058823529413,False,
21,,,I should examine the cookbook on the counter to find the recipe for a delicious meal.,examine cookbook,,"You open the copy of ""Cooking: A Modern Approach (3rd Ed.)"" and start reading:

Recipe #1
---------
Gather all following ingredients and follow the directions to prepare this tasty meal.

Ingredients:
red hot pepper
  block of cheese
  purple potato
  white onion
  red apple

Directions:
slice the red hot pepper
  fry the red hot pepper
  slice the block of cheese
  grill the block of cheese
  slice the purple potato
  roast the purple potato
  dice the white onion
  roast the white onion
  slice the red apple
  grill the red apple
  prepare meal",Kitchen,"I am required to announce that you are now in the kitchen.

You see a fridge. What a letdown! The fridge is empty! You can make out a closed oven here. You can see a table. The table is massive. On the table you can see a knife. You can make out a counter. The counter is vast. On the counter you make out a red apple and a cookbook. You see a stove. But the thing is empty.

There is an open screen door leading south. There is a closed plain door leading west. You don't like doors? Why not try going east, that entranceway is not blocked by one.

There is a carrot and a yellow bell pepper on the floor.","You are carrying: a red onion, a white onion, a raw yellow potato, a red hot pepper and a raw purple potato.",3 of 17,0.17647058823529413,False,
22,,,I need to find and take the block of cheese to proceed with the recipe.,take block of cheese from counter,,You can't see any such thing.,Kitchen,"I am required to announce that you are now in the kitchen.

You see a fridge. What a letdown! The fridge is empty! You can make out a closed oven here. You can see a table. The table is massive. On the table you can see a knife. You can make out a counter. The counter is vast. On the counter you make out a red apple and a cookbook. You see a stove. But the thing is empty.

There is an open screen door leading south. There is a closed plain door leading west. You don't like doors? Why not try going east, that entranceway is not blocked by one.

There is a carrot and a yellow bell pepper on the floor.","You are carrying: a red onion, a white onion, a raw yellow potato, a red hot pepper and a raw purple potato.",3 of 17,0.17647058823529413,False,
23,,,"Since there is no block of cheese visible, I should check the table for any hidden items.",examine table,,"The table is durable.

On the table is a knife.",Kitchen,"I am required to announce that you are now in the kitchen.

You see a fridge. What a letdown! The fridge is empty! You can make out a closed oven here. You can see a table. The table is massive. On the table you can see a knife. You can make out a counter. The counter is vast. On the counter you make out a red apple and a cookbook. You see a stove. But the thing is empty.

There is an open screen door leading south. There is a closed plain door leading west. You don't like doors? Why not try going east, that entranceway is not blocked by one.

There is a carrot and a yellow bell pepper on the floor.","You are carrying: a red onion, a white onion, a raw yellow potato, a red hot pepper and a raw purple potato.",3 of 17,0.17647058823529413,False,
24,,,I should check the counter more closely to see if the block of cheese is there.,examine counter,,"The counter is reliable.

On the counter are a red apple and a cookbook.",Kitchen,"I am required to announce that you are now in the kitchen.

You see a fridge. What a letdown! The fridge is empty! You can make out a closed oven here. You can see a table. The table is massive. On the table you can see a knife. You can make out a counter. The counter is vast. On the counter you make out a red apple and a cookbook. You see a stove. But the thing is empty.

There is an open screen door leading south. There is a closed plain door leading west. You don't like doors? Why not try going east, that entranceway is not blocked by one.

There is a carrot and a yellow bell pepper on the floor.","You are carrying: a red onion, a white onion, a raw yellow potato, a red hot pepper and a raw purple potato.",3 of 17,0.17647058823529413,False,
25,,,"Since the block of cheese is not visible in the kitchen, I should check the floor for any items that might be the block of cheese.",look floor,,You can't see any such thing.,Kitchen,"I am required to announce that you are now in the kitchen.

You see a fridge. What a letdown! The fridge is empty! You can make out a closed oven here. You can see a table. The table is massive. On the table you can see a knife. You can make out a counter. The counter is vast. On the counter you make out a red apple and a cookbook. You see a stove. But the thing is empty.

There is an open screen door leading south. There is a closed plain door leading west. You don't like doors? Why not try going east, that entranceway is not blocked by one.

There is a carrot and a yellow bell pepper on the floor.","You are carrying: a red onion, a white onion, a raw yellow potato, a red hot pepper and a raw purple potato.",3 of 17,0.17647058823529413,False,
26,,,I should examine the cookbook on the counter to find the recipe for the meal.,examine cookbook,,"You open the copy of ""Cooking: A Modern Approach (3rd Ed.)"" and start reading:

Recipe #1
---------
Gather all following ingredients and follow the directions to prepare this tasty meal.

Ingredients:
red hot pepper
  block of cheese
  purple potato
  white onion
  red apple

Directions:
slice the red hot pepper
  fry the red hot pepper
  slice the block of cheese
  grill the block of cheese
  slice the purple potato
  roast the purple potato
  dice the white onion
  roast the white onion
  slice the red apple
  grill the red apple
  prepare meal",Kitchen,"I am required to announce that you are now in the kitchen.

You see a fridge. What a letdown! The fridge is empty! You can make out a closed oven here. You can see a table. The table is massive. On the table you can see a knife. You can make out a counter. The counter is vast. On the counter you make out a red apple and a cookbook. You see a stove. But the thing is empty.

There is an open screen door leading south. There is a closed plain door leading west. You don't like doors? Why not try going east, that entranceway is not blocked by one.

There is a carrot and a yellow bell pepper on the floor.","You are carrying: a red onion, a white onion, a raw yellow potato, a red hot pepper and a raw purple potato.",3 of 17,0.17647058823529413,False,
27,,,I need to find the block of cheese since it is required for the recipe and I don't have it in my inventory or visible in the kitchen.,look around kitchen,,You can't see any such thing.,Kitchen,"I am required to announce that you are now in the kitchen.

You see a fridge. What a letdown! The fridge is empty! You can make out a closed oven here. You can see a table. The table is massive. On the table you can see a knife. You can make out a counter. The counter is vast. On the counter you make out a red apple and a cookbook. You see a stove. But the thing is empty.

There is an open screen door leading south. There is a closed plain door leading west. You don't like doors? Why not try going east, that entranceway is not blocked by one.

There is a carrot and a yellow bell pepper on the floor.","You are carrying: a red onion, a white onion, a raw yellow potato, a red hot pepper and a raw purple potato.",3 of 17,0.17647058823529413,False,
28,,,"Since the block of cheese is not in the kitchen, I should check the room to the east to see if it is there.",go east,,"You've entered a corridor.



You don't like doors? Why not try going east, that entranceway is not blocked by one. There is an exit to the south. There is an exit to the west. Don't worry, there is no door.",Corridor,"You've entered a corridor.



You don't like doors? Why not try going east, that entranceway is not blocked by one. There is an exit to the south. There is an exit to the west. Don't worry, there is no door.","You are carrying: a red onion, a white onion, a raw yellow potato, a red hot pepper and a raw purple potato.",3 of 17,0.17647058823529413,False,
29,,,I should check the room to the south from the corridor for the block of cheese.,go south,,"You are in a bathroom. An usual kind of place. You decide to start listing off everything you see in the room, as if you were in a text adventure.

If you haven't noticed it already, there seems to be something there by the wall, it's a toilet. But oh no! there's nothing on this piece of junk. It would have been so cool if there was stuff on the toilet! oh well.

You need an exit without a door? You should try going north.",Bathroom,"You are in a bathroom. An usual kind of place. You decide to start listing off everything you see in the room, as if you were in a text adventure.

If you haven't noticed it already, there seems to be something there by the wall, it's a toilet. But oh no! there's nothing on this piece of junk. It would have been so cool if there was stuff on the toilet! oh well.

You need an exit without a door? You should try going north.","You are carrying: a red onion, a white onion, a raw yellow potato, a red hot pepper and a raw purple potato.",3 of 17,0.17647058823529413,False,
30,,,"Since the bathroom has no block of cheese, I should return to the corridor and then check the room to the west.",go north,,"You've entered a corridor.



You don't like doors? Why not try going east, that entranceway is not blocked by one. There is an exit to the south. There is an exit to the west. Don't worry, there is no door.",Corridor,"You've entered a corridor.



You don't like doors? Why not try going east, that entranceway is not blocked by one. There is an exit to the south. There is an exit to the west. Don't worry, there is no door.","You are carrying: a red onion, a white onion, a raw yellow potato, a red hot pepper and a raw purple potato.",3 of 17,0.17647058823529413,False,
31,,,I should go west from the corridor to check the room there for the block of cheese.,go west,,"I am required to announce that you are now in the kitchen.

You see a fridge. What a letdown! The fridge is empty! You can make out a closed oven here. You can see a table. The table is massive. On the table you can see a knife. You can make out a counter. The counter is vast. On the counter you make out a red apple and a cookbook. You see a stove. But the thing is empty.

There is an open screen door leading south. There is a closed plain door leading west. You don't like doors? Why not try going east, that entranceway is not blocked by one.

There is a carrot and a yellow bell pepper on the floor.",Kitchen,"I am required to announce that you are now in the kitchen.

You see a fridge. What a letdown! The fridge is empty! You can make out a closed oven here. You can see a table. The table is massive. On the table you can see a knife. You can make out a counter. The counter is vast. On the counter you make out a red apple and a cookbook. You see a stove. But the thing is empty.

There is an open screen door leading south. There is a closed plain door leading west. You don't like doors? Why not try going east, that entranceway is not blocked by one.

There is a carrot and a yellow bell pepper on the floor.","You are carrying: a red onion, a white onion, a raw yellow potato, a red hot pepper and a raw purple potato.",3 of 17,0.17647058823529413,False,
32,,,I should examine the cookbook on the counter to find the recipe for a delicious meal.,examine cookbook,,"You open the copy of ""Cooking: A Modern Approach (3rd Ed.)"" and start reading:

Recipe #1
---------
Gather all following ingredients and follow the directions to prepare this tasty meal.

Ingredients:
red hot pepper
  block of cheese
  purple potato
  white onion
  red apple

Directions:
slice the red hot pepper
  fry the red hot pepper
  slice the block of cheese
  grill the block of cheese
  slice the purple potato
  roast the purple potato
  dice the white onion
  roast the white onion
  slice the red apple
  grill the red apple
  prepare meal",Kitchen,"I am required to announce that you are now in the kitchen.

You see a fridge. What a letdown! The fridge is empty! You can make out a closed oven here. You can see a table. The table is massive. On the table you can see a knife. You can make out a counter. The counter is vast. On the counter you make out a red apple and a cookbook. You see a stove. But the thing is empty.

There is an open screen door leading south. There is a closed plain door leading west. You don't like doors? Why not try going east, that entranceway is not blocked by one.

There is a carrot and a yellow bell pepper on the floor.","You are carrying: a red onion, a white onion, a raw yellow potato, a red hot pepper and a raw purple potato.",3 of 17,0.17647058823529413,False,
33,,,"I need to find the block of cheese to complete the recipe, so I should check the room to the east.",go east,,"You've entered a corridor.



You don't like doors? Why not try going east, that entranceway is not blocked by one. There is an exit to the south. There is an exit to the west. Don't worry, there is no door.",Corridor,"You've entered a corridor.



You don't like doors? Why not try going east, that entranceway is not blocked by one. There is an exit to the south. There is an exit to the west. Don't worry, there is no door.","You are carrying: a red onion, a white onion, a raw yellow potato, a red hot pepper and a raw purple potato.",3 of 17,0.17647058823529413,False,
34,,,I should go south from the corridor to check if the block of cheese is there.,go south,,"You are in a bathroom. An usual kind of place. You decide to start listing off everything you see in the room, as if you were in a text adventure.

If you haven't noticed it already, there seems to be something there by the wall, it's a toilet. But oh no! there's nothing on this piece of junk. It would have been so cool if there was stuff on the toilet! oh well.

You need an exit without a door? You should try going north.",Bathroom,"You are in a bathroom. An usual kind of place. You decide to start listing off everything you see in the room, as if you were in a text adventure.

If you haven't noticed it already, there seems to be something there by the wall, it's a toilet. But oh no! there's nothing on this piece of junk. It would have been so cool if there was stuff on the toilet! oh well.

You need an exit without a door? You should try going north.","You are carrying: a red onion, a white onion, a raw yellow potato, a red hot pepper and a raw purple potato.",3 of 17,0.17647058823529413,False,
35,,,"There is no block of cheese in the bathroom, so I should go back north to the corridor and then try going west to explore further.",go north,,"You've entered a corridor.



You don't like doors? Why not try going east, that entranceway is not blocked by one. There is an exit to the south. There is an exit to the west. Don't worry, there is no door.",Corridor,"You've entered a corridor.



You don't like doors? Why not try going east, that entranceway is not blocked by one. There is an exit to the south. There is an exit to the west. Don't worry, there is no door.","You are carrying: a red onion, a white onion, a raw yellow potato, a red hot pepper and a raw purple potato.",3 of 17,0.17647058823529413,False,
36,,,I should go west from the corridor to look for the block of cheese.,go west,,"I am required to announce that you are now in the kitchen.

You see a fridge. What a letdown! The fridge is empty! You can make out a closed oven here. You can see a table. The table is massive. On the table you can see a knife. You can make out a counter. The counter is vast. On the counter you make out a red apple and a cookbook. You see a stove. But the thing is empty.

There is an open screen door leading south. There is a closed plain door leading west. You don't like doors? Why not try going east, that entranceway is not blocked by one.

There is a carrot and a yellow bell pepper on the floor.",Kitchen,"I am required to announce that you are now in the kitchen.

You see a fridge. What a letdown! The fridge is empty! You can make out a closed oven here. You can see a table. The table is massive. On the table you can see a knife. You can make out a counter. The counter is vast. On the counter you make out a red apple and a cookbook. You see a stove. But the thing is empty.

There is an open screen door leading south. There is a closed plain door leading west. You don't like doors? Why not try going east, that entranceway is not blocked by one.

There is a carrot and a yellow bell pepper on the floor.","You are carrying: a red onion, a white onion, a raw yellow potato, a red hot pepper and a raw purple potato.",3 of 17,0.17647058823529413,False,
37,,,I should examine the cookbook on the counter to find a recipe for a delicious meal.,examine cookbook,,"You open the copy of ""Cooking: A Modern Approach (3rd Ed.)"" and start reading:

Recipe #1
---------
Gather all following ingredients and follow the directions to prepare this tasty meal.

Ingredients:
red hot pepper
  block of cheese
  purple potato
  white onion
  red apple

Directions:
slice the red hot pepper
  fry the red hot pepper
  slice the block of cheese
  grill the block of cheese
  slice the purple potato
  roast the purple potato
  dice the white onion
  roast the white onion
  slice the red apple
  grill the red apple
  prepare meal",Kitchen,"I am required to announce that you are now in the kitchen.

You see a fridge. What a letdown! The fridge is empty! You can make out a closed oven here. You can see a table. The table is massive. On the table you can see a knife. You can make out a counter. The counter is vast. On the counter you make out a red apple and a cookbook. You see a stove. But the thing is empty.

There is an open screen door leading south. There is a closed plain door leading west. You don't like doors? Why not try going east, that entranceway is not blocked by one.

There is a carrot and a yellow bell pepper on the floor.","You are carrying: a red onion, a white onion, a raw yellow potato, a red hot pepper and a raw purple potato.",3 of 17,0.17647058823529413,False,
38,,,"I need to find the block of cheese to complete the recipe, so I should check the fridge in the kitchen.",open fridge,,That's already open.,Kitchen,"I am required to announce that you are now in the kitchen.

You see a fridge. What a letdown! The fridge is empty! You can make out a closed oven here. You can see a table. The table is massive. On the table you can see a knife. You can make out a counter. The counter is vast. On the counter you make out a red apple and a cookbook. You see a stove. But the thing is empty.

There is an open screen door leading south. There is a closed plain door leading west. You don't like doors? Why not try going east, that entranceway is not blocked by one.

There is a carrot and a yellow bell pepper on the floor.","You are carrying: a red onion, a white onion, a raw yellow potato, a red hot pepper and a raw purple potato.",3 of 17,0.17647058823529413,False,
39,,,"Since the fridge is empty, I should check the table for the block of cheese.",examine table,,"The table is durable.

On the table is a knife.",Kitchen,"I am required to announce that you are now in the kitchen.

You see a fridge. What a letdown! The fridge is empty! You can make out a closed oven here. You can see a table. The table is massive. On the table you can see a knife. You can make out a counter. The counter is vast. On the counter you make out a red apple and a cookbook. You see a stove. But the thing is empty.

There is an open screen door leading south. There is a closed plain door leading west. You don't like doors? Why not try going east, that entranceway is not blocked by one.

There is a carrot and a yellow bell pepper on the floor.","You are carrying: a red onion, a white onion, a raw yellow potato, a red hot pepper and a raw purple potato.",3 of 17,0.17647058823529413,False,
40,,,"The block of cheese is not on the table, so I should check the counter for it.",examine counter,,"The counter is reliable.

On the counter are a red apple and a cookbook.",Kitchen,"I am required to announce that you are now in the kitchen.

You see a fridge. What a letdown! The fridge is empty! You can make out a closed oven here. You can see a table. The table is massive. On the table you can see a knife. You can make out a counter. The counter is vast. On the counter you make out a red apple and a cookbook. You see a stove. But the thing is empty.

There is an open screen door leading south. There is a closed plain door leading west. You don't like doors? Why not try going east, that entranceway is not blocked by one.

There is a carrot and a yellow bell pepper on the floor.","You are carrying: a red onion, a white onion, a raw yellow potato, a red hot pepper and a raw purple potato.",3 of 17,0.17647058823529413,False,
41,,,"The block of cheese is not visible in the kitchen, so I should check the floor for it.",examine floor,,You can't see any such thing.,Kitchen,"I am required to announce that you are now in the kitchen.

You see a fridge. What a letdown! The fridge is empty! You can make out a closed oven here. You can see a table. The table is massive. On the table you can see a knife. You can make out a counter. The counter is vast. On the counter you make out a red apple and a cookbook. You see a stove. But the thing is empty.

There is an open screen door leading south. There is a closed plain door leading west. You don't like doors? Why not try going east, that entranceway is not blocked by one.

There is a carrot and a yellow bell pepper on the floor.","You are carrying: a red onion, a white onion, a raw yellow potato, a red hot pepper and a raw purple potato.",3 of 17,0.17647058823529413,False,
42,,,I should examine the cookbook on the counter to find a recipe for a delicious meal.,examine cookbook,,"You open the copy of ""Cooking: A Modern Approach (3rd Ed.)"" and start reading:

Recipe #1
---------
Gather all following ingredients and follow the directions to prepare this tasty meal.

Ingredients:
red hot pepper
  block of cheese
  purple potato
  white onion
  red apple

Directions:
slice the red hot pepper
  fry the red hot pepper
  slice the block of cheese
  grill the block of cheese
  slice the purple potato
  roast the purple potato
  dice the white onion
  roast the white onion
  slice the red apple
  grill the red apple
  prepare meal",Kitchen,"I am required to announce that you are now in the kitchen.

You see a fridge. What a letdown! The fridge is empty! You can make out a closed oven here. You can see a table. The table is massive. On the table you can see a knife. You can make out a counter. The counter is vast. On the counter you make out a red apple and a cookbook. You see a stove. But the thing is empty.

There is an open screen door leading south. There is a closed plain door leading west. You don't like doors? Why not try going east, that entranceway is not blocked by one.

There is a carrot and a yellow bell pepper on the floor.","You are carrying: a red onion, a white onion, a raw yellow potato, a red hot pepper and a raw purple potato.",3 of 17,0.17647058823529413,False,
43,,,"I need to find the block of cheese to complete the recipe, so I should search the kitchen thoroughly for it.",look,,"I am required to announce that you are now in the kitchen.

You see a fridge. What a letdown! The fridge is empty! You can make out a closed oven here. You can see a table. The table is massive. On the table you can see a knife. You can make out a counter. The counter is vast. On the counter you make out a red apple and a cookbook. You see a stove. But the thing is empty.

There is an open screen door leading south. There is a closed plain door leading west. You don't like doors? Why not try going east, that entranceway is not blocked by one.

There is a carrot and a yellow bell pepper on the floor.",Kitchen,"I am required to announce that you are now in the kitchen.

You see a fridge. What a letdown! The fridge is empty! You can make out a closed oven here. You can see a table. The table is massive. On the table you can see a knife. You can make out a counter. The counter is vast. On the counter you make out a red apple and a cookbook. You see a stove. But the thing is empty.

There is an open screen door leading south. There is a closed plain door leading west. You don't like doors? Why not try going east, that entranceway is not blocked by one.

There is a carrot and a yellow bell pepper on the floor.","You are carrying: a red onion, a white onion, a raw yellow potato, a red hot pepper and a raw purple potato.",3 of 17,0.17647058823529413,False,
44,,,"Since the block of cheese is not visible in the kitchen, I should check if it is in my inventory or try to find it elsewhere.",inventory,,"You are carrying: a red onion, a white onion, a raw yellow potato, a red hot pepper and a raw purple potato.",Kitchen,"I am required to announce that you are now in the kitchen.

You see a fridge. What a letdown! The fridge is empty! You can make out a closed oven here. You can see a table. The table is massive. On the table you can see a knife. You can make out a counter. The counter is vast. On the counter you make out a red apple and a cookbook. You see a stove. But the thing is empty.

There is an open screen door leading south. There is a closed plain door leading west. You don't like doors? Why not try going east, that entranceway is not blocked by one.

There is a carrot and a yellow bell pepper on the floor.","You are carrying: a red onion, a white onion, a raw yellow potato, a red hot pepper and a raw purple potato.",3 of 17,0.17647058823529413,False,
45,,,"I do not have the block of cheese in my inventory, so I should explore the room to the east to see if I can find it there.",go east,,"You've entered a corridor.



You don't like doors? Why not try going east, that entranceway is not blocked by one. There is an exit to the south. There is an exit to the west. Don't worry, there is no door.",Corridor,"You've entered a corridor.



You don't like doors? Why not try going east, that entranceway is not blocked by one. There is an exit to the south. There is an exit to the west. Don't worry, there is no door.","You are carrying: a red onion, a white onion, a raw yellow potato, a red hot pepper and a raw purple potato.",3 of 17,0.17647058823529413,False,
46,,,I should check the corridor for any items or clues that might help me find the block of cheese.,look,,"You've entered a corridor.



You don't like doors? Why not try going east, that entranceway is not blocked by one. There is an exit to the south. There is an exit to the west. Don't worry, there is no door.",Corridor,"You've entered a corridor.



You don't like doors? Why not try going east, that entranceway is not blocked by one. There is an exit to the south. There is an exit to the west. Don't worry, there is no door.","You are carrying: a red onion, a white onion, a raw yellow potato, a red hot pepper and a raw purple potato.",3 of 17,0.17647058823529413,False,
47,,,"Since the corridor has exits to the south and west, I should explore these directions to find the block of cheese or other useful items.",go south,,"You are in a bathroom. An usual kind of place. You decide to start listing off everything you see in the room, as if you were in a text adventure.

If you haven't noticed it already, there seems to be something there by the wall, it's a toilet. But oh no! there's nothing on this piece of junk. It would have been so cool if there was stuff on the toilet! oh well.

You need an exit without a door? You should try going north.",Bathroom,"You are in a bathroom. An usual kind of place. You decide to start listing off everything you see in the room, as if you were in a text adventure.

If you haven't noticed it already, there seems to be something there by the wall, it's a toilet. But oh no! there's nothing on this piece of junk. It would have been so cool if there was stuff on the toilet! oh well.

You need an exit without a door? You should try going north.","You are carrying: a red onion, a white onion, a raw yellow potato, a red hot pepper and a raw purple potato.",3 of 17,0.17647058823529413,False,
48,,,"The bathroom does not have anything useful for cooking, so I should go back north to the corridor and then try going west to explore further.",go north,,"You've entered a corridor.



You don't like doors? Why not try going east, that entranceway is not blocked by one. There is an exit to the south. There is an exit to the west. Don't worry, there is no door.",Corridor,"You've entered a corridor.



You don't like doors? Why not try going east, that entranceway is not blocked by one. There is an exit to the south. There is an exit to the west. Don't worry, there is no door.","You are carrying: a red onion, a white onion, a raw yellow potato, a red hot pepper and a raw purple potato.",3 of 17,0.17647058823529413,False,
49,,,I should go west from the corridor to explore another area that might have the block of cheese or other cooking ingredients.,go west,,"I am required to announce that you are now in the kitchen.

You see a fridge. What a letdown! The fridge is empty! You can make out a closed oven here. You can see a table. The table is massive. On the table you can see a knife. You can make out a counter. The counter is vast. On the counter you make out a red apple and a cookbook. You see a stove. But the thing is empty.

There is an open screen door leading south. There is a closed plain door leading west. You don't like doors? Why not try going east, that entranceway is not blocked by one.

There is a carrot and a yellow bell pepper on the floor.",Kitchen,"I am required to announce that you are now in the kitchen.

You see a fridge. What a letdown! The fridge is empty! You can make out a closed oven here. You can see a table. The table is massive. On the table you can see a knife. You can make out a counter. The counter is vast. On the counter you make out a red apple and a cookbook. You see a stove. But the thing is empty.

There is an open screen door leading south. There is a closed plain door leading west. You don't like doors? Why not try going east, that entranceway is not blocked by one.

There is a carrot and a yellow bell pepper on the floor.","You are carrying: a red onion, a white onion, a raw yellow potato, a red hot pepper and a raw purple potato.",3 of 17,0.17647058823529413,False,
50,,,I should examine the cookbook on the counter to find a recipe for a delicious meal.,examine cookbook,,"You open the copy of ""Cooking: A Modern Approach (3rd Ed.)"" and start reading:

Recipe #1
---------
Gather all following ingredients and follow the directions to prepare this tasty meal.

Ingredients:
red hot pepper
  block of cheese
  purple potato
  white onion
  red apple

Directions:
slice the red hot pepper
  fry the red hot pepper
  slice the block of cheese
  grill the block of cheese
  slice the purple potato
  roast the purple potato
  dice the white onion
  roast the white onion
  slice the red apple
  grill the red apple
  prepare meal",Kitchen,"I am required to announce that you are now in the kitchen.

You see a fridge. What a letdown! The fridge is empty! You can make out a closed oven here. You can see a table. The table is massive. On the table you can see a knife. You can make out a counter. The counter is vast. On the counter you make out a red apple and a cookbook. You see a stove. But the thing is empty.

There is an open screen door leading south. There is a closed plain door leading west. You don't like doors? Why not try going east, that entranceway is not blocked by one.

There is a carrot and a yellow bell pepper on the floor.","You are carrying: a red onion, a white onion, a raw yellow potato, a red hot pepper and a raw purple potato.",3 of 17,0.17647058823529413,False,
51,,,"I need to find the block of cheese to complete the recipe, so I should search the kitchen for it.",look,,"I am required to announce that you are now in the kitchen.

You see a fridge. What a letdown! The fridge is empty! You can make out a closed oven here. You can see a table. The table is massive. On the table you can see a knife. You can make out a counter. The counter is vast. On the counter you make out a red apple and a cookbook. You see a stove. But the thing is empty.

There is an open screen door leading south. There is a closed plain door leading west. You don't like doors? Why not try going east, that entranceway is not blocked by one.

There is a carrot and a yellow bell pepper on the floor.",Kitchen,"I am required to announce that you are now in the kitchen.

You see a fridge. What a letdown! The fridge is empty! You can make out a closed oven here. You can see a table. The table is massive. On the table you can see a knife. You can make out a counter. The counter is vast. On the counter you make out a red apple and a cookbook. You see a stove. But the thing is empty.

There is an open screen door leading south. There is a closed plain door leading west. You don't like doors? Why not try going east, that entranceway is not blocked by one.

There is a carrot and a yellow bell pepper on the floor.","You are carrying: a red onion, a white onion, a raw yellow potato, a red hot pepper and a raw purple potato.",3 of 17,0.17647058823529413,False,
52,,,"Since the block of cheese is not visible in the kitchen, I should check the fridge to see if it is inside.",open fridge,,That's already open.,Kitchen,"I am required to announce that you are now in the kitchen.

You see a fridge. What a letdown! The fridge is empty! You can make out a closed oven here. You can see a table. The table is massive. On the table you can see a knife. You can make out a counter. The counter is vast. On the counter you make out a red apple and a cookbook. You see a stove. But the thing is empty.

There is an open screen door leading south. There is a closed plain door leading west. You don't like doors? Why not try going east, that entranceway is not blocked by one.

There is a carrot and a yellow bell pepper on the floor.","You are carrying: a red onion, a white onion, a raw yellow potato, a red hot pepper and a raw purple potato.",3 of 17,0.17647058823529413,False,
53,,,"Since the fridge is empty, I should take the red apple from the counter and check if there is a block of cheese on the table or counter.",take red apple from counter,,You're carrying too many things already.,Kitchen,"I am required to announce that you are now in the kitchen.

You see a fridge. What a letdown! The fridge is empty! You can make out a closed oven here. You can see a table. The table is massive. On the table you can see a knife. You can make out a counter. The counter is vast. On the counter you make out a red apple and a cookbook. You see a stove. But the thing is empty.

There is an open screen door leading south. There is a closed plain door leading west. You don't like doors? Why not try going east, that entranceway is not blocked by one.

There is a carrot and a yellow bell pepper on the floor.","You are carrying: a red onion, a white onion, a raw yellow potato, a red hot pepper and a raw purple potato.",3 of 17,0.17647058823529413,False,
54,,,"I am carrying too many items, so I should drop one item to free up space before taking the red apple.",drop raw yellow potato,,You drop the yellow potato on the ground.,Kitchen,"I am required to announce that you are now in the kitchen.

You see a fridge. What a letdown! The fridge is empty! You can make out a closed oven here. You can see a table. The table is massive. On the table you can see a knife. You can make out a counter. The counter is vast. On the counter you make out a red apple and a cookbook. You see a stove. But the thing is empty.

There is an open screen door leading south. There is a closed plain door leading west. You don't like doors? Why not try going east, that entranceway is not blocked by one.

There is a raw yellow potato, a carrot and a yellow bell pepper on the floor.","You are carrying: a red onion, a white onion, a red hot pepper and a raw purple potato.",3 of 17,0.17647058823529413,False,
55,,,"Now that I have space, I should take the red apple from the counter.",take red apple from counter,,"You take the red apple from the counter.



Your score has just gone up by one point.",Kitchen,"I am required to announce that you are now in the kitchen.

You see a fridge. What a letdown! The fridge is empty! You can make out a closed oven here. You can see a table. The table is massive. On the table you can see a knife. You can make out a counter. The counter is vast. On the counter you make out a cookbook. You see a stove. But the thing is empty.

There is an open screen door leading south. There is a closed plain door leading west. You don't like doors? Why not try going east, that entranceway is not blocked by one.

There is a raw yellow potato, a carrot and a yellow bell pepper on the floor.","You are carrying: a red apple, a red onion, a white onion, a red hot pepper and a raw purple potato.",4 of 17,0.23529411764705882,False,
56,,,I should examine the cookbook on the counter to find a recipe for a delicious meal.,examine cookbook,,"You open the copy of ""Cooking: A Modern Approach (3rd Ed.)"" and start reading:

Recipe #1
---------
Gather all following ingredients and follow the directions to prepare this tasty meal.

Ingredients:
red hot pepper
  block of cheese
  purple potato
  white onion
  red apple

Directions:
slice the red hot pepper
  fry the red hot pepper
  slice the block of cheese
  grill the block of cheese
  slice the purple potato
  roast the purple potato
  dice the white onion
  roast the white onion
  slice the red apple
  grill the red apple
  prepare meal",Kitchen,"I am required to announce that you are now in the kitchen.

You see a fridge. What a letdown! The fridge is empty! You can make out a closed oven here. You can see a table. The table is massive. On the table you can see a knife. You can make out a counter. The counter is vast. On the counter you make out a cookbook. You see a stove. But the thing is empty.

There is an open screen door leading south. There is a closed plain door leading west. You don't like doors? Why not try going east, that entranceway is not blocked by one.

There is a raw yellow potato, a carrot and a yellow bell pepper on the floor.","You are carrying: a red apple, a red onion, a white onion, a red hot pepper and a raw purple potato.",4 of 17,0.23529411764705882,False,
57,,,"I need a block of cheese to complete the recipe, so I should look around the kitchen or nearby areas to find it.",look,,"I am required to announce that you are now in the kitchen.

You see a fridge. What a letdown! The fridge is empty! You can make out a closed oven here. You can see a table. The table is massive. On the table you can see a knife. You can make out a counter. The counter is vast. On the counter you make out a cookbook. You see a stove. But the thing is empty.

There is an open screen door leading south. There is a closed plain door leading west. You don't like doors? Why not try going east, that entranceway is not blocked by one.

There is a raw yellow potato, a carrot and a yellow bell pepper on the floor.",Kitchen,"I am required to announce that you are now in the kitchen.

You see a fridge. What a letdown! The fridge is empty! You can make out a closed oven here. You can see a table. The table is massive. On the table you can see a knife. You can make out a counter. The counter is vast. On the counter you make out a cookbook. You see a stove. But the thing is empty.

There is an open screen door leading south. There is a closed plain door leading west. You don't like doors? Why not try going east, that entranceway is not blocked by one.

There is a raw yellow potato, a carrot and a yellow bell pepper on the floor.","You are carrying: a red apple, a red onion, a white onion, a red hot pepper and a raw purple potato.",4 of 17,0.23529411764705882,False,
58,,,"Since the block of cheese is not in the kitchen, I should go east to explore the next area for the block of cheese.",go east,,"You've entered a corridor.



You don't like doors? Why not try going east, that entranceway is not blocked by one. There is an exit to the south. There is an exit to the west. Don't worry, there is no door.",Corridor,"You've entered a corridor.



You don't like doors? Why not try going east, that entranceway is not blocked by one. There is an exit to the south. There is an exit to the west. Don't worry, there is no door.","You are carrying: a red apple, a red onion, a white onion, a red hot pepper and a raw purple potato.",4 of 17,0.23529411764705882,False,
59,,,I should go west to check if the block of cheese is in that direction.,go west,,"I am required to announce that you are now in the kitchen.

You see a fridge. What a letdown! The fridge is empty! You can make out a closed oven here. You can see a table. The table is massive. On the table you can see a knife. You can make out a counter. The counter is vast. On the counter you make out a cookbook. You see a stove. But the thing is empty.

There is an open screen door leading south. There is a closed plain door leading west. You don't like doors? Why not try going east, that entranceway is not blocked by one.

There is a raw yellow potato, a carrot and a yellow bell pepper on the floor.",Kitchen,"I am required to announce that you are now in the kitchen.

You see a fridge. What a letdown! The fridge is empty! You can make out a closed oven here. You can see a table. The table is massive. On the table you can see a knife. You can make out a counter. The counter is vast. On the counter you make out a cookbook. You see a stove. But the thing is empty.

There is an open screen door leading south. There is a closed plain door leading west. You don't like doors? Why not try going east, that entranceway is not blocked by one.

There is a raw yellow potato, a carrot and a yellow bell pepper on the floor.","You are carrying: a red apple, a red onion, a white onion, a red hot pepper and a raw purple potato.",4 of 17,0.23529411764705882,False,
60,,,"Since the block of cheese is not visible in the kitchen or corridor, I should check the table for the knife and then explore the open screen door leading south to look for the block of cheese.",take knife from table,,You're carrying too many things already.,Kitchen,"I am required to announce that you are now in the kitchen.

You see a fridge. What a letdown! The fridge is empty! You can make out a closed oven here. You can see a table. The table is massive. On the table you can see a knife. You can make out a counter. The counter is vast. On the counter you make out a cookbook. You see a stove. But the thing is empty.

There is an open screen door leading south. There is a closed plain door leading west. You don't like doors? Why not try going east, that entranceway is not blocked by one.

There is a raw yellow potato, a carrot and a yellow bell pepper on the floor.","You are carrying: a red apple, a red onion, a white onion, a red hot pepper and a raw purple potato.",4 of 17,0.23529411764705882,False,
61,,,"I am carrying too many items, so I should drop one item to free up space before taking the knife.",drop red hot pepper,,You drop the red hot pepper on the ground.,Kitchen,"I am required to announce that you are now in the kitchen.

You see a fridge. What a letdown! The fridge is empty! You can make out a closed oven here. You can see a table. The table is massive. On the table you can see a knife. You can make out a counter. The counter is vast. On the counter you make out a cookbook. You see a stove. But the thing is empty.

There is an open screen door leading south. There is a closed plain door leading west. You don't like doors? Why not try going east, that entranceway is not blocked by one.

There is a red hot pepper, a raw yellow potato, a carrot and a yellow bell pepper on the floor.","You are carrying: a red apple, a red onion, a white onion and a raw purple potato.",4 of 17,0.23529411764705882,False,
62,,,"Now that I have space, I should take the knife from the table to prepare the meal.",take knife from table,,You take the knife from the table.,Kitchen,"I am required to announce that you are now in the kitchen.

You see a fridge. What a letdown! The fridge is empty! You can make out a closed oven here. You can see a table. The table is massive. Unfortunately, there isn't a thing on it. You can make out a counter. The counter is vast. On the counter you make out a cookbook. You see a stove. But the thing is empty.

There is an open screen door leading south. There is a closed plain door leading west. You don't like doors? Why not try going east, that entranceway is not blocked by one.

There is a red hot pepper, a raw yellow potato, a carrot and a yellow bell pepper on the floor.","You are carrying: a knife, a red apple, a red onion, a white onion and a raw purple potato.",4 of 17,0.23529411764705882,False,
63,,,I should examine the cookbook on the counter to find a recipe for a delicious meal.,examine cookbook,,"You open the copy of ""Cooking: A Modern Approach (3rd Ed.)"" and start reading:

Recipe #1
---------
Gather all following ingredients and follow the directions to prepare this tasty meal.

Ingredients:
red hot pepper
  block of cheese
  purple potato
  white onion
  red apple

Directions:
slice the red hot pepper
  fry the red hot pepper
  slice the block of cheese
  grill the block of cheese
  slice the purple potato
  roast the purple potato
  dice the white onion
  roast the white onion
  slice the red apple
  grill the red apple
  prepare meal",Kitchen,"I am required to announce that you are now in the kitchen.

You see a fridge. What a letdown! The fridge is empty! You can make out a closed oven here. You can see a table. The table is massive. Unfortunately, there isn't a thing on it. You can make out a counter. The counter is vast. On the counter you make out a cookbook. You see a stove. But the thing is empty.

There is an open screen door leading south. There is a closed plain door leading west. You don't like doors? Why not try going east, that entranceway is not blocked by one.

There is a red hot pepper, a raw yellow potato, a carrot and a yellow bell pepper on the floor.","You are carrying: a knife, a red apple, a red onion, a white onion and a raw purple potato.",4 of 17,0.23529411764705882,False,
64,,,"I need a block of cheese to complete the recipe, so I should take the red hot pepper from the floor and then look for the block of cheese.",take red hot pepper from floor,,You're carrying too many things already.,Kitchen,"I am required to announce that you are now in the kitchen.

You see a fridge. What a letdown! The fridge is empty! You can make out a closed oven here. You can see a table. The table is massive. Unfortunately, there isn't a thing on it. You can make out a counter. The counter is vast. On the counter you make out a cookbook. You see a stove. But the thing is empty.

There is an open screen door leading south. There is a closed plain door leading west. You don't like doors? Why not try going east, that entranceway is not blocked by one.

There is a red hot pepper, a raw yellow potato, a carrot and a yellow bell pepper on the floor.","You are carrying: a knife, a red apple, a red onion, a white onion and a raw purple potato.",4 of 17,0.23529411764705882,False,
65,,,"I am carrying too many items, so I should drop one item to make space for the red hot pepper.",drop red apple,,You drop the red apple on the ground.,Kitchen,"I am required to announce that you are now in the kitchen.

You see a fridge. What a letdown! The fridge is empty! You can make out a closed oven here. You can see a table. The table is massive. Unfortunately, there isn't a thing on it. You can make out a counter. The counter is vast. On the counter you make out a cookbook. You see a stove. But the thing is empty.

There is an open screen door leading south. There is a closed plain door leading west. You don't like doors? Why not try going east, that entranceway is not blocked by one.

There is a red apple, a red hot pepper, a raw yellow potato, a carrot and a yellow bell pepper on the floor.","You are carrying: a knife, a red onion, a white onion and a raw purple potato.",4 of 17,0.23529411764705882,False,
66,,,"Now that I have space, I should take the red hot pepper from the floor.",take red hot pepper from floor,,You pick up the red hot pepper from the ground.,Kitchen,"I am required to announce that you are now in the kitchen.

You see a fridge. What a letdown! The fridge is empty! You can make out a closed oven here. You can see a table. The table is massive. Unfortunately, there isn't a thing on it. You can make out a counter. The counter is vast. On the counter you make out a cookbook. You see a stove. But the thing is empty.

There is an open screen door leading south. There is a closed plain door leading west. You don't like doors? Why not try going east, that entranceway is not blocked by one.

There is a red apple, a raw yellow potato, a carrot and a yellow bell pepper on the floor.","You are carrying: a red hot pepper, a knife, a red onion, a white onion and a raw purple potato.",4 of 17,0.23529411764705882,False,
67,,,"I need to find the block of cheese required for the recipe, so I should go east to explore and look for it.",go east,,"You've entered a corridor.



You don't like doors? Why not try going east, that entranceway is not blocked by one. There is an exit to the south. There is an exit to the west. Don't worry, there is no door.",Corridor,"You've entered a corridor.



You don't like doors? Why not try going east, that entranceway is not blocked by one. There is an exit to the south. There is an exit to the west. Don't worry, there is no door.","You are carrying: a red hot pepper, a knife, a red onion, a white onion and a raw purple potato.",4 of 17,0.23529411764705882,False,
68,,,I should go south from the corridor to explore and look for the block of cheese or other ingredients.,go south,,"You are in a bathroom. An usual kind of place. You decide to start listing off everything you see in the room, as if you were in a text adventure.

If you haven't noticed it already, there seems to be something there by the wall, it's a toilet. But oh no! there's nothing on this piece of junk. It would have been so cool if there was stuff on the toilet! oh well.

You need an exit without a door? You should try going north.",Bathroom,"You are in a bathroom. An usual kind of place. You decide to start listing off everything you see in the room, as if you were in a text adventure.

If you haven't noticed it already, there seems to be something there by the wall, it's a toilet. But oh no! there's nothing on this piece of junk. It would have been so cool if there was stuff on the toilet! oh well.

You need an exit without a door? You should try going north.","You are carrying: a red hot pepper, a knife, a red onion, a white onion and a raw purple potato.",4 of 17,0.23529411764705882,False,
69,,,"The bathroom doesn't have any useful items, so I should go back north to the corridor and explore other directions.",go north,,"You've entered a corridor.



You don't like doors? Why not try going east, that entranceway is not blocked by one. There is an exit to the south. There is an exit to the west. Don't worry, there is no door.",Corridor,"You've entered a corridor.



You don't like doors? Why not try going east, that entranceway is not blocked by one. There is an exit to the south. There is an exit to the west. Don't worry, there is no door.","You are carrying: a red hot pepper, a knife, a red onion, a white onion and a raw purple potato.",4 of 17,0.23529411764705882,False,
70,,,I should go west from the corridor to explore and look for the block of cheese or other ingredients.,go west,,"I am required to announce that you are now in the kitchen.

You see a fridge. What a letdown! The fridge is empty! You can make out a closed oven here. You can see a table. The table is massive. Unfortunately, there isn't a thing on it. You can make out a counter. The counter is vast. On the counter you make out a cookbook. You see a stove. But the thing is empty.

There is an open screen door leading south. There is a closed plain door leading west. You don't like doors? Why not try going east, that entranceway is not blocked by one.

There is a red apple, a raw yellow potato, a carrot and a yellow bell pepper on the floor.",Kitchen,"I am required to announce that you are now in the kitchen.

You see a fridge. What a letdown! The fridge is empty! You can make out a closed oven here. You can see a table. The table is massive. Unfortunately, there isn't a thing on it. You can make out a counter. The counter is vast. On the counter you make out a cookbook. You see a stove. But the thing is empty.

There is an open screen door leading south. There is a closed plain door leading west. You don't like doors? Why not try going east, that entranceway is not blocked by one.

There is a red apple, a raw yellow potato, a carrot and a yellow bell pepper on the floor.","You are carrying: a red hot pepper, a knife, a red onion, a white onion and a raw purple potato.",4 of 17,0.23529411764705882,False,
71,,,I should examine the cookbook on the counter to check the recipe for cooking a delicious meal.,examine cookbook,,"You open the copy of ""Cooking: A Modern Approach (3rd Ed.)"" and start reading:

Recipe #1
---------
Gather all following ingredients and follow the directions to prepare this tasty meal.

Ingredients:
red hot pepper
  block of cheese
  purple potato
  white onion
  red apple

Directions:
slice the red hot pepper
  fry the red hot pepper
  slice the block of cheese
  grill the block of cheese
  slice the purple potato
  roast the purple potato
  dice the white onion
  roast the white onion
  slice the red apple
  grill the red apple
  prepare meal",Kitchen,"I am required to announce that you are now in the kitchen.

You see a fridge. What a letdown! The fridge is empty! You can make out a closed oven here. You can see a table. The table is massive. Unfortunately, there isn't a thing on it. You can make out a counter. The counter is vast. On the counter you make out a cookbook. You see a stove. But the thing is empty.

There is an open screen door leading south. There is a closed plain door leading west. You don't like doors? Why not try going east, that entranceway is not blocked by one.

There is a red apple, a raw yellow potato, a carrot and a yellow bell pepper on the floor.","You are carrying: a red hot pepper, a knife, a red onion, a white onion and a raw purple potato.",4 of 17,0.23529411764705882,False,
72,,,"I need to find the block of cheese to complete the recipe, so I should search the kitchen for it.",look,,"I am required to announce that you are now in the kitchen.

You see a fridge. What a letdown! The fridge is empty! You can make out a closed oven here. You can see a table. The table is massive. Unfortunately, there isn't a thing on it. You can make out a counter. The counter is vast. On the counter you make out a cookbook. You see a stove. But the thing is empty.

There is an open screen door leading south. There is a closed plain door leading west. You don't like doors? Why not try going east, that entranceway is not blocked by one.

There is a red apple, a raw yellow potato, a carrot and a yellow bell pepper on the floor.",Kitchen,"I am required to announce that you are now in the kitchen.

You see a fridge. What a letdown! The fridge is empty! You can make out a closed oven here. You can see a table. The table is massive. Unfortunately, there isn't a thing on it. You can make out a counter. The counter is vast. On the counter you make out a cookbook. You see a stove. But the thing is empty.

There is an open screen door leading south. There is a closed plain door leading west. You don't like doors? Why not try going east, that entranceway is not blocked by one.

There is a red apple, a raw yellow potato, a carrot and a yellow bell pepper on the floor.","You are carrying: a red hot pepper, a knife, a red onion, a white onion and a raw purple potato.",4 of 17,0.23529411764705882,False,
73,,,"Since the block of cheese is not visible in the kitchen, I should check the fridge to see if it is inside.",open fridge,,That's already open.,Kitchen,"I am required to announce that you are now in the kitchen.

You see a fridge. What a letdown! The fridge is empty! You can make out a closed oven here. You can see a table. The table is massive. Unfortunately, there isn't a thing on it. You can make out a counter. The counter is vast. On the counter you make out a cookbook. You see a stove. But the thing is empty.

There is an open screen door leading south. There is a closed plain door leading west. You don't like doors? Why not try going east, that entranceway is not blocked by one.

There is a red apple, a raw yellow potato, a carrot and a yellow bell pepper on the floor.","You are carrying: a red hot pepper, a knife, a red onion, a white onion and a raw purple potato.",4 of 17,0.23529411764705882,False,
74,,,"Since the fridge is empty and the block of cheese is not in the kitchen, I should go east to explore the next area for the block of cheese.",go east,,"You've entered a corridor.



You don't like doors? Why not try going east, that entranceway is not blocked by one. There is an exit to the south. There is an exit to the west. Don't worry, there is no door.",Corridor,"You've entered a corridor.



You don't like doors? Why not try going east, that entranceway is not blocked by one. There is an exit to the south. There is an exit to the west. Don't worry, there is no door.","You are carrying: a red hot pepper, a knife, a red onion, a white onion and a raw purple potato.",4 of 17,0.23529411764705882,False,
75,,,I should explore the corridor by going west to see if the block of cheese is there.,go west,,"I am required to announce that you are now in the kitchen.

You see a fridge. What a letdown! The fridge is empty! You can make out a closed oven here. You can see a table. The table is massive. Unfortunately, there isn't a thing on it. You can make out a counter. The counter is vast. On the counter you make out a cookbook. You see a stove. But the thing is empty.

There is an open screen door leading south. There is a closed plain door leading west. You don't like doors? Why not try going east, that entranceway is not blocked by one.

There is a red apple, a raw yellow potato, a carrot and a yellow bell pepper on the floor.",Kitchen,"I am required to announce that you are now in the kitchen.

You see a fridge. What a letdown! The fridge is empty! You can make out a closed oven here. You can see a table. The table is massive. Unfortunately, there isn't a thing on it. You can make out a counter. The counter is vast. On the counter you make out a cookbook. You see a stove. But the thing is empty.

There is an open screen door leading south. There is a closed plain door leading west. You don't like doors? Why not try going east, that entranceway is not blocked by one.

There is a red apple, a raw yellow potato, a carrot and a yellow bell pepper on the floor.","You are carrying: a red hot pepper, a knife, a red onion, a white onion and a raw purple potato.",4 of 17,0.23529411764705882,False,
76,,,I should take the cookbook from the counter to check the recipe for the meal.,take cookbook from counter,,You're carrying too many things already.,Kitchen,"I am required to announce that you are now in the kitchen.

You see a fridge. What a letdown! The fridge is empty! You can make out a closed oven here. You can see a table. The table is massive. Unfortunately, there isn't a thing on it. You can make out a counter. The counter is vast. On the counter you make out a cookbook. You see a stove. But the thing is empty.

There is an open screen door leading south. There is a closed plain door leading west. You don't like doors? Why not try going east, that entranceway is not blocked by one.

There is a red apple, a raw yellow potato, a carrot and a yellow bell pepper on the floor.","You are carrying: a red hot pepper, a knife, a red onion, a white onion and a raw purple potato.",4 of 17,0.23529411764705882,False,
77,,,"I am carrying too many items, so I should drop one item to free up space to take the cookbook.",drop red hot pepper,,You drop the red hot pepper on the ground.,Kitchen,"I am required to announce that you are now in the kitchen.

You see a fridge. What a letdown! The fridge is empty! You can make out a closed oven here. You can see a table. The table is massive. Unfortunately, there isn't a thing on it. You can make out a counter. The counter is vast. On the counter you make out a cookbook. You see a stove. But the thing is empty.

There is an open screen door leading south. There is a closed plain door leading west. You don't like doors? Why not try going east, that entranceway is not blocked by one.

There is a red hot pepper, a red apple, a raw yellow potato, a carrot and a yellow bell pepper on the floor.","You are carrying: a knife, a red onion, a white onion and a raw purple potato.",4 of 17,0.23529411764705882,False,
78,,,"Now that I have space, I should take the cookbook from the counter to check the recipe.",take cookbook from counter,,You take the cookbook from the counter.,Kitchen,"I am required to announce that you are now in the kitchen.

You see a fridge. What a letdown! The fridge is empty! You can make out a closed oven here. You can see a table. The table is massive. Unfortunately, there isn't a thing on it. You can make out a counter. The counter is vast. But there isn't a thing on it. You see a stove. But the thing is empty.

There is an open screen door leading south. There is a closed plain door leading west. You don't like doors? Why not try going east, that entranceway is not blocked by one.

There is a red hot pepper, a red apple, a raw yellow potato, a carrot and a yellow bell pepper on the floor.","You are carrying: a cookbook, a knife, a red onion, a white onion and a raw purple potato.",4 of 17,0.23529411764705882,False,
79,,,I should examine the cookbook to find the recipe for a delicious meal.,examine cookbook,,"You open the copy of ""Cooking: A Modern Approach (3rd Ed.)"" and start reading:

Recipe #1
---------
Gather all following ingredients and follow the directions to prepare this tasty meal.

Ingredients:
red hot pepper
  block of cheese
  purple potato
  white onion
  red apple

Directions:
slice the red hot pepper
  fry the red hot pepper
  slice the block of cheese
  grill the block of cheese
  slice the purple potato
  roast the purple potato
  dice the white onion
  roast the white onion
  slice the red apple
  grill the red apple
  prepare meal",Kitchen,"I am required to announce that you are now in the kitchen.

You see a fridge. What a letdown! The fridge is empty! You can make out a closed oven here. You can see a table. The table is massive. Unfortunately, there isn't a thing on it. You can make out a counter. The counter is vast. But there isn't a thing on it. You see a stove. But the thing is empty.

There is an open screen door leading south. There is a closed plain door leading west. You don't like doors? Why not try going east, that entranceway is not blocked by one.

There is a red hot pepper, a red apple, a raw yellow potato, a carrot and a yellow bell pepper on the floor.","You are carrying: a cookbook, a knife, a red onion, a white onion and a raw purple potato.",4 of 17,0.23529411764705882,False,
80,,,"I need to find a block of cheese to complete the recipe, so I should go east to look for it.",go east,,"You've entered a corridor.



You don't like doors? Why not try going east, that entranceway is not blocked by one. There is an exit to the south. There is an exit to the west. Don't worry, there is no door.",Corridor,"You've entered a corridor.



You don't like doors? Why not try going east, that entranceway is not blocked by one. There is an exit to the south. There is an exit to the west. Don't worry, there is no door.","You are carrying: a cookbook, a knife, a red onion, a white onion and a raw purple potato.",4 of 17,0.23529411764705882,False,
81,,,I should go west to check if the block of cheese is in the room west of the corridor.,go west,,"I am required to announce that you are now in the kitchen.

You see a fridge. What a letdown! The fridge is empty! You can make out a closed oven here. You can see a table. The table is massive. Unfortunately, there isn't a thing on it. You can make out a counter. The counter is vast. But there isn't a thing on it. You see a stove. But the thing is empty.

There is an open screen door leading south. There is a closed plain door leading west. You don't like doors? Why not try going east, that entranceway is not blocked by one.

There is a red hot pepper, a red apple, a raw yellow potato, a carrot and a yellow bell pepper on the floor.",Kitchen,"I am required to announce that you are now in the kitchen.

You see a fridge. What a letdown! The fridge is empty! You can make out a closed oven here. You can see a table. The table is massive. Unfortunately, there isn't a thing on it. You can make out a counter. The counter is vast. But there isn't a thing on it. You see a stove. But the thing is empty.

There is an open screen door leading south. There is a closed plain door leading west. You don't like doors? Why not try going east, that entranceway is not blocked by one.

There is a red hot pepper, a red apple, a raw yellow potato, a carrot and a yellow bell pepper on the floor.","You are carrying: a cookbook, a knife, a red onion, a white onion and a raw purple potato.",4 of 17,0.23529411764705882,False,
82,,,"Since the block of cheese is not visible in the kitchen, I should take the red hot pepper, red apple, and raw purple potato from the floor to start preparing the meal.",take red hot pepper from floor,,You're carrying too many things already.,Kitchen,"I am required to announce that you are now in the kitchen.

You see a fridge. What a letdown! The fridge is empty! You can make out a closed oven here. You can see a table. The table is massive. Unfortunately, there isn't a thing on it. You can make out a counter. The counter is vast. But there isn't a thing on it. You see a stove. But the thing is empty.

There is an open screen door leading south. There is a closed plain door leading west. You don't like doors? Why not try going east, that entranceway is not blocked by one.

There is a red hot pepper, a red apple, a raw yellow potato, a carrot and a yellow bell pepper on the floor.","You are carrying: a cookbook, a knife, a red onion, a white onion and a raw purple potato.",4 of 17,0.23529411764705882,False,
83,,,"I am carrying too many items, so I should drop the red onion and the white onion to free up space for the ingredients needed for the recipe.",drop red onion,,You drop the red onion on the ground.,Kitchen,"I am required to announce that you are now in the kitchen.

You see a fridge. What a letdown! The fridge is empty! You can make out a closed oven here. You can see a table. The table is massive. Unfortunately, there isn't a thing on it. You can make out a counter. The counter is vast. But there isn't a thing on it. You see a stove. But the thing is empty.

There is an open screen door leading south. There is a closed plain door leading west. You don't like doors? Why not try going east, that entranceway is not blocked by one.

There is a red onion, a red hot pepper, a red apple, a raw yellow potato, a carrot and a yellow bell pepper on the floor.","You are carrying: a cookbook, a knife, a white onion and a raw purple potato.",4 of 17,0.23529411764705882,False,
84,,,I should drop the white onion as well to free more space for the ingredients I want to take.,drop white onion,,You drop the white onion on the ground.,Kitchen,"I am required to announce that you are now in the kitchen.

You see a fridge. What a letdown! The fridge is empty! You can make out a closed oven here. You can see a table. The table is massive. Unfortunately, there isn't a thing on it. You can make out a counter. The counter is vast. But there isn't a thing on it. You see a stove. But the thing is empty.

There is an open screen door leading south. There is a closed plain door leading west. You don't like doors? Why not try going east, that entranceway is not blocked by one.

There is a white onion, a red onion, a red hot pepper, a red apple, a raw yellow potato, a carrot and a yellow bell pepper on the floor.","You are carrying: a cookbook, a knife and a raw purple potato.",4 of 17,0.23529411764705882,False,
85,,,"Now that I have enough space, I should take the red hot pepper, red apple, and carrot from the floor to prepare the meal.",take red hot pepper from floor,,You pick up the red hot pepper from the ground.,Kitchen,"I am required to announce that you are now in the kitchen.

You see a fridge. What a letdown! The fridge is empty! You can make out a closed oven here. You can see a table. The table is massive. Unfortunately, there isn't a thing on it. You can make out a counter. The counter is vast. But there isn't a thing on it. You see a stove. But the thing is empty.

There is an open screen door leading south. There is a closed plain door leading west. You don't like doors? Why not try going east, that entranceway is not blocked by one.

There is a white onion, a red onion, a red apple, a raw yellow potato, a carrot and a yellow bell pepper on the floor.","You are carrying: a red hot pepper, a cookbook, a knife and a raw purple potato.",4 of 17,0.23529411764705882,False,
86,,,I should take the red apple and the carrot from the floor to have all the ingredients needed for the meal.,take red apple from floor,,You pick up the red apple from the ground.,Kitchen,"I am required to announce that you are now in the kitchen.

You see a fridge. What a letdown! The fridge is empty! You can make out a closed oven here. You can see a table. The table is massive. Unfortunately, there isn't a thing on it. You can make out a counter. The counter is vast. But there isn't a thing on it. You see a stove. But the thing is empty.

There is an open screen door leading south. There is a closed plain door leading west. You don't like doors? Why not try going east, that entranceway is not blocked by one.

There is a white onion, a red onion, a raw yellow potato, a carrot and a yellow bell pepper on the floor.","You are carrying: a red apple, a red hot pepper, a cookbook, a knife and a raw purple potato.",4 of 17,0.23529411764705882,False,
87,,,I should take the carrot from the floor to complete the ingredients I want to use for cooking.,take carrot from floor,,You're carrying too many things already.,Kitchen,"I am required to announce that you are now in the kitchen.

You see a fridge. What a letdown! The fridge is empty! You can make out a closed oven here. You can see a table. The table is massive. Unfortunately, there isn't a thing on it. You can make out a counter. The counter is vast. But there isn't a thing on it. You see a stove. But the thing is empty.

There is an open screen door leading south. There is a closed plain door leading west. You don't like doors? Why not try going east, that entranceway is not blocked by one.

There is a white onion, a red onion, a raw yellow potato, a carrot and a yellow bell pepper on the floor.","You are carrying: a red apple, a red hot pepper, a cookbook, a knife and a raw purple potato.",4 of 17,0.23529411764705882,False,
88,,,"I am carrying too many items, so I should drop the red apple to free up space and then take the carrot.",drop red apple,,You drop the red apple on the ground.,Kitchen,"I am required to announce that you are now in the kitchen.

You see a fridge. What a letdown! The fridge is empty! You can make out a closed oven here. You can see a table. The table is massive. Unfortunately, there isn't a thing on it. You can make out a counter. The counter is vast. But there isn't a thing on it. You see a stove. But the thing is empty.

There is an open screen door leading south. There is a closed plain door leading west. You don't like doors? Why not try going east, that entranceway is not blocked by one.

There is a red apple, a white onion, a red onion, a raw yellow potato, a carrot and a yellow bell pepper on the floor.","You are carrying: a red hot pepper, a cookbook, a knife and a raw purple potato.",4 of 17,0.23529411764705882,False,
89,,,"Now that I have space, I should take the carrot from the floor.",take carrot from floor,,You pick up the carrot from the ground.,Kitchen,"I am required to announce that you are now in the kitchen.

You see a fridge. What a letdown! The fridge is empty! You can make out a closed oven here. You can see a table. The table is massive. Unfortunately, there isn't a thing on it. You can make out a counter. The counter is vast. But there isn't a thing on it. You see a stove. But the thing is empty.

There is an open screen door leading south. There is a closed plain door leading west. You don't like doors? Why not try going east, that entranceway is not blocked by one.

There is a red apple, a white onion, a red onion, a raw yellow potato and a yellow bell pepper on the floor.","You are carrying: a carrot, a red hot pepper, a cookbook, a knife and a raw purple potato.",4 of 17,0.23529411764705882,False,
90,,,I should check the cookbook for a recipe to cook a delicious meal.,examine cookbook,,"You open the copy of ""Cooking: A Modern Approach (3rd Ed.)"" and start reading:

Recipe #1
---------
Gather all following ingredients and follow the directions to prepare this tasty meal.

Ingredients:
red hot pepper
  block of cheese
  purple potato
  white onion
  red apple

Directions:
slice the red hot pepper
  fry the red hot pepper
  slice the block of cheese
  grill the block of cheese
  slice the purple potato
  roast the purple potato
  dice the white onion
  roast the white onion
  slice the red apple
  grill the red apple
  prepare meal",Kitchen,"I am required to announce that you are now in the kitchen.

You see a fridge. What a letdown! The fridge is empty! You can make out a closed oven here. You can see a table. The table is massive. Unfortunately, there isn't a thing on it. You can make out a counter. The counter is vast. But there isn't a thing on it. You see a stove. But the thing is empty.

There is an open screen door leading south. There is a closed plain door leading west. You don't like doors? Why not try going east, that entranceway is not blocked by one.

There is a red apple, a white onion, a red onion, a raw yellow potato and a yellow bell pepper on the floor.","You are carrying: a carrot, a red hot pepper, a cookbook, a knife and a raw purple potato.",4 of 17,0.23529411764705882,False,
91,,,"I need to gather the ingredients from the recipe: block of cheese, white onion, and red apple, which I currently do not have. I will take the red apple from the floor first.",take red apple from floor,,You're carrying too many things already.,Kitchen,"I am required to announce that you are now in the kitchen.

You see a fridge. What a letdown! The fridge is empty! You can make out a closed oven here. You can see a table. The table is massive. Unfortunately, there isn't a thing on it. You can make out a counter. The counter is vast. But there isn't a thing on it. You see a stove. But the thing is empty.

There is an open screen door leading south. There is a closed plain door leading west. You don't like doors? Why not try going east, that entranceway is not blocked by one.

There is a red apple, a white onion, a red onion, a raw yellow potato and a yellow bell pepper on the floor.","You are carrying: a carrot, a red hot pepper, a cookbook, a knife and a raw purple potato.",4 of 17,0.23529411764705882,False,
92,,,"I am carrying too many items, so I should drop the carrot to free up space for the red apple.",drop carrot,,You drop the carrot on the ground.,Kitchen,"I am required to announce that you are now in the kitchen.

You see a fridge. What a letdown! The fridge is empty! You can make out a closed oven here. You can see a table. The table is massive. Unfortunately, there isn't a thing on it. You can make out a counter. The counter is vast. But there isn't a thing on it. You see a stove. But the thing is empty.

There is an open screen door leading south. There is a closed plain door leading west. You don't like doors? Why not try going east, that entranceway is not blocked by one.

There is a carrot, a red apple, a white onion, a red onion, a raw yellow potato and a yellow bell pepper on the floor.","You are carrying: a red hot pepper, a cookbook, a knife and a raw purple potato.",4 of 17,0.23529411764705882,False,
93,,,"Now that I have space, I should take the red apple from the floor.",take red apple from floor,,You pick up the red apple from the ground.,Kitchen,"I am required to announce that you are now in the kitchen.

You see a fridge. What a letdown! The fridge is empty! You can make out a closed oven here. You can see a table. The table is massive. Unfortunately, there isn't a thing on it. You can make out a counter. The counter is vast. But there isn't a thing on it. You see a stove. But the thing is empty.

There is an open screen door leading south. There is a closed plain door leading west. You don't like doors? Why not try going east, that entranceway is not blocked by one.

There is a carrot, a white onion, a red onion, a raw yellow potato and a yellow bell pepper on the floor.","You are carrying: a red apple, a red hot pepper, a cookbook, a knife and a raw purple potato.",4 of 17,0.23529411764705882,False,
94,,,I still need the block of cheese and the white onion from the recipe. I will take the white onion from the floor.,take white onion from floor,,You're carrying too many things already.,Kitchen,"I am required to announce that you are now in the kitchen.

You see a fridge. What a letdown! The fridge is empty! You can make out a closed oven here. You can see a table. The table is massive. Unfortunately, there isn't a thing on it. You can make out a counter. The counter is vast. But there isn't a thing on it. You see a stove. But the thing is empty.

There is an open screen door leading south. There is a closed plain door leading west. You don't like doors? Why not try going east, that entranceway is not blocked by one.

There is a carrot, a white onion, a red onion, a raw yellow potato and a yellow bell pepper on the floor.","You are carrying: a red apple, a red hot pepper, a cookbook, a knife and a raw purple potato.",4 of 17,0.23529411764705882,False,
95,,,"I am still carrying too many items, so I should drop the red hot pepper to free up space for the white onion.",drop red hot pepper,,You drop the red hot pepper on the ground.,Kitchen,"I am required to announce that you are now in the kitchen.

You see a fridge. What a letdown! The fridge is empty! You can make out a closed oven here. You can see a table. The table is massive. Unfortunately, there isn't a thing on it. You can make out a counter. The counter is vast. But there isn't a thing on it. You see a stove. But the thing is empty.

There is an open screen door leading south. There is a closed plain door leading west. You don't like doors? Why not try going east, that entranceway is not blocked by one.

There is a red hot pepper, a carrot, a white onion, a red onion, a raw yellow potato and a yellow bell pepper on the floor.","You are carrying: a red apple, a cookbook, a knife and a raw purple potato.",4 of 17,0.23529411764705882,False,
96,,,"Now that I have space, I should take the white onion from the floor.",take white onion from floor,,You pick up the white onion from the ground.,Kitchen,"I am required to announce that you are now in the kitchen.

You see a fridge. What a letdown! The fridge is empty! You can make out a closed oven here. You can see a table. The table is massive. Unfortunately, there isn't a thing on it. You can make out a counter. The counter is vast. But there isn't a thing on it. You see a stove. But the thing is empty.

There is an open screen door leading south. There is a closed plain door leading west. You don't like doors? Why not try going east, that entranceway is not blocked by one.

There is a red hot pepper, a carrot, a red onion, a raw yellow potato and a yellow bell pepper on the floor.","You are carrying: a white onion, a red apple, a cookbook, a knife and a raw purple potato.",4 of 17,0.23529411764705882,False,
97,,,I need to check the cookbook for the recipe to know what to do next.,examine cookbook,,"You open the copy of ""Cooking: A Modern Approach (3rd Ed.)"" and start reading:

Recipe #1
---------
Gather all following ingredients and follow the directions to prepare this tasty meal.

Ingredients:
red hot pepper
  block of cheese
  purple potato
  white onion
  red apple

Directions:
slice the red hot pepper
  fry the red hot pepper
  slice the block of cheese
  grill the block of cheese
  slice the purple potato
  roast the purple potato
  dice the white onion
  roast the white onion
  slice the red apple
  grill the red apple
  prepare meal",Kitchen,"I am required to announce that you are now in the kitchen.

You see a fridge. What a letdown! The fridge is empty! You can make out a closed oven here. You can see a table. The table is massive. Unfortunately, there isn't a thing on it. You can make out a counter. The counter is vast. But there isn't a thing on it. You see a stove. But the thing is empty.

There is an open screen door leading south. There is a closed plain door leading west. You don't like doors? Why not try going east, that entranceway is not blocked by one.

There is a red hot pepper, a carrot, a red onion, a raw yellow potato and a yellow bell pepper on the floor.","You are carrying: a white onion, a red apple, a cookbook, a knife and a raw purple potato.",4 of 17,0.23529411764705882,False,
98,,,"I need to get the red hot pepper and block of cheese to follow the recipe, as I already have the purple potato, white onion, and red apple.",take red hot pepper from floor,,You're carrying too many things already.,Kitchen,"I am required to announce that you are now in the kitchen.

You see a fridge. What a letdown! The fridge is empty! You can make out a closed oven here. You can see a table. The table is massive. Unfortunately, there isn't a thing on it. You can make out a counter. The counter is vast. But there isn't a thing on it. You see a stove. But the thing is empty.

There is an open screen door leading south. There is a closed plain door leading west. You don't like doors? Why not try going east, that entranceway is not blocked by one.

There is a red hot pepper, a carrot, a red onion, a raw yellow potato and a yellow bell pepper on the floor.","You are carrying: a white onion, a red apple, a cookbook, a knife and a raw purple potato.",4 of 17,0.23529411764705882,False,
99,,,"I need to drop an item to free up space for the red hot pepper. The red apple is likely less essential for now, so I will drop it.",drop red apple,,You drop the red apple on the ground.,Kitchen,"I am required to announce that you are now in the kitchen.

You see a fridge. What a letdown! The fridge is empty! You can make out a closed oven here. You can see a table. The table is massive. Unfortunately, there isn't a thing on it. You can make out a counter. The counter is vast. But there isn't a thing on it. You see a stove. But the thing is empty.

There is an open screen door leading south. There is a closed plain door leading west. You don't like doors? Why not try going east, that entranceway is not blocked by one.

There is a red apple, a red hot pepper, a carrot, a red onion, a raw yellow potato and a yellow bell pepper on the floor.","You are carrying: a white onion, a cookbook, a knife and a raw purple potato.",4 of 17,0.23529411764705882,False,
100,,,"Now that I have space, I should take the red hot pepper from the floor.",take red hot pepper from floor,,You pick up the red hot pepper from the ground.,Kitchen,"I am required to announce that you are now in the kitchen.

You see a fridge. What a letdown! The fridge is empty! You can make out a closed oven here. You can see a table. The table is massive. Unfortunately, there isn't a thing on it. You can make out a counter. The counter is vast. But there isn't a thing on it. You see a stove. But the thing is empty.

There is an open screen door leading south. There is a closed plain door leading west. You don't like doors? Why not try going east, that entranceway is not blocked by one.

There is a red apple, a carrot, a red onion, a raw yellow potato and a yellow bell pepper on the floor.","You are carrying: a red hot pepper, a white onion, a cookbook, a knife and a raw purple potato.",4 of 17,0.23529411764705882,True,
