step_id,plan,summary,thought,action,task,feedback,location,description,inventory,score,reward,is_done,error
0,,,,,"You are hungry! Let's cook a delicious meal. Check the cookbook in the kitchen for the recipe. Once done, enjoy your meal!",,Driveway,"You've just shown up in a driveway.



There is a closed front door leading south. There is an exit to the north. Don't worry, there is no door.","You are carrying: a red onion, a yellow bell pepper, a white onion and a raw yellow potato.",0 of 16,0.0,False,
1,,,I should go north to explore and find the kitchen where the cookbook might be.,go north,,"This just in- You, in the street.



There is a closed commercial glass door leading north. You don't like doors? Why not try going south, that entranceway is not blocked by one.",Street,"This just in- You, in the street.



There is a closed commercial glass door leading north. You don't like doors? Why not try going south, that entranceway is not blocked by one.","You are carrying: a red onion, a yellow bell pepper, a white onion and a raw yellow potato.",0 of 16,0.0,False,
2,,,I should go south to return to the driveway and then try going south through the front door to enter the house.,go south,,"You've just shown up in a driveway.



There is a closed front door leading south. There is an exit to the north. Don't worry, there is no door.",Driveway,"You've just shown up in a driveway.



There is a closed front door leading south. There is an exit to the north. Don't worry, there is no door.","You are carrying: a red onion, a yellow bell pepper, a white onion and a raw yellow potato.",0 of 16,0.0,False,
3,,,I should open the front door to enter the house.,open front door,,You open front door.,Driveway,"You've just shown up in a driveway.



There is an open front door leading south. There is an exit to the north. Don't worry, there is no door.","You are carrying: a red onion, a yellow bell pepper, a white onion and a raw yellow potato.",0 of 16,0.0,False,
4,,,I should go south through the open front door to enter the house.,go south,,"You're now in the livingroom.

You see a gleam over in a corner, where you can see a sofa. The sofa is comfy. The sofa appears to be empty. Oh! Why couldn't there just be stuff on it?

There is an open front door leading north. There is an exit to the east. You need an exit without a door? You should try going south.",Livingroom,"You're now in the livingroom.

You see a gleam over in a corner, where you can see a sofa. The sofa is comfy. The sofa appears to be empty. Oh! Why couldn't there just be stuff on it?

There is an open front door leading north. There is an exit to the east. You need an exit without a door? You should try going south.","You are carrying: a red onion, a yellow bell pepper, a white onion and a raw yellow potato.",0 of 16,0.0,False,
5,,,"I should go east to explore the next room, which might be the kitchen where the cookbook could be.",go east,,"You find yourself in a kitchen. A typical one.

You can make out a fridge. You make out an oven. Wow, isn't TextWorld just the best? You smell a lovely smell, and follow it to a table. Now why would someone leave that there? But there isn't a thing on it. What, you think everything in TextWorld should have stuff on it? You make out a counter. On the counter you make out a red hot pepper, a red apple, a raw red potato, a cookbook and a knife. There's something strange about this being here, but you can't put your finger on it. You lean against the wall, inadvertently pressing a secret button. The wall opens up to reveal a stove. What a coincidence, weren't you just thinking about a stove? The stove is conventional. Unfortunately, there isn't a thing on it.

There is a closed sliding patio door leading east. There is a closed plain door leading north. You need an exit without a door? You should try going south. There is an exit to the west.",Kitchen,"You find yourself in a kitchen. A typical one.

You can make out a fridge. You make out an oven. Wow, isn't TextWorld just the best? You smell a lovely smell, and follow it to a table. Now why would someone leave that there? But there isn't a thing on it. What, you think everything in TextWorld should have stuff on it? You make out a counter. On the counter you make out a red hot pepper, a red apple, a raw red potato, a cookbook and a knife. There's something strange about this being here, but you can't put your finger on it. You lean against the wall, inadvertently pressing a secret button. The wall opens up to reveal a stove. What a coincidence, weren't you just thinking about a stove? The stove is conventional. Unfortunately, there isn't a thing on it.

There is a closed sliding patio door leading east. There is a closed plain door leading north. You need an exit without a door? You should try going south. There is an exit to the west.","You are carrying: a red onion, a yellow bell pepper, a white onion and a raw yellow potato.",0 of 16,0.0,False,
6,,,I should take the cookbook from the counter to check the recipe.,take cookbook from counter,,You take the cookbook from the counter.,Kitchen,"You find yourself in a kitchen. A typical one.

You can make out a fridge. You make out an oven. Wow, isn't TextWorld just the best? You smell a lovely smell, and follow it to a table. Now why would someone leave that there? But there isn't a thing on it. What, you think everything in TextWorld should have stuff on it? You make out a counter. On the counter you make out a red hot pepper, a red apple, a raw red potato and a knife. There's something strange about this being here, but you can't put your finger on it. You lean against the wall, inadvertently pressing a secret button. The wall opens up to reveal a stove. What a coincidence, weren't you just thinking about a stove? The stove is conventional. Unfortunately, there isn't a thing on it.

There is a closed sliding patio door leading east. There is a closed plain door leading north. You need an exit without a door? You should try going south. There is an exit to the west.","You are carrying: a cookbook, a red onion, a yellow bell pepper, a white onion and a raw yellow potato.",0 of 16,0.0,False,
7,,,I should examine the cookbook to find the recipe for a delicious meal.,examine cookbook,,"You open the copy of ""Cooking: A Modern Approach (3rd Ed.)"" and start reading:

Recipe #1
---------
Gather all following ingredients and follow the directions to prepare this tasty meal.

Ingredients:
red onion
  banana
  purple potato
  red hot pepper
  orange bell pepper

Directions:
dice the red onion
  grill the red onion
  dice the banana
  fry the banana
  dice the purple potato
  roast the purple potato
  chop the red hot pepper
  fry the red hot pepper
  slice the orange bell pepper
  roast the orange bell pepper
  prepare meal",Kitchen,"You find yourself in a kitchen. A typical one.

You can make out a fridge. You make out an oven. Wow, isn't TextWorld just the best? You smell a lovely smell, and follow it to a table. Now why would someone leave that there? But there isn't a thing on it. What, you think everything in TextWorld should have stuff on it? You make out a counter. On the counter you make out a red hot pepper, a red apple, a raw red potato and a knife. There's something strange about this being here, but you can't put your finger on it. You lean against the wall, inadvertently pressing a secret button. The wall opens up to reveal a stove. What a coincidence, weren't you just thinking about a stove? The stove is conventional. Unfortunately, there isn't a thing on it.

There is a closed sliding patio door leading east. There is a closed plain door leading north. You need an exit without a door? You should try going south. There is an exit to the west.","You are carrying: a cookbook, a red onion, a yellow bell pepper, a white onion and a raw yellow potato.",0 of 16,0.0,False,
8,,,"I need to gather the ingredients from the recipe: red onion, banana, purple potato, red hot pepper, and orange bell pepper. I currently have a red onion but not the others. I should take the red hot pepper from the counter next.",take red hot pepper from counter,,You're carrying too many things already.,Kitchen,"You find yourself in a kitchen. A typical one.

You can make out a fridge. You make out an oven. Wow, isn't TextWorld just the best? You smell a lovely smell, and follow it to a table. Now why would someone leave that there? But there isn't a thing on it. What, you think everything in TextWorld should have stuff on it? You make out a counter. On the counter you make out a red hot pepper, a red apple, a raw red potato and a knife. There's something strange about this being here, but you can't put your finger on it. You lean against the wall, inadvertently pressing a secret button. The wall opens up to reveal a stove. What a coincidence, weren't you just thinking about a stove? The stove is conventional. Unfortunately, there isn't a thing on it.

There is a closed sliding patio door leading east. There is a closed plain door leading north. You need an exit without a door? You should try going south. There is an exit to the west.","You are carrying: a cookbook, a red onion, a yellow bell pepper, a white onion and a raw yellow potato.",0 of 16,0.0,False,
9,,,"I am carrying too many items, so I should drop the white onion to make space for the red hot pepper.",drop white onion,,You drop the white onion on the ground.,Kitchen,"You find yourself in a kitchen. A typical one.

You can make out a fridge. You make out an oven. Wow, isn't TextWorld just the best? You smell a lovely smell, and follow it to a table. Now why would someone leave that there? But there isn't a thing on it. What, you think everything in TextWorld should have stuff on it? You make out a counter. On the counter you make out a red hot pepper, a red apple, a raw red potato and a knife. There's something strange about this being here, but you can't put your finger on it. You lean against the wall, inadvertently pressing a secret button. The wall opens up to reveal a stove. What a coincidence, weren't you just thinking about a stove? The stove is conventional. Unfortunately, there isn't a thing on it.

There is a closed sliding patio door leading east. There is a closed plain door leading north. You need an exit without a door? You should try going south. There is an exit to the west.

There is a white onion on the floor.","You are carrying: a cookbook, a red onion, a yellow bell pepper and a raw yellow potato.",0 of 16,0.0,False,
10,,,"Now that I have space, I should take the red hot pepper from the counter.",take red hot pepper from counter,,"You take the red hot pepper from the counter.



Your score has just gone up by one point.",Kitchen,"You find yourself in a kitchen. A typical one.

You can make out a fridge. You make out an oven. Wow, isn't TextWorld just the best? You smell a lovely smell, and follow it to a table. Now why would someone leave that there? But there isn't a thing on it. What, you think everything in TextWorld should have stuff on it? You make out a counter. On the counter you make out a red apple, a raw red potato and a knife. There's something strange about this being here, but you can't put your finger on it. You lean against the wall, inadvertently pressing a secret button. The wall opens up to reveal a stove. What a coincidence, weren't you just thinking about a stove? The stove is conventional. Unfortunately, there isn't a thing on it.

There is a closed sliding patio door leading east. There is a closed plain door leading north. You need an exit without a door? You should try going south. There is an exit to the west.

There is a white onion on the floor.","You are carrying: a red hot pepper, a cookbook, a red onion, a yellow bell pepper and a raw yellow potato.",1 of 16,0.0625,False,
11,,,"I still need a banana, purple potato, and orange bell pepper for the recipe. I should check the fridge for these ingredients.",open fridge,,"You open the fridge, revealing an orange bell pepper and a block of cheese.",Kitchen,"You find yourself in a kitchen. A typical one.

You can make out a fridge. The fridge contains an orange bell pepper and a block of cheese. You wonder idly who left that here. You make out an oven. Wow, isn't TextWorld just the best? You smell a lovely smell, and follow it to a table. Now why would someone leave that there? But there isn't a thing on it. What, you think everything in TextWorld should have stuff on it? You make out a counter. On the counter you make out a red apple, a raw red potato and a knife. There's something strange about this being here, but you can't put your finger on it. You lean against the wall, inadvertently pressing a secret button. The wall opens up to reveal a stove. What a coincidence, weren't you just thinking about a stove? The stove is conventional. Unfortunately, there isn't a thing on it.

There is a closed sliding patio door leading east. There is a closed plain door leading north. You need an exit without a door? You should try going south. There is an exit to the west.

There is a white onion on the floor.","You are carrying: a red hot pepper, a cookbook, a red onion, a yellow bell pepper and a raw yellow potato.",1 of 16,0.0625,False,
12,,,I should take the orange bell pepper from the fridge to have all the needed ingredients.,take orange bell pepper from fridge,,You're carrying too many things already.,Kitchen,"You find yourself in a kitchen. A typical one.

You can make out a fridge. The fridge contains an orange bell pepper and a block of cheese. You wonder idly who left that here. You make out an oven. Wow, isn't TextWorld just the best? You smell a lovely smell, and follow it to a table. Now why would someone leave that there? But there isn't a thing on it. What, you think everything in TextWorld should have stuff on it? You make out a counter. On the counter you make out a red apple, a raw red potato and a knife. There's something strange about this being here, but you can't put your finger on it. You lean against the wall, inadvertently pressing a secret button. The wall opens up to reveal a stove. What a coincidence, weren't you just thinking about a stove? The stove is conventional. Unfortunately, there isn't a thing on it.

There is a closed sliding patio door leading east. There is a closed plain door leading north. You need an exit without a door? You should try going south. There is an exit to the west.

There is a white onion on the floor.","You are carrying: a red hot pepper, a cookbook, a red onion, a yellow bell pepper and a raw yellow potato.",1 of 16,0.0625,False,
13,,,I need to free up space by dropping an item I don't need for the recipe. I will drop the red onion on the floor.,drop red onion,,You drop the red onion on the ground.,Kitchen,"You find yourself in a kitchen. A typical one.

You can make out a fridge. The fridge contains an orange bell pepper and a block of cheese. You wonder idly who left that here. You make out an oven. Wow, isn't TextWorld just the best? You smell a lovely smell, and follow it to a table. Now why would someone leave that there? But there isn't a thing on it. What, you think everything in TextWorld should have stuff on it? You make out a counter. On the counter you make out a red apple, a raw red potato and a knife. There's something strange about this being here, but you can't put your finger on it. You lean against the wall, inadvertently pressing a secret button. The wall opens up to reveal a stove. What a coincidence, weren't you just thinking about a stove? The stove is conventional. Unfortunately, there isn't a thing on it.

There is a closed sliding patio door leading east. There is a closed plain door leading north. You need an exit without a door? You should try going south. There is an exit to the west.

There is a red onion and a white onion on the floor.","You are carrying: a red hot pepper, a cookbook, a yellow bell pepper and a raw yellow potato.",1 of 16,0.0625,False,
14,,,"Now that I have space, I should take the orange bell pepper from the fridge.",take orange bell pepper from fridge,,"You take the orange bell pepper from the fridge.



Your score has just gone up by one point.",Kitchen,"You find yourself in a kitchen. A typical one.

You can make out a fridge. The fridge contains a block of cheese. You wonder idly who left that here. You make out an oven. Wow, isn't TextWorld just the best? You smell a lovely smell, and follow it to a table. Now why would someone leave that there? But there isn't a thing on it. What, you think everything in TextWorld should have stuff on it? You make out a counter. On the counter you make out a red apple, a raw red potato and a knife. There's something strange about this being here, but you can't put your finger on it. You lean against the wall, inadvertently pressing a secret button. The wall opens up to reveal a stove. What a coincidence, weren't you just thinking about a stove? The stove is conventional. Unfortunately, there isn't a thing on it.

There is a closed sliding patio door leading east. There is a closed plain door leading north. You need an exit without a door? You should try going south. There is an exit to the west.

There is a red onion and a white onion on the floor.","You are carrying: an orange bell pepper, a red hot pepper, a cookbook, a yellow bell pepper and a raw yellow potato.",2 of 16,0.125,False,
15,,,I should check the cookbook for the recipe to cook a delicious meal.,examine cookbook,,"You open the copy of ""Cooking: A Modern Approach (3rd Ed.)"" and start reading:

Recipe #1
---------
Gather all following ingredients and follow the directions to prepare this tasty meal.

Ingredients:
red onion
  banana
  purple potato
  red hot pepper
  orange bell pepper

Directions:
dice the red onion
  grill the red onion
  dice the banana
  fry the banana
  dice the purple potato
  roast the purple potato
  chop the red hot pepper
  fry the red hot pepper
  slice the orange bell pepper
  roast the orange bell pepper
  prepare meal",Kitchen,"You find yourself in a kitchen. A typical one.

You can make out a fridge. The fridge contains a block of cheese. You wonder idly who left that here. You make out an oven. Wow, isn't TextWorld just the best? You smell a lovely smell, and follow it to a table. Now why would someone leave that there? But there isn't a thing on it. What, you think everything in TextWorld should have stuff on it? You make out a counter. On the counter you make out a red apple, a raw red potato and a knife. There's something strange about this being here, but you can't put your finger on it. You lean against the wall, inadvertently pressing a secret button. The wall opens up to reveal a stove. What a coincidence, weren't you just thinking about a stove? The stove is conventional. Unfortunately, there isn't a thing on it.

There is a closed sliding patio door leading east. There is a closed plain door leading north. You need an exit without a door? You should try going south. There is an exit to the west.

There is a red onion and a white onion on the floor.","You are carrying: an orange bell pepper, a red hot pepper, a cookbook, a yellow bell pepper and a raw yellow potato.",2 of 16,0.125,False,
16,,,"I need to get the red onion, banana, and purple potato for the recipe. I will take the red onion from the floor first.",take red onion from floor,,You're carrying too many things already.,Kitchen,"You find yourself in a kitchen. A typical one.

You can make out a fridge. The fridge contains a block of cheese. You wonder idly who left that here. You make out an oven. Wow, isn't TextWorld just the best? You smell a lovely smell, and follow it to a table. Now why would someone leave that there? But there isn't a thing on it. What, you think everything in TextWorld should have stuff on it? You make out a counter. On the counter you make out a red apple, a raw red potato and a knife. There's something strange about this being here, but you can't put your finger on it. You lean against the wall, inadvertently pressing a secret button. The wall opens up to reveal a stove. What a coincidence, weren't you just thinking about a stove? The stove is conventional. Unfortunately, there isn't a thing on it.

There is a closed sliding patio door leading east. There is a closed plain door leading north. You need an exit without a door? You should try going south. There is an exit to the west.

There is a red onion and a white onion on the floor.","You are carrying: an orange bell pepper, a red hot pepper, a cookbook, a yellow bell pepper and a raw yellow potato.",2 of 16,0.125,False,
17,,,"I am carrying too many items, so I should drop the yellow bell pepper to make space.",drop yellow bell pepper,,You drop the yellow bell pepper on the ground.,Kitchen,"You find yourself in a kitchen. A typical one.

You can make out a fridge. The fridge contains a block of cheese. You wonder idly who left that here. You make out an oven. Wow, isn't TextWorld just the best? You smell a lovely smell, and follow it to a table. Now why would someone leave that there? But there isn't a thing on it. What, you think everything in TextWorld should have stuff on it? You make out a counter. On the counter you make out a red apple, a raw red potato and a knife. There's something strange about this being here, but you can't put your finger on it. You lean against the wall, inadvertently pressing a secret button. The wall opens up to reveal a stove. What a coincidence, weren't you just thinking about a stove? The stove is conventional. Unfortunately, there isn't a thing on it.

There is a closed sliding patio door leading east. There is a closed plain door leading north. You need an exit without a door? You should try going south. There is an exit to the west.

There is a yellow bell pepper, a red onion and a white onion on the floor.","You are carrying: an orange bell pepper, a red hot pepper, a cookbook and a raw yellow potato.",2 of 16,0.125,False,
18,,,"Now that I have space, I should take the red onion from the floor.",take red onion from floor,,You pick up the red onion from the ground.,Kitchen,"You find yourself in a kitchen. A typical one.

You can make out a fridge. The fridge contains a block of cheese. You wonder idly who left that here. You make out an oven. Wow, isn't TextWorld just the best? You smell a lovely smell, and follow it to a table. Now why would someone leave that there? But there isn't a thing on it. What, you think everything in TextWorld should have stuff on it? You make out a counter. On the counter you make out a red apple, a raw red potato and a knife. There's something strange about this being here, but you can't put your finger on it. You lean against the wall, inadvertently pressing a secret button. The wall opens up to reveal a stove. What a coincidence, weren't you just thinking about a stove? The stove is conventional. Unfortunately, there isn't a thing on it.

There is a closed sliding patio door leading east. There is a closed plain door leading north. You need an exit without a door? You should try going south. There is an exit to the west.

There is a yellow bell pepper and a white onion on the floor.","You are carrying: a red onion, an orange bell pepper, a red hot pepper, a cookbook and a raw yellow potato.",2 of 16,0.125,False,
19,,,"I need to get the banana and purple potato next, so I should go west to check for these ingredients.",go west,,"You're now in the livingroom.

You see a gleam over in a corner, where you can see a sofa. The sofa is comfy. The sofa appears to be empty. Oh! Why couldn't there just be stuff on it?

There is an open front door leading north. There is an exit to the east. You need an exit without a door? You should try going south.",Livingroom,"You're now in the livingroom.

You see a gleam over in a corner, where you can see a sofa. The sofa is comfy. The sofa appears to be empty. Oh! Why couldn't there just be stuff on it?

There is an open front door leading north. There is an exit to the east. You need an exit without a door? You should try going south.","You are carrying: a red onion, an orange bell pepper, a red hot pepper, a cookbook and a raw yellow potato.",2 of 16,0.125,False,
20,,,I should go south from the livingroom to explore for the banana and purple potato.,go south,,"You are in a bedroom. An ordinary one. You can barely contain your excitement.

You hear a noise behind you and spin around, but you can't see anything other than a bed. You wonder idly who left that here. The bed is large. But the thing hasn't got anything on it.

There is an exit to the east. There is an exit to the north. Don't worry, there is no door.",Bedroom,"You are in a bedroom. An ordinary one. You can barely contain your excitement.

You hear a noise behind you and spin around, but you can't see anything other than a bed. You wonder idly who left that here. The bed is large. But the thing hasn't got anything on it.

There is an exit to the east. There is an exit to the north. Don't worry, there is no door.","You are carrying: a red onion, an orange bell pepper, a red hot pepper, a cookbook and a raw yellow potato.",2 of 16,0.125,False,
21,,,I should go east from the bedroom to continue searching for the banana and purple potato.,go east,,"You arrive in a corridor. A normal one. Let's see what's in here.



You need an exit without a door? You should try going east. You don't like doors? Why not try going north, that entranceway is not blocked by one. You don't like doors? Why not try going west, that entranceway is not blocked by one.",Corridor,"You arrive in a corridor. A normal one. Let's see what's in here.



You need an exit without a door? You should try going east. You don't like doors? Why not try going north, that entranceway is not blocked by one. You don't like doors? Why not try going west, that entranceway is not blocked by one.","You are carrying: a red onion, an orange bell pepper, a red hot pepper, a cookbook and a raw yellow potato.",2 of 16,0.125,False,
22,,,I should go north in the corridor to check for the banana and purple potato.,go north,,"You find yourself in a kitchen. A typical one.

You can make out a fridge. The fridge contains a block of cheese. You wonder idly who left that here. You make out an oven. Wow, isn't TextWorld just the best? You smell a lovely smell, and follow it to a table. Now why would someone leave that there? But there isn't a thing on it. What, you think everything in TextWorld should have stuff on it? You make out a counter. On the counter you make out a red apple, a raw red potato and a knife. There's something strange about this being here, but you can't put your finger on it. You lean against the wall, inadvertently pressing a secret button. The wall opens up to reveal a stove. What a coincidence, weren't you just thinking about a stove? The stove is conventional. Unfortunately, there isn't a thing on it.

There is a closed sliding patio door leading east. There is a closed plain door leading north. You need an exit without a door? You should try going south. There is an exit to the west.

There is a yellow bell pepper and a white onion on the floor.",Kitchen,"You find yourself in a kitchen. A typical one.

You can make out a fridge. The fridge contains a block of cheese. You wonder idly who left that here. You make out an oven. Wow, isn't TextWorld just the best? You smell a lovely smell, and follow it to a table. Now why would someone leave that there? But there isn't a thing on it. What, you think everything in TextWorld should have stuff on it? You make out a counter. On the counter you make out a red apple, a raw red potato and a knife. There's something strange about this being here, but you can't put your finger on it. You lean against the wall, inadvertently pressing a secret button. The wall opens up to reveal a stove. What a coincidence, weren't you just thinking about a stove? The stove is conventional. Unfortunately, there isn't a thing on it.

There is a closed sliding patio door leading east. There is a closed plain door leading north. You need an exit without a door? You should try going south. There is an exit to the west.

There is a yellow bell pepper and a white onion on the floor.","You are carrying: a red onion, an orange bell pepper, a red hot pepper, a cookbook and a raw yellow potato.",2 of 16,0.125,False,
23,,,I should check the cookbook for the recipe to cook a delicious meal.,examine cookbook,,"You open the copy of ""Cooking: A Modern Approach (3rd Ed.)"" and start reading:

Recipe #1
---------
Gather all following ingredients and follow the directions to prepare this tasty meal.

Ingredients:
red onion
  banana
  purple potato
  red hot pepper
  orange bell pepper

Directions:
dice the red onion
  grill the red onion
  dice the banana
  fry the banana
  dice the purple potato
  roast the purple potato
  chop the red hot pepper
  fry the red hot pepper
  slice the orange bell pepper
  roast the orange bell pepper
  prepare meal",Kitchen,"You find yourself in a kitchen. A typical one.

You can make out a fridge. The fridge contains a block of cheese. You wonder idly who left that here. You make out an oven. Wow, isn't TextWorld just the best? You smell a lovely smell, and follow it to a table. Now why would someone leave that there? But there isn't a thing on it. What, you think everything in TextWorld should have stuff on it? You make out a counter. On the counter you make out a red apple, a raw red potato and a knife. There's something strange about this being here, but you can't put your finger on it. You lean against the wall, inadvertently pressing a secret button. The wall opens up to reveal a stove. What a coincidence, weren't you just thinking about a stove? The stove is conventional. Unfortunately, there isn't a thing on it.

There is a closed sliding patio door leading east. There is a closed plain door leading north. You need an exit without a door? You should try going south. There is an exit to the west.

There is a yellow bell pepper and a white onion on the floor.","You are carrying: a red onion, an orange bell pepper, a red hot pepper, a cookbook and a raw yellow potato.",2 of 16,0.125,False,
24,,,I need to find the banana and purple potato first before I can start preparing the meal.,go west,,"You're now in the livingroom.

You see a gleam over in a corner, where you can see a sofa. The sofa is comfy. The sofa appears to be empty. Oh! Why couldn't there just be stuff on it?

There is an open front door leading north. There is an exit to the east. You need an exit without a door? You should try going south.",Livingroom,"You're now in the livingroom.

You see a gleam over in a corner, where you can see a sofa. The sofa is comfy. The sofa appears to be empty. Oh! Why couldn't there just be stuff on it?

There is an open front door leading north. There is an exit to the east. You need an exit without a door? You should try going south.","You are carrying: a red onion, an orange bell pepper, a red hot pepper, a cookbook and a raw yellow potato.",2 of 16,0.125,False,
25,,,I should go south from the livingroom to explore more and try to find the banana and purple potato.,go south,,"You are in a bedroom. An ordinary one. You can barely contain your excitement.

You hear a noise behind you and spin around, but you can't see anything other than a bed. You wonder idly who left that here. The bed is large. But the thing hasn't got anything on it.

There is an exit to the east. There is an exit to the north. Don't worry, there is no door.",Bedroom,"You are in a bedroom. An ordinary one. You can barely contain your excitement.

You hear a noise behind you and spin around, but you can't see anything other than a bed. You wonder idly who left that here. The bed is large. But the thing hasn't got anything on it.

There is an exit to the east. There is an exit to the north. Don't worry, there is no door.","You are carrying: a red onion, an orange bell pepper, a red hot pepper, a cookbook and a raw yellow potato.",2 of 16,0.125,False,
26,,,I should go east from the bedroom to explore further and look for the banana and purple potato.,go east,,"You arrive in a corridor. A normal one. Let's see what's in here.



You need an exit without a door? You should try going east. You don't like doors? Why not try going north, that entranceway is not blocked by one. You don't like doors? Why not try going west, that entranceway is not blocked by one.",Corridor,"You arrive in a corridor. A normal one. Let's see what's in here.



You need an exit without a door? You should try going east. You don't like doors? Why not try going north, that entranceway is not blocked by one. You don't like doors? Why not try going west, that entranceway is not blocked by one.","You are carrying: a red onion, an orange bell pepper, a red hot pepper, a cookbook and a raw yellow potato.",2 of 16,0.125,False,
27,,,I should go north in the corridor to explore and try to find the banana and purple potato.,go north,,"You find yourself in a kitchen. A typical one.

You can make out a fridge. The fridge contains a block of cheese. You wonder idly who left that here. You make out an oven. Wow, isn't TextWorld just the best? You smell a lovely smell, and follow it to a table. Now why would someone leave that there? But there isn't a thing on it. What, you think everything in TextWorld should have stuff on it? You make out a counter. On the counter you make out a red apple, a raw red potato and a knife. There's something strange about this being here, but you can't put your finger on it. You lean against the wall, inadvertently pressing a secret button. The wall opens up to reveal a stove. What a coincidence, weren't you just thinking about a stove? The stove is conventional. Unfortunately, there isn't a thing on it.

There is a closed sliding patio door leading east. There is a closed plain door leading north. You need an exit without a door? You should try going south. There is an exit to the west.

There is a yellow bell pepper and a white onion on the floor.",Kitchen,"You find yourself in a kitchen. A typical one.

You can make out a fridge. The fridge contains a block of cheese. You wonder idly who left that here. You make out an oven. Wow, isn't TextWorld just the best? You smell a lovely smell, and follow it to a table. Now why would someone leave that there? But there isn't a thing on it. What, you think everything in TextWorld should have stuff on it? You make out a counter. On the counter you make out a red apple, a raw red potato and a knife. There's something strange about this being here, but you can't put your finger on it. You lean against the wall, inadvertently pressing a secret button. The wall opens up to reveal a stove. What a coincidence, weren't you just thinking about a stove? The stove is conventional. Unfortunately, there isn't a thing on it.

There is a closed sliding patio door leading east. There is a closed plain door leading north. You need an exit without a door? You should try going south. There is an exit to the west.

There is a yellow bell pepper and a white onion on the floor.","You are carrying: a red onion, an orange bell pepper, a red hot pepper, a cookbook and a raw yellow potato.",2 of 16,0.125,False,
28,,,I should take the yellow bell pepper and the white onion from the floor to have more ingredients for cooking.,take yellow bell pepper from floor; take white onion from floor,,I only understood you as far as wanting to take the yellow bell pepper.,Kitchen,"You find yourself in a kitchen. A typical one.

You can make out a fridge. The fridge contains a block of cheese. You wonder idly who left that here. You make out an oven. Wow, isn't TextWorld just the best? You smell a lovely smell, and follow it to a table. Now why would someone leave that there? But there isn't a thing on it. What, you think everything in TextWorld should have stuff on it? You make out a counter. On the counter you make out a red apple, a raw red potato and a knife. There's something strange about this being here, but you can't put your finger on it. You lean against the wall, inadvertently pressing a secret button. The wall opens up to reveal a stove. What a coincidence, weren't you just thinking about a stove? The stove is conventional. Unfortunately, there isn't a thing on it.

There is a closed sliding patio door leading east. There is a closed plain door leading north. You need an exit without a door? You should try going south. There is an exit to the west.

There is a yellow bell pepper and a white onion on the floor.","You are carrying: a red onion, an orange bell pepper, a red hot pepper, a cookbook and a raw yellow potato.",2 of 16,0.125,False,
29,,,"I should take the yellow bell pepper from the floor first, then take the white onion separately.",take yellow bell pepper from floor,,You're carrying too many things already.,Kitchen,"You find yourself in a kitchen. A typical one.

You can make out a fridge. The fridge contains a block of cheese. You wonder idly who left that here. You make out an oven. Wow, isn't TextWorld just the best? You smell a lovely smell, and follow it to a table. Now why would someone leave that there? But there isn't a thing on it. What, you think everything in TextWorld should have stuff on it? You make out a counter. On the counter you make out a red apple, a raw red potato and a knife. There's something strange about this being here, but you can't put your finger on it. You lean against the wall, inadvertently pressing a secret button. The wall opens up to reveal a stove. What a coincidence, weren't you just thinking about a stove? The stove is conventional. Unfortunately, there isn't a thing on it.

There is a closed sliding patio door leading east. There is a closed plain door leading north. You need an exit without a door? You should try going south. There is an exit to the west.

There is a yellow bell pepper and a white onion on the floor.","You are carrying: a red onion, an orange bell pepper, a red hot pepper, a cookbook and a raw yellow potato.",2 of 16,0.125,False,
30,,,"I am carrying too many items, so I should drop one item to free up space before taking the yellow bell pepper.",drop red hot pepper,,You drop the red hot pepper on the ground.,Kitchen,"You find yourself in a kitchen. A typical one.

You can make out a fridge. The fridge contains a block of cheese. You wonder idly who left that here. You make out an oven. Wow, isn't TextWorld just the best? You smell a lovely smell, and follow it to a table. Now why would someone leave that there? But there isn't a thing on it. What, you think everything in TextWorld should have stuff on it? You make out a counter. On the counter you make out a red apple, a raw red potato and a knife. There's something strange about this being here, but you can't put your finger on it. You lean against the wall, inadvertently pressing a secret button. The wall opens up to reveal a stove. What a coincidence, weren't you just thinking about a stove? The stove is conventional. Unfortunately, there isn't a thing on it.

There is a closed sliding patio door leading east. There is a closed plain door leading north. You need an exit without a door? You should try going south. There is an exit to the west.

There is a red hot pepper, a yellow bell pepper and a white onion on the floor.","You are carrying: a red onion, an orange bell pepper, a cookbook and a raw yellow potato.",2 of 16,0.125,False,
31,,,"Now that I have space, I should take the yellow bell pepper from the floor.",take yellow bell pepper from floor,,You pick up the yellow bell pepper from the ground.,Kitchen,"You find yourself in a kitchen. A typical one.

You can make out a fridge. The fridge contains a block of cheese. You wonder idly who left that here. You make out an oven. Wow, isn't TextWorld just the best? You smell a lovely smell, and follow it to a table. Now why would someone leave that there? But there isn't a thing on it. What, you think everything in TextWorld should have stuff on it? You make out a counter. On the counter you make out a red apple, a raw red potato and a knife. There's something strange about this being here, but you can't put your finger on it. You lean against the wall, inadvertently pressing a secret button. The wall opens up to reveal a stove. What a coincidence, weren't you just thinking about a stove? The stove is conventional. Unfortunately, there isn't a thing on it.

There is a closed sliding patio door leading east. There is a closed plain door leading north. You need an exit without a door? You should try going south. There is an exit to the west.

There is a red hot pepper and a white onion on the floor.","You are carrying: a yellow bell pepper, a red onion, an orange bell pepper, a cookbook and a raw yellow potato.",2 of 16,0.125,False,
32,,,I should now take the white onion from the floor since I have space.,take white onion from floor,,You're carrying too many things already.,Kitchen,"You find yourself in a kitchen. A typical one.

You can make out a fridge. The fridge contains a block of cheese. You wonder idly who left that here. You make out an oven. Wow, isn't TextWorld just the best? You smell a lovely smell, and follow it to a table. Now why would someone leave that there? But there isn't a thing on it. What, you think everything in TextWorld should have stuff on it? You make out a counter. On the counter you make out a red apple, a raw red potato and a knife. There's something strange about this being here, but you can't put your finger on it. You lean against the wall, inadvertently pressing a secret button. The wall opens up to reveal a stove. What a coincidence, weren't you just thinking about a stove? The stove is conventional. Unfortunately, there isn't a thing on it.

There is a closed sliding patio door leading east. There is a closed plain door leading north. You need an exit without a door? You should try going south. There is an exit to the west.

There is a red hot pepper and a white onion on the floor.","You are carrying: a yellow bell pepper, a red onion, an orange bell pepper, a cookbook and a raw yellow potato.",2 of 16,0.125,False,
33,,,I need to drop one item to free space before taking the white onion.,drop orange bell pepper,,You drop the orange bell pepper on the ground.,Kitchen,"You find yourself in a kitchen. A typical one.

You can make out a fridge. The fridge contains a block of cheese. You wonder idly who left that here. You make out an oven. Wow, isn't TextWorld just the best? You smell a lovely smell, and follow it to a table. Now why would someone leave that there? But there isn't a thing on it. What, you think everything in TextWorld should have stuff on it? You make out a counter. On the counter you make out a red apple, a raw red potato and a knife. There's something strange about this being here, but you can't put your finger on it. You lean against the wall, inadvertently pressing a secret button. The wall opens up to reveal a stove. What a coincidence, weren't you just thinking about a stove? The stove is conventional. Unfortunately, there isn't a thing on it.

There is a closed sliding patio door leading east. There is a closed plain door leading north. You need an exit without a door? You should try going south. There is an exit to the west.

There is an orange bell pepper, a red hot pepper and a white onion on the floor.","You are carrying: a yellow bell pepper, a red onion, a cookbook and a raw yellow potato.",2 of 16,0.125,False,
34,,,"Now that I have space, I should take the white onion from the floor.",take white onion from floor,,You pick up the white onion from the ground.,Kitchen,"You find yourself in a kitchen. A typical one.

You can make out a fridge. The fridge contains a block of cheese. You wonder idly who left that here. You make out an oven. Wow, isn't TextWorld just the best? You smell a lovely smell, and follow it to a table. Now why would someone leave that there? But there isn't a thing on it. What, you think everything in TextWorld should have stuff on it? You make out a counter. On the counter you make out a red apple, a raw red potato and a knife. There's something strange about this being here, but you can't put your finger on it. You lean against the wall, inadvertently pressing a secret button. The wall opens up to reveal a stove. What a coincidence, weren't you just thinking about a stove? The stove is conventional. Unfortunately, there isn't a thing on it.

There is a closed sliding patio door leading east. There is a closed plain door leading north. You need an exit without a door? You should try going south. There is an exit to the west.

There is an orange bell pepper and a red hot pepper on the floor.","You are carrying: a white onion, a yellow bell pepper, a red onion, a cookbook and a raw yellow potato.",2 of 16,0.125,False,
35,,,I should check the cookbook for a recipe to cook a delicious meal.,examine cookbook,,"You open the copy of ""Cooking: A Modern Approach (3rd Ed.)"" and start reading:

Recipe #1
---------
Gather all following ingredients and follow the directions to prepare this tasty meal.

Ingredients:
red onion
  banana
  purple potato
  red hot pepper
  orange bell pepper

Directions:
dice the red onion
  grill the red onion
  dice the banana
  fry the banana
  dice the purple potato
  roast the purple potato
  chop the red hot pepper
  fry the red hot pepper
  slice the orange bell pepper
  roast the orange bell pepper
  prepare meal",Kitchen,"You find yourself in a kitchen. A typical one.

You can make out a fridge. The fridge contains a block of cheese. You wonder idly who left that here. You make out an oven. Wow, isn't TextWorld just the best? You smell a lovely smell, and follow it to a table. Now why would someone leave that there? But there isn't a thing on it. What, you think everything in TextWorld should have stuff on it? You make out a counter. On the counter you make out a red apple, a raw red potato and a knife. There's something strange about this being here, but you can't put your finger on it. You lean against the wall, inadvertently pressing a secret button. The wall opens up to reveal a stove. What a coincidence, weren't you just thinking about a stove? The stove is conventional. Unfortunately, there isn't a thing on it.

There is a closed sliding patio door leading east. There is a closed plain door leading north. You need an exit without a door? You should try going south. There is an exit to the west.

There is an orange bell pepper and a red hot pepper on the floor.","You are carrying: a white onion, a yellow bell pepper, a red onion, a cookbook and a raw yellow potato.",2 of 16,0.125,False,
36,,,"I do not have all the required ingredients for the recipe, so I should take the red hot pepper and orange bell pepper from the floor and then find a banana and purple potato.",take red hot pepper from floor,,You're carrying too many things already.,Kitchen,"You find yourself in a kitchen. A typical one.

You can make out a fridge. The fridge contains a block of cheese. You wonder idly who left that here. You make out an oven. Wow, isn't TextWorld just the best? You smell a lovely smell, and follow it to a table. Now why would someone leave that there? But there isn't a thing on it. What, you think everything in TextWorld should have stuff on it? You make out a counter. On the counter you make out a red apple, a raw red potato and a knife. There's something strange about this being here, but you can't put your finger on it. You lean against the wall, inadvertently pressing a secret button. The wall opens up to reveal a stove. What a coincidence, weren't you just thinking about a stove? The stove is conventional. Unfortunately, there isn't a thing on it.

There is a closed sliding patio door leading east. There is a closed plain door leading north. You need an exit without a door? You should try going south. There is an exit to the west.

There is an orange bell pepper and a red hot pepper on the floor.","You are carrying: a white onion, a yellow bell pepper, a red onion, a cookbook and a raw yellow potato.",2 of 16,0.125,False,
37,,,I need to drop some items to free up space before taking the red hot pepper.,drop white onion,,You drop the white onion on the ground.,Kitchen,"You find yourself in a kitchen. A typical one.

You can make out a fridge. The fridge contains a block of cheese. You wonder idly who left that here. You make out an oven. Wow, isn't TextWorld just the best? You smell a lovely smell, and follow it to a table. Now why would someone leave that there? But there isn't a thing on it. What, you think everything in TextWorld should have stuff on it? You make out a counter. On the counter you make out a red apple, a raw red potato and a knife. There's something strange about this being here, but you can't put your finger on it. You lean against the wall, inadvertently pressing a secret button. The wall opens up to reveal a stove. What a coincidence, weren't you just thinking about a stove? The stove is conventional. Unfortunately, there isn't a thing on it.

There is a closed sliding patio door leading east. There is a closed plain door leading north. You need an exit without a door? You should try going south. There is an exit to the west.

There is a white onion, an orange bell pepper and a red hot pepper on the floor.","You are carrying: a yellow bell pepper, a red onion, a cookbook and a raw yellow potato.",2 of 16,0.125,False,
38,,,I should take the red hot pepper from the floor now that I have space.,take red hot pepper from floor,,You pick up the red hot pepper from the ground.,Kitchen,"You find yourself in a kitchen. A typical one.

You can make out a fridge. The fridge contains a block of cheese. You wonder idly who left that here. You make out an oven. Wow, isn't TextWorld just the best? You smell a lovely smell, and follow it to a table. Now why would someone leave that there? But there isn't a thing on it. What, you think everything in TextWorld should have stuff on it? You make out a counter. On the counter you make out a red apple, a raw red potato and a knife. There's something strange about this being here, but you can't put your finger on it. You lean against the wall, inadvertently pressing a secret button. The wall opens up to reveal a stove. What a coincidence, weren't you just thinking about a stove? The stove is conventional. Unfortunately, there isn't a thing on it.

There is a closed sliding patio door leading east. There is a closed plain door leading north. You need an exit without a door? You should try going south. There is an exit to the west.

There is a white onion and an orange bell pepper on the floor.","You are carrying: a red hot pepper, a yellow bell pepper, a red onion, a cookbook and a raw yellow potato.",2 of 16,0.125,False,
39,,,I still need to take the orange bell pepper from the floor.,drop yellow bell pepper,,You drop the yellow bell pepper on the ground.,Kitchen,"You find yourself in a kitchen. A typical one.

You can make out a fridge. The fridge contains a block of cheese. You wonder idly who left that here. You make out an oven. Wow, isn't TextWorld just the best? You smell a lovely smell, and follow it to a table. Now why would someone leave that there? But there isn't a thing on it. What, you think everything in TextWorld should have stuff on it? You make out a counter. On the counter you make out a red apple, a raw red potato and a knife. There's something strange about this being here, but you can't put your finger on it. You lean against the wall, inadvertently pressing a secret button. The wall opens up to reveal a stove. What a coincidence, weren't you just thinking about a stove? The stove is conventional. Unfortunately, there isn't a thing on it.

There is a closed sliding patio door leading east. There is a closed plain door leading north. You need an exit without a door? You should try going south. There is an exit to the west.

There is a yellow bell pepper, a white onion and an orange bell pepper on the floor.","You are carrying: a red hot pepper, a red onion, a cookbook and a raw yellow potato.",2 of 16,0.125,False,
40,,,I should take the orange bell pepper from the floor now.,take orange bell pepper from floor,,You pick up the orange bell pepper from the ground.,Kitchen,"You find yourself in a kitchen. A typical one.

You can make out a fridge. The fridge contains a block of cheese. You wonder idly who left that here. You make out an oven. Wow, isn't TextWorld just the best? You smell a lovely smell, and follow it to a table. Now why would someone leave that there? But there isn't a thing on it. What, you think everything in TextWorld should have stuff on it? You make out a counter. On the counter you make out a red apple, a raw red potato and a knife. There's something strange about this being here, but you can't put your finger on it. You lean against the wall, inadvertently pressing a secret button. The wall opens up to reveal a stove. What a coincidence, weren't you just thinking about a stove? The stove is conventional. Unfortunately, there isn't a thing on it.

There is a closed sliding patio door leading east. There is a closed plain door leading north. You need an exit without a door? You should try going south. There is an exit to the west.

There is a yellow bell pepper and a white onion on the floor.","You are carrying: an orange bell pepper, a red hot pepper, a red onion, a cookbook and a raw yellow potato.",2 of 16,0.125,False,
41,,,I should check the cookbook for the recipe to cook a delicious meal.,examine cookbook,,"You open the copy of ""Cooking: A Modern Approach (3rd Ed.)"" and start reading:

Recipe #1
---------
Gather all following ingredients and follow the directions to prepare this tasty meal.

Ingredients:
red onion
  banana
  purple potato
  red hot pepper
  orange bell pepper

Directions:
dice the red onion
  grill the red onion
  dice the banana
  fry the banana
  dice the purple potato
  roast the purple potato
  chop the red hot pepper
  fry the red hot pepper
  slice the orange bell pepper
  roast the orange bell pepper
  prepare meal",Kitchen,"You find yourself in a kitchen. A typical one.

You can make out a fridge. The fridge contains a block of cheese. You wonder idly who left that here. You make out an oven. Wow, isn't TextWorld just the best? You smell a lovely smell, and follow it to a table. Now why would someone leave that there? But there isn't a thing on it. What, you think everything in TextWorld should have stuff on it? You make out a counter. On the counter you make out a red apple, a raw red potato and a knife. There's something strange about this being here, but you can't put your finger on it. You lean against the wall, inadvertently pressing a secret button. The wall opens up to reveal a stove. What a coincidence, weren't you just thinking about a stove? The stove is conventional. Unfortunately, there isn't a thing on it.

There is a closed sliding patio door leading east. There is a closed plain door leading north. You need an exit without a door? You should try going south. There is an exit to the west.

There is a yellow bell pepper and a white onion on the floor.","You are carrying: an orange bell pepper, a red hot pepper, a red onion, a cookbook and a raw yellow potato.",2 of 16,0.125,False,
42,,,"I need to find a banana and a purple potato to complete the recipe, as I currently do not have them in my inventory.",go west,,"You're now in the livingroom.

You see a gleam over in a corner, where you can see a sofa. The sofa is comfy. The sofa appears to be empty. Oh! Why couldn't there just be stuff on it?

There is an open front door leading north. There is an exit to the east. You need an exit without a door? You should try going south.",Livingroom,"You're now in the livingroom.

You see a gleam over in a corner, where you can see a sofa. The sofa is comfy. The sofa appears to be empty. Oh! Why couldn't there just be stuff on it?

There is an open front door leading north. There is an exit to the east. You need an exit without a door? You should try going south.","You are carrying: an orange bell pepper, a red hot pepper, a red onion, a cookbook and a raw yellow potato.",2 of 16,0.125,False,
43,,,I should explore the livingroom further to find the banana and purple potato needed for the recipe.,look,,"You're now in the livingroom.

You see a gleam over in a corner, where you can see a sofa. The sofa is comfy. The sofa appears to be empty. Oh! Why couldn't there just be stuff on it?

There is an open front door leading north. There is an exit to the east. You need an exit without a door? You should try going south.",Livingroom,"You're now in the livingroom.

You see a gleam over in a corner, where you can see a sofa. The sofa is comfy. The sofa appears to be empty. Oh! Why couldn't there just be stuff on it?

There is an open front door leading north. There is an exit to the east. You need an exit without a door? You should try going south.","You are carrying: an orange bell pepper, a red hot pepper, a red onion, a cookbook and a raw yellow potato.",2 of 16,0.125,False,
44,,,"Since the livingroom doesn't seem to have the banana or purple potato, I should try going east to explore another area.",go east,,"You find yourself in a kitchen. A typical one.

You can make out a fridge. The fridge contains a block of cheese. You wonder idly who left that here. You make out an oven. Wow, isn't TextWorld just the best? You smell a lovely smell, and follow it to a table. Now why would someone leave that there? But there isn't a thing on it. What, you think everything in TextWorld should have stuff on it? You make out a counter. On the counter you make out a red apple, a raw red potato and a knife. There's something strange about this being here, but you can't put your finger on it. You lean against the wall, inadvertently pressing a secret button. The wall opens up to reveal a stove. What a coincidence, weren't you just thinking about a stove? The stove is conventional. Unfortunately, there isn't a thing on it.

There is a closed sliding patio door leading east. There is a closed plain door leading north. You need an exit without a door? You should try going south. There is an exit to the west.

There is a yellow bell pepper and a white onion on the floor.",Kitchen,"You find yourself in a kitchen. A typical one.

You can make out a fridge. The fridge contains a block of cheese. You wonder idly who left that here. You make out an oven. Wow, isn't TextWorld just the best? You smell a lovely smell, and follow it to a table. Now why would someone leave that there? But there isn't a thing on it. What, you think everything in TextWorld should have stuff on it? You make out a counter. On the counter you make out a red apple, a raw red potato and a knife. There's something strange about this being here, but you can't put your finger on it. You lean against the wall, inadvertently pressing a secret button. The wall opens up to reveal a stove. What a coincidence, weren't you just thinking about a stove? The stove is conventional. Unfortunately, there isn't a thing on it.

There is a closed sliding patio door leading east. There is a closed plain door leading north. You need an exit without a door? You should try going south. There is an exit to the west.

There is a yellow bell pepper and a white onion on the floor.","You are carrying: an orange bell pepper, a red hot pepper, a red onion, a cookbook and a raw yellow potato.",2 of 16,0.125,False,
45,,,I should check the fridge in the kitchen to see if the banana or purple potato is inside.,open fridge,,That's already open.,Kitchen,"You find yourself in a kitchen. A typical one.

You can make out a fridge. The fridge contains a block of cheese. You wonder idly who left that here. You make out an oven. Wow, isn't TextWorld just the best? You smell a lovely smell, and follow it to a table. Now why would someone leave that there? But there isn't a thing on it. What, you think everything in TextWorld should have stuff on it? You make out a counter. On the counter you make out a red apple, a raw red potato and a knife. There's something strange about this being here, but you can't put your finger on it. You lean against the wall, inadvertently pressing a secret button. The wall opens up to reveal a stove. What a coincidence, weren't you just thinking about a stove? The stove is conventional. Unfortunately, there isn't a thing on it.

There is a closed sliding patio door leading east. There is a closed plain door leading north. You need an exit without a door? You should try going south. There is an exit to the west.

There is a yellow bell pepper and a white onion on the floor.","You are carrying: an orange bell pepper, a red hot pepper, a red onion, a cookbook and a raw yellow potato.",2 of 16,0.125,False,
46,,,I should take the yellow bell pepper and white onion from the floor to have more ingredients for cooking.,take yellow bell pepper from floor,,You're carrying too many things already.,Kitchen,"You find yourself in a kitchen. A typical one.

You can make out a fridge. The fridge contains a block of cheese. You wonder idly who left that here. You make out an oven. Wow, isn't TextWorld just the best? You smell a lovely smell, and follow it to a table. Now why would someone leave that there? But there isn't a thing on it. What, you think everything in TextWorld should have stuff on it? You make out a counter. On the counter you make out a red apple, a raw red potato and a knife. There's something strange about this being here, but you can't put your finger on it. You lean against the wall, inadvertently pressing a secret button. The wall opens up to reveal a stove. What a coincidence, weren't you just thinking about a stove? The stove is conventional. Unfortunately, there isn't a thing on it.

There is a closed sliding patio door leading east. There is a closed plain door leading north. You need an exit without a door? You should try going south. There is an exit to the west.

There is a yellow bell pepper and a white onion on the floor.","You are carrying: an orange bell pepper, a red hot pepper, a red onion, a cookbook and a raw yellow potato.",2 of 16,0.125,False,
47,,,I should drop the orange bell pepper to free up space for picking up the yellow bell pepper.,drop orange bell pepper,,You drop the orange bell pepper on the ground.,Kitchen,"You find yourself in a kitchen. A typical one.

You can make out a fridge. The fridge contains a block of cheese. You wonder idly who left that here. You make out an oven. Wow, isn't TextWorld just the best? You smell a lovely smell, and follow it to a table. Now why would someone leave that there? But there isn't a thing on it. What, you think everything in TextWorld should have stuff on it? You make out a counter. On the counter you make out a red apple, a raw red potato and a knife. There's something strange about this being here, but you can't put your finger on it. You lean against the wall, inadvertently pressing a secret button. The wall opens up to reveal a stove. What a coincidence, weren't you just thinking about a stove? The stove is conventional. Unfortunately, there isn't a thing on it.

There is a closed sliding patio door leading east. There is a closed plain door leading north. You need an exit without a door? You should try going south. There is an exit to the west.

There is an orange bell pepper, a yellow bell pepper and a white onion on the floor.","You are carrying: a red hot pepper, a red onion, a cookbook and a raw yellow potato.",2 of 16,0.125,False,
48,,,I should take the yellow bell pepper from the floor now that I have space.,take yellow bell pepper from floor,,You pick up the yellow bell pepper from the ground.,Kitchen,"You find yourself in a kitchen. A typical one.

You can make out a fridge. The fridge contains a block of cheese. You wonder idly who left that here. You make out an oven. Wow, isn't TextWorld just the best? You smell a lovely smell, and follow it to a table. Now why would someone leave that there? But there isn't a thing on it. What, you think everything in TextWorld should have stuff on it? You make out a counter. On the counter you make out a red apple, a raw red potato and a knife. There's something strange about this being here, but you can't put your finger on it. You lean against the wall, inadvertently pressing a secret button. The wall opens up to reveal a stove. What a coincidence, weren't you just thinking about a stove? The stove is conventional. Unfortunately, there isn't a thing on it.

There is a closed sliding patio door leading east. There is a closed plain door leading north. You need an exit without a door? You should try going south. There is an exit to the west.

There is an orange bell pepper and a white onion on the floor.","You are carrying: a yellow bell pepper, a red hot pepper, a red onion, a cookbook and a raw yellow potato.",2 of 16,0.125,False,
49,,,I should check the cookbook for a recipe to cook a delicious meal.,examine cookbook,,"You open the copy of ""Cooking: A Modern Approach (3rd Ed.)"" and start reading:

Recipe #1
---------
Gather all following ingredients and follow the directions to prepare this tasty meal.

Ingredients:
red onion
  banana
  purple potato
  red hot pepper
  orange bell pepper

Directions:
dice the red onion
  grill the red onion
  dice the banana
  fry the banana
  dice the purple potato
  roast the purple potato
  chop the red hot pepper
  fry the red hot pepper
  slice the orange bell pepper
  roast the orange bell pepper
  prepare meal",Kitchen,"You find yourself in a kitchen. A typical one.

You can make out a fridge. The fridge contains a block of cheese. You wonder idly who left that here. You make out an oven. Wow, isn't TextWorld just the best? You smell a lovely smell, and follow it to a table. Now why would someone leave that there? But there isn't a thing on it. What, you think everything in TextWorld should have stuff on it? You make out a counter. On the counter you make out a red apple, a raw red potato and a knife. There's something strange about this being here, but you can't put your finger on it. You lean against the wall, inadvertently pressing a secret button. The wall opens up to reveal a stove. What a coincidence, weren't you just thinking about a stove? The stove is conventional. Unfortunately, there isn't a thing on it.

There is a closed sliding patio door leading east. There is a closed plain door leading north. You need an exit without a door? You should try going south. There is an exit to the west.

There is an orange bell pepper and a white onion on the floor.","You are carrying: a yellow bell pepper, a red hot pepper, a red onion, a cookbook and a raw yellow potato.",2 of 16,0.125,False,
50,,,"I do not have all the ingredients for the recipe, so I should drop the yellow bell pepper and pick up the orange bell pepper from the floor.",drop yellow bell pepper,,You drop the yellow bell pepper on the ground.,Kitchen,"You find yourself in a kitchen. A typical one.

You can make out a fridge. The fridge contains a block of cheese. You wonder idly who left that here. You make out an oven. Wow, isn't TextWorld just the best? You smell a lovely smell, and follow it to a table. Now why would someone leave that there? But there isn't a thing on it. What, you think everything in TextWorld should have stuff on it? You make out a counter. On the counter you make out a red apple, a raw red potato and a knife. There's something strange about this being here, but you can't put your finger on it. You lean against the wall, inadvertently pressing a secret button. The wall opens up to reveal a stove. What a coincidence, weren't you just thinking about a stove? The stove is conventional. Unfortunately, there isn't a thing on it.

There is a closed sliding patio door leading east. There is a closed plain door leading north. You need an exit without a door? You should try going south. There is an exit to the west.

There is a yellow bell pepper, an orange bell pepper and a white onion on the floor.","You are carrying: a red hot pepper, a red onion, a cookbook and a raw yellow potato.",2 of 16,0.125,False,
51,,,I should take the orange bell pepper from the floor to have the correct ingredient for the recipe.,take orange bell pepper from floor,,You pick up the orange bell pepper from the ground.,Kitchen,"You find yourself in a kitchen. A typical one.

You can make out a fridge. The fridge contains a block of cheese. You wonder idly who left that here. You make out an oven. Wow, isn't TextWorld just the best? You smell a lovely smell, and follow it to a table. Now why would someone leave that there? But there isn't a thing on it. What, you think everything in TextWorld should have stuff on it? You make out a counter. On the counter you make out a red apple, a raw red potato and a knife. There's something strange about this being here, but you can't put your finger on it. You lean against the wall, inadvertently pressing a secret button. The wall opens up to reveal a stove. What a coincidence, weren't you just thinking about a stove? The stove is conventional. Unfortunately, there isn't a thing on it.

There is a closed sliding patio door leading east. There is a closed plain door leading north. You need an exit without a door? You should try going south. There is an exit to the west.

There is a yellow bell pepper and a white onion on the floor.","You are carrying: an orange bell pepper, a red hot pepper, a red onion, a cookbook and a raw yellow potato.",2 of 16,0.125,False,
52,,,I need to find and take the banana and purple potato to complete the recipe ingredients.,take banana from counter,,You can't see any such thing.,Kitchen,"You find yourself in a kitchen. A typical one.

You can make out a fridge. The fridge contains a block of cheese. You wonder idly who left that here. You make out an oven. Wow, isn't TextWorld just the best? You smell a lovely smell, and follow it to a table. Now why would someone leave that there? But there isn't a thing on it. What, you think everything in TextWorld should have stuff on it? You make out a counter. On the counter you make out a red apple, a raw red potato and a knife. There's something strange about this being here, but you can't put your finger on it. You lean against the wall, inadvertently pressing a secret button. The wall opens up to reveal a stove. What a coincidence, weren't you just thinking about a stove? The stove is conventional. Unfortunately, there isn't a thing on it.

There is a closed sliding patio door leading east. There is a closed plain door leading north. You need an exit without a door? You should try going south. There is an exit to the west.

There is a yellow bell pepper and a white onion on the floor.","You are carrying: an orange bell pepper, a red hot pepper, a red onion, a cookbook and a raw yellow potato.",2 of 16,0.125,False,
53,,,"Since the banana and purple potato are not visible here, I should check the fridge for these ingredients.",open fridge,,That's already open.,Kitchen,"You find yourself in a kitchen. A typical one.

You can make out a fridge. The fridge contains a block of cheese. You wonder idly who left that here. You make out an oven. Wow, isn't TextWorld just the best? You smell a lovely smell, and follow it to a table. Now why would someone leave that there? But there isn't a thing on it. What, you think everything in TextWorld should have stuff on it? You make out a counter. On the counter you make out a red apple, a raw red potato and a knife. There's something strange about this being here, but you can't put your finger on it. You lean against the wall, inadvertently pressing a secret button. The wall opens up to reveal a stove. What a coincidence, weren't you just thinking about a stove? The stove is conventional. Unfortunately, there isn't a thing on it.

There is a closed sliding patio door leading east. There is a closed plain door leading north. You need an exit without a door? You should try going south. There is an exit to the west.

There is a yellow bell pepper and a white onion on the floor.","You are carrying: an orange bell pepper, a red hot pepper, a red onion, a cookbook and a raw yellow potato.",2 of 16,0.125,False,
54,,,I should take the block of cheese from the fridge as it might be needed for the recipe.,take block of cheese from fridge,,You're carrying too many things already.,Kitchen,"You find yourself in a kitchen. A typical one.

You can make out a fridge. The fridge contains a block of cheese. You wonder idly who left that here. You make out an oven. Wow, isn't TextWorld just the best? You smell a lovely smell, and follow it to a table. Now why would someone leave that there? But there isn't a thing on it. What, you think everything in TextWorld should have stuff on it? You make out a counter. On the counter you make out a red apple, a raw red potato and a knife. There's something strange about this being here, but you can't put your finger on it. You lean against the wall, inadvertently pressing a secret button. The wall opens up to reveal a stove. What a coincidence, weren't you just thinking about a stove? The stove is conventional. Unfortunately, there isn't a thing on it.

There is a closed sliding patio door leading east. There is a closed plain door leading north. You need an exit without a door? You should try going south. There is an exit to the west.

There is a yellow bell pepper and a white onion on the floor.","You are carrying: an orange bell pepper, a red hot pepper, a red onion, a cookbook and a raw yellow potato.",2 of 16,0.125,False,
55,,,"I am carrying too many items, so I should drop the red hot pepper to free up space for the block of cheese.",drop red hot pepper,,You drop the red hot pepper on the ground.,Kitchen,"You find yourself in a kitchen. A typical one.

You can make out a fridge. The fridge contains a block of cheese. You wonder idly who left that here. You make out an oven. Wow, isn't TextWorld just the best? You smell a lovely smell, and follow it to a table. Now why would someone leave that there? But there isn't a thing on it. What, you think everything in TextWorld should have stuff on it? You make out a counter. On the counter you make out a red apple, a raw red potato and a knife. There's something strange about this being here, but you can't put your finger on it. You lean against the wall, inadvertently pressing a secret button. The wall opens up to reveal a stove. What a coincidence, weren't you just thinking about a stove? The stove is conventional. Unfortunately, there isn't a thing on it.

There is a closed sliding patio door leading east. There is a closed plain door leading north. You need an exit without a door? You should try going south. There is an exit to the west.

There is a red hot pepper, a yellow bell pepper and a white onion on the floor.","You are carrying: an orange bell pepper, a red onion, a cookbook and a raw yellow potato.",2 of 16,0.125,False,
56,,,"Now that I have space, I should take the block of cheese from the fridge.",take block of cheese from fridge,,You take the block of cheese from the fridge.,Kitchen,"You find yourself in a kitchen. A typical one.

You can make out a fridge. The fridge is empty! This is the worst thing that could possibly happen, ever! You make out an oven. Wow, isn't TextWorld just the best? You smell a lovely smell, and follow it to a table. Now why would someone leave that there? But there isn't a thing on it. What, you think everything in TextWorld should have stuff on it? You make out a counter. On the counter you make out a red apple, a raw red potato and a knife. There's something strange about this being here, but you can't put your finger on it. You lean against the wall, inadvertently pressing a secret button. The wall opens up to reveal a stove. What a coincidence, weren't you just thinking about a stove? The stove is conventional. Unfortunately, there isn't a thing on it.

There is a closed sliding patio door leading east. There is a closed plain door leading north. You need an exit without a door? You should try going south. There is an exit to the west.

There is a red hot pepper, a yellow bell pepper and a white onion on the floor.","You are carrying: a block of cheese, an orange bell pepper, a red onion, a cookbook and a raw yellow potato.",2 of 16,0.125,False,
57,,,I should check the cookbook to find the recipe for the meal I want to cook.,examine cookbook,,"You open the copy of ""Cooking: A Modern Approach (3rd Ed.)"" and start reading:

Recipe #1
---------
Gather all following ingredients and follow the directions to prepare this tasty meal.

Ingredients:
red onion
  banana
  purple potato
  red hot pepper
  orange bell pepper

Directions:
dice the red onion
  grill the red onion
  dice the banana
  fry the banana
  dice the purple potato
  roast the purple potato
  chop the red hot pepper
  fry the red hot pepper
  slice the orange bell pepper
  roast the orange bell pepper
  prepare meal",Kitchen,"You find yourself in a kitchen. A typical one.

You can make out a fridge. The fridge is empty! This is the worst thing that could possibly happen, ever! You make out an oven. Wow, isn't TextWorld just the best? You smell a lovely smell, and follow it to a table. Now why would someone leave that there? But there isn't a thing on it. What, you think everything in TextWorld should have stuff on it? You make out a counter. On the counter you make out a red apple, a raw red potato and a knife. There's something strange about this being here, but you can't put your finger on it. You lean against the wall, inadvertently pressing a secret button. The wall opens up to reveal a stove. What a coincidence, weren't you just thinking about a stove? The stove is conventional. Unfortunately, there isn't a thing on it.

There is a closed sliding patio door leading east. There is a closed plain door leading north. You need an exit without a door? You should try going south. There is an exit to the west.

There is a red hot pepper, a yellow bell pepper and a white onion on the floor.","You are carrying: a block of cheese, an orange bell pepper, a red onion, a cookbook and a raw yellow potato.",2 of 16,0.125,False,
58,,,"I do not have all the ingredients required by the recipe, so I should drop the block of cheese and take the red hot pepper from the floor.",drop block of cheese,,You drop the block of cheese on the ground.,Kitchen,"You find yourself in a kitchen. A typical one.

You can make out a fridge. The fridge is empty! This is the worst thing that could possibly happen, ever! You make out an oven. Wow, isn't TextWorld just the best? You smell a lovely smell, and follow it to a table. Now why would someone leave that there? But there isn't a thing on it. What, you think everything in TextWorld should have stuff on it? You make out a counter. On the counter you make out a red apple, a raw red potato and a knife. There's something strange about this being here, but you can't put your finger on it. You lean against the wall, inadvertently pressing a secret button. The wall opens up to reveal a stove. What a coincidence, weren't you just thinking about a stove? The stove is conventional. Unfortunately, there isn't a thing on it.

There is a closed sliding patio door leading east. There is a closed plain door leading north. You need an exit without a door? You should try going south. There is an exit to the west.

There is a block of cheese, a red hot pepper, a yellow bell pepper and a white onion on the floor.","You are carrying: an orange bell pepper, a red onion, a cookbook and a raw yellow potato.",2 of 16,0.125,False,
59,,,I should take the red hot pepper from the floor to have all the ingredients needed for the recipe.,take red hot pepper from floor,,You pick up the red hot pepper from the ground.,Kitchen,"You find yourself in a kitchen. A typical one.

You can make out a fridge. The fridge is empty! This is the worst thing that could possibly happen, ever! You make out an oven. Wow, isn't TextWorld just the best? You smell a lovely smell, and follow it to a table. Now why would someone leave that there? But there isn't a thing on it. What, you think everything in TextWorld should have stuff on it? You make out a counter. On the counter you make out a red apple, a raw red potato and a knife. There's something strange about this being here, but you can't put your finger on it. You lean against the wall, inadvertently pressing a secret button. The wall opens up to reveal a stove. What a coincidence, weren't you just thinking about a stove? The stove is conventional. Unfortunately, there isn't a thing on it.

There is a closed sliding patio door leading east. There is a closed plain door leading north. You need an exit without a door? You should try going south. There is an exit to the west.

There is a block of cheese, a yellow bell pepper and a white onion on the floor.","You are carrying: a red hot pepper, an orange bell pepper, a red onion, a cookbook and a raw yellow potato.",2 of 16,0.125,False,
60,,,I need to find a banana and a purple potato to complete the recipe ingredients.,go west,,"You're now in the livingroom.

You see a gleam over in a corner, where you can see a sofa. The sofa is comfy. The sofa appears to be empty. Oh! Why couldn't there just be stuff on it?

There is an open front door leading north. There is an exit to the east. You need an exit without a door? You should try going south.",Livingroom,"You're now in the livingroom.

You see a gleam over in a corner, where you can see a sofa. The sofa is comfy. The sofa appears to be empty. Oh! Why couldn't there just be stuff on it?

There is an open front door leading north. There is an exit to the east. You need an exit without a door? You should try going south.","You are carrying: a red hot pepper, an orange bell pepper, a red onion, a cookbook and a raw yellow potato.",2 of 16,0.125,False,
61,,,I should go east from the livingroom to explore another room for the missing ingredients.,go east,,"You find yourself in a kitchen. A typical one.

You can make out a fridge. The fridge is empty! This is the worst thing that could possibly happen, ever! You make out an oven. Wow, isn't TextWorld just the best? You smell a lovely smell, and follow it to a table. Now why would someone leave that there? But there isn't a thing on it. What, you think everything in TextWorld should have stuff on it? You make out a counter. On the counter you make out a red apple, a raw red potato and a knife. There's something strange about this being here, but you can't put your finger on it. You lean against the wall, inadvertently pressing a secret button. The wall opens up to reveal a stove. What a coincidence, weren't you just thinking about a stove? The stove is conventional. Unfortunately, there isn't a thing on it.

There is a closed sliding patio door leading east. There is a closed plain door leading north. You need an exit without a door? You should try going south. There is an exit to the west.

There is a block of cheese, a yellow bell pepper and a white onion on the floor.",Kitchen,"You find yourself in a kitchen. A typical one.

You can make out a fridge. The fridge is empty! This is the worst thing that could possibly happen, ever! You make out an oven. Wow, isn't TextWorld just the best? You smell a lovely smell, and follow it to a table. Now why would someone leave that there? But there isn't a thing on it. What, you think everything in TextWorld should have stuff on it? You make out a counter. On the counter you make out a red apple, a raw red potato and a knife. There's something strange about this being here, but you can't put your finger on it. You lean against the wall, inadvertently pressing a secret button. The wall opens up to reveal a stove. What a coincidence, weren't you just thinking about a stove? The stove is conventional. Unfortunately, there isn't a thing on it.

There is a closed sliding patio door leading east. There is a closed plain door leading north. You need an exit without a door? You should try going south. There is an exit to the west.

There is a block of cheese, a yellow bell pepper and a white onion on the floor.","You are carrying: a red hot pepper, an orange bell pepper, a red onion, a cookbook and a raw yellow potato.",2 of 16,0.125,False,
62,,,I should examine the cookbook to find the recipe and instructions for cooking the meal.,examine cookbook,,"You open the copy of ""Cooking: A Modern Approach (3rd Ed.)"" and start reading:

Recipe #1
---------
Gather all following ingredients and follow the directions to prepare this tasty meal.

Ingredients:
red onion
  banana
  purple potato
  red hot pepper
  orange bell pepper

Directions:
dice the red onion
  grill the red onion
  dice the banana
  fry the banana
  dice the purple potato
  roast the purple potato
  chop the red hot pepper
  fry the red hot pepper
  slice the orange bell pepper
  roast the orange bell pepper
  prepare meal",Kitchen,"You find yourself in a kitchen. A typical one.

You can make out a fridge. The fridge is empty! This is the worst thing that could possibly happen, ever! You make out an oven. Wow, isn't TextWorld just the best? You smell a lovely smell, and follow it to a table. Now why would someone leave that there? But there isn't a thing on it. What, you think everything in TextWorld should have stuff on it? You make out a counter. On the counter you make out a red apple, a raw red potato and a knife. There's something strange about this being here, but you can't put your finger on it. You lean against the wall, inadvertently pressing a secret button. The wall opens up to reveal a stove. What a coincidence, weren't you just thinking about a stove? The stove is conventional. Unfortunately, there isn't a thing on it.

There is a closed sliding patio door leading east. There is a closed plain door leading north. You need an exit without a door? You should try going south. There is an exit to the west.

There is a block of cheese, a yellow bell pepper and a white onion on the floor.","You are carrying: a red hot pepper, an orange bell pepper, a red onion, a cookbook and a raw yellow potato.",2 of 16,0.125,False,
63,,,"I need to find the banana and purple potato since I already have the red onion, red hot pepper, and orange bell pepper. I should explore other rooms to find these missing ingredients.",go north,,You have to open the plain door first.,Kitchen,"You find yourself in a kitchen. A typical one.

You can make out a fridge. The fridge is empty! This is the worst thing that could possibly happen, ever! You make out an oven. Wow, isn't TextWorld just the best? You smell a lovely smell, and follow it to a table. Now why would someone leave that there? But there isn't a thing on it. What, you think everything in TextWorld should have stuff on it? You make out a counter. On the counter you make out a red apple, a raw red potato and a knife. There's something strange about this being here, but you can't put your finger on it. You lean against the wall, inadvertently pressing a secret button. The wall opens up to reveal a stove. What a coincidence, weren't you just thinking about a stove? The stove is conventional. Unfortunately, there isn't a thing on it.

There is a closed sliding patio door leading east. There is a closed plain door leading north. You need an exit without a door? You should try going south. There is an exit to the west.

There is a block of cheese, a yellow bell pepper and a white onion on the floor.","You are carrying: a red hot pepper, an orange bell pepper, a red onion, a cookbook and a raw yellow potato.",2 of 16,0.125,False,
64,,,I need to open the plain door to the north before I can go through it.,open plain door,,You open plain door.,Kitchen,"You find yourself in a kitchen. A typical one.

You can make out a fridge. The fridge is empty! This is the worst thing that could possibly happen, ever! You make out an oven. Wow, isn't TextWorld just the best? You smell a lovely smell, and follow it to a table. Now why would someone leave that there? But there isn't a thing on it. What, you think everything in TextWorld should have stuff on it? You make out a counter. On the counter you make out a red apple, a raw red potato and a knife. There's something strange about this being here, but you can't put your finger on it. You lean against the wall, inadvertently pressing a secret button. The wall opens up to reveal a stove. What a coincidence, weren't you just thinking about a stove? The stove is conventional. Unfortunately, there isn't a thing on it.

There is a closed sliding patio door leading east. There is an open plain door leading north. You need an exit without a door? You should try going south. There is an exit to the west.

There is a block of cheese, a yellow bell pepper and a white onion on the floor.","You are carrying: a red hot pepper, an orange bell pepper, a red onion, a cookbook and a raw yellow potato.",2 of 16,0.125,False,
65,,,"Now that the plain door is open, I should go north to explore the next room for the missing ingredients.",go north,,"You've just sauntered into a pantry. Okay, just remember what you're here to do, and everything will go great.

You see a shelf. But there isn't a thing on it.

There is an open plain door leading south.",Pantry,"You've just sauntered into a pantry. Okay, just remember what you're here to do, and everything will go great.

You see a shelf. But there isn't a thing on it.

There is an open plain door leading south.","You are carrying: a red hot pepper, an orange bell pepper, a red onion, a cookbook and a raw yellow potato.",2 of 16,0.125,False,
66,,,"The pantry is empty, so I should go back south to the kitchen and check the floor items there for the missing ingredients.",go south,,"You find yourself in a kitchen. A typical one.

You can make out a fridge. The fridge is empty! This is the worst thing that could possibly happen, ever! You make out an oven. Wow, isn't TextWorld just the best? You smell a lovely smell, and follow it to a table. Now why would someone leave that there? But there isn't a thing on it. What, you think everything in TextWorld should have stuff on it? You make out a counter. On the counter you make out a red apple, a raw red potato and a knife. There's something strange about this being here, but you can't put your finger on it. You lean against the wall, inadvertently pressing a secret button. The wall opens up to reveal a stove. What a coincidence, weren't you just thinking about a stove? The stove is conventional. Unfortunately, there isn't a thing on it.

There is a closed sliding patio door leading east. There is an open plain door leading north. You need an exit without a door? You should try going south. There is an exit to the west.

There is a block of cheese, a yellow bell pepper and a white onion on the floor.",Kitchen,"You find yourself in a kitchen. A typical one.

You can make out a fridge. The fridge is empty! This is the worst thing that could possibly happen, ever! You make out an oven. Wow, isn't TextWorld just the best? You smell a lovely smell, and follow it to a table. Now why would someone leave that there? But there isn't a thing on it. What, you think everything in TextWorld should have stuff on it? You make out a counter. On the counter you make out a red apple, a raw red potato and a knife. There's something strange about this being here, but you can't put your finger on it. You lean against the wall, inadvertently pressing a secret button. The wall opens up to reveal a stove. What a coincidence, weren't you just thinking about a stove? The stove is conventional. Unfortunately, there isn't a thing on it.

There is a closed sliding patio door leading east. There is an open plain door leading north. You need an exit without a door? You should try going south. There is an exit to the west.

There is a block of cheese, a yellow bell pepper and a white onion on the floor.","You are carrying: a red hot pepper, an orange bell pepper, a red onion, a cookbook and a raw yellow potato.",2 of 16,0.125,False,
67,,,"I should take the block of cheese, the yellow bell pepper, and the white onion from the floor to have all ingredients for cooking.",take block of cheese from floor,,You're carrying too many things already.,Kitchen,"You find yourself in a kitchen. A typical one.

You can make out a fridge. The fridge is empty! This is the worst thing that could possibly happen, ever! You make out an oven. Wow, isn't TextWorld just the best? You smell a lovely smell, and follow it to a table. Now why would someone leave that there? But there isn't a thing on it. What, you think everything in TextWorld should have stuff on it? You make out a counter. On the counter you make out a red apple, a raw red potato and a knife. There's something strange about this being here, but you can't put your finger on it. You lean against the wall, inadvertently pressing a secret button. The wall opens up to reveal a stove. What a coincidence, weren't you just thinking about a stove? The stove is conventional. Unfortunately, there isn't a thing on it.

There is a closed sliding patio door leading east. There is an open plain door leading north. You need an exit without a door? You should try going south. There is an exit to the west.

There is a block of cheese, a yellow bell pepper and a white onion on the floor.","You are carrying: a red hot pepper, an orange bell pepper, a red onion, a cookbook and a raw yellow potato.",2 of 16,0.125,False,
68,,,"I am carrying too many items, so I should drop the red hot pepper to free up space and then take the block of cheese.",drop red hot pepper,,You drop the red hot pepper on the ground.,Kitchen,"You find yourself in a kitchen. A typical one.

You can make out a fridge. The fridge is empty! This is the worst thing that could possibly happen, ever! You make out an oven. Wow, isn't TextWorld just the best? You smell a lovely smell, and follow it to a table. Now why would someone leave that there? But there isn't a thing on it. What, you think everything in TextWorld should have stuff on it? You make out a counter. On the counter you make out a red apple, a raw red potato and a knife. There's something strange about this being here, but you can't put your finger on it. You lean against the wall, inadvertently pressing a secret button. The wall opens up to reveal a stove. What a coincidence, weren't you just thinking about a stove? The stove is conventional. Unfortunately, there isn't a thing on it.

There is a closed sliding patio door leading east. There is an open plain door leading north. You need an exit without a door? You should try going south. There is an exit to the west.

There is a red hot pepper, a block of cheese, a yellow bell pepper and a white onion on the floor.","You are carrying: an orange bell pepper, a red onion, a cookbook and a raw yellow potato.",2 of 16,0.125,False,
69,,,"Now that I have space, I should take the block of cheese from the floor.",take block of cheese from floor,,You pick up the block of cheese from the ground.,Kitchen,"You find yourself in a kitchen. A typical one.

You can make out a fridge. The fridge is empty! This is the worst thing that could possibly happen, ever! You make out an oven. Wow, isn't TextWorld just the best? You smell a lovely smell, and follow it to a table. Now why would someone leave that there? But there isn't a thing on it. What, you think everything in TextWorld should have stuff on it? You make out a counter. On the counter you make out a red apple, a raw red potato and a knife. There's something strange about this being here, but you can't put your finger on it. You lean against the wall, inadvertently pressing a secret button. The wall opens up to reveal a stove. What a coincidence, weren't you just thinking about a stove? The stove is conventional. Unfortunately, there isn't a thing on it.

There is a closed sliding patio door leading east. There is an open plain door leading north. You need an exit without a door? You should try going south. There is an exit to the west.

There is a red hot pepper, a yellow bell pepper and a white onion on the floor.","You are carrying: a block of cheese, an orange bell pepper, a red onion, a cookbook and a raw yellow potato.",2 of 16,0.125,False,
70,,,I should now take the yellow bell pepper from the floor to have more ingredients for cooking.,take yellow bell pepper from floor,,You're carrying too many things already.,Kitchen,"You find yourself in a kitchen. A typical one.

You can make out a fridge. The fridge is empty! This is the worst thing that could possibly happen, ever! You make out an oven. Wow, isn't TextWorld just the best? You smell a lovely smell, and follow it to a table. Now why would someone leave that there? But there isn't a thing on it. What, you think everything in TextWorld should have stuff on it? You make out a counter. On the counter you make out a red apple, a raw red potato and a knife. There's something strange about this being here, but you can't put your finger on it. You lean against the wall, inadvertently pressing a secret button. The wall opens up to reveal a stove. What a coincidence, weren't you just thinking about a stove? The stove is conventional. Unfortunately, there isn't a thing on it.

There is a closed sliding patio door leading east. There is an open plain door leading north. You need an exit without a door? You should try going south. There is an exit to the west.

There is a red hot pepper, a yellow bell pepper and a white onion on the floor.","You are carrying: a block of cheese, an orange bell pepper, a red onion, a cookbook and a raw yellow potato.",2 of 16,0.125,False,
71,,,I need to drop one item to pick up the yellow bell pepper. I will drop the orange bell pepper to free space.,drop orange bell pepper,,You drop the orange bell pepper on the ground.,Kitchen,"You find yourself in a kitchen. A typical one.

You can make out a fridge. The fridge is empty! This is the worst thing that could possibly happen, ever! You make out an oven. Wow, isn't TextWorld just the best? You smell a lovely smell, and follow it to a table. Now why would someone leave that there? But there isn't a thing on it. What, you think everything in TextWorld should have stuff on it? You make out a counter. On the counter you make out a red apple, a raw red potato and a knife. There's something strange about this being here, but you can't put your finger on it. You lean against the wall, inadvertently pressing a secret button. The wall opens up to reveal a stove. What a coincidence, weren't you just thinking about a stove? The stove is conventional. Unfortunately, there isn't a thing on it.

There is a closed sliding patio door leading east. There is an open plain door leading north. You need an exit without a door? You should try going south. There is an exit to the west.

There is an orange bell pepper, a red hot pepper, a yellow bell pepper and a white onion on the floor.","You are carrying: a block of cheese, a red onion, a cookbook and a raw yellow potato.",2 of 16,0.125,False,
72,,,"Now that I have space, I should take the yellow bell pepper from the floor.",take yellow bell pepper from floor,,You pick up the yellow bell pepper from the ground.,Kitchen,"You find yourself in a kitchen. A typical one.

You can make out a fridge. The fridge is empty! This is the worst thing that could possibly happen, ever! You make out an oven. Wow, isn't TextWorld just the best? You smell a lovely smell, and follow it to a table. Now why would someone leave that there? But there isn't a thing on it. What, you think everything in TextWorld should have stuff on it? You make out a counter. On the counter you make out a red apple, a raw red potato and a knife. There's something strange about this being here, but you can't put your finger on it. You lean against the wall, inadvertently pressing a secret button. The wall opens up to reveal a stove. What a coincidence, weren't you just thinking about a stove? The stove is conventional. Unfortunately, there isn't a thing on it.

There is a closed sliding patio door leading east. There is an open plain door leading north. You need an exit without a door? You should try going south. There is an exit to the west.

There is an orange bell pepper, a red hot pepper and a white onion on the floor.","You are carrying: a yellow bell pepper, a block of cheese, a red onion, a cookbook and a raw yellow potato.",2 of 16,0.125,False,
73,,,I should now check the cookbook for a recipe to cook a delicious meal.,examine cookbook,,"You open the copy of ""Cooking: A Modern Approach (3rd Ed.)"" and start reading:

Recipe #1
---------
Gather all following ingredients and follow the directions to prepare this tasty meal.

Ingredients:
red onion
  banana
  purple potato
  red hot pepper
  orange bell pepper

Directions:
dice the red onion
  grill the red onion
  dice the banana
  fry the banana
  dice the purple potato
  roast the purple potato
  chop the red hot pepper
  fry the red hot pepper
  slice the orange bell pepper
  roast the orange bell pepper
  prepare meal",Kitchen,"You find yourself in a kitchen. A typical one.

You can make out a fridge. The fridge is empty! This is the worst thing that could possibly happen, ever! You make out an oven. Wow, isn't TextWorld just the best? You smell a lovely smell, and follow it to a table. Now why would someone leave that there? But there isn't a thing on it. What, you think everything in TextWorld should have stuff on it? You make out a counter. On the counter you make out a red apple, a raw red potato and a knife. There's something strange about this being here, but you can't put your finger on it. You lean against the wall, inadvertently pressing a secret button. The wall opens up to reveal a stove. What a coincidence, weren't you just thinking about a stove? The stove is conventional. Unfortunately, there isn't a thing on it.

There is a closed sliding patio door leading east. There is an open plain door leading north. You need an exit without a door? You should try going south. There is an exit to the west.

There is an orange bell pepper, a red hot pepper and a white onion on the floor.","You are carrying: a yellow bell pepper, a block of cheese, a red onion, a cookbook and a raw yellow potato.",2 of 16,0.125,False,
74,,,"The recipe requires a red onion, banana, purple potato, red hot pepper, and orange bell pepper. I currently have a red onion but not the others. I should take the orange bell pepper and red hot pepper from the floor and drop the yellow bell pepper to make space.",drop yellow bell pepper,,You drop the yellow bell pepper on the ground.,Kitchen,"You find yourself in a kitchen. A typical one.

You can make out a fridge. The fridge is empty! This is the worst thing that could possibly happen, ever! You make out an oven. Wow, isn't TextWorld just the best? You smell a lovely smell, and follow it to a table. Now why would someone leave that there? But there isn't a thing on it. What, you think everything in TextWorld should have stuff on it? You make out a counter. On the counter you make out a red apple, a raw red potato and a knife. There's something strange about this being here, but you can't put your finger on it. You lean against the wall, inadvertently pressing a secret button. The wall opens up to reveal a stove. What a coincidence, weren't you just thinking about a stove? The stove is conventional. Unfortunately, there isn't a thing on it.

There is a closed sliding patio door leading east. There is an open plain door leading north. You need an exit without a door? You should try going south. There is an exit to the west.

There is a yellow bell pepper, an orange bell pepper, a red hot pepper and a white onion on the floor.","You are carrying: a block of cheese, a red onion, a cookbook and a raw yellow potato.",2 of 16,0.125,False,
75,,,I should take the orange bell pepper and the red hot pepper from the floor to have the required ingredients.,take orange bell pepper from floor,,You pick up the orange bell pepper from the ground.,Kitchen,"You find yourself in a kitchen. A typical one.

You can make out a fridge. The fridge is empty! This is the worst thing that could possibly happen, ever! You make out an oven. Wow, isn't TextWorld just the best? You smell a lovely smell, and follow it to a table. Now why would someone leave that there? But there isn't a thing on it. What, you think everything in TextWorld should have stuff on it? You make out a counter. On the counter you make out a red apple, a raw red potato and a knife. There's something strange about this being here, but you can't put your finger on it. You lean against the wall, inadvertently pressing a secret button. The wall opens up to reveal a stove. What a coincidence, weren't you just thinking about a stove? The stove is conventional. Unfortunately, there isn't a thing on it.

There is a closed sliding patio door leading east. There is an open plain door leading north. You need an exit without a door? You should try going south. There is an exit to the west.

There is a yellow bell pepper, a red hot pepper and a white onion on the floor.","You are carrying: an orange bell pepper, a block of cheese, a red onion, a cookbook and a raw yellow potato.",2 of 16,0.125,False,
76,,,I should take the red hot pepper from the floor to have all the required ingredients except the banana and purple potato.,take red hot pepper from floor,,You're carrying too many things already.,Kitchen,"You find yourself in a kitchen. A typical one.

You can make out a fridge. The fridge is empty! This is the worst thing that could possibly happen, ever! You make out an oven. Wow, isn't TextWorld just the best? You smell a lovely smell, and follow it to a table. Now why would someone leave that there? But there isn't a thing on it. What, you think everything in TextWorld should have stuff on it? You make out a counter. On the counter you make out a red apple, a raw red potato and a knife. There's something strange about this being here, but you can't put your finger on it. You lean against the wall, inadvertently pressing a secret button. The wall opens up to reveal a stove. What a coincidence, weren't you just thinking about a stove? The stove is conventional. Unfortunately, there isn't a thing on it.

There is a closed sliding patio door leading east. There is an open plain door leading north. You need an exit without a door? You should try going south. There is an exit to the west.

There is a yellow bell pepper, a red hot pepper and a white onion on the floor.","You are carrying: an orange bell pepper, a block of cheese, a red onion, a cookbook and a raw yellow potato.",2 of 16,0.125,False,
77,,,I am carrying a block of cheese which is not needed for the recipe. I should drop the block of cheese to free up space and then take the red hot pepper.,drop block of cheese,,You drop the block of cheese on the ground.,Kitchen,"You find yourself in a kitchen. A typical one.

You can make out a fridge. The fridge is empty! This is the worst thing that could possibly happen, ever! You make out an oven. Wow, isn't TextWorld just the best? You smell a lovely smell, and follow it to a table. Now why would someone leave that there? But there isn't a thing on it. What, you think everything in TextWorld should have stuff on it? You make out a counter. On the counter you make out a red apple, a raw red potato and a knife. There's something strange about this being here, but you can't put your finger on it. You lean against the wall, inadvertently pressing a secret button. The wall opens up to reveal a stove. What a coincidence, weren't you just thinking about a stove? The stove is conventional. Unfortunately, there isn't a thing on it.

There is a closed sliding patio door leading east. There is an open plain door leading north. You need an exit without a door? You should try going south. There is an exit to the west.

There is a block of cheese, a yellow bell pepper, a red hot pepper and a white onion on the floor.","You are carrying: an orange bell pepper, a red onion, a cookbook and a raw yellow potato.",2 of 16,0.125,False,
78,,,"Now that I have freed up space, I should take the red hot pepper from the floor.",take red hot pepper from floor,,You pick up the red hot pepper from the ground.,Kitchen,"You find yourself in a kitchen. A typical one.

You can make out a fridge. The fridge is empty! This is the worst thing that could possibly happen, ever! You make out an oven. Wow, isn't TextWorld just the best? You smell a lovely smell, and follow it to a table. Now why would someone leave that there? But there isn't a thing on it. What, you think everything in TextWorld should have stuff on it? You make out a counter. On the counter you make out a red apple, a raw red potato and a knife. There's something strange about this being here, but you can't put your finger on it. You lean against the wall, inadvertently pressing a secret button. The wall opens up to reveal a stove. What a coincidence, weren't you just thinking about a stove? The stove is conventional. Unfortunately, there isn't a thing on it.

There is a closed sliding patio door leading east. There is an open plain door leading north. You need an exit without a door? You should try going south. There is an exit to the west.

There is a block of cheese, a yellow bell pepper and a white onion on the floor.","You are carrying: a red hot pepper, an orange bell pepper, a red onion, a cookbook and a raw yellow potato.",2 of 16,0.125,False,
79,,,I should now check the cookbook for the recipe to cook a delicious meal.,examine cookbook,,"You open the copy of ""Cooking: A Modern Approach (3rd Ed.)"" and start reading:

Recipe #1
---------
Gather all following ingredients and follow the directions to prepare this tasty meal.

Ingredients:
red onion
  banana
  purple potato
  red hot pepper
  orange bell pepper

Directions:
dice the red onion
  grill the red onion
  dice the banana
  fry the banana
  dice the purple potato
  roast the purple potato
  chop the red hot pepper
  fry the red hot pepper
  slice the orange bell pepper
  roast the orange bell pepper
  prepare meal",Kitchen,"You find yourself in a kitchen. A typical one.

You can make out a fridge. The fridge is empty! This is the worst thing that could possibly happen, ever! You make out an oven. Wow, isn't TextWorld just the best? You smell a lovely smell, and follow it to a table. Now why would someone leave that there? But there isn't a thing on it. What, you think everything in TextWorld should have stuff on it? You make out a counter. On the counter you make out a red apple, a raw red potato and a knife. There's something strange about this being here, but you can't put your finger on it. You lean against the wall, inadvertently pressing a secret button. The wall opens up to reveal a stove. What a coincidence, weren't you just thinking about a stove? The stove is conventional. Unfortunately, there isn't a thing on it.

There is a closed sliding patio door leading east. There is an open plain door leading north. You need an exit without a door? You should try going south. There is an exit to the west.

There is a block of cheese, a yellow bell pepper and a white onion on the floor.","You are carrying: a red hot pepper, an orange bell pepper, a red onion, a cookbook and a raw yellow potato.",2 of 16,0.125,False,
80,,,"I need to gather the ingredients from the recipe: red onion, banana, purple potato, red hot pepper, and orange bell pepper. I currently have red hot pepper, orange bell pepper, and red onion, but I don't have banana or purple potato. I should check the kitchen for these missing ingredients.",look,,"You find yourself in a kitchen. A typical one.

You can make out a fridge. The fridge is empty! This is the worst thing that could possibly happen, ever! You make out an oven. Wow, isn't TextWorld just the best? You smell a lovely smell, and follow it to a table. Now why would someone leave that there? But there isn't a thing on it. What, you think everything in TextWorld should have stuff on it? You make out a counter. On the counter you make out a red apple, a raw red potato and a knife. There's something strange about this being here, but you can't put your finger on it. You lean against the wall, inadvertently pressing a secret button. The wall opens up to reveal a stove. What a coincidence, weren't you just thinking about a stove? The stove is conventional. Unfortunately, there isn't a thing on it.

There is a closed sliding patio door leading east. There is an open plain door leading north. You need an exit without a door? You should try going south. There is an exit to the west.

There is a block of cheese, a yellow bell pepper and a white onion on the floor.",Kitchen,"You find yourself in a kitchen. A typical one.

You can make out a fridge. The fridge is empty! This is the worst thing that could possibly happen, ever! You make out an oven. Wow, isn't TextWorld just the best? You smell a lovely smell, and follow it to a table. Now why would someone leave that there? But there isn't a thing on it. What, you think everything in TextWorld should have stuff on it? You make out a counter. On the counter you make out a red apple, a raw red potato and a knife. There's something strange about this being here, but you can't put your finger on it. You lean against the wall, inadvertently pressing a secret button. The wall opens up to reveal a stove. What a coincidence, weren't you just thinking about a stove? The stove is conventional. Unfortunately, there isn't a thing on it.

There is a closed sliding patio door leading east. There is an open plain door leading north. You need an exit without a door? You should try going south. There is an exit to the west.

There is a block of cheese, a yellow bell pepper and a white onion on the floor.","You are carrying: a red hot pepper, an orange bell pepper, a red onion, a cookbook and a raw yellow potato.",2 of 16,0.125,False,
81,,,I do not see a banana or a purple potato in the kitchen. I will take the red apple and the raw red potato from the counter as possible substitutes or ingredients to use.,take red apple from counter,,You're carrying too many things already.,Kitchen,"You find yourself in a kitchen. A typical one.

You can make out a fridge. The fridge is empty! This is the worst thing that could possibly happen, ever! You make out an oven. Wow, isn't TextWorld just the best? You smell a lovely smell, and follow it to a table. Now why would someone leave that there? But there isn't a thing on it. What, you think everything in TextWorld should have stuff on it? You make out a counter. On the counter you make out a red apple, a raw red potato and a knife. There's something strange about this being here, but you can't put your finger on it. You lean against the wall, inadvertently pressing a secret button. The wall opens up to reveal a stove. What a coincidence, weren't you just thinking about a stove? The stove is conventional. Unfortunately, there isn't a thing on it.

There is a closed sliding patio door leading east. There is an open plain door leading north. You need an exit without a door? You should try going south. There is an exit to the west.

There is a block of cheese, a yellow bell pepper and a white onion on the floor.","You are carrying: a red hot pepper, an orange bell pepper, a red onion, a cookbook and a raw yellow potato.",2 of 16,0.125,False,
82,,,I am carrying too many items. I should drop the raw yellow potato to free up space and then take the red apple.,drop raw yellow potato,,You drop the yellow potato on the ground.,Kitchen,"You find yourself in a kitchen. A typical one.

You can make out a fridge. The fridge is empty! This is the worst thing that could possibly happen, ever! You make out an oven. Wow, isn't TextWorld just the best? You smell a lovely smell, and follow it to a table. Now why would someone leave that there? But there isn't a thing on it. What, you think everything in TextWorld should have stuff on it? You make out a counter. On the counter you make out a red apple, a raw red potato and a knife. There's something strange about this being here, but you can't put your finger on it. You lean against the wall, inadvertently pressing a secret button. The wall opens up to reveal a stove. What a coincidence, weren't you just thinking about a stove? The stove is conventional. Unfortunately, there isn't a thing on it.

There is a closed sliding patio door leading east. There is an open plain door leading north. You need an exit without a door? You should try going south. There is an exit to the west.

There is a raw yellow potato, a block of cheese, a yellow bell pepper and a white onion on the floor.","You are carrying: a red hot pepper, an orange bell pepper, a red onion and a cookbook.",2 of 16,0.125,True,
