step_id,plan,summary,thought,action,task,feedback,location,description,inventory,score,reward,is_done,error
0,,,,,"You are hungry! Let's cook a delicious meal. Check the cookbook in the kitchen for the recipe. Once done, enjoy your meal!",,Livingroom,"You've entered a livingroom.

You can make out a sofa. Make a note of this, you might have to put stuff on or in it later on. The sofa is comfy. Unfortunately, there isn't a thing on it.

There is a closed fiberglass door leading south. There is an exit to the east. There is an exit to the north.",You are carrying nothing.,0 of 17,0.0,False,
1,,,I should go north to the kitchen to find the cookbook and check the recipe for cooking a delicious meal.,go north,,"Well, here we are in the kitchen.

You bend down to tie your shoe. When you stand up, you notice a fridge. You see a closed oven. You make out a table. The table is massive. On the table you can make out a knife. You see a counter. You see a raw purple potato, a red apple, a banana, a raw red potato and a cookbook on the counter. Hmmm... what else, what else? You can see a stove. The stove is conventional. But the thing hasn't got anything on it.

There is a closed frosted-glass door leading west. You need an exit without a door? You should try going south.",Kitchen,"Well, here we are in the kitchen.

You bend down to tie your shoe. When you stand up, you notice a fridge. You see a closed oven. You make out a table. The table is massive. On the table you can make out a knife. You see a counter. You see a raw purple potato, a red apple, a banana, a raw red potato and a cookbook on the counter. Hmmm... what else, what else? You can see a stove. The stove is conventional. But the thing hasn't got anything on it.

There is a closed frosted-glass door leading west. You need an exit without a door? You should try going south.",You are carrying nothing.,0 of 17,0.0,False,
2,,,I should take the cookbook from the counter to check the recipe for cooking a delicious meal.,take cookbook from counter,,You take the cookbook from the counter.,Kitchen,"Well, here we are in the kitchen.

You bend down to tie your shoe. When you stand up, you notice a fridge. You see a closed oven. You make out a table. The table is massive. On the table you can make out a knife. You see a counter. You see a raw purple potato, a red apple, a banana and a raw red potato on the counter. Hmmm... what else, what else? You can see a stove. The stove is conventional. But the thing hasn't got anything on it.

There is a closed frosted-glass door leading west. You need an exit without a door? You should try going south.",You are carrying: a cookbook.,0 of 17,0.0,False,
3,,,I should examine the cookbook to find the recipe for cooking a delicious meal.,examine cookbook,,"You open the copy of ""Cooking: A Modern Approach (3rd Ed.)"" and start reading:

Recipe #1
---------
Gather all following ingredients and follow the directions to prepare this tasty meal.

Ingredients:
pork chop
  block of cheese
  red onion
  purple potato
  yellow bell pepper

Directions:
chop the pork chop
  fry the pork chop
  chop the block of cheese
  grill the block of cheese
  dice the red onion
  fry the red onion
  dice the purple potato
  roast the purple potato
  slice the yellow bell pepper
  grill the yellow bell pepper
  prepare meal",Kitchen,"Well, here we are in the kitchen.

You bend down to tie your shoe. When you stand up, you notice a fridge. You see a closed oven. You make out a table. The table is massive. On the table you can make out a knife. You see a counter. You see a raw purple potato, a red apple, a banana and a raw red potato on the counter. Hmmm... what else, what else? You can see a stove. The stove is conventional. But the thing hasn't got anything on it.

There is a closed frosted-glass door leading west. You need an exit without a door? You should try going south.",You are carrying: a cookbook.,0 of 17,0.0,False,
4,,,"I need to find the pork chop, block of cheese, red onion, purple potato, and yellow bell pepper to cook the meal. I see a raw purple potato on the counter, so I should take it first.",take raw purple potato from counter,,"You take the purple potato from the counter.



Your score has just gone up by one point.",Kitchen,"Well, here we are in the kitchen.

You bend down to tie your shoe. When you stand up, you notice a fridge. You see a closed oven. You make out a table. The table is massive. On the table you can make out a knife. You see a counter. You see a red apple, a banana and a raw red potato on the counter. Hmmm... what else, what else? You can see a stove. The stove is conventional. But the thing hasn't got anything on it.

There is a closed frosted-glass door leading west. You need an exit without a door? You should try going south.",You are carrying: a raw purple potato and a cookbook.,1 of 17,0.058823529411764705,False,
5,,,"I still need to find the pork chop, block of cheese, red onion, and yellow bell pepper. I should check the fridge for these ingredients.",open fridge,,"You open the fridge, revealing a red onion, a block of cheese, an orange bell pepper, a red hot pepper and a white onion.",Kitchen,"Well, here we are in the kitchen.

You bend down to tie your shoe. When you stand up, you notice a fridge. The fridge contains a red onion, a block of cheese, an orange bell pepper, a red hot pepper and a white onion. You see a closed oven. You make out a table. The table is massive. On the table you can make out a knife. You see a counter. You see a red apple, a banana and a raw red potato on the counter. Hmmm... what else, what else? You can see a stove. The stove is conventional. But the thing hasn't got anything on it.

There is a closed frosted-glass door leading west. You need an exit without a door? You should try going south.",You are carrying: a raw purple potato and a cookbook.,1 of 17,0.058823529411764705,False,
6,,,I should take the red onion and the block of cheese from the fridge since they are part of the recipe.,take red onion from fridge,,"You take the red onion from the fridge.



Your score has just gone up by one point.",Kitchen,"Well, here we are in the kitchen.

You bend down to tie your shoe. When you stand up, you notice a fridge. The fridge contains a block of cheese, an orange bell pepper, a red hot pepper and a white onion. You see a closed oven. You make out a table. The table is massive. On the table you can make out a knife. You see a counter. You see a red apple, a banana and a raw red potato on the counter. Hmmm... what else, what else? You can see a stove. The stove is conventional. But the thing hasn't got anything on it.

There is a closed frosted-glass door leading west. You need an exit without a door? You should try going south.","You are carrying: a red onion, a raw purple potato and a cookbook.",2 of 17,0.11764705882352941,False,
7,,,I should take the block of cheese and the orange bell pepper from the fridge to complete the ingredients I have found.,take block of cheese from fridge,,"You take the block of cheese from the fridge.



Your score has just gone up by one point.",Kitchen,"Well, here we are in the kitchen.

You bend down to tie your shoe. When you stand up, you notice a fridge. The fridge contains an orange bell pepper, a red hot pepper and a white onion. You see a closed oven. You make out a table. The table is massive. On the table you can make out a knife. You see a counter. You see a red apple, a banana and a raw red potato on the counter. Hmmm... what else, what else? You can see a stove. The stove is conventional. But the thing hasn't got anything on it.

There is a closed frosted-glass door leading west. You need an exit without a door? You should try going south.","You are carrying: a block of cheese, a red onion, a raw purple potato and a cookbook.",3 of 17,0.17647058823529413,False,
8,,,I should take the orange bell pepper from the fridge to have all the vegetables needed for the recipe.,take orange bell pepper from fridge,,You take the orange bell pepper from the fridge.,Kitchen,"Well, here we are in the kitchen.

You bend down to tie your shoe. When you stand up, you notice a fridge. The fridge contains a red hot pepper and a white onion. You see a closed oven. You make out a table. The table is massive. On the table you can make out a knife. You see a counter. You see a red apple, a banana and a raw red potato on the counter. Hmmm... what else, what else? You can see a stove. The stove is conventional. But the thing hasn't got anything on it.

There is a closed frosted-glass door leading west. You need an exit without a door? You should try going south.","You are carrying: an orange bell pepper, a block of cheese, a red onion, a raw purple potato and a cookbook.",3 of 17,0.17647058823529413,False,
9,,,I should take the knife from the table to prepare the ingredients.,take knife from table,,You're carrying too many things already.,Kitchen,"Well, here we are in the kitchen.

You bend down to tie your shoe. When you stand up, you notice a fridge. The fridge contains a red hot pepper and a white onion. You see a closed oven. You make out a table. The table is massive. On the table you can make out a knife. You see a counter. You see a red apple, a banana and a raw red potato on the counter. Hmmm... what else, what else? You can see a stove. The stove is conventional. But the thing hasn't got anything on it.

There is a closed frosted-glass door leading west. You need an exit without a door? You should try going south.","You are carrying: an orange bell pepper, a block of cheese, a red onion, a raw purple potato and a cookbook.",3 of 17,0.17647058823529413,False,
10,,,"I am carrying too many items, so I should put down the raw purple potato to take the knife.",drop raw purple potato,,You drop the purple potato on the ground.,Kitchen,"Well, here we are in the kitchen.

You bend down to tie your shoe. When you stand up, you notice a fridge. The fridge contains a red hot pepper and a white onion. You see a closed oven. You make out a table. The table is massive. On the table you can make out a knife. You see a counter. You see a red apple, a banana and a raw red potato on the counter. Hmmm... what else, what else? You can see a stove. The stove is conventional. But the thing hasn't got anything on it.

There is a closed frosted-glass door leading west. You need an exit without a door? You should try going south.

There is a raw purple potato on the floor.","You are carrying: an orange bell pepper, a block of cheese, a red onion and a cookbook.",3 of 17,0.17647058823529413,False,
11,,,"Now that I have space, I should take the knife from the table to prepare the ingredients.",take knife from table,,You take the knife from the table.,Kitchen,"Well, here we are in the kitchen.

You bend down to tie your shoe. When you stand up, you notice a fridge. The fridge contains a red hot pepper and a white onion. You see a closed oven. You make out a table. The table is massive. However, the table, like an empty table, has nothing on it. You see a counter. You see a red apple, a banana and a raw red potato on the counter. Hmmm... what else, what else? You can see a stove. The stove is conventional. But the thing hasn't got anything on it.

There is a closed frosted-glass door leading west. You need an exit without a door? You should try going south.

There is a raw purple potato on the floor.","You are carrying: a knife, an orange bell pepper, a block of cheese, a red onion and a cookbook.",3 of 17,0.17647058823529413,False,
12,,,I should examine the cookbook to find a recipe for a delicious meal.,examine cookbook,,"You open the copy of ""Cooking: A Modern Approach (3rd Ed.)"" and start reading:

Recipe #1
---------
Gather all following ingredients and follow the directions to prepare this tasty meal.

Ingredients:
pork chop
  block of cheese
  red onion
  purple potato
  yellow bell pepper

Directions:
chop the pork chop
  fry the pork chop
  chop the block of cheese
  grill the block of cheese
  dice the red onion
  fry the red onion
  dice the purple potato
  roast the purple potato
  slice the yellow bell pepper
  grill the yellow bell pepper
  prepare meal",Kitchen,"Well, here we are in the kitchen.

You bend down to tie your shoe. When you stand up, you notice a fridge. The fridge contains a red hot pepper and a white onion. You see a closed oven. You make out a table. The table is massive. However, the table, like an empty table, has nothing on it. You see a counter. You see a red apple, a banana and a raw red potato on the counter. Hmmm... what else, what else? You can see a stove. The stove is conventional. But the thing hasn't got anything on it.

There is a closed frosted-glass door leading west. You need an exit without a door? You should try going south.

There is a raw purple potato on the floor.","You are carrying: a knife, an orange bell pepper, a block of cheese, a red onion and a cookbook.",3 of 17,0.17647058823529413,False,
13,,,"I need a pork chop and a purple potato to complete the recipe, so I should take the raw purple potato from the floor and check the fridge for a pork chop.",take raw purple potato from floor,,You're carrying too many things already.,Kitchen,"Well, here we are in the kitchen.

You bend down to tie your shoe. When you stand up, you notice a fridge. The fridge contains a red hot pepper and a white onion. You see a closed oven. You make out a table. The table is massive. However, the table, like an empty table, has nothing on it. You see a counter. You see a red apple, a banana and a raw red potato on the counter. Hmmm... what else, what else? You can see a stove. The stove is conventional. But the thing hasn't got anything on it.

There is a closed frosted-glass door leading west. You need an exit without a door? You should try going south.

There is a raw purple potato on the floor.","You are carrying: a knife, an orange bell pepper, a block of cheese, a red onion and a cookbook.",3 of 17,0.17647058823529413,False,
14,,,"I am carrying too many items, so I should drop the orange bell pepper to free up space for the purple potato.",drop orange bell pepper,,You drop the orange bell pepper on the ground.,Kitchen,"Well, here we are in the kitchen.

You bend down to tie your shoe. When you stand up, you notice a fridge. The fridge contains a red hot pepper and a white onion. You see a closed oven. You make out a table. The table is massive. However, the table, like an empty table, has nothing on it. You see a counter. You see a red apple, a banana and a raw red potato on the counter. Hmmm... what else, what else? You can see a stove. The stove is conventional. But the thing hasn't got anything on it.

There is a closed frosted-glass door leading west. You need an exit without a door? You should try going south.

There is an orange bell pepper and a raw purple potato on the floor.","You are carrying: a knife, a block of cheese, a red onion and a cookbook.",3 of 17,0.17647058823529413,False,
15,,,"Now that I have space, I should take the raw purple potato from the floor.",take raw purple potato from floor,,You pick up the purple potato from the ground.,Kitchen,"Well, here we are in the kitchen.

You bend down to tie your shoe. When you stand up, you notice a fridge. The fridge contains a red hot pepper and a white onion. You see a closed oven. You make out a table. The table is massive. However, the table, like an empty table, has nothing on it. You see a counter. You see a red apple, a banana and a raw red potato on the counter. Hmmm... what else, what else? You can see a stove. The stove is conventional. But the thing hasn't got anything on it.

There is a closed frosted-glass door leading west. You need an exit without a door? You should try going south.

There is an orange bell pepper on the floor.","You are carrying: a raw purple potato, a knife, a block of cheese, a red onion and a cookbook.",3 of 17,0.17647058823529413,False,
16,,,"I still need a pork chop for the recipe, so I should check the fridge to see if it contains a pork chop.",open fridge,,That's already open.,Kitchen,"Well, here we are in the kitchen.

You bend down to tie your shoe. When you stand up, you notice a fridge. The fridge contains a red hot pepper and a white onion. You see a closed oven. You make out a table. The table is massive. However, the table, like an empty table, has nothing on it. You see a counter. You see a red apple, a banana and a raw red potato on the counter. Hmmm... what else, what else? You can see a stove. The stove is conventional. But the thing hasn't got anything on it.

There is a closed frosted-glass door leading west. You need an exit without a door? You should try going south.

There is an orange bell pepper on the floor.","You are carrying: a raw purple potato, a knife, a block of cheese, a red onion and a cookbook.",3 of 17,0.17647058823529413,False,
17,,,I should take the red hot pepper and the white onion from the fridge to use for cooking.,take red hot pepper from fridge,,You're carrying too many things already.,Kitchen,"Well, here we are in the kitchen.

You bend down to tie your shoe. When you stand up, you notice a fridge. The fridge contains a red hot pepper and a white onion. You see a closed oven. You make out a table. The table is massive. However, the table, like an empty table, has nothing on it. You see a counter. You see a red apple, a banana and a raw red potato on the counter. Hmmm... what else, what else? You can see a stove. The stove is conventional. But the thing hasn't got anything on it.

There is a closed frosted-glass door leading west. You need an exit without a door? You should try going south.

There is an orange bell pepper on the floor.","You are carrying: a raw purple potato, a knife, a block of cheese, a red onion and a cookbook.",3 of 17,0.17647058823529413,False,
18,,,"I am carrying too many items, so I should drop the block of cheese to free up space.",drop block of cheese,,You drop the block of cheese on the ground.,Kitchen,"Well, here we are in the kitchen.

You bend down to tie your shoe. When you stand up, you notice a fridge. The fridge contains a red hot pepper and a white onion. You see a closed oven. You make out a table. The table is massive. However, the table, like an empty table, has nothing on it. You see a counter. You see a red apple, a banana and a raw red potato on the counter. Hmmm... what else, what else? You can see a stove. The stove is conventional. But the thing hasn't got anything on it.

There is a closed frosted-glass door leading west. You need an exit without a door? You should try going south.

There is a block of cheese and an orange bell pepper on the floor.","You are carrying: a raw purple potato, a knife, a red onion and a cookbook.",3 of 17,0.17647058823529413,False,
19,,,"Now that I have space, I should take the red hot pepper from the fridge.",take red hot pepper from fridge,,You take the red hot pepper from the fridge.,Kitchen,"Well, here we are in the kitchen.

You bend down to tie your shoe. When you stand up, you notice a fridge. The fridge contains a white onion. You see a closed oven. You make out a table. The table is massive. However, the table, like an empty table, has nothing on it. You see a counter. You see a red apple, a banana and a raw red potato on the counter. Hmmm... what else, what else? You can see a stove. The stove is conventional. But the thing hasn't got anything on it.

There is a closed frosted-glass door leading west. You need an exit without a door? You should try going south.

There is a block of cheese and an orange bell pepper on the floor.","You are carrying: a red hot pepper, a raw purple potato, a knife, a red onion and a cookbook.",3 of 17,0.17647058823529413,False,
20,,,I should now take the white onion from the fridge to have all ingredients for cooking.,take white onion from fridge,,You're carrying too many things already.,Kitchen,"Well, here we are in the kitchen.

You bend down to tie your shoe. When you stand up, you notice a fridge. The fridge contains a white onion. You see a closed oven. You make out a table. The table is massive. However, the table, like an empty table, has nothing on it. You see a counter. You see a red apple, a banana and a raw red potato on the counter. Hmmm... what else, what else? You can see a stove. The stove is conventional. But the thing hasn't got anything on it.

There is a closed frosted-glass door leading west. You need an exit without a door? You should try going south.

There is a block of cheese and an orange bell pepper on the floor.","You are carrying: a red hot pepper, a raw purple potato, a knife, a red onion and a cookbook.",3 of 17,0.17647058823529413,False,
21,,,I need to drop the red onion to make space for the white onion.,drop red onion,,You drop the red onion on the ground.,Kitchen,"Well, here we are in the kitchen.

You bend down to tie your shoe. When you stand up, you notice a fridge. The fridge contains a white onion. You see a closed oven. You make out a table. The table is massive. However, the table, like an empty table, has nothing on it. You see a counter. You see a red apple, a banana and a raw red potato on the counter. Hmmm... what else, what else? You can see a stove. The stove is conventional. But the thing hasn't got anything on it.

There is a closed frosted-glass door leading west. You need an exit without a door? You should try going south.

There is a red onion, a block of cheese and an orange bell pepper on the floor.","You are carrying: a red hot pepper, a raw purple potato, a knife and a cookbook.",3 of 17,0.17647058823529413,False,
22,,,"Now that I have space, I should take the white onion from the fridge.",take white onion from fridge,,You take the white onion from the fridge.,Kitchen,"Well, here we are in the kitchen.

You bend down to tie your shoe. When you stand up, you notice a fridge. Empty! What kind of nightmare TextWorld is this? You see a closed oven. You make out a table. The table is massive. However, the table, like an empty table, has nothing on it. You see a counter. You see a red apple, a banana and a raw red potato on the counter. Hmmm... what else, what else? You can see a stove. The stove is conventional. But the thing hasn't got anything on it.

There is a closed frosted-glass door leading west. You need an exit without a door? You should try going south.

There is a red onion, a block of cheese and an orange bell pepper on the floor.","You are carrying: a white onion, a red hot pepper, a raw purple potato, a knife and a cookbook.",3 of 17,0.17647058823529413,False,
23,,,I should now open the cookbook to check the recipe for cooking a delicious meal.,examine cookbook,,"You open the copy of ""Cooking: A Modern Approach (3rd Ed.)"" and start reading:

Recipe #1
---------
Gather all following ingredients and follow the directions to prepare this tasty meal.

Ingredients:
pork chop
  block of cheese
  red onion
  purple potato
  yellow bell pepper

Directions:
chop the pork chop
  fry the pork chop
  chop the block of cheese
  grill the block of cheese
  dice the red onion
  fry the red onion
  dice the purple potato
  roast the purple potato
  slice the yellow bell pepper
  grill the yellow bell pepper
  prepare meal",Kitchen,"Well, here we are in the kitchen.

You bend down to tie your shoe. When you stand up, you notice a fridge. Empty! What kind of nightmare TextWorld is this? You see a closed oven. You make out a table. The table is massive. However, the table, like an empty table, has nothing on it. You see a counter. You see a red apple, a banana and a raw red potato on the counter. Hmmm... what else, what else? You can see a stove. The stove is conventional. But the thing hasn't got anything on it.

There is a closed frosted-glass door leading west. You need an exit without a door? You should try going south.

There is a red onion, a block of cheese and an orange bell pepper on the floor.","You are carrying: a white onion, a red hot pepper, a raw purple potato, a knife and a cookbook.",3 of 17,0.17647058823529413,False,
24,,,"I need to gather the required ingredients from the floor and counter: block of cheese, red onion, purple potato, and yellow bell pepper (I have a red hot pepper instead of yellow bell pepper, so I will take the orange bell pepper from the floor).",take block of cheese from floor,,You're carrying too many things already.,Kitchen,"Well, here we are in the kitchen.

You bend down to tie your shoe. When you stand up, you notice a fridge. Empty! What kind of nightmare TextWorld is this? You see a closed oven. You make out a table. The table is massive. However, the table, like an empty table, has nothing on it. You see a counter. You see a red apple, a banana and a raw red potato on the counter. Hmmm... what else, what else? You can see a stove. The stove is conventional. But the thing hasn't got anything on it.

There is a closed frosted-glass door leading west. You need an exit without a door? You should try going south.

There is a red onion, a block of cheese and an orange bell pepper on the floor.","You are carrying: a white onion, a red hot pepper, a raw purple potato, a knife and a cookbook.",3 of 17,0.17647058823529413,False,
25,,,"I am carrying too many items, so I should drop the red hot pepper to free up space.",drop red hot pepper,,You drop the red hot pepper on the ground.,Kitchen,"Well, here we are in the kitchen.

You bend down to tie your shoe. When you stand up, you notice a fridge. Empty! What kind of nightmare TextWorld is this? You see a closed oven. You make out a table. The table is massive. However, the table, like an empty table, has nothing on it. You see a counter. You see a red apple, a banana and a raw red potato on the counter. Hmmm... what else, what else? You can see a stove. The stove is conventional. But the thing hasn't got anything on it.

There is a closed frosted-glass door leading west. You need an exit without a door? You should try going south.

There is a red hot pepper, a red onion, a block of cheese and an orange bell pepper on the floor.","You are carrying: a white onion, a raw purple potato, a knife and a cookbook.",3 of 17,0.17647058823529413,False,
26,,,I should now take the block of cheese from the floor.,take block of cheese from floor,,You pick up the block of cheese from the ground.,Kitchen,"Well, here we are in the kitchen.

You bend down to tie your shoe. When you stand up, you notice a fridge. Empty! What kind of nightmare TextWorld is this? You see a closed oven. You make out a table. The table is massive. However, the table, like an empty table, has nothing on it. You see a counter. You see a red apple, a banana and a raw red potato on the counter. Hmmm... what else, what else? You can see a stove. The stove is conventional. But the thing hasn't got anything on it.

There is a closed frosted-glass door leading west. You need an exit without a door? You should try going south.

There is a red hot pepper, a red onion and an orange bell pepper on the floor.","You are carrying: a block of cheese, a white onion, a raw purple potato, a knife and a cookbook.",3 of 17,0.17647058823529413,False,
27,,,I need to drop the white onion to free space for the red onion.,drop white onion,,You drop the white onion on the ground.,Kitchen,"Well, here we are in the kitchen.

You bend down to tie your shoe. When you stand up, you notice a fridge. Empty! What kind of nightmare TextWorld is this? You see a closed oven. You make out a table. The table is massive. However, the table, like an empty table, has nothing on it. You see a counter. You see a red apple, a banana and a raw red potato on the counter. Hmmm... what else, what else? You can see a stove. The stove is conventional. But the thing hasn't got anything on it.

There is a closed frosted-glass door leading west. You need an exit without a door? You should try going south.

There is a white onion, a red hot pepper, a red onion and an orange bell pepper on the floor.","You are carrying: a block of cheese, a raw purple potato, a knife and a cookbook.",3 of 17,0.17647058823529413,False,
28,,,I should take the red onion from the floor now.,take red onion from floor,,You pick up the red onion from the ground.,Kitchen,"Well, here we are in the kitchen.

You bend down to tie your shoe. When you stand up, you notice a fridge. Empty! What kind of nightmare TextWorld is this? You see a closed oven. You make out a table. The table is massive. However, the table, like an empty table, has nothing on it. You see a counter. You see a red apple, a banana and a raw red potato on the counter. Hmmm... what else, what else? You can see a stove. The stove is conventional. But the thing hasn't got anything on it.

There is a closed frosted-glass door leading west. You need an exit without a door? You should try going south.

There is a white onion, a red hot pepper and an orange bell pepper on the floor.","You are carrying: a red onion, a block of cheese, a raw purple potato, a knife and a cookbook.",3 of 17,0.17647058823529413,False,
29,,,I should check the cookbook for a recipe to cook a delicious meal.,examine cookbook,,"You open the copy of ""Cooking: A Modern Approach (3rd Ed.)"" and start reading:

Recipe #1
---------
Gather all following ingredients and follow the directions to prepare this tasty meal.

Ingredients:
pork chop
  block of cheese
  red onion
  purple potato
  yellow bell pepper

Directions:
chop the pork chop
  fry the pork chop
  chop the block of cheese
  grill the block of cheese
  dice the red onion
  fry the red onion
  dice the purple potato
  roast the purple potato
  slice the yellow bell pepper
  grill the yellow bell pepper
  prepare meal",Kitchen,"Well, here we are in the kitchen.

You bend down to tie your shoe. When you stand up, you notice a fridge. Empty! What kind of nightmare TextWorld is this? You see a closed oven. You make out a table. The table is massive. However, the table, like an empty table, has nothing on it. You see a counter. You see a red apple, a banana and a raw red potato on the counter. Hmmm... what else, what else? You can see a stove. The stove is conventional. But the thing hasn't got anything on it.

There is a closed frosted-glass door leading west. You need an exit without a door? You should try going south.

There is a white onion, a red hot pepper and an orange bell pepper on the floor.","You are carrying: a red onion, a block of cheese, a raw purple potato, a knife and a cookbook.",3 of 17,0.17647058823529413,False,
30,,,I need to find the pork chop and yellow bell pepper to complete the recipe.,take yellow bell pepper from floor,,You can't see any such thing.,Kitchen,"Well, here we are in the kitchen.

You bend down to tie your shoe. When you stand up, you notice a fridge. Empty! What kind of nightmare TextWorld is this? You see a closed oven. You make out a table. The table is massive. However, the table, like an empty table, has nothing on it. You see a counter. You see a red apple, a banana and a raw red potato on the counter. Hmmm... what else, what else? You can see a stove. The stove is conventional. But the thing hasn't got anything on it.

There is a closed frosted-glass door leading west. You need an exit without a door? You should try going south.

There is a white onion, a red hot pepper and an orange bell pepper on the floor.","You are carrying: a red onion, a block of cheese, a raw purple potato, a knife and a cookbook.",3 of 17,0.17647058823529413,False,
31,,,I should take the orange bell pepper from the floor since the yellow bell pepper is not available.,take orange bell pepper from floor,,You're carrying too many things already.,Kitchen,"Well, here we are in the kitchen.

You bend down to tie your shoe. When you stand up, you notice a fridge. Empty! What kind of nightmare TextWorld is this? You see a closed oven. You make out a table. The table is massive. However, the table, like an empty table, has nothing on it. You see a counter. You see a red apple, a banana and a raw red potato on the counter. Hmmm... what else, what else? You can see a stove. The stove is conventional. But the thing hasn't got anything on it.

There is a closed frosted-glass door leading west. You need an exit without a door? You should try going south.

There is a white onion, a red hot pepper and an orange bell pepper on the floor.","You are carrying: a red onion, a block of cheese, a raw purple potato, a knife and a cookbook.",3 of 17,0.17647058823529413,False,
32,,,I need to drop an item to free up space before taking the orange bell pepper.,drop raw purple potato,,You drop the purple potato on the ground.,Kitchen,"Well, here we are in the kitchen.

You bend down to tie your shoe. When you stand up, you notice a fridge. Empty! What kind of nightmare TextWorld is this? You see a closed oven. You make out a table. The table is massive. However, the table, like an empty table, has nothing on it. You see a counter. You see a red apple, a banana and a raw red potato on the counter. Hmmm... what else, what else? You can see a stove. The stove is conventional. But the thing hasn't got anything on it.

There is a closed frosted-glass door leading west. You need an exit without a door? You should try going south.

There is a raw purple potato, a white onion, a red hot pepper and an orange bell pepper on the floor.","You are carrying: a red onion, a block of cheese, a knife and a cookbook.",3 of 17,0.17647058823529413,False,
33,,,"Now that I have space, I should take the orange bell pepper from the floor.",take orange bell pepper from floor,,You pick up the orange bell pepper from the ground.,Kitchen,"Well, here we are in the kitchen.

You bend down to tie your shoe. When you stand up, you notice a fridge. Empty! What kind of nightmare TextWorld is this? You see a closed oven. You make out a table. The table is massive. However, the table, like an empty table, has nothing on it. You see a counter. You see a red apple, a banana and a raw red potato on the counter. Hmmm... what else, what else? You can see a stove. The stove is conventional. But the thing hasn't got anything on it.

There is a closed frosted-glass door leading west. You need an exit without a door? You should try going south.

There is a raw purple potato, a white onion and a red hot pepper on the floor.","You are carrying: an orange bell pepper, a red onion, a block of cheese, a knife and a cookbook.",3 of 17,0.17647058823529413,False,
34,,,I should check the cookbook for a recipe to cook a delicious meal.,examine cookbook,,"You open the copy of ""Cooking: A Modern Approach (3rd Ed.)"" and start reading:

Recipe #1
---------
Gather all following ingredients and follow the directions to prepare this tasty meal.

Ingredients:
pork chop
  block of cheese
  red onion
  purple potato
  yellow bell pepper

Directions:
chop the pork chop
  fry the pork chop
  chop the block of cheese
  grill the block of cheese
  dice the red onion
  fry the red onion
  dice the purple potato
  roast the purple potato
  slice the yellow bell pepper
  grill the yellow bell pepper
  prepare meal",Kitchen,"Well, here we are in the kitchen.

You bend down to tie your shoe. When you stand up, you notice a fridge. Empty! What kind of nightmare TextWorld is this? You see a closed oven. You make out a table. The table is massive. However, the table, like an empty table, has nothing on it. You see a counter. You see a red apple, a banana and a raw red potato on the counter. Hmmm... what else, what else? You can see a stove. The stove is conventional. But the thing hasn't got anything on it.

There is a closed frosted-glass door leading west. You need an exit without a door? You should try going south.

There is a raw purple potato, a white onion and a red hot pepper on the floor.","You are carrying: an orange bell pepper, a red onion, a block of cheese, a knife and a cookbook.",3 of 17,0.17647058823529413,False,
35,,,I need to find the pork chop and purple potato to complete the recipe ingredients.,take raw purple potato from floor,,You're carrying too many things already.,Kitchen,"Well, here we are in the kitchen.

You bend down to tie your shoe. When you stand up, you notice a fridge. Empty! What kind of nightmare TextWorld is this? You see a closed oven. You make out a table. The table is massive. However, the table, like an empty table, has nothing on it. You see a counter. You see a red apple, a banana and a raw red potato on the counter. Hmmm... what else, what else? You can see a stove. The stove is conventional. But the thing hasn't got anything on it.

There is a closed frosted-glass door leading west. You need an exit without a door? You should try going south.

There is a raw purple potato, a white onion and a red hot pepper on the floor.","You are carrying: an orange bell pepper, a red onion, a block of cheese, a knife and a cookbook.",3 of 17,0.17647058823529413,False,
36,,,I need to drop an item to free up space for the purple potato.,drop orange bell pepper,,You drop the orange bell pepper on the ground.,Kitchen,"Well, here we are in the kitchen.

You bend down to tie your shoe. When you stand up, you notice a fridge. Empty! What kind of nightmare TextWorld is this? You see a closed oven. You make out a table. The table is massive. However, the table, like an empty table, has nothing on it. You see a counter. You see a red apple, a banana and a raw red potato on the counter. Hmmm... what else, what else? You can see a stove. The stove is conventional. But the thing hasn't got anything on it.

There is a closed frosted-glass door leading west. You need an exit without a door? You should try going south.

There is an orange bell pepper, a raw purple potato, a white onion and a red hot pepper on the floor.","You are carrying: a red onion, a block of cheese, a knife and a cookbook.",3 of 17,0.17647058823529413,False,
37,,,"Now that I have space, I should take the raw purple potato from the floor.",take raw purple potato from floor,,You pick up the purple potato from the ground.,Kitchen,"Well, here we are in the kitchen.

You bend down to tie your shoe. When you stand up, you notice a fridge. Empty! What kind of nightmare TextWorld is this? You see a closed oven. You make out a table. The table is massive. However, the table, like an empty table, has nothing on it. You see a counter. You see a red apple, a banana and a raw red potato on the counter. Hmmm... what else, what else? You can see a stove. The stove is conventional. But the thing hasn't got anything on it.

There is a closed frosted-glass door leading west. You need an exit without a door? You should try going south.

There is an orange bell pepper, a white onion and a red hot pepper on the floor.","You are carrying: a raw purple potato, a red onion, a block of cheese, a knife and a cookbook.",3 of 17,0.17647058823529413,False,
38,,,"I still need the pork chop to complete the recipe, so I should look around the kitchen for it.",look,,"Well, here we are in the kitchen.

You bend down to tie your shoe. When you stand up, you notice a fridge. Empty! What kind of nightmare TextWorld is this? You see a closed oven. You make out a table. The table is massive. However, the table, like an empty table, has nothing on it. You see a counter. You see a red apple, a banana and a raw red potato on the counter. Hmmm... what else, what else? You can see a stove. The stove is conventional. But the thing hasn't got anything on it.

There is a closed frosted-glass door leading west. You need an exit without a door? You should try going south.

There is an orange bell pepper, a white onion and a red hot pepper on the floor.",Kitchen,"Well, here we are in the kitchen.

You bend down to tie your shoe. When you stand up, you notice a fridge. Empty! What kind of nightmare TextWorld is this? You see a closed oven. You make out a table. The table is massive. However, the table, like an empty table, has nothing on it. You see a counter. You see a red apple, a banana and a raw red potato on the counter. Hmmm... what else, what else? You can see a stove. The stove is conventional. But the thing hasn't got anything on it.

There is a closed frosted-glass door leading west. You need an exit without a door? You should try going south.

There is an orange bell pepper, a white onion and a red hot pepper on the floor.","You are carrying: a raw purple potato, a red onion, a block of cheese, a knife and a cookbook.",3 of 17,0.17647058823529413,False,
39,,,I should check the cookbook for the recipe to know what ingredients I need to cook the meal.,examine cookbook,,"You open the copy of ""Cooking: A Modern Approach (3rd Ed.)"" and start reading:

Recipe #1
---------
Gather all following ingredients and follow the directions to prepare this tasty meal.

Ingredients:
pork chop
  block of cheese
  red onion
  purple potato
  yellow bell pepper

Directions:
chop the pork chop
  fry the pork chop
  chop the block of cheese
  grill the block of cheese
  dice the red onion
  fry the red onion
  dice the purple potato
  roast the purple potato
  slice the yellow bell pepper
  grill the yellow bell pepper
  prepare meal",Kitchen,"Well, here we are in the kitchen.

You bend down to tie your shoe. When you stand up, you notice a fridge. Empty! What kind of nightmare TextWorld is this? You see a closed oven. You make out a table. The table is massive. However, the table, like an empty table, has nothing on it. You see a counter. You see a red apple, a banana and a raw red potato on the counter. Hmmm... what else, what else? You can see a stove. The stove is conventional. But the thing hasn't got anything on it.

There is a closed frosted-glass door leading west. You need an exit without a door? You should try going south.

There is an orange bell pepper, a white onion and a red hot pepper on the floor.","You are carrying: a raw purple potato, a red onion, a block of cheese, a knife and a cookbook.",3 of 17,0.17647058823529413,False,
40,,,I need to find the pork chop and the yellow bell pepper to complete the recipe.,take yellow bell pepper from floor,,You can't see any such thing.,Kitchen,"Well, here we are in the kitchen.

You bend down to tie your shoe. When you stand up, you notice a fridge. Empty! What kind of nightmare TextWorld is this? You see a closed oven. You make out a table. The table is massive. However, the table, like an empty table, has nothing on it. You see a counter. You see a red apple, a banana and a raw red potato on the counter. Hmmm... what else, what else? You can see a stove. The stove is conventional. But the thing hasn't got anything on it.

There is a closed frosted-glass door leading west. You need an exit without a door? You should try going south.

There is an orange bell pepper, a white onion and a red hot pepper on the floor.","You are carrying: a raw purple potato, a red onion, a block of cheese, a knife and a cookbook.",3 of 17,0.17647058823529413,False,
41,,,"The yellow bell pepper is not visible, but there is an orange bell pepper on the floor which might be used instead. I should take the orange bell pepper from the floor.",take orange bell pepper from floor,,You're carrying too many things already.,Kitchen,"Well, here we are in the kitchen.

You bend down to tie your shoe. When you stand up, you notice a fridge. Empty! What kind of nightmare TextWorld is this? You see a closed oven. You make out a table. The table is massive. However, the table, like an empty table, has nothing on it. You see a counter. You see a red apple, a banana and a raw red potato on the counter. Hmmm... what else, what else? You can see a stove. The stove is conventional. But the thing hasn't got anything on it.

There is a closed frosted-glass door leading west. You need an exit without a door? You should try going south.

There is an orange bell pepper, a white onion and a red hot pepper on the floor.","You are carrying: a raw purple potato, a red onion, a block of cheese, a knife and a cookbook.",3 of 17,0.17647058823529413,False,
42,,,"I am carrying too many items, so I should drop one item to free up space before taking the orange bell pepper.",drop red onion,,You drop the red onion on the ground.,Kitchen,"Well, here we are in the kitchen.

You bend down to tie your shoe. When you stand up, you notice a fridge. Empty! What kind of nightmare TextWorld is this? You see a closed oven. You make out a table. The table is massive. However, the table, like an empty table, has nothing on it. You see a counter. You see a red apple, a banana and a raw red potato on the counter. Hmmm... what else, what else? You can see a stove. The stove is conventional. But the thing hasn't got anything on it.

There is a closed frosted-glass door leading west. You need an exit without a door? You should try going south.

There is a red onion, an orange bell pepper, a white onion and a red hot pepper on the floor.","You are carrying: a raw purple potato, a block of cheese, a knife and a cookbook.",3 of 17,0.17647058823529413,False,
43,,,"Now that I have space, I should take the orange bell pepper from the floor.",take orange bell pepper from floor,,You pick up the orange bell pepper from the ground.,Kitchen,"Well, here we are in the kitchen.

You bend down to tie your shoe. When you stand up, you notice a fridge. Empty! What kind of nightmare TextWorld is this? You see a closed oven. You make out a table. The table is massive. However, the table, like an empty table, has nothing on it. You see a counter. You see a red apple, a banana and a raw red potato on the counter. Hmmm... what else, what else? You can see a stove. The stove is conventional. But the thing hasn't got anything on it.

There is a closed frosted-glass door leading west. You need an exit without a door? You should try going south.

There is a red onion, a white onion and a red hot pepper on the floor.","You are carrying: an orange bell pepper, a raw purple potato, a block of cheese, a knife and a cookbook.",3 of 17,0.17647058823529413,False,
44,,,I should check the cookbook to find a recipe for a delicious meal.,examine cookbook,,"You open the copy of ""Cooking: A Modern Approach (3rd Ed.)"" and start reading:

Recipe #1
---------
Gather all following ingredients and follow the directions to prepare this tasty meal.

Ingredients:
pork chop
  block of cheese
  red onion
  purple potato
  yellow bell pepper

Directions:
chop the pork chop
  fry the pork chop
  chop the block of cheese
  grill the block of cheese
  dice the red onion
  fry the red onion
  dice the purple potato
  roast the purple potato
  slice the yellow bell pepper
  grill the yellow bell pepper
  prepare meal",Kitchen,"Well, here we are in the kitchen.

You bend down to tie your shoe. When you stand up, you notice a fridge. Empty! What kind of nightmare TextWorld is this? You see a closed oven. You make out a table. The table is massive. However, the table, like an empty table, has nothing on it. You see a counter. You see a red apple, a banana and a raw red potato on the counter. Hmmm... what else, what else? You can see a stove. The stove is conventional. But the thing hasn't got anything on it.

There is a closed frosted-glass door leading west. You need an exit without a door? You should try going south.

There is a red onion, a white onion and a red hot pepper on the floor.","You are carrying: an orange bell pepper, a raw purple potato, a block of cheese, a knife and a cookbook.",3 of 17,0.17647058823529413,False,
45,,,"I need a pork chop and a red onion, but I only have an orange bell pepper instead of a yellow one and no pork chop. I should take the red onion from the floor and check if I can find a pork chop nearby.",take red onion from floor,,You're carrying too many things already.,Kitchen,"Well, here we are in the kitchen.

You bend down to tie your shoe. When you stand up, you notice a fridge. Empty! What kind of nightmare TextWorld is this? You see a closed oven. You make out a table. The table is massive. However, the table, like an empty table, has nothing on it. You see a counter. You see a red apple, a banana and a raw red potato on the counter. Hmmm... what else, what else? You can see a stove. The stove is conventional. But the thing hasn't got anything on it.

There is a closed frosted-glass door leading west. You need an exit without a door? You should try going south.

There is a red onion, a white onion and a red hot pepper on the floor.","You are carrying: an orange bell pepper, a raw purple potato, a block of cheese, a knife and a cookbook.",3 of 17,0.17647058823529413,False,
46,,,"I am carrying too many items, so I should drop the orange bell pepper to free up space and then take the red onion from the floor.",drop orange bell pepper,,You drop the orange bell pepper on the ground.,Kitchen,"Well, here we are in the kitchen.

You bend down to tie your shoe. When you stand up, you notice a fridge. Empty! What kind of nightmare TextWorld is this? You see a closed oven. You make out a table. The table is massive. However, the table, like an empty table, has nothing on it. You see a counter. You see a red apple, a banana and a raw red potato on the counter. Hmmm... what else, what else? You can see a stove. The stove is conventional. But the thing hasn't got anything on it.

There is a closed frosted-glass door leading west. You need an exit without a door? You should try going south.

There is an orange bell pepper, a red onion, a white onion and a red hot pepper on the floor.","You are carrying: a raw purple potato, a block of cheese, a knife and a cookbook.",3 of 17,0.17647058823529413,False,
47,,,"Now that I have space, I should take the red onion from the floor.",take red onion from floor,,You pick up the red onion from the ground.,Kitchen,"Well, here we are in the kitchen.

You bend down to tie your shoe. When you stand up, you notice a fridge. Empty! What kind of nightmare TextWorld is this? You see a closed oven. You make out a table. The table is massive. However, the table, like an empty table, has nothing on it. You see a counter. You see a red apple, a banana and a raw red potato on the counter. Hmmm... what else, what else? You can see a stove. The stove is conventional. But the thing hasn't got anything on it.

There is a closed frosted-glass door leading west. You need an exit without a door? You should try going south.

There is an orange bell pepper, a white onion and a red hot pepper on the floor.","You are carrying: a red onion, a raw purple potato, a block of cheese, a knife and a cookbook.",3 of 17,0.17647058823529413,False,
48,,,"I still need a pork chop to complete the recipe, but there is none here. I should check the south direction to see if I can find a pork chop or other ingredients.",go south,,"You've entered a livingroom.

You can make out a sofa. Make a note of this, you might have to put stuff on or in it later on. The sofa is comfy. Unfortunately, there isn't a thing on it.

There is a closed fiberglass door leading south. There is an exit to the east. There is an exit to the north.",Livingroom,"You've entered a livingroom.

You can make out a sofa. Make a note of this, you might have to put stuff on or in it later on. The sofa is comfy. Unfortunately, there isn't a thing on it.

There is a closed fiberglass door leading south. There is an exit to the east. There is an exit to the north.","You are carrying: a red onion, a raw purple potato, a block of cheese, a knife and a cookbook.",3 of 17,0.17647058823529413,False,
49,,,I should check the cookbook for the recipe to know what ingredients I need to cook a delicious meal.,examine cookbook,,"You open the copy of ""Cooking: A Modern Approach (3rd Ed.)"" and start reading:

Recipe #1
---------
Gather all following ingredients and follow the directions to prepare this tasty meal.

Ingredients:
pork chop
  block of cheese
  red onion
  purple potato
  yellow bell pepper

Directions:
chop the pork chop
  fry the pork chop
  chop the block of cheese
  grill the block of cheese
  dice the red onion
  fry the red onion
  dice the purple potato
  roast the purple potato
  slice the yellow bell pepper
  grill the yellow bell pepper
  prepare meal",Livingroom,"You've entered a livingroom.

You can make out a sofa. Make a note of this, you might have to put stuff on or in it later on. The sofa is comfy. Unfortunately, there isn't a thing on it.

There is a closed fiberglass door leading south. There is an exit to the east. There is an exit to the north.","You are carrying: a red onion, a raw purple potato, a block of cheese, a knife and a cookbook.",3 of 17,0.17647058823529413,False,
50,,,I need to find a yellow bell pepper and a pork chop to complete the recipe. I should go back to the kitchen to look for these ingredients.,go north,,"Well, here we are in the kitchen.

You bend down to tie your shoe. When you stand up, you notice a fridge. Empty! What kind of nightmare TextWorld is this? You see a closed oven. You make out a table. The table is massive. However, the table, like an empty table, has nothing on it. You see a counter. You see a red apple, a banana and a raw red potato on the counter. Hmmm... what else, what else? You can see a stove. The stove is conventional. But the thing hasn't got anything on it.

There is a closed frosted-glass door leading west. You need an exit without a door? You should try going south.

There is an orange bell pepper, a white onion and a red hot pepper on the floor.",Kitchen,"Well, here we are in the kitchen.

You bend down to tie your shoe. When you stand up, you notice a fridge. Empty! What kind of nightmare TextWorld is this? You see a closed oven. You make out a table. The table is massive. However, the table, like an empty table, has nothing on it. You see a counter. You see a red apple, a banana and a raw red potato on the counter. Hmmm... what else, what else? You can see a stove. The stove is conventional. But the thing hasn't got anything on it.

There is a closed frosted-glass door leading west. You need an exit without a door? You should try going south.

There is an orange bell pepper, a white onion and a red hot pepper on the floor.","You are carrying: a red onion, a raw purple potato, a block of cheese, a knife and a cookbook.",3 of 17,0.17647058823529413,False,
51,,,"I see an orange bell pepper on the floor, which might be the yellow bell pepper needed for the recipe. I should take the orange bell pepper and check if it can be used.",take orange bell pepper from floor,,You're carrying too many things already.,Kitchen,"Well, here we are in the kitchen.

You bend down to tie your shoe. When you stand up, you notice a fridge. Empty! What kind of nightmare TextWorld is this? You see a closed oven. You make out a table. The table is massive. However, the table, like an empty table, has nothing on it. You see a counter. You see a red apple, a banana and a raw red potato on the counter. Hmmm... what else, what else? You can see a stove. The stove is conventional. But the thing hasn't got anything on it.

There is a closed frosted-glass door leading west. You need an exit without a door? You should try going south.

There is an orange bell pepper, a white onion and a red hot pepper on the floor.","You are carrying: a red onion, a raw purple potato, a block of cheese, a knife and a cookbook.",3 of 17,0.17647058823529413,False,
52,,,I need to free up space in my inventory by dropping an item before I can take the orange bell pepper.,drop red onion,,You drop the red onion on the ground.,Kitchen,"Well, here we are in the kitchen.

You bend down to tie your shoe. When you stand up, you notice a fridge. Empty! What kind of nightmare TextWorld is this? You see a closed oven. You make out a table. The table is massive. However, the table, like an empty table, has nothing on it. You see a counter. You see a red apple, a banana and a raw red potato on the counter. Hmmm... what else, what else? You can see a stove. The stove is conventional. But the thing hasn't got anything on it.

There is a closed frosted-glass door leading west. You need an exit without a door? You should try going south.

There is a red onion, an orange bell pepper, a white onion and a red hot pepper on the floor.","You are carrying: a raw purple potato, a block of cheese, a knife and a cookbook.",3 of 17,0.17647058823529413,False,
53,,,"Now that I have freed up space, I should take the orange bell pepper from the floor.",take orange bell pepper from floor,,You pick up the orange bell pepper from the ground.,Kitchen,"Well, here we are in the kitchen.

You bend down to tie your shoe. When you stand up, you notice a fridge. Empty! What kind of nightmare TextWorld is this? You see a closed oven. You make out a table. The table is massive. However, the table, like an empty table, has nothing on it. You see a counter. You see a red apple, a banana and a raw red potato on the counter. Hmmm... what else, what else? You can see a stove. The stove is conventional. But the thing hasn't got anything on it.

There is a closed frosted-glass door leading west. You need an exit without a door? You should try going south.

There is a red onion, a white onion and a red hot pepper on the floor.","You are carrying: an orange bell pepper, a raw purple potato, a block of cheese, a knife and a cookbook.",3 of 17,0.17647058823529413,False,
54,,,I should now check the cookbook for the recipe to cook a delicious meal.,examine cookbook,,"You open the copy of ""Cooking: A Modern Approach (3rd Ed.)"" and start reading:

Recipe #1
---------
Gather all following ingredients and follow the directions to prepare this tasty meal.

Ingredients:
pork chop
  block of cheese
  red onion
  purple potato
  yellow bell pepper

Directions:
chop the pork chop
  fry the pork chop
  chop the block of cheese
  grill the block of cheese
  dice the red onion
  fry the red onion
  dice the purple potato
  roast the purple potato
  slice the yellow bell pepper
  grill the yellow bell pepper
  prepare meal",Kitchen,"Well, here we are in the kitchen.

You bend down to tie your shoe. When you stand up, you notice a fridge. Empty! What kind of nightmare TextWorld is this? You see a closed oven. You make out a table. The table is massive. However, the table, like an empty table, has nothing on it. You see a counter. You see a red apple, a banana and a raw red potato on the counter. Hmmm... what else, what else? You can see a stove. The stove is conventional. But the thing hasn't got anything on it.

There is a closed frosted-glass door leading west. You need an exit without a door? You should try going south.

There is a red onion, a white onion and a red hot pepper on the floor.","You are carrying: an orange bell pepper, a raw purple potato, a block of cheese, a knife and a cookbook.",3 of 17,0.17647058823529413,False,
55,,,I need to find a pork chop and a yellow bell pepper to complete the recipe ingredients.,take pork chop from counter,,You can't see any such thing.,Kitchen,"Well, here we are in the kitchen.

You bend down to tie your shoe. When you stand up, you notice a fridge. Empty! What kind of nightmare TextWorld is this? You see a closed oven. You make out a table. The table is massive. However, the table, like an empty table, has nothing on it. You see a counter. You see a red apple, a banana and a raw red potato on the counter. Hmmm... what else, what else? You can see a stove. The stove is conventional. But the thing hasn't got anything on it.

There is a closed frosted-glass door leading west. You need an exit without a door? You should try going south.

There is a red onion, a white onion and a red hot pepper on the floor.","You are carrying: an orange bell pepper, a raw purple potato, a block of cheese, a knife and a cookbook.",3 of 17,0.17647058823529413,False,
56,,,"Since the pork chop and yellow bell pepper are not visible in the kitchen, I should explore the room to the south to look for these ingredients.",go south,,"You've entered a livingroom.

You can make out a sofa. Make a note of this, you might have to put stuff on or in it later on. The sofa is comfy. Unfortunately, there isn't a thing on it.

There is a closed fiberglass door leading south. There is an exit to the east. There is an exit to the north.",Livingroom,"You've entered a livingroom.

You can make out a sofa. Make a note of this, you might have to put stuff on or in it later on. The sofa is comfy. Unfortunately, there isn't a thing on it.

There is a closed fiberglass door leading south. There is an exit to the east. There is an exit to the north.","You are carrying: an orange bell pepper, a raw purple potato, a block of cheese, a knife and a cookbook.",3 of 17,0.17647058823529413,False,
57,,,I should explore the east exit from the living room to see if the pork chop or yellow bell pepper is there.,go east,,"You've entered a corridor.



There is a closed screen door leading east. There is an exit to the north. You need an exit without a door? You should try going south. There is an exit to the west. Don't worry, there is no door.",Corridor,"You've entered a corridor.



There is a closed screen door leading east. There is an exit to the north. You need an exit without a door? You should try going south. There is an exit to the west. Don't worry, there is no door.","You are carrying: an orange bell pepper, a raw purple potato, a block of cheese, a knife and a cookbook.",3 of 17,0.17647058823529413,False,
58,,,I should try going south in the corridor to explore more areas for the missing ingredients.,go south,,"You've entered a bedroom.

If you haven't noticed it already, there seems to be something there by the wall, it's a bed. But the thing hasn't got anything on it. What, you think everything in TextWorld should have stuff on it?

There is an exit to the north.",Bedroom,"You've entered a bedroom.

If you haven't noticed it already, there seems to be something there by the wall, it's a bed. But the thing hasn't got anything on it. What, you think everything in TextWorld should have stuff on it?

There is an exit to the north.","You are carrying: an orange bell pepper, a raw purple potato, a block of cheese, a knife and a cookbook.",3 of 17,0.17647058823529413,False,
59,,,"Since the bedroom has nothing useful, I should go back north to the corridor and then try the west exit to explore more areas for the missing ingredients.",go north,,"You've entered a corridor.



There is a closed screen door leading east. There is an exit to the north. You need an exit without a door? You should try going south. There is an exit to the west. Don't worry, there is no door.",Corridor,"You've entered a corridor.



There is a closed screen door leading east. There is an exit to the north. You need an exit without a door? You should try going south. There is an exit to the west. Don't worry, there is no door.","You are carrying: an orange bell pepper, a raw purple potato, a block of cheese, a knife and a cookbook.",3 of 17,0.17647058823529413,False,
60,,,I should go west from the corridor to explore more areas for the missing ingredients.,go west,,"You've entered a livingroom.

You can make out a sofa. Make a note of this, you might have to put stuff on or in it later on. The sofa is comfy. Unfortunately, there isn't a thing on it.

There is a closed fiberglass door leading south. There is an exit to the east. There is an exit to the north.",Livingroom,"You've entered a livingroom.

You can make out a sofa. Make a note of this, you might have to put stuff on or in it later on. The sofa is comfy. Unfortunately, there isn't a thing on it.

There is a closed fiberglass door leading south. There is an exit to the east. There is an exit to the north.","You are carrying: an orange bell pepper, a raw purple potato, a block of cheese, a knife and a cookbook.",3 of 17,0.17647058823529413,False,
61,,,I should check the cookbook for the recipe to know what ingredients I need to cook the meal.,examine cookbook,,"You open the copy of ""Cooking: A Modern Approach (3rd Ed.)"" and start reading:

Recipe #1
---------
Gather all following ingredients and follow the directions to prepare this tasty meal.

Ingredients:
pork chop
  block of cheese
  red onion
  purple potato
  yellow bell pepper

Directions:
chop the pork chop
  fry the pork chop
  chop the block of cheese
  grill the block of cheese
  dice the red onion
  fry the red onion
  dice the purple potato
  roast the purple potato
  slice the yellow bell pepper
  grill the yellow bell pepper
  prepare meal",Livingroom,"You've entered a livingroom.

You can make out a sofa. Make a note of this, you might have to put stuff on or in it later on. The sofa is comfy. Unfortunately, there isn't a thing on it.

There is a closed fiberglass door leading south. There is an exit to the east. There is an exit to the north.","You are carrying: an orange bell pepper, a raw purple potato, a block of cheese, a knife and a cookbook.",3 of 17,0.17647058823529413,False,
62,,,"I need to find the pork chop and red onion, as well as a yellow bell pepper instead of the orange one I have. I should explore the room to the north to look for these missing ingredients.",go north,,"Well, here we are in the kitchen.

You bend down to tie your shoe. When you stand up, you notice a fridge. Empty! What kind of nightmare TextWorld is this? You see a closed oven. You make out a table. The table is massive. However, the table, like an empty table, has nothing on it. You see a counter. You see a red apple, a banana and a raw red potato on the counter. Hmmm... what else, what else? You can see a stove. The stove is conventional. But the thing hasn't got anything on it.

There is a closed frosted-glass door leading west. You need an exit without a door? You should try going south.

There is a red onion, a white onion and a red hot pepper on the floor.",Kitchen,"Well, here we are in the kitchen.

You bend down to tie your shoe. When you stand up, you notice a fridge. Empty! What kind of nightmare TextWorld is this? You see a closed oven. You make out a table. The table is massive. However, the table, like an empty table, has nothing on it. You see a counter. You see a red apple, a banana and a raw red potato on the counter. Hmmm... what else, what else? You can see a stove. The stove is conventional. But the thing hasn't got anything on it.

There is a closed frosted-glass door leading west. You need an exit without a door? You should try going south.

There is a red onion, a white onion and a red hot pepper on the floor.","You are carrying: an orange bell pepper, a raw purple potato, a block of cheese, a knife and a cookbook.",3 of 17,0.17647058823529413,False,
63,,,I should take the red onion from the floor and look for a pork chop or yellow bell pepper in the kitchen.,take red onion from floor,,You're carrying too many things already.,Kitchen,"Well, here we are in the kitchen.

You bend down to tie your shoe. When you stand up, you notice a fridge. Empty! What kind of nightmare TextWorld is this? You see a closed oven. You make out a table. The table is massive. However, the table, like an empty table, has nothing on it. You see a counter. You see a red apple, a banana and a raw red potato on the counter. Hmmm... what else, what else? You can see a stove. The stove is conventional. But the thing hasn't got anything on it.

There is a closed frosted-glass door leading west. You need an exit without a door? You should try going south.

There is a red onion, a white onion and a red hot pepper on the floor.","You are carrying: an orange bell pepper, a raw purple potato, a block of cheese, a knife and a cookbook.",3 of 17,0.17647058823529413,False,
64,,,"I am carrying too many items, so I should drop the orange bell pepper to free up space before taking the red onion.",drop orange bell pepper,,You drop the orange bell pepper on the ground.,Kitchen,"Well, here we are in the kitchen.

You bend down to tie your shoe. When you stand up, you notice a fridge. Empty! What kind of nightmare TextWorld is this? You see a closed oven. You make out a table. The table is massive. However, the table, like an empty table, has nothing on it. You see a counter. You see a red apple, a banana and a raw red potato on the counter. Hmmm... what else, what else? You can see a stove. The stove is conventional. But the thing hasn't got anything on it.

There is a closed frosted-glass door leading west. You need an exit without a door? You should try going south.

There is an orange bell pepper, a red onion, a white onion and a red hot pepper on the floor.","You are carrying: a raw purple potato, a block of cheese, a knife and a cookbook.",3 of 17,0.17647058823529413,False,
65,,,"Now that I have space, I should take the red onion from the floor.",take red onion from floor,,You pick up the red onion from the ground.,Kitchen,"Well, here we are in the kitchen.

You bend down to tie your shoe. When you stand up, you notice a fridge. Empty! What kind of nightmare TextWorld is this? You see a closed oven. You make out a table. The table is massive. However, the table, like an empty table, has nothing on it. You see a counter. You see a red apple, a banana and a raw red potato on the counter. Hmmm... what else, what else? You can see a stove. The stove is conventional. But the thing hasn't got anything on it.

There is a closed frosted-glass door leading west. You need an exit without a door? You should try going south.

There is an orange bell pepper, a white onion and a red hot pepper on the floor.","You are carrying: a red onion, a raw purple potato, a block of cheese, a knife and a cookbook.",3 of 17,0.17647058823529413,False,
66,,,I should check the cookbook for a recipe to cook a delicious meal.,examine cookbook,,"You open the copy of ""Cooking: A Modern Approach (3rd Ed.)"" and start reading:

Recipe #1
---------
Gather all following ingredients and follow the directions to prepare this tasty meal.

Ingredients:
pork chop
  block of cheese
  red onion
  purple potato
  yellow bell pepper

Directions:
chop the pork chop
  fry the pork chop
  chop the block of cheese
  grill the block of cheese
  dice the red onion
  fry the red onion
  dice the purple potato
  roast the purple potato
  slice the yellow bell pepper
  grill the yellow bell pepper
  prepare meal",Kitchen,"Well, here we are in the kitchen.

You bend down to tie your shoe. When you stand up, you notice a fridge. Empty! What kind of nightmare TextWorld is this? You see a closed oven. You make out a table. The table is massive. However, the table, like an empty table, has nothing on it. You see a counter. You see a red apple, a banana and a raw red potato on the counter. Hmmm... what else, what else? You can see a stove. The stove is conventional. But the thing hasn't got anything on it.

There is a closed frosted-glass door leading west. You need an exit without a door? You should try going south.

There is an orange bell pepper, a white onion and a red hot pepper on the floor.","You are carrying: a red onion, a raw purple potato, a block of cheese, a knife and a cookbook.",3 of 17,0.17647058823529413,False,
67,,,I need to find the pork chop and yellow bell pepper to complete the recipe ingredients.,take pork chop from counter,,You can't see any such thing.,Kitchen,"Well, here we are in the kitchen.

You bend down to tie your shoe. When you stand up, you notice a fridge. Empty! What kind of nightmare TextWorld is this? You see a closed oven. You make out a table. The table is massive. However, the table, like an empty table, has nothing on it. You see a counter. You see a red apple, a banana and a raw red potato on the counter. Hmmm... what else, what else? You can see a stove. The stove is conventional. But the thing hasn't got anything on it.

There is a closed frosted-glass door leading west. You need an exit without a door? You should try going south.

There is an orange bell pepper, a white onion and a red hot pepper on the floor.","You are carrying: a red onion, a raw purple potato, a block of cheese, a knife and a cookbook.",3 of 17,0.17647058823529413,False,
68,,,"Since there is no pork chop, I should take the orange bell pepper from the floor to have the yellow bell pepper for the recipe.",take orange bell pepper from floor,,You're carrying too many things already.,Kitchen,"Well, here we are in the kitchen.

You bend down to tie your shoe. When you stand up, you notice a fridge. Empty! What kind of nightmare TextWorld is this? You see a closed oven. You make out a table. The table is massive. However, the table, like an empty table, has nothing on it. You see a counter. You see a red apple, a banana and a raw red potato on the counter. Hmmm... what else, what else? You can see a stove. The stove is conventional. But the thing hasn't got anything on it.

There is a closed frosted-glass door leading west. You need an exit without a door? You should try going south.

There is an orange bell pepper, a white onion and a red hot pepper on the floor.","You are carrying: a red onion, a raw purple potato, a block of cheese, a knife and a cookbook.",3 of 17,0.17647058823529413,False,
69,,,"I need to free up inventory space by dropping an item I don't need for the recipe, then I can take the orange bell pepper.",drop red onion,,You drop the red onion on the ground.,Kitchen,"Well, here we are in the kitchen.

You bend down to tie your shoe. When you stand up, you notice a fridge. Empty! What kind of nightmare TextWorld is this? You see a closed oven. You make out a table. The table is massive. However, the table, like an empty table, has nothing on it. You see a counter. You see a red apple, a banana and a raw red potato on the counter. Hmmm... what else, what else? You can see a stove. The stove is conventional. But the thing hasn't got anything on it.

There is a closed frosted-glass door leading west. You need an exit without a door? You should try going south.

There is a red onion, an orange bell pepper, a white onion and a red hot pepper on the floor.","You are carrying: a raw purple potato, a block of cheese, a knife and a cookbook.",3 of 17,0.17647058823529413,False,
70,,,"Now that I have space, I should take the orange bell pepper from the floor.",take orange bell pepper from floor,,You pick up the orange bell pepper from the ground.,Kitchen,"Well, here we are in the kitchen.

You bend down to tie your shoe. When you stand up, you notice a fridge. Empty! What kind of nightmare TextWorld is this? You see a closed oven. You make out a table. The table is massive. However, the table, like an empty table, has nothing on it. You see a counter. You see a red apple, a banana and a raw red potato on the counter. Hmmm... what else, what else? You can see a stove. The stove is conventional. But the thing hasn't got anything on it.

There is a closed frosted-glass door leading west. You need an exit without a door? You should try going south.

There is a red onion, a white onion and a red hot pepper on the floor.","You are carrying: an orange bell pepper, a raw purple potato, a block of cheese, a knife and a cookbook.",3 of 17,0.17647058823529413,False,
71,,,I should check the cookbook to find the recipe for the meal I want to cook.,examine cookbook,,"You open the copy of ""Cooking: A Modern Approach (3rd Ed.)"" and start reading:

Recipe #1
---------
Gather all following ingredients and follow the directions to prepare this tasty meal.

Ingredients:
pork chop
  block of cheese
  red onion
  purple potato
  yellow bell pepper

Directions:
chop the pork chop
  fry the pork chop
  chop the block of cheese
  grill the block of cheese
  dice the red onion
  fry the red onion
  dice the purple potato
  roast the purple potato
  slice the yellow bell pepper
  grill the yellow bell pepper
  prepare meal",Kitchen,"Well, here we are in the kitchen.

You bend down to tie your shoe. When you stand up, you notice a fridge. Empty! What kind of nightmare TextWorld is this? You see a closed oven. You make out a table. The table is massive. However, the table, like an empty table, has nothing on it. You see a counter. You see a red apple, a banana and a raw red potato on the counter. Hmmm... what else, what else? You can see a stove. The stove is conventional. But the thing hasn't got anything on it.

There is a closed frosted-glass door leading west. You need an exit without a door? You should try going south.

There is a red onion, a white onion and a red hot pepper on the floor.","You are carrying: an orange bell pepper, a raw purple potato, a block of cheese, a knife and a cookbook.",3 of 17,0.17647058823529413,False,
72,,,I need to find the pork chop and the yellow bell pepper to complete the recipe.,take pork chop from floor,,You can't see any such thing.,Kitchen,"Well, here we are in the kitchen.

You bend down to tie your shoe. When you stand up, you notice a fridge. Empty! What kind of nightmare TextWorld is this? You see a closed oven. You make out a table. The table is massive. However, the table, like an empty table, has nothing on it. You see a counter. You see a red apple, a banana and a raw red potato on the counter. Hmmm... what else, what else? You can see a stove. The stove is conventional. But the thing hasn't got anything on it.

There is a closed frosted-glass door leading west. You need an exit without a door? You should try going south.

There is a red onion, a white onion and a red hot pepper on the floor.","You are carrying: an orange bell pepper, a raw purple potato, a block of cheese, a knife and a cookbook.",3 of 17,0.17647058823529413,False,
73,,,"Since the pork chop and yellow bell pepper are not visible in the kitchen, I should check the fridge to see if they are inside.",open fridge,,That's already open.,Kitchen,"Well, here we are in the kitchen.

You bend down to tie your shoe. When you stand up, you notice a fridge. Empty! What kind of nightmare TextWorld is this? You see a closed oven. You make out a table. The table is massive. However, the table, like an empty table, has nothing on it. You see a counter. You see a red apple, a banana and a raw red potato on the counter. Hmmm... what else, what else? You can see a stove. The stove is conventional. But the thing hasn't got anything on it.

There is a closed frosted-glass door leading west. You need an exit without a door? You should try going south.

There is a red onion, a white onion and a red hot pepper on the floor.","You are carrying: an orange bell pepper, a raw purple potato, a block of cheese, a knife and a cookbook.",3 of 17,0.17647058823529413,False,
74,,,"Since the pork chop and yellow bell pepper are not in the kitchen or fridge, I should explore the other areas by going south to look for these ingredients.",go south,,"You've entered a livingroom.

You can make out a sofa. Make a note of this, you might have to put stuff on or in it later on. The sofa is comfy. Unfortunately, there isn't a thing on it.

There is a closed fiberglass door leading south. There is an exit to the east. There is an exit to the north.",Livingroom,"You've entered a livingroom.

You can make out a sofa. Make a note of this, you might have to put stuff on or in it later on. The sofa is comfy. Unfortunately, there isn't a thing on it.

There is a closed fiberglass door leading south. There is an exit to the east. There is an exit to the north.","You are carrying: an orange bell pepper, a raw purple potato, a block of cheese, a knife and a cookbook.",3 of 17,0.17647058823529413,False,
75,,,I should check the east exit from the living room to see if the pork chop and yellow bell pepper are there.,go east,,"You've entered a corridor.



There is a closed screen door leading east. There is an exit to the north. You need an exit without a door? You should try going south. There is an exit to the west. Don't worry, there is no door.",Corridor,"You've entered a corridor.



There is a closed screen door leading east. There is an exit to the north. You need an exit without a door? You should try going south. There is an exit to the west. Don't worry, there is no door.","You are carrying: an orange bell pepper, a raw purple potato, a block of cheese, a knife and a cookbook.",3 of 17,0.17647058823529413,False,
76,,,I should go south from the corridor to explore further for the pork chop and yellow bell pepper.,go south,,"You've entered a bedroom.

If you haven't noticed it already, there seems to be something there by the wall, it's a bed. But the thing hasn't got anything on it. What, you think everything in TextWorld should have stuff on it?

There is an exit to the north.",Bedroom,"You've entered a bedroom.

If you haven't noticed it already, there seems to be something there by the wall, it's a bed. But the thing hasn't got anything on it. What, you think everything in TextWorld should have stuff on it?

There is an exit to the north.","You are carrying: an orange bell pepper, a raw purple potato, a block of cheese, a knife and a cookbook.",3 of 17,0.17647058823529413,False,
77,,,"Since the bedroom has nothing useful, I should go back north to the corridor and then try the other exits to find the pork chop and yellow bell pepper.",go north,,"You've entered a corridor.



There is a closed screen door leading east. There is an exit to the north. You need an exit without a door? You should try going south. There is an exit to the west. Don't worry, there is no door.",Corridor,"You've entered a corridor.



There is a closed screen door leading east. There is an exit to the north. You need an exit without a door? You should try going south. There is an exit to the west. Don't worry, there is no door.","You are carrying: an orange bell pepper, a raw purple potato, a block of cheese, a knife and a cookbook.",3 of 17,0.17647058823529413,False,
78,,,I should go west from the corridor to explore another area for the pork chop and yellow bell pepper.,go west,,"You've entered a livingroom.

You can make out a sofa. Make a note of this, you might have to put stuff on or in it later on. The sofa is comfy. Unfortunately, there isn't a thing on it.

There is a closed fiberglass door leading south. There is an exit to the east. There is an exit to the north.",Livingroom,"You've entered a livingroom.

You can make out a sofa. Make a note of this, you might have to put stuff on or in it later on. The sofa is comfy. Unfortunately, there isn't a thing on it.

There is a closed fiberglass door leading south. There is an exit to the east. There is an exit to the north.","You are carrying: an orange bell pepper, a raw purple potato, a block of cheese, a knife and a cookbook.",3 of 17,0.17647058823529413,False,
79,,,I should go north from the livingroom to explore further for the pork chop and yellow bell pepper.,go north,,"Well, here we are in the kitchen.

You bend down to tie your shoe. When you stand up, you notice a fridge. Empty! What kind of nightmare TextWorld is this? You see a closed oven. You make out a table. The table is massive. However, the table, like an empty table, has nothing on it. You see a counter. You see a red apple, a banana and a raw red potato on the counter. Hmmm... what else, what else? You can see a stove. The stove is conventional. But the thing hasn't got anything on it.

There is a closed frosted-glass door leading west. You need an exit without a door? You should try going south.

There is a red onion, a white onion and a red hot pepper on the floor.",Kitchen,"Well, here we are in the kitchen.

You bend down to tie your shoe. When you stand up, you notice a fridge. Empty! What kind of nightmare TextWorld is this? You see a closed oven. You make out a table. The table is massive. However, the table, like an empty table, has nothing on it. You see a counter. You see a red apple, a banana and a raw red potato on the counter. Hmmm... what else, what else? You can see a stove. The stove is conventional. But the thing hasn't got anything on it.

There is a closed frosted-glass door leading west. You need an exit without a door? You should try going south.

There is a red onion, a white onion and a red hot pepper on the floor.","You are carrying: an orange bell pepper, a raw purple potato, a block of cheese, a knife and a cookbook.",3 of 17,0.17647058823529413,False,
80,,,I should examine the cookbook to find a recipe for a delicious meal.,examine cookbook,,"You open the copy of ""Cooking: A Modern Approach (3rd Ed.)"" and start reading:

Recipe #1
---------
Gather all following ingredients and follow the directions to prepare this tasty meal.

Ingredients:
pork chop
  block of cheese
  red onion
  purple potato
  yellow bell pepper

Directions:
chop the pork chop
  fry the pork chop
  chop the block of cheese
  grill the block of cheese
  dice the red onion
  fry the red onion
  dice the purple potato
  roast the purple potato
  slice the yellow bell pepper
  grill the yellow bell pepper
  prepare meal",Kitchen,"Well, here we are in the kitchen.

You bend down to tie your shoe. When you stand up, you notice a fridge. Empty! What kind of nightmare TextWorld is this? You see a closed oven. You make out a table. The table is massive. However, the table, like an empty table, has nothing on it. You see a counter. You see a red apple, a banana and a raw red potato on the counter. Hmmm... what else, what else? You can see a stove. The stove is conventional. But the thing hasn't got anything on it.

There is a closed frosted-glass door leading west. You need an exit without a door? You should try going south.

There is a red onion, a white onion and a red hot pepper on the floor.","You are carrying: an orange bell pepper, a raw purple potato, a block of cheese, a knife and a cookbook.",3 of 17,0.17647058823529413,False,
81,,,I need to find the pork chop and yellow bell pepper to complete the recipe.,take red onion from floor,,You're carrying too many things already.,Kitchen,"Well, here we are in the kitchen.

You bend down to tie your shoe. When you stand up, you notice a fridge. Empty! What kind of nightmare TextWorld is this? You see a closed oven. You make out a table. The table is massive. However, the table, like an empty table, has nothing on it. You see a counter. You see a red apple, a banana and a raw red potato on the counter. Hmmm... what else, what else? You can see a stove. The stove is conventional. But the thing hasn't got anything on it.

There is a closed frosted-glass door leading west. You need an exit without a door? You should try going south.

There is a red onion, a white onion and a red hot pepper on the floor.","You are carrying: an orange bell pepper, a raw purple potato, a block of cheese, a knife and a cookbook.",3 of 17,0.17647058823529413,False,
82,,,I need to free up inventory space by dropping an item I can do without for now.,drop orange bell pepper,,You drop the orange bell pepper on the ground.,Kitchen,"Well, here we are in the kitchen.

You bend down to tie your shoe. When you stand up, you notice a fridge. Empty! What kind of nightmare TextWorld is this? You see a closed oven. You make out a table. The table is massive. However, the table, like an empty table, has nothing on it. You see a counter. You see a red apple, a banana and a raw red potato on the counter. Hmmm... what else, what else? You can see a stove. The stove is conventional. But the thing hasn't got anything on it.

There is a closed frosted-glass door leading west. You need an exit without a door? You should try going south.

There is an orange bell pepper, a red onion, a white onion and a red hot pepper on the floor.","You are carrying: a raw purple potato, a block of cheese, a knife and a cookbook.",3 of 17,0.17647058823529413,False,
83,,,"Now that I have space, I should take the red onion from the floor as required by the recipe.",take red onion from floor,,You pick up the red onion from the ground.,Kitchen,"Well, here we are in the kitchen.

You bend down to tie your shoe. When you stand up, you notice a fridge. Empty! What kind of nightmare TextWorld is this? You see a closed oven. You make out a table. The table is massive. However, the table, like an empty table, has nothing on it. You see a counter. You see a red apple, a banana and a raw red potato on the counter. Hmmm... what else, what else? You can see a stove. The stove is conventional. But the thing hasn't got anything on it.

There is a closed frosted-glass door leading west. You need an exit without a door? You should try going south.

There is an orange bell pepper, a white onion and a red hot pepper on the floor.","You are carrying: a red onion, a raw purple potato, a block of cheese, a knife and a cookbook.",3 of 17,0.17647058823529413,False,
84,,,"I need to find the pork chop and yellow bell pepper to complete the recipe, so I should explore the kitchen further by going south.",go south,,"You've entered a livingroom.

You can make out a sofa. Make a note of this, you might have to put stuff on or in it later on. The sofa is comfy. Unfortunately, there isn't a thing on it.

There is a closed fiberglass door leading south. There is an exit to the east. There is an exit to the north.",Livingroom,"You've entered a livingroom.

You can make out a sofa. Make a note of this, you might have to put stuff on or in it later on. The sofa is comfy. Unfortunately, there isn't a thing on it.

There is a closed fiberglass door leading south. There is an exit to the east. There is an exit to the north.","You are carrying: a red onion, a raw purple potato, a block of cheese, a knife and a cookbook.",3 of 17,0.17647058823529413,False,
85,,,I should check the cookbook for the recipe details before searching for more ingredients.,examine cookbook,,"You open the copy of ""Cooking: A Modern Approach (3rd Ed.)"" and start reading:

Recipe #1
---------
Gather all following ingredients and follow the directions to prepare this tasty meal.

Ingredients:
pork chop
  block of cheese
  red onion
  purple potato
  yellow bell pepper

Directions:
chop the pork chop
  fry the pork chop
  chop the block of cheese
  grill the block of cheese
  dice the red onion
  fry the red onion
  dice the purple potato
  roast the purple potato
  slice the yellow bell pepper
  grill the yellow bell pepper
  prepare meal",Livingroom,"You've entered a livingroom.

You can make out a sofa. Make a note of this, you might have to put stuff on or in it later on. The sofa is comfy. Unfortunately, there isn't a thing on it.

There is a closed fiberglass door leading south. There is an exit to the east. There is an exit to the north.","You are carrying: a red onion, a raw purple potato, a block of cheese, a knife and a cookbook.",3 of 17,0.17647058823529413,False,
86,,,"I need to find the pork chop and yellow bell pepper, so I should go east to explore more rooms.",go east,,"You've entered a corridor.



There is a closed screen door leading east. There is an exit to the north. You need an exit without a door? You should try going south. There is an exit to the west. Don't worry, there is no door.",Corridor,"You've entered a corridor.



There is a closed screen door leading east. There is an exit to the north. You need an exit without a door? You should try going south. There is an exit to the west. Don't worry, there is no door.","You are carrying: a red onion, a raw purple potato, a block of cheese, a knife and a cookbook.",3 of 17,0.17647058823529413,False,
87,,,I should go south in the corridor to explore more areas for the missing ingredients.,go south,,"You've entered a bedroom.

If you haven't noticed it already, there seems to be something there by the wall, it's a bed. But the thing hasn't got anything on it. What, you think everything in TextWorld should have stuff on it?

There is an exit to the north.",Bedroom,"You've entered a bedroom.

If you haven't noticed it already, there seems to be something there by the wall, it's a bed. But the thing hasn't got anything on it. What, you think everything in TextWorld should have stuff on it?

There is an exit to the north.","You are carrying: a red onion, a raw purple potato, a block of cheese, a knife and a cookbook.",3 of 17,0.17647058823529413,False,
88,,,I should go back north to the corridor and then try the other exits to find the pork chop and yellow bell pepper.,go north,,"You've entered a corridor.



There is a closed screen door leading east. There is an exit to the north. You need an exit without a door? You should try going south. There is an exit to the west. Don't worry, there is no door.",Corridor,"You've entered a corridor.



There is a closed screen door leading east. There is an exit to the north. You need an exit without a door? You should try going south. There is an exit to the west. Don't worry, there is no door.","You are carrying: a red onion, a raw purple potato, a block of cheese, a knife and a cookbook.",3 of 17,0.17647058823529413,False,
89,,,I should go west from the corridor to check for the pork chop and yellow bell pepper.,go west,,"You've entered a livingroom.

You can make out a sofa. Make a note of this, you might have to put stuff on or in it later on. The sofa is comfy. Unfortunately, there isn't a thing on it.

There is a closed fiberglass door leading south. There is an exit to the east. There is an exit to the north.",Livingroom,"You've entered a livingroom.

You can make out a sofa. Make a note of this, you might have to put stuff on or in it later on. The sofa is comfy. Unfortunately, there isn't a thing on it.

There is a closed fiberglass door leading south. There is an exit to the east. There is an exit to the north.","You are carrying: a red onion, a raw purple potato, a block of cheese, a knife and a cookbook.",3 of 17,0.17647058823529413,False,
90,,,I should go north from the livingroom to explore further for the pork chop and yellow bell pepper.,go north,,"Well, here we are in the kitchen.

You bend down to tie your shoe. When you stand up, you notice a fridge. Empty! What kind of nightmare TextWorld is this? You see a closed oven. You make out a table. The table is massive. However, the table, like an empty table, has nothing on it. You see a counter. You see a red apple, a banana and a raw red potato on the counter. Hmmm... what else, what else? You can see a stove. The stove is conventional. But the thing hasn't got anything on it.

There is a closed frosted-glass door leading west. You need an exit without a door? You should try going south.

There is an orange bell pepper, a white onion and a red hot pepper on the floor.",Kitchen,"Well, here we are in the kitchen.

You bend down to tie your shoe. When you stand up, you notice a fridge. Empty! What kind of nightmare TextWorld is this? You see a closed oven. You make out a table. The table is massive. However, the table, like an empty table, has nothing on it. You see a counter. You see a red apple, a banana and a raw red potato on the counter. Hmmm... what else, what else? You can see a stove. The stove is conventional. But the thing hasn't got anything on it.

There is a closed frosted-glass door leading west. You need an exit without a door? You should try going south.

There is an orange bell pepper, a white onion and a red hot pepper on the floor.","You are carrying: a red onion, a raw purple potato, a block of cheese, a knife and a cookbook.",3 of 17,0.17647058823529413,False,
91,,,I should take the orange bell pepper from the floor and then look for the pork chop.,take orange bell pepper from floor,,You're carrying too many things already.,Kitchen,"Well, here we are in the kitchen.

You bend down to tie your shoe. When you stand up, you notice a fridge. Empty! What kind of nightmare TextWorld is this? You see a closed oven. You make out a table. The table is massive. However, the table, like an empty table, has nothing on it. You see a counter. You see a red apple, a banana and a raw red potato on the counter. Hmmm... what else, what else? You can see a stove. The stove is conventional. But the thing hasn't got anything on it.

There is a closed frosted-glass door leading west. You need an exit without a door? You should try going south.

There is an orange bell pepper, a white onion and a red hot pepper on the floor.","You are carrying: a red onion, a raw purple potato, a block of cheese, a knife and a cookbook.",3 of 17,0.17647058823529413,False,
92,,,I should drop the red onion to free up space and then take the orange bell pepper from the floor.,drop red onion,,You drop the red onion on the ground.,Kitchen,"Well, here we are in the kitchen.

You bend down to tie your shoe. When you stand up, you notice a fridge. Empty! What kind of nightmare TextWorld is this? You see a closed oven. You make out a table. The table is massive. However, the table, like an empty table, has nothing on it. You see a counter. You see a red apple, a banana and a raw red potato on the counter. Hmmm... what else, what else? You can see a stove. The stove is conventional. But the thing hasn't got anything on it.

There is a closed frosted-glass door leading west. You need an exit without a door? You should try going south.

There is a red onion, an orange bell pepper, a white onion and a red hot pepper on the floor.","You are carrying: a raw purple potato, a block of cheese, a knife and a cookbook.",3 of 17,0.17647058823529413,False,
93,,,I should take the orange bell pepper from the floor now that I have space.,take orange bell pepper from floor,,You pick up the orange bell pepper from the ground.,Kitchen,"Well, here we are in the kitchen.

You bend down to tie your shoe. When you stand up, you notice a fridge. Empty! What kind of nightmare TextWorld is this? You see a closed oven. You make out a table. The table is massive. However, the table, like an empty table, has nothing on it. You see a counter. You see a red apple, a banana and a raw red potato on the counter. Hmmm... what else, what else? You can see a stove. The stove is conventional. But the thing hasn't got anything on it.

There is a closed frosted-glass door leading west. You need an exit without a door? You should try going south.

There is a red onion, a white onion and a red hot pepper on the floor.","You are carrying: an orange bell pepper, a raw purple potato, a block of cheese, a knife and a cookbook.",3 of 17,0.17647058823529413,False,
94,,,I should check the cookbook for a recipe to cook a delicious meal.,examine cookbook,,"You open the copy of ""Cooking: A Modern Approach (3rd Ed.)"" and start reading:

Recipe #1
---------
Gather all following ingredients and follow the directions to prepare this tasty meal.

Ingredients:
pork chop
  block of cheese
  red onion
  purple potato
  yellow bell pepper

Directions:
chop the pork chop
  fry the pork chop
  chop the block of cheese
  grill the block of cheese
  dice the red onion
  fry the red onion
  dice the purple potato
  roast the purple potato
  slice the yellow bell pepper
  grill the yellow bell pepper
  prepare meal",Kitchen,"Well, here we are in the kitchen.

You bend down to tie your shoe. When you stand up, you notice a fridge. Empty! What kind of nightmare TextWorld is this? You see a closed oven. You make out a table. The table is massive. However, the table, like an empty table, has nothing on it. You see a counter. You see a red apple, a banana and a raw red potato on the counter. Hmmm... what else, what else? You can see a stove. The stove is conventional. But the thing hasn't got anything on it.

There is a closed frosted-glass door leading west. You need an exit without a door? You should try going south.

There is a red onion, a white onion and a red hot pepper on the floor.","You are carrying: an orange bell pepper, a raw purple potato, a block of cheese, a knife and a cookbook.",3 of 17,0.17647058823529413,False,
95,,,"I need to get the pork chop and red onion and yellow bell pepper to follow the recipe, so I should take the red onion from the floor and the raw red potato from the counter, then drop the orange bell pepper to make space.",take red onion from floor,,You're carrying too many things already.,Kitchen,"Well, here we are in the kitchen.

You bend down to tie your shoe. When you stand up, you notice a fridge. Empty! What kind of nightmare TextWorld is this? You see a closed oven. You make out a table. The table is massive. However, the table, like an empty table, has nothing on it. You see a counter. You see a red apple, a banana and a raw red potato on the counter. Hmmm... what else, what else? You can see a stove. The stove is conventional. But the thing hasn't got anything on it.

There is a closed frosted-glass door leading west. You need an exit without a door? You should try going south.

There is a red onion, a white onion and a red hot pepper on the floor.","You are carrying: an orange bell pepper, a raw purple potato, a block of cheese, a knife and a cookbook.",3 of 17,0.17647058823529413,False,
96,,,"I am carrying too many items, so I should drop the orange bell pepper to free up space before taking the red onion.",drop orange bell pepper,,You drop the orange bell pepper on the ground.,Kitchen,"Well, here we are in the kitchen.

You bend down to tie your shoe. When you stand up, you notice a fridge. Empty! What kind of nightmare TextWorld is this? You see a closed oven. You make out a table. The table is massive. However, the table, like an empty table, has nothing on it. You see a counter. You see a red apple, a banana and a raw red potato on the counter. Hmmm... what else, what else? You can see a stove. The stove is conventional. But the thing hasn't got anything on it.

There is a closed frosted-glass door leading west. You need an exit without a door? You should try going south.

There is an orange bell pepper, a red onion, a white onion and a red hot pepper on the floor.","You are carrying: a raw purple potato, a block of cheese, a knife and a cookbook.",3 of 17,0.17647058823529413,False,
97,,,"Now that I have space, I should take the red onion from the floor.",take red onion from floor,,You pick up the red onion from the ground.,Kitchen,"Well, here we are in the kitchen.

You bend down to tie your shoe. When you stand up, you notice a fridge. Empty! What kind of nightmare TextWorld is this? You see a closed oven. You make out a table. The table is massive. However, the table, like an empty table, has nothing on it. You see a counter. You see a red apple, a banana and a raw red potato on the counter. Hmmm... what else, what else? You can see a stove. The stove is conventional. But the thing hasn't got anything on it.

There is a closed frosted-glass door leading west. You need an exit without a door? You should try going south.

There is an orange bell pepper, a white onion and a red hot pepper on the floor.","You are carrying: a red onion, a raw purple potato, a block of cheese, a knife and a cookbook.",3 of 17,0.17647058823529413,False,
98,,,"I need to find the pork chop and yellow bell pepper to complete the recipe, so I should look around the kitchen for these items.",look,,"Well, here we are in the kitchen.

You bend down to tie your shoe. When you stand up, you notice a fridge. Empty! What kind of nightmare TextWorld is this? You see a closed oven. You make out a table. The table is massive. However, the table, like an empty table, has nothing on it. You see a counter. You see a red apple, a banana and a raw red potato on the counter. Hmmm... what else, what else? You can see a stove. The stove is conventional. But the thing hasn't got anything on it.

There is a closed frosted-glass door leading west. You need an exit without a door? You should try going south.

There is an orange bell pepper, a white onion and a red hot pepper on the floor.",Kitchen,"Well, here we are in the kitchen.

You bend down to tie your shoe. When you stand up, you notice a fridge. Empty! What kind of nightmare TextWorld is this? You see a closed oven. You make out a table. The table is massive. However, the table, like an empty table, has nothing on it. You see a counter. You see a red apple, a banana and a raw red potato on the counter. Hmmm... what else, what else? You can see a stove. The stove is conventional. But the thing hasn't got anything on it.

There is a closed frosted-glass door leading west. You need an exit without a door? You should try going south.

There is an orange bell pepper, a white onion and a red hot pepper on the floor.","You are carrying: a red onion, a raw purple potato, a block of cheese, a knife and a cookbook.",3 of 17,0.17647058823529413,False,
99,,,"Since the kitchen is empty of the needed ingredients, I should check the frosted-glass door to the west to see if I can find more ingredients there.",go west,,You have to open the frosted-glass door first.,Kitchen,"Well, here we are in the kitchen.

You bend down to tie your shoe. When you stand up, you notice a fridge. Empty! What kind of nightmare TextWorld is this? You see a closed oven. You make out a table. The table is massive. However, the table, like an empty table, has nothing on it. You see a counter. You see a red apple, a banana and a raw red potato on the counter. Hmmm... what else, what else? You can see a stove. The stove is conventional. But the thing hasn't got anything on it.

There is a closed frosted-glass door leading west. You need an exit without a door? You should try going south.

There is an orange bell pepper, a white onion and a red hot pepper on the floor.","You are carrying: a red onion, a raw purple potato, a block of cheese, a knife and a cookbook.",3 of 17,0.17647058823529413,False,
100,,,I need to open the frosted-glass door before going west.,open frosted-glass door,,You open frosted-glass door.,Kitchen,"Well, here we are in the kitchen.

You bend down to tie your shoe. When you stand up, you notice a fridge. Empty! What kind of nightmare TextWorld is this? You see a closed oven. You make out a table. The table is massive. However, the table, like an empty table, has nothing on it. You see a counter. You see a red apple, a banana and a raw red potato on the counter. Hmmm... what else, what else? You can see a stove. The stove is conventional. But the thing hasn't got anything on it.

There is an open frosted-glass door leading west. You need an exit without a door? You should try going south.

There is an orange bell pepper, a white onion and a red hot pepper on the floor.","You are carrying: a red onion, a raw purple potato, a block of cheese, a knife and a cookbook.",3 of 17,0.17647058823529413,True,
