step_id,plan,summary,thought,action,task,feedback,location,description,inventory,score,reward,is_done,error
0,,,,,"You are hungry! Let's cook a delicious meal. Check the cookbook in the kitchen for the recipe. Once done, enjoy your meal!",,Bathroom,"You arrive in a bathroom. An usual one.

You see a gleam over in a corner, where you can see a toilet. The toilet is white. But the thing is empty, unfortunately. You make a mental note to not get your hopes up the next time you see a toilet in a room.

You need an exit without a door? You should try going north.","You are carrying: a raw red potato, a block of cheese, a red onion and a raw purple potato.",0 of 17,0.0,False,
1,,,I should go north to exit the bathroom and find the kitchen to check the cookbook for the recipe.,go north,,"You are in a corridor. A standard one. You begin to take stock of what's here.



You don't like doors? Why not try going east, that entranceway is not blocked by one. There is an exit to the north. You don't like doors? Why not try going south, that entranceway is not blocked by one.",Corridor,"You are in a corridor. A standard one. You begin to take stock of what's here.



You don't like doors? Why not try going east, that entranceway is not blocked by one. There is an exit to the north. You don't like doors? Why not try going south, that entranceway is not blocked by one.","You are carrying: a raw red potato, a block of cheese, a red onion and a raw purple potato.",0 of 17,0.0,False,
2,,,I should go east where the entranceway is not blocked by a door to explore further.,go east,,"You are in a kitchen. An usual one. You decide to start listing off everything you see in the room, as if you were in a text adventure.

You can make out a fridge. You can make out a closed oven. You can see a table. The table is massive. But the thing hasn't got anything on it. Oh! Why couldn't there just be stuff on it? Look over there! a counter. The counter is vast. On the counter you can make out a red hot pepper, a raw yellow potato, a red apple, an orange bell pepper, a banana, a cookbook and a knife. There's something strange about this thing being here, but you don't have time to worry about that now. You scan the room for a stove, and you find a stove. The stove is conventional. Unfortunately, there isn't a thing on it. What's the point of an empty stove?

There is a closed plain door leading east. There is an exit to the south. You don't like doors? Why not try going west, that entranceway is not blocked by one.",Kitchen,"You are in a kitchen. An usual one. You decide to start listing off everything you see in the room, as if you were in a text adventure.

You can make out a fridge. You can make out a closed oven. You can see a table. The table is massive. But the thing hasn't got anything on it. Oh! Why couldn't there just be stuff on it? Look over there! a counter. The counter is vast. On the counter you can make out a red hot pepper, a raw yellow potato, a red apple, an orange bell pepper, a banana, a cookbook and a knife. There's something strange about this thing being here, but you don't have time to worry about that now. You scan the room for a stove, and you find a stove. The stove is conventional. Unfortunately, there isn't a thing on it. What's the point of an empty stove?

There is a closed plain door leading east. There is an exit to the south. You don't like doors? Why not try going west, that entranceway is not blocked by one.","You are carrying: a raw red potato, a block of cheese, a red onion and a raw purple potato.",0 of 17,0.0,False,
3,,,I should examine the cookbook on the counter to find the recipe for a delicious meal.,examine cookbook,,"You open the copy of ""Cooking: A Modern Approach (3rd Ed.)"" and start reading:

Recipe #1
---------
Gather all following ingredients and follow the directions to prepare this tasty meal.

Ingredients:
pork chop
  red hot pepper
  carrot
  yellow potato
  yellow bell pepper

Directions:
chop the pork chop
  fry the pork chop
  chop the red hot pepper
  fry the red hot pepper
  chop the carrot
  fry the carrot
  slice the yellow potato
  fry the yellow potato
  chop the yellow bell pepper
  fry the yellow bell pepper
  prepare meal",Kitchen,"You are in a kitchen. An usual one. You decide to start listing off everything you see in the room, as if you were in a text adventure.

You can make out a fridge. You can make out a closed oven. You can see a table. The table is massive. But the thing hasn't got anything on it. Oh! Why couldn't there just be stuff on it? Look over there! a counter. The counter is vast. On the counter you can make out a red hot pepper, a raw yellow potato, a red apple, an orange bell pepper, a banana, a cookbook and a knife. There's something strange about this thing being here, but you don't have time to worry about that now. You scan the room for a stove, and you find a stove. The stove is conventional. Unfortunately, there isn't a thing on it. What's the point of an empty stove?

There is a closed plain door leading east. There is an exit to the south. You don't like doors? Why not try going west, that entranceway is not blocked by one.","You are carrying: a raw red potato, a block of cheese, a red onion and a raw purple potato.",0 of 17,0.0,False,
4,,,"I need to find the pork chop, carrot, yellow potato, and yellow bell pepper to cook the meal as per the recipe.",take red hot pepper from counter,,"You take the red hot pepper from the counter.



Your score has just gone up by one point.",Kitchen,"You are in a kitchen. An usual one. You decide to start listing off everything you see in the room, as if you were in a text adventure.

You can make out a fridge. You can make out a closed oven. You can see a table. The table is massive. But the thing hasn't got anything on it. Oh! Why couldn't there just be stuff on it? Look over there! a counter. The counter is vast. On the counter you can make out a raw yellow potato, a red apple, an orange bell pepper, a banana, a cookbook and a knife. There's something strange about this thing being here, but you don't have time to worry about that now. You scan the room for a stove, and you find a stove. The stove is conventional. Unfortunately, there isn't a thing on it. What's the point of an empty stove?

There is a closed plain door leading east. There is an exit to the south. You don't like doors? Why not try going west, that entranceway is not blocked by one.","You are carrying: a red hot pepper, a raw red potato, a block of cheese, a red onion and a raw purple potato.",1 of 17,0.058823529411764705,False,
5,,,I should take the raw yellow potato from the counter as it is one of the ingredients needed for the recipe.,take raw yellow potato from counter,,You're carrying too many things already.,Kitchen,"You are in a kitchen. An usual one. You decide to start listing off everything you see in the room, as if you were in a text adventure.

You can make out a fridge. You can make out a closed oven. You can see a table. The table is massive. But the thing hasn't got anything on it. Oh! Why couldn't there just be stuff on it? Look over there! a counter. The counter is vast. On the counter you can make out a raw yellow potato, a red apple, an orange bell pepper, a banana, a cookbook and a knife. There's something strange about this thing being here, but you don't have time to worry about that now. You scan the room for a stove, and you find a stove. The stove is conventional. Unfortunately, there isn't a thing on it. What's the point of an empty stove?

There is a closed plain door leading east. There is an exit to the south. You don't like doors? Why not try going west, that entranceway is not blocked by one.","You are carrying: a red hot pepper, a raw red potato, a block of cheese, a red onion and a raw purple potato.",1 of 17,0.058823529411764705,False,
6,,,"I am carrying too many items, so I should drop the block of cheese to free up space for the raw yellow potato.",drop block of cheese,,You drop the block of cheese on the ground.,Kitchen,"You are in a kitchen. An usual one. You decide to start listing off everything you see in the room, as if you were in a text adventure.

You can make out a fridge. You can make out a closed oven. You can see a table. The table is massive. But the thing hasn't got anything on it. Oh! Why couldn't there just be stuff on it? Look over there! a counter. The counter is vast. On the counter you can make out a raw yellow potato, a red apple, an orange bell pepper, a banana, a cookbook and a knife. There's something strange about this thing being here, but you don't have time to worry about that now. You scan the room for a stove, and you find a stove. The stove is conventional. Unfortunately, there isn't a thing on it. What's the point of an empty stove?

There is a closed plain door leading east. There is an exit to the south. You don't like doors? Why not try going west, that entranceway is not blocked by one.

There is a block of cheese on the floor.","You are carrying: a red hot pepper, a raw red potato, a red onion and a raw purple potato.",1 of 17,0.058823529411764705,False,
7,,,"Now that I have space, I should take the raw yellow potato from the counter.",take raw yellow potato from counter,,"You take the yellow potato from the counter.



Your score has just gone up by one point.",Kitchen,"You are in a kitchen. An usual one. You decide to start listing off everything you see in the room, as if you were in a text adventure.

You can make out a fridge. You can make out a closed oven. You can see a table. The table is massive. But the thing hasn't got anything on it. Oh! Why couldn't there just be stuff on it? Look over there! a counter. The counter is vast. On the counter you can make out a red apple, an orange bell pepper, a banana, a cookbook and a knife. There's something strange about this thing being here, but you don't have time to worry about that now. You scan the room for a stove, and you find a stove. The stove is conventional. Unfortunately, there isn't a thing on it. What's the point of an empty stove?

There is a closed plain door leading east. There is an exit to the south. You don't like doors? Why not try going west, that entranceway is not blocked by one.

There is a block of cheese on the floor.","You are carrying: a raw yellow potato, a red hot pepper, a raw red potato, a red onion and a raw purple potato.",2 of 17,0.11764705882352941,False,
8,,,"I need to find the pork chop, carrot, and yellow bell pepper next, so I should check the fridge for these ingredients.",open fridge,,"You open the fridge, revealing a raw pork chop, a yellow bell pepper and a carrot.",Kitchen,"You are in a kitchen. An usual one. You decide to start listing off everything you see in the room, as if you were in a text adventure.

You can make out a fridge. The fridge contains a raw pork chop, a yellow bell pepper and a carrot. You can make out a closed oven. You can see a table. The table is massive. But the thing hasn't got anything on it. Oh! Why couldn't there just be stuff on it? Look over there! a counter. The counter is vast. On the counter you can make out a red apple, an orange bell pepper, a banana, a cookbook and a knife. There's something strange about this thing being here, but you don't have time to worry about that now. You scan the room for a stove, and you find a stove. The stove is conventional. Unfortunately, there isn't a thing on it. What's the point of an empty stove?

There is a closed plain door leading east. There is an exit to the south. You don't like doors? Why not try going west, that entranceway is not blocked by one.

There is a block of cheese on the floor.","You are carrying: a raw yellow potato, a red hot pepper, a raw red potato, a red onion and a raw purple potato.",2 of 17,0.11764705882352941,False,
9,,,"I should take the raw pork chop, carrot, and yellow bell pepper from the fridge to have all the ingredients for the recipe.",take raw pork chop from fridge,,You're carrying too many things already.,Kitchen,"You are in a kitchen. An usual one. You decide to start listing off everything you see in the room, as if you were in a text adventure.

You can make out a fridge. The fridge contains a raw pork chop, a yellow bell pepper and a carrot. You can make out a closed oven. You can see a table. The table is massive. But the thing hasn't got anything on it. Oh! Why couldn't there just be stuff on it? Look over there! a counter. The counter is vast. On the counter you can make out a red apple, an orange bell pepper, a banana, a cookbook and a knife. There's something strange about this thing being here, but you don't have time to worry about that now. You scan the room for a stove, and you find a stove. The stove is conventional. Unfortunately, there isn't a thing on it. What's the point of an empty stove?

There is a closed plain door leading east. There is an exit to the south. You don't like doors? Why not try going west, that entranceway is not blocked by one.

There is a block of cheese on the floor.","You are carrying: a raw yellow potato, a red hot pepper, a raw red potato, a red onion and a raw purple potato.",2 of 17,0.11764705882352941,False,
10,,,"I am carrying too many items, so I should drop the raw purple potato to free up space for the pork chop.",drop raw purple potato,,You drop the purple potato on the ground.,Kitchen,"You are in a kitchen. An usual one. You decide to start listing off everything you see in the room, as if you were in a text adventure.

You can make out a fridge. The fridge contains a raw pork chop, a yellow bell pepper and a carrot. You can make out a closed oven. You can see a table. The table is massive. But the thing hasn't got anything on it. Oh! Why couldn't there just be stuff on it? Look over there! a counter. The counter is vast. On the counter you can make out a red apple, an orange bell pepper, a banana, a cookbook and a knife. There's something strange about this thing being here, but you don't have time to worry about that now. You scan the room for a stove, and you find a stove. The stove is conventional. Unfortunately, there isn't a thing on it. What's the point of an empty stove?

There is a closed plain door leading east. There is an exit to the south. You don't like doors? Why not try going west, that entranceway is not blocked by one.

There is a raw purple potato and a block of cheese on the floor.","You are carrying: a raw yellow potato, a red hot pepper, a raw red potato and a red onion.",2 of 17,0.11764705882352941,False,
11,,,"Now that I have space, I should take the raw pork chop from the fridge.",take raw pork chop from fridge,,"You take the pork chop from the fridge.



Your score has just gone up by one point.",Kitchen,"You are in a kitchen. An usual one. You decide to start listing off everything you see in the room, as if you were in a text adventure.

You can make out a fridge. The fridge contains a yellow bell pepper and a carrot. You can make out a closed oven. You can see a table. The table is massive. But the thing hasn't got anything on it. Oh! Why couldn't there just be stuff on it? Look over there! a counter. The counter is vast. On the counter you can make out a red apple, an orange bell pepper, a banana, a cookbook and a knife. There's something strange about this thing being here, but you don't have time to worry about that now. You scan the room for a stove, and you find a stove. The stove is conventional. Unfortunately, there isn't a thing on it. What's the point of an empty stove?

There is a closed plain door leading east. There is an exit to the south. You don't like doors? Why not try going west, that entranceway is not blocked by one.

There is a raw purple potato and a block of cheese on the floor.","You are carrying: a raw pork chop, a raw yellow potato, a red hot pepper, a raw red potato and a red onion.",3 of 17,0.17647058823529413,False,
12,,,I should drop the raw red potato to make space for the carrot and yellow bell pepper.,drop raw red potato,,You drop the red potato on the ground.,Kitchen,"You are in a kitchen. An usual one. You decide to start listing off everything you see in the room, as if you were in a text adventure.

You can make out a fridge. The fridge contains a yellow bell pepper and a carrot. You can make out a closed oven. You can see a table. The table is massive. But the thing hasn't got anything on it. Oh! Why couldn't there just be stuff on it? Look over there! a counter. The counter is vast. On the counter you can make out a red apple, an orange bell pepper, a banana, a cookbook and a knife. There's something strange about this thing being here, but you don't have time to worry about that now. You scan the room for a stove, and you find a stove. The stove is conventional. Unfortunately, there isn't a thing on it. What's the point of an empty stove?

There is a closed plain door leading east. There is an exit to the south. You don't like doors? Why not try going west, that entranceway is not blocked by one.

There is a raw red potato, a raw purple potato and a block of cheese on the floor.","You are carrying: a raw pork chop, a raw yellow potato, a red hot pepper and a red onion.",3 of 17,0.17647058823529413,False,
13,,,I should take the carrot from the fridge now that I have space.,take carrot from fridge,,"You take the carrot from the fridge.



Your score has just gone up by one point.",Kitchen,"You are in a kitchen. An usual one. You decide to start listing off everything you see in the room, as if you were in a text adventure.

You can make out a fridge. The fridge contains a yellow bell pepper. You can make out a closed oven. You can see a table. The table is massive. But the thing hasn't got anything on it. Oh! Why couldn't there just be stuff on it? Look over there! a counter. The counter is vast. On the counter you can make out a red apple, an orange bell pepper, a banana, a cookbook and a knife. There's something strange about this thing being here, but you don't have time to worry about that now. You scan the room for a stove, and you find a stove. The stove is conventional. Unfortunately, there isn't a thing on it. What's the point of an empty stove?

There is a closed plain door leading east. There is an exit to the south. You don't like doors? Why not try going west, that entranceway is not blocked by one.

There is a raw red potato, a raw purple potato and a block of cheese on the floor.","You are carrying: a carrot, a raw pork chop, a raw yellow potato, a red hot pepper and a red onion.",4 of 17,0.23529411764705882,False,
14,,,I should drop the red onion to make space for the yellow bell pepper.,drop red onion,,You drop the red onion on the ground.,Kitchen,"You are in a kitchen. An usual one. You decide to start listing off everything you see in the room, as if you were in a text adventure.

You can make out a fridge. The fridge contains a yellow bell pepper. You can make out a closed oven. You can see a table. The table is massive. But the thing hasn't got anything on it. Oh! Why couldn't there just be stuff on it? Look over there! a counter. The counter is vast. On the counter you can make out a red apple, an orange bell pepper, a banana, a cookbook and a knife. There's something strange about this thing being here, but you don't have time to worry about that now. You scan the room for a stove, and you find a stove. The stove is conventional. Unfortunately, there isn't a thing on it. What's the point of an empty stove?

There is a closed plain door leading east. There is an exit to the south. You don't like doors? Why not try going west, that entranceway is not blocked by one.

There is a red onion, a raw red potato, a raw purple potato and a block of cheese on the floor.","You are carrying: a carrot, a raw pork chop, a raw yellow potato and a red hot pepper.",4 of 17,0.23529411764705882,False,
15,,,I should take the yellow bell pepper from the fridge now that I have space.,take yellow bell pepper from fridge,,"You take the yellow bell pepper from the fridge.



Your score has just gone up by one point.",Kitchen,"You are in a kitchen. An usual one. You decide to start listing off everything you see in the room, as if you were in a text adventure.

You can make out a fridge. The fridge is empty! What a waste of a day! You can make out a closed oven. You can see a table. The table is massive. But the thing hasn't got anything on it. Oh! Why couldn't there just be stuff on it? Look over there! a counter. The counter is vast. On the counter you can make out a red apple, an orange bell pepper, a banana, a cookbook and a knife. There's something strange about this thing being here, but you don't have time to worry about that now. You scan the room for a stove, and you find a stove. The stove is conventional. Unfortunately, there isn't a thing on it. What's the point of an empty stove?

There is a closed plain door leading east. There is an exit to the south. You don't like doors? Why not try going west, that entranceway is not blocked by one.

There is a red onion, a raw red potato, a raw purple potato and a block of cheese on the floor.","You are carrying: a yellow bell pepper, a carrot, a raw pork chop, a raw yellow potato and a red hot pepper.",5 of 17,0.29411764705882354,False,
16,,,I should examine the cookbook to find the recipe for the meal.,examine cookbook,,"You open the copy of ""Cooking: A Modern Approach (3rd Ed.)"" and start reading:

Recipe #1
---------
Gather all following ingredients and follow the directions to prepare this tasty meal.

Ingredients:
pork chop
  red hot pepper
  carrot
  yellow potato
  yellow bell pepper

Directions:
chop the pork chop
  fry the pork chop
  chop the red hot pepper
  fry the red hot pepper
  chop the carrot
  fry the carrot
  slice the yellow potato
  fry the yellow potato
  chop the yellow bell pepper
  fry the yellow bell pepper
  prepare meal",Kitchen,"You are in a kitchen. An usual one. You decide to start listing off everything you see in the room, as if you were in a text adventure.

You can make out a fridge. The fridge is empty! What a waste of a day! You can make out a closed oven. You can see a table. The table is massive. But the thing hasn't got anything on it. Oh! Why couldn't there just be stuff on it? Look over there! a counter. The counter is vast. On the counter you can make out a red apple, an orange bell pepper, a banana, a cookbook and a knife. There's something strange about this thing being here, but you don't have time to worry about that now. You scan the room for a stove, and you find a stove. The stove is conventional. Unfortunately, there isn't a thing on it. What's the point of an empty stove?

There is a closed plain door leading east. There is an exit to the south. You don't like doors? Why not try going west, that entranceway is not blocked by one.

There is a red onion, a raw red potato, a raw purple potato and a block of cheese on the floor.","You are carrying: a yellow bell pepper, a carrot, a raw pork chop, a raw yellow potato and a red hot pepper.",5 of 17,0.29411764705882354,False,
17,,,"I should follow the recipe by chopping and frying each ingredient in order, starting with the pork chop.",chop raw pork chop with knife,,You need to take the knife first.,Kitchen,"You are in a kitchen. An usual one. You decide to start listing off everything you see in the room, as if you were in a text adventure.

You can make out a fridge. The fridge is empty! What a waste of a day! You can make out a closed oven. You can see a table. The table is massive. But the thing hasn't got anything on it. Oh! Why couldn't there just be stuff on it? Look over there! a counter. The counter is vast. On the counter you can make out a red apple, an orange bell pepper, a banana, a cookbook and a knife. There's something strange about this thing being here, but you don't have time to worry about that now. You scan the room for a stove, and you find a stove. The stove is conventional. Unfortunately, there isn't a thing on it. What's the point of an empty stove?

There is a closed plain door leading east. There is an exit to the south. You don't like doors? Why not try going west, that entranceway is not blocked by one.

There is a red onion, a raw red potato, a raw purple potato and a block of cheese on the floor.","You are carrying: a yellow bell pepper, a carrot, a raw pork chop, a raw yellow potato and a red hot pepper.",5 of 17,0.29411764705882354,False,
18,,,I need to take the knife from the counter before chopping the pork chop.,take knife from counter,,You're carrying too many things already.,Kitchen,"You are in a kitchen. An usual one. You decide to start listing off everything you see in the room, as if you were in a text adventure.

You can make out a fridge. The fridge is empty! What a waste of a day! You can make out a closed oven. You can see a table. The table is massive. But the thing hasn't got anything on it. Oh! Why couldn't there just be stuff on it? Look over there! a counter. The counter is vast. On the counter you can make out a red apple, an orange bell pepper, a banana, a cookbook and a knife. There's something strange about this thing being here, but you don't have time to worry about that now. You scan the room for a stove, and you find a stove. The stove is conventional. Unfortunately, there isn't a thing on it. What's the point of an empty stove?

There is a closed plain door leading east. There is an exit to the south. You don't like doors? Why not try going west, that entranceway is not blocked by one.

There is a red onion, a raw red potato, a raw purple potato and a block of cheese on the floor.","You are carrying: a yellow bell pepper, a carrot, a raw pork chop, a raw yellow potato and a red hot pepper.",5 of 17,0.29411764705882354,False,
19,,,I need to drop an item to make space for the knife; I will drop the red hot pepper.,drop red hot pepper,,You drop the red hot pepper on the ground.,Kitchen,"You are in a kitchen. An usual one. You decide to start listing off everything you see in the room, as if you were in a text adventure.

You can make out a fridge. The fridge is empty! What a waste of a day! You can make out a closed oven. You can see a table. The table is massive. But the thing hasn't got anything on it. Oh! Why couldn't there just be stuff on it? Look over there! a counter. The counter is vast. On the counter you can make out a red apple, an orange bell pepper, a banana, a cookbook and a knife. There's something strange about this thing being here, but you don't have time to worry about that now. You scan the room for a stove, and you find a stove. The stove is conventional. Unfortunately, there isn't a thing on it. What's the point of an empty stove?

There is a closed plain door leading east. There is an exit to the south. You don't like doors? Why not try going west, that entranceway is not blocked by one.

There is a red hot pepper, a red onion, a raw red potato, a raw purple potato and a block of cheese on the floor.","You are carrying: a yellow bell pepper, a carrot, a raw pork chop and a raw yellow potato.",5 of 17,0.29411764705882354,False,
20,,,I should now take the knife from the counter to start preparing the meal.,take knife from counter,,You take the knife from the counter.,Kitchen,"You are in a kitchen. An usual one. You decide to start listing off everything you see in the room, as if you were in a text adventure.

You can make out a fridge. The fridge is empty! What a waste of a day! You can make out a closed oven. You can see a table. The table is massive. But the thing hasn't got anything on it. Oh! Why couldn't there just be stuff on it? Look over there! a counter. The counter is vast. On the counter you can make out a red apple, an orange bell pepper, a banana and a cookbook. There's something strange about this thing being here, but you don't have time to worry about that now. You scan the room for a stove, and you find a stove. The stove is conventional. Unfortunately, there isn't a thing on it. What's the point of an empty stove?

There is a closed plain door leading east. There is an exit to the south. You don't like doors? Why not try going west, that entranceway is not blocked by one.

There is a red hot pepper, a red onion, a raw red potato, a raw purple potato and a block of cheese on the floor.","You are carrying: a knife, a yellow bell pepper, a carrot, a raw pork chop and a raw yellow potato.",5 of 17,0.29411764705882354,False,
21,,,I will now chop the raw pork chop with the knife as the first step of the recipe.,chop raw pork chop with knife,,"You chop the pork chop.



Your score has just gone up by one point.",Kitchen,"You are in a kitchen. An usual one. You decide to start listing off everything you see in the room, as if you were in a text adventure.

You can make out a fridge. The fridge is empty! What a waste of a day! You can make out a closed oven. You can see a table. The table is massive. But the thing hasn't got anything on it. Oh! Why couldn't there just be stuff on it? Look over there! a counter. The counter is vast. On the counter you can make out a red apple, an orange bell pepper, a banana and a cookbook. There's something strange about this thing being here, but you don't have time to worry about that now. You scan the room for a stove, and you find a stove. The stove is conventional. Unfortunately, there isn't a thing on it. What's the point of an empty stove?

There is a closed plain door leading east. There is an exit to the south. You don't like doors? Why not try going west, that entranceway is not blocked by one.

There is a red hot pepper, a red onion, a raw red potato, a raw purple potato and a block of cheese on the floor.","You are carrying: a knife, a yellow bell pepper, a carrot, a chopped raw pork chop and a raw yellow potato.",6 of 17,0.35294117647058826,False,
22,,,I should fry the chopped pork chop next as per the recipe.,cook chopped raw pork chop with stove,,"You fried the pork chop.



Your score has just gone up by one point.",Kitchen,"You are in a kitchen. An usual one. You decide to start listing off everything you see in the room, as if you were in a text adventure.

You can make out a fridge. The fridge is empty! What a waste of a day! You can make out a closed oven. You can see a table. The table is massive. But the thing hasn't got anything on it. Oh! Why couldn't there just be stuff on it? Look over there! a counter. The counter is vast. On the counter you can make out a red apple, an orange bell pepper, a banana and a cookbook. There's something strange about this thing being here, but you don't have time to worry about that now. You scan the room for a stove, and you find a stove. The stove is conventional. Unfortunately, there isn't a thing on it. What's the point of an empty stove?

There is a closed plain door leading east. There is an exit to the south. You don't like doors? Why not try going west, that entranceway is not blocked by one.

There is a red hot pepper, a red onion, a raw red potato, a raw purple potato and a block of cheese on the floor.","You are carrying: a knife, a yellow bell pepper, a carrot, a chopped fried pork chop and a raw yellow potato.",7 of 17,0.4117647058823529,False,
23,,,I should chop the red hot pepper next as per the recipe.,take red hot pepper from floor,,You're carrying too many things already.,Kitchen,"You are in a kitchen. An usual one. You decide to start listing off everything you see in the room, as if you were in a text adventure.

You can make out a fridge. The fridge is empty! What a waste of a day! You can make out a closed oven. You can see a table. The table is massive. But the thing hasn't got anything on it. Oh! Why couldn't there just be stuff on it? Look over there! a counter. The counter is vast. On the counter you can make out a red apple, an orange bell pepper, a banana and a cookbook. There's something strange about this thing being here, but you don't have time to worry about that now. You scan the room for a stove, and you find a stove. The stove is conventional. Unfortunately, there isn't a thing on it. What's the point of an empty stove?

There is a closed plain door leading east. There is an exit to the south. You don't like doors? Why not try going west, that entranceway is not blocked by one.

There is a red hot pepper, a red onion, a raw red potato, a raw purple potato and a block of cheese on the floor.","You are carrying: a knife, a yellow bell pepper, a carrot, a chopped fried pork chop and a raw yellow potato.",7 of 17,0.4117647058823529,False,
24,,,I need to drop an item to make space for the red hot pepper; I will drop the carrot.,drop carrot,,You drop the carrot on the ground.,Kitchen,"You are in a kitchen. An usual one. You decide to start listing off everything you see in the room, as if you were in a text adventure.

You can make out a fridge. The fridge is empty! What a waste of a day! You can make out a closed oven. You can see a table. The table is massive. But the thing hasn't got anything on it. Oh! Why couldn't there just be stuff on it? Look over there! a counter. The counter is vast. On the counter you can make out a red apple, an orange bell pepper, a banana and a cookbook. There's something strange about this thing being here, but you don't have time to worry about that now. You scan the room for a stove, and you find a stove. The stove is conventional. Unfortunately, there isn't a thing on it. What's the point of an empty stove?

There is a closed plain door leading east. There is an exit to the south. You don't like doors? Why not try going west, that entranceway is not blocked by one.

There is a carrot, a red hot pepper, a red onion, a raw red potato, a raw purple potato and a block of cheese on the floor.","You are carrying: a knife, a yellow bell pepper, a chopped fried pork chop and a raw yellow potato.",7 of 17,0.4117647058823529,False,
25,,,I should take the red hot pepper from the floor now to continue the recipe.,take red hot pepper from floor,,You pick up the red hot pepper from the ground.,Kitchen,"You are in a kitchen. An usual one. You decide to start listing off everything you see in the room, as if you were in a text adventure.

You can make out a fridge. The fridge is empty! What a waste of a day! You can make out a closed oven. You can see a table. The table is massive. But the thing hasn't got anything on it. Oh! Why couldn't there just be stuff on it? Look over there! a counter. The counter is vast. On the counter you can make out a red apple, an orange bell pepper, a banana and a cookbook. There's something strange about this thing being here, but you don't have time to worry about that now. You scan the room for a stove, and you find a stove. The stove is conventional. Unfortunately, there isn't a thing on it. What's the point of an empty stove?

There is a closed plain door leading east. There is an exit to the south. You don't like doors? Why not try going west, that entranceway is not blocked by one.

There is a carrot, a red onion, a raw red potato, a raw purple potato and a block of cheese on the floor.","You are carrying: a red hot pepper, a knife, a yellow bell pepper, a chopped fried pork chop and a raw yellow potato.",7 of 17,0.4117647058823529,False,
26,,,I should chop the red hot pepper with the knife as the next step.,chop red hot pepper with knife,,"You chop the red hot pepper.



Your score has just gone up by one point.",Kitchen,"You are in a kitchen. An usual one. You decide to start listing off everything you see in the room, as if you were in a text adventure.

You can make out a fridge. The fridge is empty! What a waste of a day! You can make out a closed oven. You can see a table. The table is massive. But the thing hasn't got anything on it. Oh! Why couldn't there just be stuff on it? Look over there! a counter. The counter is vast. On the counter you can make out a red apple, an orange bell pepper, a banana and a cookbook. There's something strange about this thing being here, but you don't have time to worry about that now. You scan the room for a stove, and you find a stove. The stove is conventional. Unfortunately, there isn't a thing on it. What's the point of an empty stove?

There is a closed plain door leading east. There is an exit to the south. You don't like doors? Why not try going west, that entranceway is not blocked by one.

There is a carrot, a red onion, a raw red potato, a raw purple potato and a block of cheese on the floor.","You are carrying: a chopped red hot pepper, a knife, a yellow bell pepper, a chopped fried pork chop and a raw yellow potato.",8 of 17,0.47058823529411764,False,
27,,,I should fry the chopped red hot pepper next as per the recipe.,cook chopped red hot pepper with stove,,"You fried the red hot pepper.



Your score has just gone up by one point.",Kitchen,"You are in a kitchen. An usual one. You decide to start listing off everything you see in the room, as if you were in a text adventure.

You can make out a fridge. The fridge is empty! What a waste of a day! You can make out a closed oven. You can see a table. The table is massive. But the thing hasn't got anything on it. Oh! Why couldn't there just be stuff on it? Look over there! a counter. The counter is vast. On the counter you can make out a red apple, an orange bell pepper, a banana and a cookbook. There's something strange about this thing being here, but you don't have time to worry about that now. You scan the room for a stove, and you find a stove. The stove is conventional. Unfortunately, there isn't a thing on it. What's the point of an empty stove?

There is a closed plain door leading east. There is an exit to the south. You don't like doors? Why not try going west, that entranceway is not blocked by one.

There is a carrot, a red onion, a raw red potato, a raw purple potato and a block of cheese on the floor.","You are carrying: a chopped fried red hot pepper, a knife, a yellow bell pepper, a chopped fried pork chop and a raw yellow potato.",9 of 17,0.5294117647058824,False,
28,,,I should chop the yellow bell pepper next as part of the recipe.,chop yellow bell pepper with knife,,"You chop the yellow bell pepper.



Your score has just gone up by one point.",Kitchen,"You are in a kitchen. An usual one. You decide to start listing off everything you see in the room, as if you were in a text adventure.

You can make out a fridge. The fridge is empty! What a waste of a day! You can make out a closed oven. You can see a table. The table is massive. But the thing hasn't got anything on it. Oh! Why couldn't there just be stuff on it? Look over there! a counter. The counter is vast. On the counter you can make out a red apple, an orange bell pepper, a banana and a cookbook. There's something strange about this thing being here, but you don't have time to worry about that now. You scan the room for a stove, and you find a stove. The stove is conventional. Unfortunately, there isn't a thing on it. What's the point of an empty stove?

There is a closed plain door leading east. There is an exit to the south. You don't like doors? Why not try going west, that entranceway is not blocked by one.

There is a carrot, a red onion, a raw red potato, a raw purple potato and a block of cheese on the floor.","You are carrying: a chopped fried red hot pepper, a knife, a chopped yellow bell pepper, a chopped fried pork chop and a raw yellow potato.",10 of 17,0.5882352941176471,False,
29,,,I should fry the chopped yellow bell pepper next as per the recipe.,cook chopped yellow bell pepper with stove,,"You fried the yellow bell pepper.



Your score has just gone up by one point.",Kitchen,"You are in a kitchen. An usual one. You decide to start listing off everything you see in the room, as if you were in a text adventure.

You can make out a fridge. The fridge is empty! What a waste of a day! You can make out a closed oven. You can see a table. The table is massive. But the thing hasn't got anything on it. Oh! Why couldn't there just be stuff on it? Look over there! a counter. The counter is vast. On the counter you can make out a red apple, an orange bell pepper, a banana and a cookbook. There's something strange about this thing being here, but you don't have time to worry about that now. You scan the room for a stove, and you find a stove. The stove is conventional. Unfortunately, there isn't a thing on it. What's the point of an empty stove?

There is a closed plain door leading east. There is an exit to the south. You don't like doors? Why not try going west, that entranceway is not blocked by one.

There is a carrot, a red onion, a raw red potato, a raw purple potato and a block of cheese on the floor.","You are carrying: a chopped fried red hot pepper, a knife, a chopped fried yellow bell pepper, a chopped fried pork chop and a raw yellow potato.",11 of 17,0.6470588235294118,False,
30,,,I should chop the carrot on the floor to add to the meal.,take carrot from floor,,You're carrying too many things already.,Kitchen,"You are in a kitchen. An usual one. You decide to start listing off everything you see in the room, as if you were in a text adventure.

You can make out a fridge. The fridge is empty! What a waste of a day! You can make out a closed oven. You can see a table. The table is massive. But the thing hasn't got anything on it. Oh! Why couldn't there just be stuff on it? Look over there! a counter. The counter is vast. On the counter you can make out a red apple, an orange bell pepper, a banana and a cookbook. There's something strange about this thing being here, but you don't have time to worry about that now. You scan the room for a stove, and you find a stove. The stove is conventional. Unfortunately, there isn't a thing on it. What's the point of an empty stove?

There is a closed plain door leading east. There is an exit to the south. You don't like doors? Why not try going west, that entranceway is not blocked by one.

There is a carrot, a red onion, a raw red potato, a raw purple potato and a block of cheese on the floor.","You are carrying: a chopped fried red hot pepper, a knife, a chopped fried yellow bell pepper, a chopped fried pork chop and a raw yellow potato.",11 of 17,0.6470588235294118,False,
31,,,I need to drop the raw yellow potato to make space for the carrot.,drop raw yellow potato,,You drop the yellow potato on the ground.,Kitchen,"You are in a kitchen. An usual one. You decide to start listing off everything you see in the room, as if you were in a text adventure.

You can make out a fridge. The fridge is empty! What a waste of a day! You can make out a closed oven. You can see a table. The table is massive. But the thing hasn't got anything on it. Oh! Why couldn't there just be stuff on it? Look over there! a counter. The counter is vast. On the counter you can make out a red apple, an orange bell pepper, a banana and a cookbook. There's something strange about this thing being here, but you don't have time to worry about that now. You scan the room for a stove, and you find a stove. The stove is conventional. Unfortunately, there isn't a thing on it. What's the point of an empty stove?

There is a closed plain door leading east. There is an exit to the south. You don't like doors? Why not try going west, that entranceway is not blocked by one.

There is a raw yellow potato, a carrot, a red onion, a raw red potato, a raw purple potato and a block of cheese on the floor.","You are carrying: a chopped fried red hot pepper, a knife, a chopped fried yellow bell pepper and a chopped fried pork chop.",11 of 17,0.6470588235294118,False,
32,,,I should take the carrot from the floor now.,take carrot from floor,,You pick up the carrot from the ground.,Kitchen,"You are in a kitchen. An usual one. You decide to start listing off everything you see in the room, as if you were in a text adventure.

You can make out a fridge. The fridge is empty! What a waste of a day! You can make out a closed oven. You can see a table. The table is massive. But the thing hasn't got anything on it. Oh! Why couldn't there just be stuff on it? Look over there! a counter. The counter is vast. On the counter you can make out a red apple, an orange bell pepper, a banana and a cookbook. There's something strange about this thing being here, but you don't have time to worry about that now. You scan the room for a stove, and you find a stove. The stove is conventional. Unfortunately, there isn't a thing on it. What's the point of an empty stove?

There is a closed plain door leading east. There is an exit to the south. You don't like doors? Why not try going west, that entranceway is not blocked by one.

There is a raw yellow potato, a red onion, a raw red potato, a raw purple potato and a block of cheese on the floor.","You are carrying: a carrot, a chopped fried red hot pepper, a knife, a chopped fried yellow bell pepper and a chopped fried pork chop.",11 of 17,0.6470588235294118,False,
33,,,I should chop the carrot with the knife next.,chop carrot with knife,,"You chop the carrot.



Your score has just gone up by one point.",Kitchen,"You are in a kitchen. An usual one. You decide to start listing off everything you see in the room, as if you were in a text adventure.

You can make out a fridge. The fridge is empty! What a waste of a day! You can make out a closed oven. You can see a table. The table is massive. But the thing hasn't got anything on it. Oh! Why couldn't there just be stuff on it? Look over there! a counter. The counter is vast. On the counter you can make out a red apple, an orange bell pepper, a banana and a cookbook. There's something strange about this thing being here, but you don't have time to worry about that now. You scan the room for a stove, and you find a stove. The stove is conventional. Unfortunately, there isn't a thing on it. What's the point of an empty stove?

There is a closed plain door leading east. There is an exit to the south. You don't like doors? Why not try going west, that entranceway is not blocked by one.

There is a raw yellow potato, a red onion, a raw red potato, a raw purple potato and a block of cheese on the floor.","You are carrying: a chopped carrot, a chopped fried red hot pepper, a knife, a chopped fried yellow bell pepper and a chopped fried pork chop.",12 of 17,0.7058823529411765,False,
34,,,I should fry the chopped carrot next.,cook chopped carrot with stove,,"You fried the carrot.



Your score has just gone up by one point.",Kitchen,"You are in a kitchen. An usual one. You decide to start listing off everything you see in the room, as if you were in a text adventure.

You can make out a fridge. The fridge is empty! What a waste of a day! You can make out a closed oven. You can see a table. The table is massive. But the thing hasn't got anything on it. Oh! Why couldn't there just be stuff on it? Look over there! a counter. The counter is vast. On the counter you can make out a red apple, an orange bell pepper, a banana and a cookbook. There's something strange about this thing being here, but you don't have time to worry about that now. You scan the room for a stove, and you find a stove. The stove is conventional. Unfortunately, there isn't a thing on it. What's the point of an empty stove?

There is a closed plain door leading east. There is an exit to the south. You don't like doors? Why not try going west, that entranceway is not blocked by one.

There is a raw yellow potato, a red onion, a raw red potato, a raw purple potato and a block of cheese on the floor.","You are carrying: a chopped fried carrot, a chopped fried red hot pepper, a knife, a chopped fried yellow bell pepper and a chopped fried pork chop.",13 of 17,0.7647058823529411,False,
35,,,I should prepare the meal now that all ingredients are cooked.,prepare meal,,You still miss something.,Kitchen,"You are in a kitchen. An usual one. You decide to start listing off everything you see in the room, as if you were in a text adventure.

You can make out a fridge. The fridge is empty! What a waste of a day! You can make out a closed oven. You can see a table. The table is massive. But the thing hasn't got anything on it. Oh! Why couldn't there just be stuff on it? Look over there! a counter. The counter is vast. On the counter you can make out a red apple, an orange bell pepper, a banana and a cookbook. There's something strange about this thing being here, but you don't have time to worry about that now. You scan the room for a stove, and you find a stove. The stove is conventional. Unfortunately, there isn't a thing on it. What's the point of an empty stove?

There is a closed plain door leading east. There is an exit to the south. You don't like doors? Why not try going west, that entranceway is not blocked by one.

There is a raw yellow potato, a red onion, a raw red potato, a raw purple potato and a block of cheese on the floor.","You are carrying: a chopped fried carrot, a chopped fried red hot pepper, a knife, a chopped fried yellow bell pepper and a chopped fried pork chop.",13 of 17,0.7647058823529411,False,
36,,,I should chop and fry the block of cheese to complete the ingredients.,take block of cheese from floor,,You're carrying too many things already.,Kitchen,"You are in a kitchen. An usual one. You decide to start listing off everything you see in the room, as if you were in a text adventure.

You can make out a fridge. The fridge is empty! What a waste of a day! You can make out a closed oven. You can see a table. The table is massive. But the thing hasn't got anything on it. Oh! Why couldn't there just be stuff on it? Look over there! a counter. The counter is vast. On the counter you can make out a red apple, an orange bell pepper, a banana and a cookbook. There's something strange about this thing being here, but you don't have time to worry about that now. You scan the room for a stove, and you find a stove. The stove is conventional. Unfortunately, there isn't a thing on it. What's the point of an empty stove?

There is a closed plain door leading east. There is an exit to the south. You don't like doors? Why not try going west, that entranceway is not blocked by one.

There is a raw yellow potato, a red onion, a raw red potato, a raw purple potato and a block of cheese on the floor.","You are carrying: a chopped fried carrot, a chopped fried red hot pepper, a knife, a chopped fried yellow bell pepper and a chopped fried pork chop.",13 of 17,0.7647058823529411,False,
37,,,I need to drop one item to make space for the block of cheese.,drop chopped fried red hot pepper,,You drop the red hot pepper on the ground.,Kitchen,"You are in a kitchen. An usual one. You decide to start listing off everything you see in the room, as if you were in a text adventure.

You can make out a fridge. The fridge is empty! What a waste of a day! You can make out a closed oven. You can see a table. The table is massive. But the thing hasn't got anything on it. Oh! Why couldn't there just be stuff on it? Look over there! a counter. The counter is vast. On the counter you can make out a red apple, an orange bell pepper, a banana and a cookbook. There's something strange about this thing being here, but you don't have time to worry about that now. You scan the room for a stove, and you find a stove. The stove is conventional. Unfortunately, there isn't a thing on it. What's the point of an empty stove?

There is a closed plain door leading east. There is an exit to the south. You don't like doors? Why not try going west, that entranceway is not blocked by one.

There is a chopped fried red hot pepper, a raw yellow potato, a red onion, a raw red potato, a raw purple potato and a block of cheese on the floor.","You are carrying: a chopped fried carrot, a knife, a chopped fried yellow bell pepper and a chopped fried pork chop.",13 of 17,0.7647058823529411,False,
38,,,I should take the block of cheese now.,take block of cheese from floor,,You pick up the block of cheese from the ground.,Kitchen,"You are in a kitchen. An usual one. You decide to start listing off everything you see in the room, as if you were in a text adventure.

You can make out a fridge. The fridge is empty! What a waste of a day! You can make out a closed oven. You can see a table. The table is massive. But the thing hasn't got anything on it. Oh! Why couldn't there just be stuff on it? Look over there! a counter. The counter is vast. On the counter you can make out a red apple, an orange bell pepper, a banana and a cookbook. There's something strange about this thing being here, but you don't have time to worry about that now. You scan the room for a stove, and you find a stove. The stove is conventional. Unfortunately, there isn't a thing on it. What's the point of an empty stove?

There is a closed plain door leading east. There is an exit to the south. You don't like doors? Why not try going west, that entranceway is not blocked by one.

There is a chopped fried red hot pepper, a raw yellow potato, a red onion, a raw red potato and a raw purple potato on the floor.","You are carrying: a block of cheese, a chopped fried carrot, a knife, a chopped fried yellow bell pepper and a chopped fried pork chop.",13 of 17,0.7647058823529411,False,
39,,,I should chop the block of cheese with the knife.,chop block of cheese with knife,,You chop the block of cheese.,Kitchen,"You are in a kitchen. An usual one. You decide to start listing off everything you see in the room, as if you were in a text adventure.

You can make out a fridge. The fridge is empty! What a waste of a day! You can make out a closed oven. You can see a table. The table is massive. But the thing hasn't got anything on it. Oh! Why couldn't there just be stuff on it? Look over there! a counter. The counter is vast. On the counter you can make out a red apple, an orange bell pepper, a banana and a cookbook. There's something strange about this thing being here, but you don't have time to worry about that now. You scan the room for a stove, and you find a stove. The stove is conventional. Unfortunately, there isn't a thing on it. What's the point of an empty stove?

There is a closed plain door leading east. There is an exit to the south. You don't like doors? Why not try going west, that entranceway is not blocked by one.

There is a chopped fried red hot pepper, a raw yellow potato, a red onion, a raw red potato and a raw purple potato on the floor.","You are carrying: a chopped block of cheese, a chopped fried carrot, a knife, a chopped fried yellow bell pepper and a chopped fried pork chop.",13 of 17,0.7647058823529411,False,
40,,,I should fry the chopped block of cheese now.,cook chopped block of cheese with stove,,You fried the block of cheese.,Kitchen,"You are in a kitchen. An usual one. You decide to start listing off everything you see in the room, as if you were in a text adventure.

You can make out a fridge. The fridge is empty! What a waste of a day! You can make out a closed oven. You can see a table. The table is massive. But the thing hasn't got anything on it. Oh! Why couldn't there just be stuff on it? Look over there! a counter. The counter is vast. On the counter you can make out a red apple, an orange bell pepper, a banana and a cookbook. There's something strange about this thing being here, but you don't have time to worry about that now. You scan the room for a stove, and you find a stove. The stove is conventional. Unfortunately, there isn't a thing on it. What's the point of an empty stove?

There is a closed plain door leading east. There is an exit to the south. You don't like doors? Why not try going west, that entranceway is not blocked by one.

There is a chopped fried red hot pepper, a raw yellow potato, a red onion, a raw red potato and a raw purple potato on the floor.","You are carrying: a chopped fried block of cheese, a chopped fried carrot, a knife, a chopped fried yellow bell pepper and a chopped fried pork chop.",13 of 17,0.7647058823529411,False,
41,,,I should prepare the meal now that all ingredients are cooked.,prepare meal,,You still miss something.,Kitchen,"You are in a kitchen. An usual one. You decide to start listing off everything you see in the room, as if you were in a text adventure.

You can make out a fridge. The fridge is empty! What a waste of a day! You can make out a closed oven. You can see a table. The table is massive. But the thing hasn't got anything on it. Oh! Why couldn't there just be stuff on it? Look over there! a counter. The counter is vast. On the counter you can make out a red apple, an orange bell pepper, a banana and a cookbook. There's something strange about this thing being here, but you don't have time to worry about that now. You scan the room for a stove, and you find a stove. The stove is conventional. Unfortunately, there isn't a thing on it. What's the point of an empty stove?

There is a closed plain door leading east. There is an exit to the south. You don't like doors? Why not try going west, that entranceway is not blocked by one.

There is a chopped fried red hot pepper, a raw yellow potato, a red onion, a raw red potato and a raw purple potato on the floor.","You are carrying: a chopped fried block of cheese, a chopped fried carrot, a knife, a chopped fried yellow bell pepper and a chopped fried pork chop.",13 of 17,0.7647058823529411,False,
42,,,I should check the cookbook on the counter for any missing ingredients or steps.,examine cookbook,,"You open the copy of ""Cooking: A Modern Approach (3rd Ed.)"" and start reading:

Recipe #1
---------
Gather all following ingredients and follow the directions to prepare this tasty meal.

Ingredients:
pork chop
  red hot pepper
  carrot
  yellow potato
  yellow bell pepper

Directions:
chop the pork chop
  fry the pork chop
  chop the red hot pepper
  fry the red hot pepper
  chop the carrot
  fry the carrot
  slice the yellow potato
  fry the yellow potato
  chop the yellow bell pepper
  fry the yellow bell pepper
  prepare meal",Kitchen,"You are in a kitchen. An usual one. You decide to start listing off everything you see in the room, as if you were in a text adventure.

You can make out a fridge. The fridge is empty! What a waste of a day! You can make out a closed oven. You can see a table. The table is massive. But the thing hasn't got anything on it. Oh! Why couldn't there just be stuff on it? Look over there! a counter. The counter is vast. On the counter you can make out a red apple, an orange bell pepper, a banana and a cookbook. There's something strange about this thing being here, but you don't have time to worry about that now. You scan the room for a stove, and you find a stove. The stove is conventional. Unfortunately, there isn't a thing on it. What's the point of an empty stove?

There is a closed plain door leading east. There is an exit to the south. You don't like doors? Why not try going west, that entranceway is not blocked by one.

There is a chopped fried red hot pepper, a raw yellow potato, a red onion, a raw red potato and a raw purple potato on the floor.","You are carrying: a chopped fried block of cheese, a chopped fried carrot, a knife, a chopped fried yellow bell pepper and a chopped fried pork chop.",13 of 17,0.7647058823529411,False,
43,,,"The recipe requires a yellow potato, which I haven't prepared yet. I should slice and fry the yellow potato.",take raw yellow potato from floor,,You're carrying too many things already.,Kitchen,"You are in a kitchen. An usual one. You decide to start listing off everything you see in the room, as if you were in a text adventure.

You can make out a fridge. The fridge is empty! What a waste of a day! You can make out a closed oven. You can see a table. The table is massive. But the thing hasn't got anything on it. Oh! Why couldn't there just be stuff on it? Look over there! a counter. The counter is vast. On the counter you can make out a red apple, an orange bell pepper, a banana and a cookbook. There's something strange about this thing being here, but you don't have time to worry about that now. You scan the room for a stove, and you find a stove. The stove is conventional. Unfortunately, there isn't a thing on it. What's the point of an empty stove?

There is a closed plain door leading east. There is an exit to the south. You don't like doors? Why not try going west, that entranceway is not blocked by one.

There is a chopped fried red hot pepper, a raw yellow potato, a red onion, a raw red potato and a raw purple potato on the floor.","You are carrying: a chopped fried block of cheese, a chopped fried carrot, a knife, a chopped fried yellow bell pepper and a chopped fried pork chop.",13 of 17,0.7647058823529411,False,
44,,,I need to drop an item to make space for the raw yellow potato.,drop chopped fried block of cheese,,You drop the block of cheese on the ground.,Kitchen,"You are in a kitchen. An usual one. You decide to start listing off everything you see in the room, as if you were in a text adventure.

You can make out a fridge. The fridge is empty! What a waste of a day! You can make out a closed oven. You can see a table. The table is massive. But the thing hasn't got anything on it. Oh! Why couldn't there just be stuff on it? Look over there! a counter. The counter is vast. On the counter you can make out a red apple, an orange bell pepper, a banana and a cookbook. There's something strange about this thing being here, but you don't have time to worry about that now. You scan the room for a stove, and you find a stove. The stove is conventional. Unfortunately, there isn't a thing on it. What's the point of an empty stove?

There is a closed plain door leading east. There is an exit to the south. You don't like doors? Why not try going west, that entranceway is not blocked by one.

There is a chopped fried block of cheese, a chopped fried red hot pepper, a raw yellow potato, a red onion, a raw red potato and a raw purple potato on the floor.","You are carrying: a chopped fried carrot, a knife, a chopped fried yellow bell pepper and a chopped fried pork chop.",13 of 17,0.7647058823529411,False,
45,,,I should take the raw yellow potato now.,take raw yellow potato from floor,,You pick up the yellow potato from the ground.,Kitchen,"You are in a kitchen. An usual one. You decide to start listing off everything you see in the room, as if you were in a text adventure.

You can make out a fridge. The fridge is empty! What a waste of a day! You can make out a closed oven. You can see a table. The table is massive. But the thing hasn't got anything on it. Oh! Why couldn't there just be stuff on it? Look over there! a counter. The counter is vast. On the counter you can make out a red apple, an orange bell pepper, a banana and a cookbook. There's something strange about this thing being here, but you don't have time to worry about that now. You scan the room for a stove, and you find a stove. The stove is conventional. Unfortunately, there isn't a thing on it. What's the point of an empty stove?

There is a closed plain door leading east. There is an exit to the south. You don't like doors? Why not try going west, that entranceway is not blocked by one.

There is a chopped fried block of cheese, a chopped fried red hot pepper, a red onion, a raw red potato and a raw purple potato on the floor.","You are carrying: a raw yellow potato, a chopped fried carrot, a knife, a chopped fried yellow bell pepper and a chopped fried pork chop.",13 of 17,0.7647058823529411,False,
46,,,I should slice the raw yellow potato with the knife.,slice raw yellow potato with knife,,"You slice the yellow potato.



Your score has just gone up by one point.",Kitchen,"You are in a kitchen. An usual one. You decide to start listing off everything you see in the room, as if you were in a text adventure.

You can make out a fridge. The fridge is empty! What a waste of a day! You can make out a closed oven. You can see a table. The table is massive. But the thing hasn't got anything on it. Oh! Why couldn't there just be stuff on it? Look over there! a counter. The counter is vast. On the counter you can make out a red apple, an orange bell pepper, a banana and a cookbook. There's something strange about this thing being here, but you don't have time to worry about that now. You scan the room for a stove, and you find a stove. The stove is conventional. Unfortunately, there isn't a thing on it. What's the point of an empty stove?

There is a closed plain door leading east. There is an exit to the south. You don't like doors? Why not try going west, that entranceway is not blocked by one.

There is a chopped fried block of cheese, a chopped fried red hot pepper, a red onion, a raw red potato and a raw purple potato on the floor.","You are carrying: a sliced raw yellow potato, a chopped fried carrot, a knife, a chopped fried yellow bell pepper and a chopped fried pork chop.",14 of 17,0.8235294117647058,False,
47,,,I should fry the sliced yellow potato on the stove.,cook sliced raw yellow potato with stove,,"You fried the yellow potato.



Your score has just gone up by one point.",Kitchen,"You are in a kitchen. An usual one. You decide to start listing off everything you see in the room, as if you were in a text adventure.

You can make out a fridge. The fridge is empty! What a waste of a day! You can make out a closed oven. You can see a table. The table is massive. But the thing hasn't got anything on it. Oh! Why couldn't there just be stuff on it? Look over there! a counter. The counter is vast. On the counter you can make out a red apple, an orange bell pepper, a banana and a cookbook. There's something strange about this thing being here, but you don't have time to worry about that now. You scan the room for a stove, and you find a stove. The stove is conventional. Unfortunately, there isn't a thing on it. What's the point of an empty stove?

There is a closed plain door leading east. There is an exit to the south. You don't like doors? Why not try going west, that entranceway is not blocked by one.

There is a chopped fried block of cheese, a chopped fried red hot pepper, a red onion, a raw red potato and a raw purple potato on the floor.","You are carrying: a sliced fried yellow potato, a chopped fried carrot, a knife, a chopped fried yellow bell pepper and a chopped fried pork chop.",15 of 17,0.8823529411764706,False,
48,,,I have now prepared all the ingredients required by the recipe. I should prepare the meal.,prepare meal,,You still miss something.,Kitchen,"You are in a kitchen. An usual one. You decide to start listing off everything you see in the room, as if you were in a text adventure.

You can make out a fridge. The fridge is empty! What a waste of a day! You can make out a closed oven. You can see a table. The table is massive. But the thing hasn't got anything on it. Oh! Why couldn't there just be stuff on it? Look over there! a counter. The counter is vast. On the counter you can make out a red apple, an orange bell pepper, a banana and a cookbook. There's something strange about this thing being here, but you don't have time to worry about that now. You scan the room for a stove, and you find a stove. The stove is conventional. Unfortunately, there isn't a thing on it. What's the point of an empty stove?

There is a closed plain door leading east. There is an exit to the south. You don't like doors? Why not try going west, that entranceway is not blocked by one.

There is a chopped fried block of cheese, a chopped fried red hot pepper, a red onion, a raw red potato and a raw purple potato on the floor.","You are carrying: a sliced fried yellow potato, a chopped fried carrot, a knife, a chopped fried yellow bell pepper and a chopped fried pork chop.",15 of 17,0.8823529411764706,False,
49,,,"The recipe requires a red hot pepper, but I only have a chopped fried red hot pepper on the floor. I should take the chopped fried red hot pepper from the floor.",take chopped fried red hot pepper from floor,,You're carrying too many things already.,Kitchen,"You are in a kitchen. An usual one. You decide to start listing off everything you see in the room, as if you were in a text adventure.

You can make out a fridge. The fridge is empty! What a waste of a day! You can make out a closed oven. You can see a table. The table is massive. But the thing hasn't got anything on it. Oh! Why couldn't there just be stuff on it? Look over there! a counter. The counter is vast. On the counter you can make out a red apple, an orange bell pepper, a banana and a cookbook. There's something strange about this thing being here, but you don't have time to worry about that now. You scan the room for a stove, and you find a stove. The stove is conventional. Unfortunately, there isn't a thing on it. What's the point of an empty stove?

There is a closed plain door leading east. There is an exit to the south. You don't like doors? Why not try going west, that entranceway is not blocked by one.

There is a chopped fried block of cheese, a chopped fried red hot pepper, a red onion, a raw red potato and a raw purple potato on the floor.","You are carrying: a sliced fried yellow potato, a chopped fried carrot, a knife, a chopped fried yellow bell pepper and a chopped fried pork chop.",15 of 17,0.8823529411764706,False,
50,,,I need to drop an item to make space for the chopped fried red hot pepper.,drop chopped fried carrot,,You drop the carrot on the ground.,Kitchen,"You are in a kitchen. An usual one. You decide to start listing off everything you see in the room, as if you were in a text adventure.

You can make out a fridge. The fridge is empty! What a waste of a day! You can make out a closed oven. You can see a table. The table is massive. But the thing hasn't got anything on it. Oh! Why couldn't there just be stuff on it? Look over there! a counter. The counter is vast. On the counter you can make out a red apple, an orange bell pepper, a banana and a cookbook. There's something strange about this thing being here, but you don't have time to worry about that now. You scan the room for a stove, and you find a stove. The stove is conventional. Unfortunately, there isn't a thing on it. What's the point of an empty stove?

There is a closed plain door leading east. There is an exit to the south. You don't like doors? Why not try going west, that entranceway is not blocked by one.

There is a chopped fried carrot, a chopped fried block of cheese, a chopped fried red hot pepper, a red onion, a raw red potato and a raw purple potato on the floor.","You are carrying: a sliced fried yellow potato, a knife, a chopped fried yellow bell pepper and a chopped fried pork chop.",15 of 17,0.8823529411764706,False,
51,,,I should take the chopped fried red hot pepper from the floor now.,take chopped fried red hot pepper from floor,,You pick up the red hot pepper from the ground.,Kitchen,"You are in a kitchen. An usual one. You decide to start listing off everything you see in the room, as if you were in a text adventure.

You can make out a fridge. The fridge is empty! What a waste of a day! You can make out a closed oven. You can see a table. The table is massive. But the thing hasn't got anything on it. Oh! Why couldn't there just be stuff on it? Look over there! a counter. The counter is vast. On the counter you can make out a red apple, an orange bell pepper, a banana and a cookbook. There's something strange about this thing being here, but you don't have time to worry about that now. You scan the room for a stove, and you find a stove. The stove is conventional. Unfortunately, there isn't a thing on it. What's the point of an empty stove?

There is a closed plain door leading east. There is an exit to the south. You don't like doors? Why not try going west, that entranceway is not blocked by one.

There is a chopped fried carrot, a chopped fried block of cheese, a red onion, a raw red potato and a raw purple potato on the floor.","You are carrying: a chopped fried red hot pepper, a sliced fried yellow potato, a knife, a chopped fried yellow bell pepper and a chopped fried pork chop.",15 of 17,0.8823529411764706,False,
52,,,I have all the required ingredients now. I should prepare the meal.,prepare meal,,You still miss something.,Kitchen,"You are in a kitchen. An usual one. You decide to start listing off everything you see in the room, as if you were in a text adventure.

You can make out a fridge. The fridge is empty! What a waste of a day! You can make out a closed oven. You can see a table. The table is massive. But the thing hasn't got anything on it. Oh! Why couldn't there just be stuff on it? Look over there! a counter. The counter is vast. On the counter you can make out a red apple, an orange bell pepper, a banana and a cookbook. There's something strange about this thing being here, but you don't have time to worry about that now. You scan the room for a stove, and you find a stove. The stove is conventional. Unfortunately, there isn't a thing on it. What's the point of an empty stove?

There is a closed plain door leading east. There is an exit to the south. You don't like doors? Why not try going west, that entranceway is not blocked by one.

There is a chopped fried carrot, a chopped fried block of cheese, a red onion, a raw red potato and a raw purple potato on the floor.","You are carrying: a chopped fried red hot pepper, a sliced fried yellow potato, a knife, a chopped fried yellow bell pepper and a chopped fried pork chop.",15 of 17,0.8823529411764706,False,
53,,,"The recipe requires a chopped fried carrot, which I dropped on the floor. I should take the chopped fried carrot from the floor.",take chopped fried carrot from floor,,You're carrying too many things already.,Kitchen,"You are in a kitchen. An usual one. You decide to start listing off everything you see in the room, as if you were in a text adventure.

You can make out a fridge. The fridge is empty! What a waste of a day! You can make out a closed oven. You can see a table. The table is massive. But the thing hasn't got anything on it. Oh! Why couldn't there just be stuff on it? Look over there! a counter. The counter is vast. On the counter you can make out a red apple, an orange bell pepper, a banana and a cookbook. There's something strange about this thing being here, but you don't have time to worry about that now. You scan the room for a stove, and you find a stove. The stove is conventional. Unfortunately, there isn't a thing on it. What's the point of an empty stove?

There is a closed plain door leading east. There is an exit to the south. You don't like doors? Why not try going west, that entranceway is not blocked by one.

There is a chopped fried carrot, a chopped fried block of cheese, a red onion, a raw red potato and a raw purple potato on the floor.","You are carrying: a chopped fried red hot pepper, a sliced fried yellow potato, a knife, a chopped fried yellow bell pepper and a chopped fried pork chop.",15 of 17,0.8823529411764706,False,
54,,,I need to drop an item to make space for the chopped fried carrot.,drop chopped fried yellow bell pepper,,You drop the yellow bell pepper on the ground.,Kitchen,"You are in a kitchen. An usual one. You decide to start listing off everything you see in the room, as if you were in a text adventure.

You can make out a fridge. The fridge is empty! What a waste of a day! You can make out a closed oven. You can see a table. The table is massive. But the thing hasn't got anything on it. Oh! Why couldn't there just be stuff on it? Look over there! a counter. The counter is vast. On the counter you can make out a red apple, an orange bell pepper, a banana and a cookbook. There's something strange about this thing being here, but you don't have time to worry about that now. You scan the room for a stove, and you find a stove. The stove is conventional. Unfortunately, there isn't a thing on it. What's the point of an empty stove?

There is a closed plain door leading east. There is an exit to the south. You don't like doors? Why not try going west, that entranceway is not blocked by one.

There is a chopped fried yellow bell pepper, a chopped fried carrot, a chopped fried block of cheese, a red onion, a raw red potato and a raw purple potato on the floor.","You are carrying: a chopped fried red hot pepper, a sliced fried yellow potato, a knife and a chopped fried pork chop.",15 of 17,0.8823529411764706,False,
55,,,I should take the chopped fried carrot from the floor now.,take chopped fried carrot from floor,,You pick up the carrot from the ground.,Kitchen,"You are in a kitchen. An usual one. You decide to start listing off everything you see in the room, as if you were in a text adventure.

You can make out a fridge. The fridge is empty! What a waste of a day! You can make out a closed oven. You can see a table. The table is massive. But the thing hasn't got anything on it. Oh! Why couldn't there just be stuff on it? Look over there! a counter. The counter is vast. On the counter you can make out a red apple, an orange bell pepper, a banana and a cookbook. There's something strange about this thing being here, but you don't have time to worry about that now. You scan the room for a stove, and you find a stove. The stove is conventional. Unfortunately, there isn't a thing on it. What's the point of an empty stove?

There is a closed plain door leading east. There is an exit to the south. You don't like doors? Why not try going west, that entranceway is not blocked by one.

There is a chopped fried yellow bell pepper, a chopped fried block of cheese, a red onion, a raw red potato and a raw purple potato on the floor.","You are carrying: a chopped fried carrot, a chopped fried red hot pepper, a sliced fried yellow potato, a knife and a chopped fried pork chop.",15 of 17,0.8823529411764706,False,
56,,,I have all the required ingredients now. I should prepare the meal.,prepare meal,,You still miss something.,Kitchen,"You are in a kitchen. An usual one. You decide to start listing off everything you see in the room, as if you were in a text adventure.

You can make out a fridge. The fridge is empty! What a waste of a day! You can make out a closed oven. You can see a table. The table is massive. But the thing hasn't got anything on it. Oh! Why couldn't there just be stuff on it? Look over there! a counter. The counter is vast. On the counter you can make out a red apple, an orange bell pepper, a banana and a cookbook. There's something strange about this thing being here, but you don't have time to worry about that now. You scan the room for a stove, and you find a stove. The stove is conventional. Unfortunately, there isn't a thing on it. What's the point of an empty stove?

There is a closed plain door leading east. There is an exit to the south. You don't like doors? Why not try going west, that entranceway is not blocked by one.

There is a chopped fried yellow bell pepper, a chopped fried block of cheese, a red onion, a raw red potato and a raw purple potato on the floor.","You are carrying: a chopped fried carrot, a chopped fried red hot pepper, a sliced fried yellow potato, a knife and a chopped fried pork chop.",15 of 17,0.8823529411764706,False,
57,,,"The recipe likely requires the chopped fried block of cheese, which I do not have in my inventory. I should take the chopped fried block of cheese from the floor.",take chopped fried block of cheese from floor,,You're carrying too many things already.,Kitchen,"You are in a kitchen. An usual one. You decide to start listing off everything you see in the room, as if you were in a text adventure.

You can make out a fridge. The fridge is empty! What a waste of a day! You can make out a closed oven. You can see a table. The table is massive. But the thing hasn't got anything on it. Oh! Why couldn't there just be stuff on it? Look over there! a counter. The counter is vast. On the counter you can make out a red apple, an orange bell pepper, a banana and a cookbook. There's something strange about this thing being here, but you don't have time to worry about that now. You scan the room for a stove, and you find a stove. The stove is conventional. Unfortunately, there isn't a thing on it. What's the point of an empty stove?

There is a closed plain door leading east. There is an exit to the south. You don't like doors? Why not try going west, that entranceway is not blocked by one.

There is a chopped fried yellow bell pepper, a chopped fried block of cheese, a red onion, a raw red potato and a raw purple potato on the floor.","You are carrying: a chopped fried carrot, a chopped fried red hot pepper, a sliced fried yellow potato, a knife and a chopped fried pork chop.",15 of 17,0.8823529411764706,False,
58,,,I need to drop an item to make space for the chopped fried block of cheese.,drop knife,,You drop the knife on the ground.,Kitchen,"You are in a kitchen. An usual one. You decide to start listing off everything you see in the room, as if you were in a text adventure.

You can make out a fridge. The fridge is empty! What a waste of a day! You can make out a closed oven. You can see a table. The table is massive. But the thing hasn't got anything on it. Oh! Why couldn't there just be stuff on it? Look over there! a counter. The counter is vast. On the counter you can make out a red apple, an orange bell pepper, a banana and a cookbook. There's something strange about this thing being here, but you don't have time to worry about that now. You scan the room for a stove, and you find a stove. The stove is conventional. Unfortunately, there isn't a thing on it. What's the point of an empty stove?

There is a closed plain door leading east. There is an exit to the south. You don't like doors? Why not try going west, that entranceway is not blocked by one.

There is a knife, a chopped fried yellow bell pepper, a chopped fried block of cheese, a red onion, a raw red potato and a raw purple potato on the floor.","You are carrying: a chopped fried carrot, a chopped fried red hot pepper, a sliced fried yellow potato and a chopped fried pork chop.",15 of 17,0.8823529411764706,False,
59,,,I should take the chopped fried block of cheese from the floor now.,take chopped fried block of cheese from floor,,You pick up the block of cheese from the ground.,Kitchen,"You are in a kitchen. An usual one. You decide to start listing off everything you see in the room, as if you were in a text adventure.

You can make out a fridge. The fridge is empty! What a waste of a day! You can make out a closed oven. You can see a table. The table is massive. But the thing hasn't got anything on it. Oh! Why couldn't there just be stuff on it? Look over there! a counter. The counter is vast. On the counter you can make out a red apple, an orange bell pepper, a banana and a cookbook. There's something strange about this thing being here, but you don't have time to worry about that now. You scan the room for a stove, and you find a stove. The stove is conventional. Unfortunately, there isn't a thing on it. What's the point of an empty stove?

There is a closed plain door leading east. There is an exit to the south. You don't like doors? Why not try going west, that entranceway is not blocked by one.

There is a knife, a chopped fried yellow bell pepper, a red onion, a raw red potato and a raw purple potato on the floor.","You are carrying: a chopped fried block of cheese, a chopped fried carrot, a chopped fried red hot pepper, a sliced fried yellow potato and a chopped fried pork chop.",15 of 17,0.8823529411764706,False,
60,,,I have all the required ingredients now. I should prepare the meal.,prepare meal,,You still miss something.,Kitchen,"You are in a kitchen. An usual one. You decide to start listing off everything you see in the room, as if you were in a text adventure.

You can make out a fridge. The fridge is empty! What a waste of a day! You can make out a closed oven. You can see a table. The table is massive. But the thing hasn't got anything on it. Oh! Why couldn't there just be stuff on it? Look over there! a counter. The counter is vast. On the counter you can make out a red apple, an orange bell pepper, a banana and a cookbook. There's something strange about this thing being here, but you don't have time to worry about that now. You scan the room for a stove, and you find a stove. The stove is conventional. Unfortunately, there isn't a thing on it. What's the point of an empty stove?

There is a closed plain door leading east. There is an exit to the south. You don't like doors? Why not try going west, that entranceway is not blocked by one.

There is a knife, a chopped fried yellow bell pepper, a red onion, a raw red potato and a raw purple potato on the floor.","You are carrying: a chopped fried block of cheese, a chopped fried carrot, a chopped fried red hot pepper, a sliced fried yellow potato and a chopped fried pork chop.",15 of 17,0.8823529411764706,False,
61,,,"The recipe might require the knife again, so I should take the knife from the floor.",take knife from floor,,You're carrying too many things already.,Kitchen,"You are in a kitchen. An usual one. You decide to start listing off everything you see in the room, as if you were in a text adventure.

You can make out a fridge. The fridge is empty! What a waste of a day! You can make out a closed oven. You can see a table. The table is massive. But the thing hasn't got anything on it. Oh! Why couldn't there just be stuff on it? Look over there! a counter. The counter is vast. On the counter you can make out a red apple, an orange bell pepper, a banana and a cookbook. There's something strange about this thing being here, but you don't have time to worry about that now. You scan the room for a stove, and you find a stove. The stove is conventional. Unfortunately, there isn't a thing on it. What's the point of an empty stove?

There is a closed plain door leading east. There is an exit to the south. You don't like doors? Why not try going west, that entranceway is not blocked by one.

There is a knife, a chopped fried yellow bell pepper, a red onion, a raw red potato and a raw purple potato on the floor.","You are carrying: a chopped fried block of cheese, a chopped fried carrot, a chopped fried red hot pepper, a sliced fried yellow potato and a chopped fried pork chop.",15 of 17,0.8823529411764706,False,
62,,,I need to drop an item to make space for the knife.,drop chopped fried red hot pepper,,You drop the red hot pepper on the ground.,Kitchen,"You are in a kitchen. An usual one. You decide to start listing off everything you see in the room, as if you were in a text adventure.

You can make out a fridge. The fridge is empty! What a waste of a day! You can make out a closed oven. You can see a table. The table is massive. But the thing hasn't got anything on it. Oh! Why couldn't there just be stuff on it? Look over there! a counter. The counter is vast. On the counter you can make out a red apple, an orange bell pepper, a banana and a cookbook. There's something strange about this thing being here, but you don't have time to worry about that now. You scan the room for a stove, and you find a stove. The stove is conventional. Unfortunately, there isn't a thing on it. What's the point of an empty stove?

There is a closed plain door leading east. There is an exit to the south. You don't like doors? Why not try going west, that entranceway is not blocked by one.

There is a chopped fried red hot pepper, a knife, a chopped fried yellow bell pepper, a red onion, a raw red potato and a raw purple potato on the floor.","You are carrying: a chopped fried block of cheese, a chopped fried carrot, a sliced fried yellow potato and a chopped fried pork chop.",15 of 17,0.8823529411764706,False,
63,,,I should take the knife from the floor now.,take knife from floor,,You pick up the knife from the ground.,Kitchen,"You are in a kitchen. An usual one. You decide to start listing off everything you see in the room, as if you were in a text adventure.

You can make out a fridge. The fridge is empty! What a waste of a day! You can make out a closed oven. You can see a table. The table is massive. But the thing hasn't got anything on it. Oh! Why couldn't there just be stuff on it? Look over there! a counter. The counter is vast. On the counter you can make out a red apple, an orange bell pepper, a banana and a cookbook. There's something strange about this thing being here, but you don't have time to worry about that now. You scan the room for a stove, and you find a stove. The stove is conventional. Unfortunately, there isn't a thing on it. What's the point of an empty stove?

There is a closed plain door leading east. There is an exit to the south. You don't like doors? Why not try going west, that entranceway is not blocked by one.

There is a chopped fried red hot pepper, a chopped fried yellow bell pepper, a red onion, a raw red potato and a raw purple potato on the floor.","You are carrying: a knife, a chopped fried block of cheese, a chopped fried carrot, a sliced fried yellow potato and a chopped fried pork chop.",15 of 17,0.8823529411764706,False,
64,,,I have all the necessary ingredients and tools now. I should prepare the meal.,prepare meal,,You still miss something.,Kitchen,"You are in a kitchen. An usual one. You decide to start listing off everything you see in the room, as if you were in a text adventure.

You can make out a fridge. The fridge is empty! What a waste of a day! You can make out a closed oven. You can see a table. The table is massive. But the thing hasn't got anything on it. Oh! Why couldn't there just be stuff on it? Look over there! a counter. The counter is vast. On the counter you can make out a red apple, an orange bell pepper, a banana and a cookbook. There's something strange about this thing being here, but you don't have time to worry about that now. You scan the room for a stove, and you find a stove. The stove is conventional. Unfortunately, there isn't a thing on it. What's the point of an empty stove?

There is a closed plain door leading east. There is an exit to the south. You don't like doors? Why not try going west, that entranceway is not blocked by one.

There is a chopped fried red hot pepper, a chopped fried yellow bell pepper, a red onion, a raw red potato and a raw purple potato on the floor.","You are carrying: a knife, a chopped fried block of cheese, a chopped fried carrot, a sliced fried yellow potato and a chopped fried pork chop.",15 of 17,0.8823529411764706,False,
65,,,"The recipe might require the chopped fried yellow bell pepper, which I do not have in my inventory. I should take the chopped fried yellow bell pepper from the floor.",take chopped fried yellow bell pepper from floor,,You're carrying too many things already.,Kitchen,"You are in a kitchen. An usual one. You decide to start listing off everything you see in the room, as if you were in a text adventure.

You can make out a fridge. The fridge is empty! What a waste of a day! You can make out a closed oven. You can see a table. The table is massive. But the thing hasn't got anything on it. Oh! Why couldn't there just be stuff on it? Look over there! a counter. The counter is vast. On the counter you can make out a red apple, an orange bell pepper, a banana and a cookbook. There's something strange about this thing being here, but you don't have time to worry about that now. You scan the room for a stove, and you find a stove. The stove is conventional. Unfortunately, there isn't a thing on it. What's the point of an empty stove?

There is a closed plain door leading east. There is an exit to the south. You don't like doors? Why not try going west, that entranceway is not blocked by one.

There is a chopped fried red hot pepper, a chopped fried yellow bell pepper, a red onion, a raw red potato and a raw purple potato on the floor.","You are carrying: a knife, a chopped fried block of cheese, a chopped fried carrot, a sliced fried yellow potato and a chopped fried pork chop.",15 of 17,0.8823529411764706,False,
66,,,I need to drop an item to make space for the chopped fried yellow bell pepper.,drop sliced fried yellow potato,,You drop the yellow potato on the ground.,Kitchen,"You are in a kitchen. An usual one. You decide to start listing off everything you see in the room, as if you were in a text adventure.

You can make out a fridge. The fridge is empty! What a waste of a day! You can make out a closed oven. You can see a table. The table is massive. But the thing hasn't got anything on it. Oh! Why couldn't there just be stuff on it? Look over there! a counter. The counter is vast. On the counter you can make out a red apple, an orange bell pepper, a banana and a cookbook. There's something strange about this thing being here, but you don't have time to worry about that now. You scan the room for a stove, and you find a stove. The stove is conventional. Unfortunately, there isn't a thing on it. What's the point of an empty stove?

There is a closed plain door leading east. There is an exit to the south. You don't like doors? Why not try going west, that entranceway is not blocked by one.

There is a sliced fried yellow potato, a chopped fried red hot pepper, a chopped fried yellow bell pepper, a red onion, a raw red potato and a raw purple potato on the floor.","You are carrying: a knife, a chopped fried block of cheese, a chopped fried carrot and a chopped fried pork chop.",15 of 17,0.8823529411764706,False,
67,,,I should take the chopped fried yellow bell pepper from the floor now.,take chopped fried yellow bell pepper from floor,,You pick up the yellow bell pepper from the ground.,Kitchen,"You are in a kitchen. An usual one. You decide to start listing off everything you see in the room, as if you were in a text adventure.

You can make out a fridge. The fridge is empty! What a waste of a day! You can make out a closed oven. You can see a table. The table is massive. But the thing hasn't got anything on it. Oh! Why couldn't there just be stuff on it? Look over there! a counter. The counter is vast. On the counter you can make out a red apple, an orange bell pepper, a banana and a cookbook. There's something strange about this thing being here, but you don't have time to worry about that now. You scan the room for a stove, and you find a stove. The stove is conventional. Unfortunately, there isn't a thing on it. What's the point of an empty stove?

There is a closed plain door leading east. There is an exit to the south. You don't like doors? Why not try going west, that entranceway is not blocked by one.

There is a sliced fried yellow potato, a chopped fried red hot pepper, a red onion, a raw red potato and a raw purple potato on the floor.","You are carrying: a chopped fried yellow bell pepper, a knife, a chopped fried block of cheese, a chopped fried carrot and a chopped fried pork chop.",15 of 17,0.8823529411764706,False,
68,,,I have all the ingredients now. I should prepare the meal.,prepare meal,,You still miss something.,Kitchen,"You are in a kitchen. An usual one. You decide to start listing off everything you see in the room, as if you were in a text adventure.

You can make out a fridge. The fridge is empty! What a waste of a day! You can make out a closed oven. You can see a table. The table is massive. But the thing hasn't got anything on it. Oh! Why couldn't there just be stuff on it? Look over there! a counter. The counter is vast. On the counter you can make out a red apple, an orange bell pepper, a banana and a cookbook. There's something strange about this thing being here, but you don't have time to worry about that now. You scan the room for a stove, and you find a stove. The stove is conventional. Unfortunately, there isn't a thing on it. What's the point of an empty stove?

There is a closed plain door leading east. There is an exit to the south. You don't like doors? Why not try going west, that entranceway is not blocked by one.

There is a sliced fried yellow potato, a chopped fried red hot pepper, a red onion, a raw red potato and a raw purple potato on the floor.","You are carrying: a chopped fried yellow bell pepper, a knife, a chopped fried block of cheese, a chopped fried carrot and a chopped fried pork chop.",15 of 17,0.8823529411764706,False,
69,,,"The recipe might require the red onion, which is on the floor. I should take the red onion.",take red onion from floor,,You're carrying too many things already.,Kitchen,"You are in a kitchen. An usual one. You decide to start listing off everything you see in the room, as if you were in a text adventure.

You can make out a fridge. The fridge is empty! What a waste of a day! You can make out a closed oven. You can see a table. The table is massive. But the thing hasn't got anything on it. Oh! Why couldn't there just be stuff on it? Look over there! a counter. The counter is vast. On the counter you can make out a red apple, an orange bell pepper, a banana and a cookbook. There's something strange about this thing being here, but you don't have time to worry about that now. You scan the room for a stove, and you find a stove. The stove is conventional. Unfortunately, there isn't a thing on it. What's the point of an empty stove?

There is a closed plain door leading east. There is an exit to the south. You don't like doors? Why not try going west, that entranceway is not blocked by one.

There is a sliced fried yellow potato, a chopped fried red hot pepper, a red onion, a raw red potato and a raw purple potato on the floor.","You are carrying: a chopped fried yellow bell pepper, a knife, a chopped fried block of cheese, a chopped fried carrot and a chopped fried pork chop.",15 of 17,0.8823529411764706,False,
70,,,I need to drop an item to make space for the red onion.,drop chopped fried carrot,,You drop the carrot on the ground.,Kitchen,"You are in a kitchen. An usual one. You decide to start listing off everything you see in the room, as if you were in a text adventure.

You can make out a fridge. The fridge is empty! What a waste of a day! You can make out a closed oven. You can see a table. The table is massive. But the thing hasn't got anything on it. Oh! Why couldn't there just be stuff on it? Look over there! a counter. The counter is vast. On the counter you can make out a red apple, an orange bell pepper, a banana and a cookbook. There's something strange about this thing being here, but you don't have time to worry about that now. You scan the room for a stove, and you find a stove. The stove is conventional. Unfortunately, there isn't a thing on it. What's the point of an empty stove?

There is a closed plain door leading east. There is an exit to the south. You don't like doors? Why not try going west, that entranceway is not blocked by one.

There is a chopped fried carrot, a sliced fried yellow potato, a chopped fried red hot pepper, a red onion, a raw red potato and a raw purple potato on the floor.","You are carrying: a chopped fried yellow bell pepper, a knife, a chopped fried block of cheese and a chopped fried pork chop.",15 of 17,0.8823529411764706,False,
71,,,I should take the red onion from the floor now.,take red onion from floor,,You pick up the red onion from the ground.,Kitchen,"You are in a kitchen. An usual one. You decide to start listing off everything you see in the room, as if you were in a text adventure.

You can make out a fridge. The fridge is empty! What a waste of a day! You can make out a closed oven. You can see a table. The table is massive. But the thing hasn't got anything on it. Oh! Why couldn't there just be stuff on it? Look over there! a counter. The counter is vast. On the counter you can make out a red apple, an orange bell pepper, a banana and a cookbook. There's something strange about this thing being here, but you don't have time to worry about that now. You scan the room for a stove, and you find a stove. The stove is conventional. Unfortunately, there isn't a thing on it. What's the point of an empty stove?

There is a closed plain door leading east. There is an exit to the south. You don't like doors? Why not try going west, that entranceway is not blocked by one.

There is a chopped fried carrot, a sliced fried yellow potato, a chopped fried red hot pepper, a raw red potato and a raw purple potato on the floor.","You are carrying: a red onion, a chopped fried yellow bell pepper, a knife, a chopped fried block of cheese and a chopped fried pork chop.",15 of 17,0.8823529411764706,False,
72,,,I have all the ingredients now. I should prepare the meal.,prepare meal,,You still miss something.,Kitchen,"You are in a kitchen. An usual one. You decide to start listing off everything you see in the room, as if you were in a text adventure.

You can make out a fridge. The fridge is empty! What a waste of a day! You can make out a closed oven. You can see a table. The table is massive. But the thing hasn't got anything on it. Oh! Why couldn't there just be stuff on it? Look over there! a counter. The counter is vast. On the counter you can make out a red apple, an orange bell pepper, a banana and a cookbook. There's something strange about this thing being here, but you don't have time to worry about that now. You scan the room for a stove, and you find a stove. The stove is conventional. Unfortunately, there isn't a thing on it. What's the point of an empty stove?

There is a closed plain door leading east. There is an exit to the south. You don't like doors? Why not try going west, that entranceway is not blocked by one.

There is a chopped fried carrot, a sliced fried yellow potato, a chopped fried red hot pepper, a raw red potato and a raw purple potato on the floor.","You are carrying: a red onion, a chopped fried yellow bell pepper, a knife, a chopped fried block of cheese and a chopped fried pork chop.",15 of 17,0.8823529411764706,True,
