step_id,plan,summary,thought,action,task,feedback,location,description,inventory,score,reward,is_done,error
0,,,,,"You are hungry! Let's cook a delicious meal. Check the cookbook in the kitchen for the recipe. Once done, enjoy your meal!",,Pantry,"You are in a pantry. A standard one.

You see a shelf. Make a note of this, you might have to put stuff on or in it later on. But the thing hasn't got anything on it.

There is a closed frosted-glass door leading west.",You are carrying: a red apple and a red onion.,0 of 16,0.0,False,
1,,,I should go west through the frosted-glass door to reach the kitchen where the cookbook is likely to be.,go west,,You have to open the frosted-glass door first.,Pantry,"You are in a pantry. A standard one.

You see a shelf. Make a note of this, you might have to put stuff on or in it later on. But the thing hasn't got anything on it.

There is a closed frosted-glass door leading west.",You are carrying: a red apple and a red onion.,0 of 16,0.0,False,
2,,,I need to open the frosted-glass door before I can go west to the kitchen.,open frosted-glass door,,You open frosted-glass door.,Pantry,"You are in a pantry. A standard one.

You see a shelf. Make a note of this, you might have to put stuff on or in it later on. But the thing hasn't got anything on it.

There is an open frosted-glass door leading west.",You are carrying: a red apple and a red onion.,0 of 16,0.0,False,
3,,,"Now that the frosted-glass door is open, I should go west to enter the kitchen.",go west,,"You arrive in a kitchen. A normal one.

You can make out a fridge. I mean, just wow! Isn't TextWorld just the best? Look out! It's a- oh, never mind, it's just an oven. You lean against the wall, inadvertently pressing a secret button. The wall opens up to reveal a table. On the table you can see a cookbook and a knife. You can't wait to tell the folks at home about this! You smell an interesting smell, and follow it to a counter. You see a banana on the counter. You can see a stove. The stove appears to be empty.

There is an open frosted-glass door leading east. There is a closed screen door leading north. You don't like doors? Why not try going south, that entranceway is not blocked by one. There is an exit to the west.",Kitchen,"You arrive in a kitchen. A normal one.

You can make out a fridge. I mean, just wow! Isn't TextWorld just the best? Look out! It's a- oh, never mind, it's just an oven. You lean against the wall, inadvertently pressing a secret button. The wall opens up to reveal a table. On the table you can see a cookbook and a knife. You can't wait to tell the folks at home about this! You smell an interesting smell, and follow it to a counter. You see a banana on the counter. You can see a stove. The stove appears to be empty.

There is an open frosted-glass door leading east. There is a closed screen door leading north. You don't like doors? Why not try going south, that entranceway is not blocked by one. There is an exit to the west.",You are carrying: a red apple and a red onion.,0 of 16,0.0,False,
4,,,I should examine the cookbook on the table to check the recipe for cooking a delicious meal.,examine cookbook,,"You open the copy of ""Cooking: A Modern Approach (3rd Ed.)"" and start reading:

Recipe #1
---------
Gather all following ingredients and follow the directions to prepare this tasty meal.

Ingredients:
yellow potato
  red apple
  banana
  white onion
  orange bell pepper

Directions:
dice the yellow potato
  fry the yellow potato
  chop the red apple
  roast the red apple
  dice the banana
  grill the banana
  dice the white onion
  roast the white onion
  chop the orange bell pepper
  grill the orange bell pepper
  prepare meal",Kitchen,"You arrive in a kitchen. A normal one.

You can make out a fridge. I mean, just wow! Isn't TextWorld just the best? Look out! It's a- oh, never mind, it's just an oven. You lean against the wall, inadvertently pressing a secret button. The wall opens up to reveal a table. On the table you can see a cookbook and a knife. You can't wait to tell the folks at home about this! You smell an interesting smell, and follow it to a counter. You see a banana on the counter. You can see a stove. The stove appears to be empty.

There is an open frosted-glass door leading east. There is a closed screen door leading north. You don't like doors? Why not try going south, that entranceway is not blocked by one. There is an exit to the west.",You are carrying: a red apple and a red onion.,0 of 16,0.0,False,
5,,,I need to gather the ingredients from the recipe. I already have a red apple and a red onion (substitute for white onion). I should take the banana from the counter and look for the yellow potato and orange bell pepper in the kitchen or fridge.,take banana from counter,,"You take the banana from the counter.



Your score has just gone up by one point.",Kitchen,"You arrive in a kitchen. A normal one.

You can make out a fridge. I mean, just wow! Isn't TextWorld just the best? Look out! It's a- oh, never mind, it's just an oven. You lean against the wall, inadvertently pressing a secret button. The wall opens up to reveal a table. On the table you can see a cookbook and a knife. You can't wait to tell the folks at home about this! You smell an interesting smell, and follow it to a counter. But the thing is empty, unfortunately. You think about smashing the counter to bits, throwing the bits into the garbage, etc, until you get bored and decide to move on. You can see a stove. The stove appears to be empty.

There is an open frosted-glass door leading east. There is a closed screen door leading north. You don't like doors? Why not try going south, that entranceway is not blocked by one. There is an exit to the west.","You are carrying: a banana, a red apple and a red onion.",1 of 16,0.0625,False,
6,,,I should check the fridge for the yellow potato and orange bell pepper since they are not visible on the counters.,open fridge,,"You open the fridge, revealing a raw pork chop and a block of cheese.",Kitchen,"You arrive in a kitchen. A normal one.

You can make out a fridge. I mean, just wow! Isn't TextWorld just the best? The fridge contains a raw pork chop and a block of cheese. The light flickers for a second, but nothing else happens. Look out! It's a- oh, never mind, it's just an oven. You lean against the wall, inadvertently pressing a secret button. The wall opens up to reveal a table. On the table you can see a cookbook and a knife. You can't wait to tell the folks at home about this! You smell an interesting smell, and follow it to a counter. But the thing is empty, unfortunately. You think about smashing the counter to bits, throwing the bits into the garbage, etc, until you get bored and decide to move on. You can see a stove. The stove appears to be empty.

There is an open frosted-glass door leading east. There is a closed screen door leading north. You don't like doors? Why not try going south, that entranceway is not blocked by one. There is an exit to the west.","You are carrying: a banana, a red apple and a red onion.",1 of 16,0.0625,False,
7,,,The fridge does not have the yellow potato or orange bell pepper. I should check the pantry for these ingredients.,go east,,"You are in a pantry. A standard one.

You see a shelf. Make a note of this, you might have to put stuff on or in it later on. But the thing hasn't got anything on it.

There is an open frosted-glass door leading west.",Pantry,"You are in a pantry. A standard one.

You see a shelf. Make a note of this, you might have to put stuff on or in it later on. But the thing hasn't got anything on it.

There is an open frosted-glass door leading west.","You are carrying: a banana, a red apple and a red onion.",1 of 16,0.0625,False,
8,,,I should examine the shelf in the pantry to see if the yellow potato and orange bell pepper are there.,examine shelf,,The shelf is wobbly.,Pantry,"You are in a pantry. A standard one.

You see a shelf. Make a note of this, you might have to put stuff on or in it later on. But the thing hasn't got anything on it.

There is an open frosted-glass door leading west.","You are carrying: a banana, a red apple and a red onion.",1 of 16,0.0625,False,
9,,,"Since the shelf is empty and wobbly, I should check if the yellow potato and orange bell pepper are on the floor or elsewhere in the pantry.",look,,"You are in a pantry. A standard one.

You see a shelf. Make a note of this, you might have to put stuff on or in it later on. But the thing hasn't got anything on it.

There is an open frosted-glass door leading west.",Pantry,"You are in a pantry. A standard one.

You see a shelf. Make a note of this, you might have to put stuff on or in it later on. But the thing hasn't got anything on it.

There is an open frosted-glass door leading west.","You are carrying: a banana, a red apple and a red onion.",1 of 16,0.0625,False,
10,,,"Since the pantry and fridge do not have the yellow potato and orange bell pepper, I should check the kitchen floor and stove area for these ingredients.",look around kitchen,,You can't see any such thing.,Pantry,"You are in a pantry. A standard one.

You see a shelf. Make a note of this, you might have to put stuff on or in it later on. But the thing hasn't got anything on it.

There is an open frosted-glass door leading west.","You are carrying: a banana, a red apple and a red onion.",1 of 16,0.0625,False,
11,,,"I am still in the pantry, I need to go back to the kitchen to look for the yellow potato and orange bell pepper.",go west,,"You arrive in a kitchen. A normal one.

You can make out a fridge. I mean, just wow! Isn't TextWorld just the best? The fridge contains a raw pork chop and a block of cheese. The light flickers for a second, but nothing else happens. Look out! It's a- oh, never mind, it's just an oven. You lean against the wall, inadvertently pressing a secret button. The wall opens up to reveal a table. On the table you can see a cookbook and a knife. You can't wait to tell the folks at home about this! You smell an interesting smell, and follow it to a counter. But the thing is empty, unfortunately. You think about smashing the counter to bits, throwing the bits into the garbage, etc, until you get bored and decide to move on. You can see a stove. The stove appears to be empty.

There is an open frosted-glass door leading east. There is a closed screen door leading north. You don't like doors? Why not try going south, that entranceway is not blocked by one. There is an exit to the west.",Kitchen,"You arrive in a kitchen. A normal one.

You can make out a fridge. I mean, just wow! Isn't TextWorld just the best? The fridge contains a raw pork chop and a block of cheese. The light flickers for a second, but nothing else happens. Look out! It's a- oh, never mind, it's just an oven. You lean against the wall, inadvertently pressing a secret button. The wall opens up to reveal a table. On the table you can see a cookbook and a knife. You can't wait to tell the folks at home about this! You smell an interesting smell, and follow it to a counter. But the thing is empty, unfortunately. You think about smashing the counter to bits, throwing the bits into the garbage, etc, until you get bored and decide to move on. You can see a stove. The stove appears to be empty.

There is an open frosted-glass door leading east. There is a closed screen door leading north. You don't like doors? Why not try going south, that entranceway is not blocked by one. There is an exit to the west.","You are carrying: a banana, a red apple and a red onion.",1 of 16,0.0625,False,
12,,,"Since the yellow potato and orange bell pepper are not in the kitchen or pantry, I should check the area south of the kitchen as it is accessible and might have the ingredients.",go south,,"You find yourself in a corridor. A standard one. You decide to just list off a complete list of everything you see in the room, because hey, why not?



There is an exit to the east. There is an exit to the north. There is an exit to the west. Don't worry, there is no door.",Corridor,"You find yourself in a corridor. A standard one. You decide to just list off a complete list of everything you see in the room, because hey, why not?



There is an exit to the east. There is an exit to the north. There is an exit to the west. Don't worry, there is no door.","You are carrying: a banana, a red apple and a red onion.",1 of 16,0.0625,False,
13,,,"I should explore the corridor by going east, north, and west to look for the yellow potato and orange bell pepper.",go east,,"You find yourself in a bedroom. An ordinary one. You start to take note of what's in the room.

You make out a bed. But the thing is empty, unfortunately. Hm. Oh well

You need an exit without a door? You should try going west.",Bedroom,"You find yourself in a bedroom. An ordinary one. You start to take note of what's in the room.

You make out a bed. But the thing is empty, unfortunately. Hm. Oh well

You need an exit without a door? You should try going west.","You are carrying: a banana, a red apple and a red onion.",1 of 16,0.0625,False,
14,,,The bedroom is empty and has no ingredients. I should go back west to the corridor and try going north to explore further.,go west,,"You find yourself in a corridor. A standard one. You decide to just list off a complete list of everything you see in the room, because hey, why not?



There is an exit to the east. There is an exit to the north. There is an exit to the west. Don't worry, there is no door.",Corridor,"You find yourself in a corridor. A standard one. You decide to just list off a complete list of everything you see in the room, because hey, why not?



There is an exit to the east. There is an exit to the north. There is an exit to the west. Don't worry, there is no door.","You are carrying: a banana, a red apple and a red onion.",1 of 16,0.0625,False,
15,,,I should go north from the corridor to check if the yellow potato and orange bell pepper are there.,go north,,"You arrive in a kitchen. A normal one.

You can make out a fridge. I mean, just wow! Isn't TextWorld just the best? The fridge contains a raw pork chop and a block of cheese. The light flickers for a second, but nothing else happens. Look out! It's a- oh, never mind, it's just an oven. You lean against the wall, inadvertently pressing a secret button. The wall opens up to reveal a table. On the table you can see a cookbook and a knife. You can't wait to tell the folks at home about this! You smell an interesting smell, and follow it to a counter. But the thing is empty, unfortunately. You think about smashing the counter to bits, throwing the bits into the garbage, etc, until you get bored and decide to move on. You can see a stove. The stove appears to be empty.

There is an open frosted-glass door leading east. There is a closed screen door leading north. You don't like doors? Why not try going south, that entranceway is not blocked by one. There is an exit to the west.",Kitchen,"You arrive in a kitchen. A normal one.

You can make out a fridge. I mean, just wow! Isn't TextWorld just the best? The fridge contains a raw pork chop and a block of cheese. The light flickers for a second, but nothing else happens. Look out! It's a- oh, never mind, it's just an oven. You lean against the wall, inadvertently pressing a secret button. The wall opens up to reveal a table. On the table you can see a cookbook and a knife. You can't wait to tell the folks at home about this! You smell an interesting smell, and follow it to a counter. But the thing is empty, unfortunately. You think about smashing the counter to bits, throwing the bits into the garbage, etc, until you get bored and decide to move on. You can see a stove. The stove appears to be empty.

There is an open frosted-glass door leading east. There is a closed screen door leading north. You don't like doors? Why not try going south, that entranceway is not blocked by one. There is an exit to the west.","You are carrying: a banana, a red apple and a red onion.",1 of 16,0.0625,False,
16,,,I should examine the cookbook on the table to find the recipe for the meal I need to cook.,examine cookbook,,"You open the copy of ""Cooking: A Modern Approach (3rd Ed.)"" and start reading:

Recipe #1
---------
Gather all following ingredients and follow the directions to prepare this tasty meal.

Ingredients:
yellow potato
  red apple
  banana
  white onion
  orange bell pepper

Directions:
dice the yellow potato
  fry the yellow potato
  chop the red apple
  roast the red apple
  dice the banana
  grill the banana
  dice the white onion
  roast the white onion
  chop the orange bell pepper
  grill the orange bell pepper
  prepare meal",Kitchen,"You arrive in a kitchen. A normal one.

You can make out a fridge. I mean, just wow! Isn't TextWorld just the best? The fridge contains a raw pork chop and a block of cheese. The light flickers for a second, but nothing else happens. Look out! It's a- oh, never mind, it's just an oven. You lean against the wall, inadvertently pressing a secret button. The wall opens up to reveal a table. On the table you can see a cookbook and a knife. You can't wait to tell the folks at home about this! You smell an interesting smell, and follow it to a counter. But the thing is empty, unfortunately. You think about smashing the counter to bits, throwing the bits into the garbage, etc, until you get bored and decide to move on. You can see a stove. The stove appears to be empty.

There is an open frosted-glass door leading east. There is a closed screen door leading north. You don't like doors? Why not try going south, that entranceway is not blocked by one. There is an exit to the west.","You are carrying: a banana, a red apple and a red onion.",1 of 16,0.0625,False,
17,,,"I need to find the yellow potato, white onion, and orange bell pepper to complete the recipe since I already have the banana, red apple, and red onion.",go west,,"You're now in a livingroom.

You can make out a sofa. The sofa appears to be empty.

There is an exit to the east.",Livingroom,"You're now in a livingroom.

You can make out a sofa. The sofa appears to be empty.

There is an exit to the east.","You are carrying: a banana, a red apple and a red onion.",1 of 16,0.0625,False,
18,,,"I should check the livingroom for the yellow potato, white onion, or orange bell pepper.",look,,"You're now in a livingroom.

You can make out a sofa. The sofa appears to be empty.

There is an exit to the east.",Livingroom,"You're now in a livingroom.

You can make out a sofa. The sofa appears to be empty.

There is an exit to the east.","You are carrying: a banana, a red apple and a red onion.",1 of 16,0.0625,False,
19,,,"Since the livingroom is empty, I should go back to the kitchen and check the stove or other surfaces for the missing ingredients.",go east,,"You arrive in a kitchen. A normal one.

You can make out a fridge. I mean, just wow! Isn't TextWorld just the best? The fridge contains a raw pork chop and a block of cheese. The light flickers for a second, but nothing else happens. Look out! It's a- oh, never mind, it's just an oven. You lean against the wall, inadvertently pressing a secret button. The wall opens up to reveal a table. On the table you can see a cookbook and a knife. You can't wait to tell the folks at home about this! You smell an interesting smell, and follow it to a counter. But the thing is empty, unfortunately. You think about smashing the counter to bits, throwing the bits into the garbage, etc, until you get bored and decide to move on. You can see a stove. The stove appears to be empty.

There is an open frosted-glass door leading east. There is a closed screen door leading north. You don't like doors? Why not try going south, that entranceway is not blocked by one. There is an exit to the west.",Kitchen,"You arrive in a kitchen. A normal one.

You can make out a fridge. I mean, just wow! Isn't TextWorld just the best? The fridge contains a raw pork chop and a block of cheese. The light flickers for a second, but nothing else happens. Look out! It's a- oh, never mind, it's just an oven. You lean against the wall, inadvertently pressing a secret button. The wall opens up to reveal a table. On the table you can see a cookbook and a knife. You can't wait to tell the folks at home about this! You smell an interesting smell, and follow it to a counter. But the thing is empty, unfortunately. You think about smashing the counter to bits, throwing the bits into the garbage, etc, until you get bored and decide to move on. You can see a stove. The stove appears to be empty.

There is an open frosted-glass door leading east. There is a closed screen door leading north. You don't like doors? Why not try going south, that entranceway is not blocked by one. There is an exit to the west.","You are carrying: a banana, a red apple and a red onion.",1 of 16,0.0625,False,
20,,,I should take the knife from the table to prepare the meal.,take knife from table,,You take the knife from the table.,Kitchen,"You arrive in a kitchen. A normal one.

You can make out a fridge. I mean, just wow! Isn't TextWorld just the best? The fridge contains a raw pork chop and a block of cheese. The light flickers for a second, but nothing else happens. Look out! It's a- oh, never mind, it's just an oven. You lean against the wall, inadvertently pressing a secret button. The wall opens up to reveal a table. On the table you can see a cookbook. You can't wait to tell the folks at home about this! You smell an interesting smell, and follow it to a counter. But the thing is empty, unfortunately. You think about smashing the counter to bits, throwing the bits into the garbage, etc, until you get bored and decide to move on. You can see a stove. The stove appears to be empty.

There is an open frosted-glass door leading east. There is a closed screen door leading north. You don't like doors? Why not try going south, that entranceway is not blocked by one. There is an exit to the west.","You are carrying: a knife, a banana, a red apple and a red onion.",1 of 16,0.0625,False,
21,,,I should go back to the pantry to check if the yellow potato and orange bell pepper are there.,go west,,"You're now in a livingroom.

You can make out a sofa. The sofa appears to be empty.

There is an exit to the east.",Livingroom,"You're now in a livingroom.

You can make out a sofa. The sofa appears to be empty.

There is an exit to the east.","You are carrying: a knife, a banana, a red apple and a red onion.",1 of 16,0.0625,False,
22,,,I should go west from the livingroom to check the pantry for the missing ingredients.,go west,,You can't go that way.,Livingroom,"You're now in a livingroom.

You can make out a sofa. The sofa appears to be empty.

There is an exit to the east.","You are carrying: a knife, a banana, a red apple and a red onion.",1 of 16,0.0625,False,
23,,,"Since I cannot go west from the livingroom, I should go east back to the kitchen and then try going south from the kitchen to explore further.",go east,,"You arrive in a kitchen. A normal one.

You can make out a fridge. I mean, just wow! Isn't TextWorld just the best? The fridge contains a raw pork chop and a block of cheese. The light flickers for a second, but nothing else happens. Look out! It's a- oh, never mind, it's just an oven. You lean against the wall, inadvertently pressing a secret button. The wall opens up to reveal a table. On the table you can see a cookbook. You can't wait to tell the folks at home about this! You smell an interesting smell, and follow it to a counter. But the thing is empty, unfortunately. You think about smashing the counter to bits, throwing the bits into the garbage, etc, until you get bored and decide to move on. You can see a stove. The stove appears to be empty.

There is an open frosted-glass door leading east. There is a closed screen door leading north. You don't like doors? Why not try going south, that entranceway is not blocked by one. There is an exit to the west.",Kitchen,"You arrive in a kitchen. A normal one.

You can make out a fridge. I mean, just wow! Isn't TextWorld just the best? The fridge contains a raw pork chop and a block of cheese. The light flickers for a second, but nothing else happens. Look out! It's a- oh, never mind, it's just an oven. You lean against the wall, inadvertently pressing a secret button. The wall opens up to reveal a table. On the table you can see a cookbook. You can't wait to tell the folks at home about this! You smell an interesting smell, and follow it to a counter. But the thing is empty, unfortunately. You think about smashing the counter to bits, throwing the bits into the garbage, etc, until you get bored and decide to move on. You can see a stove. The stove appears to be empty.

There is an open frosted-glass door leading east. There is a closed screen door leading north. You don't like doors? Why not try going south, that entranceway is not blocked by one. There is an exit to the west.","You are carrying: a knife, a banana, a red apple and a red onion.",1 of 16,0.0625,False,
24,,,I should go south from the kitchen to explore the area beyond the entranceway without a door.,go south,,"You find yourself in a corridor. A standard one. You decide to just list off a complete list of everything you see in the room, because hey, why not?



There is an exit to the east. There is an exit to the north. There is an exit to the west. Don't worry, there is no door.",Corridor,"You find yourself in a corridor. A standard one. You decide to just list off a complete list of everything you see in the room, because hey, why not?



There is an exit to the east. There is an exit to the north. There is an exit to the west. Don't worry, there is no door.","You are carrying: a knife, a banana, a red apple and a red onion.",1 of 16,0.0625,False,
25,,,I should go west from the corridor to check if the pantry or any other room with the missing ingredients is there.,go west,,"You find yourself in a bathroom. A typical kind of place.

Oh, great. Here's a toilet. But the thing hasn't got anything on it.

You need an exit without a door? You should try going east.",Bathroom,"You find yourself in a bathroom. A typical kind of place.

Oh, great. Here's a toilet. But the thing hasn't got anything on it.

You need an exit without a door? You should try going east.","You are carrying: a knife, a banana, a red apple and a red onion.",1 of 16,0.0625,False,
26,,,"The bathroom does not have the ingredients I need, so I should go back east to the corridor and then try going north to explore further.",go east,,"You find yourself in a corridor. A standard one. You decide to just list off a complete list of everything you see in the room, because hey, why not?



There is an exit to the east. There is an exit to the north. There is an exit to the west. Don't worry, there is no door.",Corridor,"You find yourself in a corridor. A standard one. You decide to just list off a complete list of everything you see in the room, because hey, why not?



There is an exit to the east. There is an exit to the north. There is an exit to the west. Don't worry, there is no door.","You are carrying: a knife, a banana, a red apple and a red onion.",1 of 16,0.0625,False,
27,,,I should go north from the corridor to check if the pantry or any other room with the missing ingredients is there.,go north,,"You arrive in a kitchen. A normal one.

You can make out a fridge. I mean, just wow! Isn't TextWorld just the best? The fridge contains a raw pork chop and a block of cheese. The light flickers for a second, but nothing else happens. Look out! It's a- oh, never mind, it's just an oven. You lean against the wall, inadvertently pressing a secret button. The wall opens up to reveal a table. On the table you can see a cookbook. You can't wait to tell the folks at home about this! You smell an interesting smell, and follow it to a counter. But the thing is empty, unfortunately. You think about smashing the counter to bits, throwing the bits into the garbage, etc, until you get bored and decide to move on. You can see a stove. The stove appears to be empty.

There is an open frosted-glass door leading east. There is a closed screen door leading north. You don't like doors? Why not try going south, that entranceway is not blocked by one. There is an exit to the west.",Kitchen,"You arrive in a kitchen. A normal one.

You can make out a fridge. I mean, just wow! Isn't TextWorld just the best? The fridge contains a raw pork chop and a block of cheese. The light flickers for a second, but nothing else happens. Look out! It's a- oh, never mind, it's just an oven. You lean against the wall, inadvertently pressing a secret button. The wall opens up to reveal a table. On the table you can see a cookbook. You can't wait to tell the folks at home about this! You smell an interesting smell, and follow it to a counter. But the thing is empty, unfortunately. You think about smashing the counter to bits, throwing the bits into the garbage, etc, until you get bored and decide to move on. You can see a stove. The stove appears to be empty.

There is an open frosted-glass door leading east. There is a closed screen door leading north. You don't like doors? Why not try going south, that entranceway is not blocked by one. There is an exit to the west.","You are carrying: a knife, a banana, a red apple and a red onion.",1 of 16,0.0625,False,
28,,,I should examine the cookbook on the table to find the recipe for the meal.,examine cookbook,,"You open the copy of ""Cooking: A Modern Approach (3rd Ed.)"" and start reading:

Recipe #1
---------
Gather all following ingredients and follow the directions to prepare this tasty meal.

Ingredients:
yellow potato
  red apple
  banana
  white onion
  orange bell pepper

Directions:
dice the yellow potato
  fry the yellow potato
  chop the red apple
  roast the red apple
  dice the banana
  grill the banana
  dice the white onion
  roast the white onion
  chop the orange bell pepper
  grill the orange bell pepper
  prepare meal",Kitchen,"You arrive in a kitchen. A normal one.

You can make out a fridge. I mean, just wow! Isn't TextWorld just the best? The fridge contains a raw pork chop and a block of cheese. The light flickers for a second, but nothing else happens. Look out! It's a- oh, never mind, it's just an oven. You lean against the wall, inadvertently pressing a secret button. The wall opens up to reveal a table. On the table you can see a cookbook. You can't wait to tell the folks at home about this! You smell an interesting smell, and follow it to a counter. But the thing is empty, unfortunately. You think about smashing the counter to bits, throwing the bits into the garbage, etc, until you get bored and decide to move on. You can see a stove. The stove appears to be empty.

There is an open frosted-glass door leading east. There is a closed screen door leading north. You don't like doors? Why not try going south, that entranceway is not blocked by one. There is an exit to the west.","You are carrying: a knife, a banana, a red apple and a red onion.",1 of 16,0.0625,False,
29,,,"I need to find the yellow potato, white onion, and orange bell pepper to complete the recipe since I already have a banana and red apple.",go south,,"You find yourself in a corridor. A standard one. You decide to just list off a complete list of everything you see in the room, because hey, why not?



There is an exit to the east. There is an exit to the north. There is an exit to the west. Don't worry, there is no door.",Corridor,"You find yourself in a corridor. A standard one. You decide to just list off a complete list of everything you see in the room, because hey, why not?



There is an exit to the east. There is an exit to the north. There is an exit to the west. Don't worry, there is no door.","You are carrying: a knife, a banana, a red apple and a red onion.",1 of 16,0.0625,False,
30,,,I should go east from the corridor to check if the pantry or any other room with the missing ingredients is there.,go east,,"You find yourself in a bedroom. An ordinary one. You start to take note of what's in the room.

You make out a bed. But the thing is empty, unfortunately. Hm. Oh well

You need an exit without a door? You should try going west.",Bedroom,"You find yourself in a bedroom. An ordinary one. You start to take note of what's in the room.

You make out a bed. But the thing is empty, unfortunately. Hm. Oh well

You need an exit without a door? You should try going west.","You are carrying: a knife, a banana, a red apple and a red onion.",1 of 16,0.0625,False,
31,,,"The bedroom does not have the ingredients I need, so I should go back west to the corridor and then try going north to explore further.",go west,,"You find yourself in a corridor. A standard one. You decide to just list off a complete list of everything you see in the room, because hey, why not?



There is an exit to the east. There is an exit to the north. There is an exit to the west. Don't worry, there is no door.",Corridor,"You find yourself in a corridor. A standard one. You decide to just list off a complete list of everything you see in the room, because hey, why not?



There is an exit to the east. There is an exit to the north. There is an exit to the west. Don't worry, there is no door.","You are carrying: a knife, a banana, a red apple and a red onion.",1 of 16,0.0625,False,
32,,,I should go north from the corridor to explore further for the missing ingredients.,go north,,"You arrive in a kitchen. A normal one.

You can make out a fridge. I mean, just wow! Isn't TextWorld just the best? The fridge contains a raw pork chop and a block of cheese. The light flickers for a second, but nothing else happens. Look out! It's a- oh, never mind, it's just an oven. You lean against the wall, inadvertently pressing a secret button. The wall opens up to reveal a table. On the table you can see a cookbook. You can't wait to tell the folks at home about this! You smell an interesting smell, and follow it to a counter. But the thing is empty, unfortunately. You think about smashing the counter to bits, throwing the bits into the garbage, etc, until you get bored and decide to move on. You can see a stove. The stove appears to be empty.

There is an open frosted-glass door leading east. There is a closed screen door leading north. You don't like doors? Why not try going south, that entranceway is not blocked by one. There is an exit to the west.",Kitchen,"You arrive in a kitchen. A normal one.

You can make out a fridge. I mean, just wow! Isn't TextWorld just the best? The fridge contains a raw pork chop and a block of cheese. The light flickers for a second, but nothing else happens. Look out! It's a- oh, never mind, it's just an oven. You lean against the wall, inadvertently pressing a secret button. The wall opens up to reveal a table. On the table you can see a cookbook. You can't wait to tell the folks at home about this! You smell an interesting smell, and follow it to a counter. But the thing is empty, unfortunately. You think about smashing the counter to bits, throwing the bits into the garbage, etc, until you get bored and decide to move on. You can see a stove. The stove appears to be empty.

There is an open frosted-glass door leading east. There is a closed screen door leading north. You don't like doors? Why not try going south, that entranceway is not blocked by one. There is an exit to the west.","You are carrying: a knife, a banana, a red apple and a red onion.",1 of 16,0.0625,False,
33,,,I should go east through the open frosted-glass door to see if the missing ingredients are there.,go east,,"You are in a pantry. A standard one.

You see a shelf. Make a note of this, you might have to put stuff on or in it later on. But the thing hasn't got anything on it.

There is an open frosted-glass door leading west.",Pantry,"You are in a pantry. A standard one.

You see a shelf. Make a note of this, you might have to put stuff on or in it later on. But the thing hasn't got anything on it.

There is an open frosted-glass door leading west.","You are carrying: a knife, a banana, a red apple and a red onion.",1 of 16,0.0625,False,
34,,,"The pantry is empty, so I should go back west to the kitchen and then try the closed screen door leading north to check for the missing ingredients.",go west,,"You arrive in a kitchen. A normal one.

You can make out a fridge. I mean, just wow! Isn't TextWorld just the best? The fridge contains a raw pork chop and a block of cheese. The light flickers for a second, but nothing else happens. Look out! It's a- oh, never mind, it's just an oven. You lean against the wall, inadvertently pressing a secret button. The wall opens up to reveal a table. On the table you can see a cookbook. You can't wait to tell the folks at home about this! You smell an interesting smell, and follow it to a counter. But the thing is empty, unfortunately. You think about smashing the counter to bits, throwing the bits into the garbage, etc, until you get bored and decide to move on. You can see a stove. The stove appears to be empty.

There is an open frosted-glass door leading east. There is a closed screen door leading north. You don't like doors? Why not try going south, that entranceway is not blocked by one. There is an exit to the west.",Kitchen,"You arrive in a kitchen. A normal one.

You can make out a fridge. I mean, just wow! Isn't TextWorld just the best? The fridge contains a raw pork chop and a block of cheese. The light flickers for a second, but nothing else happens. Look out! It's a- oh, never mind, it's just an oven. You lean against the wall, inadvertently pressing a secret button. The wall opens up to reveal a table. On the table you can see a cookbook. You can't wait to tell the folks at home about this! You smell an interesting smell, and follow it to a counter. But the thing is empty, unfortunately. You think about smashing the counter to bits, throwing the bits into the garbage, etc, until you get bored and decide to move on. You can see a stove. The stove appears to be empty.

There is an open frosted-glass door leading east. There is a closed screen door leading north. You don't like doors? Why not try going south, that entranceway is not blocked by one. There is an exit to the west.","You are carrying: a knife, a banana, a red apple and a red onion.",1 of 16,0.0625,False,
35,,,I should try to open the closed screen door leading north to see if I can access the room with the missing ingredients.,open screen door,,You open screen door.,Kitchen,"You arrive in a kitchen. A normal one.

You can make out a fridge. I mean, just wow! Isn't TextWorld just the best? The fridge contains a raw pork chop and a block of cheese. The light flickers for a second, but nothing else happens. Look out! It's a- oh, never mind, it's just an oven. You lean against the wall, inadvertently pressing a secret button. The wall opens up to reveal a table. On the table you can see a cookbook. You can't wait to tell the folks at home about this! You smell an interesting smell, and follow it to a counter. But the thing is empty, unfortunately. You think about smashing the counter to bits, throwing the bits into the garbage, etc, until you get bored and decide to move on. You can see a stove. The stove appears to be empty.

There is an open frosted-glass door leading east. There is an open screen door leading north. You don't like doors? Why not try going south, that entranceway is not blocked by one. There is an exit to the west.","You are carrying: a knife, a banana, a red apple and a red onion.",1 of 16,0.0625,False,
36,,,"The screen door is now open, but I am still in the kitchen. I should go north through the open screen door to check the next room for the missing ingredients.",go north,,"You find yourself in a backyard. A typical one. You try to gain information on your surroundings by using a technique you call ""looking.""

You make out a patio table. The patio table is stylish. However, the patio table, like an empty patio table, has nothing on it. You see a patio chair. The patio chair is stylish. Looks like someone's already been here and taken everything off it, though. Oh! Why couldn't there just be stuff on it? Oh, great. Here's a BBQ.

There is a closed barn door leading east. There is an open screen door leading south. You don't like doors? Why not try going west, that entranceway is not blocked by one.",Backyard,"You find yourself in a backyard. A typical one. You try to gain information on your surroundings by using a technique you call ""looking.""

You make out a patio table. The patio table is stylish. However, the patio table, like an empty patio table, has nothing on it. You see a patio chair. The patio chair is stylish. Looks like someone's already been here and taken everything off it, though. Oh! Why couldn't there just be stuff on it? Oh, great. Here's a BBQ.

There is a closed barn door leading east. There is an open screen door leading south. You don't like doors? Why not try going west, that entranceway is not blocked by one.","You are carrying: a knife, a banana, a red apple and a red onion.",1 of 16,0.0625,False,
37,,,I should open the closed barn door to the east to check if the missing ingredients are inside.,open barn door,,You open barn door.,Backyard,"You find yourself in a backyard. A typical one. You try to gain information on your surroundings by using a technique you call ""looking.""

You make out a patio table. The patio table is stylish. However, the patio table, like an empty patio table, has nothing on it. You see a patio chair. The patio chair is stylish. Looks like someone's already been here and taken everything off it, though. Oh! Why couldn't there just be stuff on it? Oh, great. Here's a BBQ.

There is an open barn door leading east. There is an open screen door leading south. You don't like doors? Why not try going west, that entranceway is not blocked by one.","You are carrying: a knife, a banana, a red apple and a red onion.",1 of 16,0.0625,False,
38,,,I should go east through the open barn door to explore the barn for the missing ingredients.,go east,,"Okay, so you're in a shed, cool, but is it ordinary? You better believe it is. You can barely contain your excitement.

You can see a closed toolbox. As if things weren't amazing enough already, you can even see a workbench. You wonder idly who left that here. The workbench is wooden. But the thing is empty. What, you think everything in TextWorld should have stuff on it?

There is an open barn door leading west.",Shed,"Okay, so you're in a shed, cool, but is it ordinary? You better believe it is. You can barely contain your excitement.

You can see a closed toolbox. As if things weren't amazing enough already, you can even see a workbench. You wonder idly who left that here. The workbench is wooden. But the thing is empty. What, you think everything in TextWorld should have stuff on it?

There is an open barn door leading west.","You are carrying: a knife, a banana, a red apple and a red onion.",1 of 16,0.0625,False,
39,,,I should open the closed toolbox to check if it contains any of the missing ingredients.,open toolbox,,You open the toolbox.,Shed,"Okay, so you're in a shed, cool, but is it ordinary? You better believe it is. You can barely contain your excitement.

You can see an opened toolbox. Empty! What kind of nightmare TextWorld is this? As if things weren't amazing enough already, you can even see a workbench. You wonder idly who left that here. The workbench is wooden. But the thing is empty. What, you think everything in TextWorld should have stuff on it?

There is an open barn door leading west.","You are carrying: a knife, a banana, a red apple and a red onion.",1 of 16,0.0625,False,
40,,,"The toolbox is empty, so I should go back west to the backyard and then try going west again to explore more for the missing ingredients.",go west,,"You find yourself in a backyard. A typical one. You try to gain information on your surroundings by using a technique you call ""looking.""

You make out a patio table. The patio table is stylish. However, the patio table, like an empty patio table, has nothing on it. You see a patio chair. The patio chair is stylish. Looks like someone's already been here and taken everything off it, though. Oh! Why couldn't there just be stuff on it? Oh, great. Here's a BBQ.

There is an open barn door leading east. There is an open screen door leading south. You don't like doors? Why not try going west, that entranceway is not blocked by one.",Backyard,"You find yourself in a backyard. A typical one. You try to gain information on your surroundings by using a technique you call ""looking.""

You make out a patio table. The patio table is stylish. However, the patio table, like an empty patio table, has nothing on it. You see a patio chair. The patio chair is stylish. Looks like someone's already been here and taken everything off it, though. Oh! Why couldn't there just be stuff on it? Oh, great. Here's a BBQ.

There is an open barn door leading east. There is an open screen door leading south. You don't like doors? Why not try going west, that entranceway is not blocked by one.","You are carrying: a knife, a banana, a red apple and a red onion.",1 of 16,0.0625,False,
41,,,I should go west from the backyard to explore further for the missing ingredients.,go west,,"You've entered a garden.



You don't like doors? Why not try going east, that entranceway is not blocked by one.

There is a carrot, a white onion, an orange bell pepper, a raw purple potato, a red hot pepper, a raw yellow potato, a raw red potato and a yellow bell pepper on the floor.",Garden,"You've entered a garden.



You don't like doors? Why not try going east, that entranceway is not blocked by one.

There is a carrot, a white onion, an orange bell pepper, a raw purple potato, a red hot pepper, a raw yellow potato, a raw red potato and a yellow bell pepper on the floor.","You are carrying: a knife, a banana, a red apple and a red onion.",1 of 16,0.0625,False,
42,,,"I should take the carrot, white onion, orange bell pepper, raw purple potato, red hot pepper, raw yellow potato, raw red potato, and yellow bell pepper from the floor to have all ingredients for cooking.","take carrot from floor, take white onion from floor, take orange bell pepper from floor, take raw purple potato from floor, take red hot pepper from floor, take raw yellow potato from floor, take raw red potato from floor, take yellow bell pepper from floor",,You can't see any such thing.,Garden,"You've entered a garden.



You don't like doors? Why not try going east, that entranceway is not blocked by one.

There is a carrot, a white onion, an orange bell pepper, a raw purple potato, a red hot pepper, a raw yellow potato, a raw red potato and a yellow bell pepper on the floor.","You are carrying: a knife, a banana, a red apple and a red onion.",1 of 16,0.0625,False,
43,,,I should take the carrot from the floor first to see if the command works for one item at a time.,take carrot from floor,,You pick up the carrot from the ground.,Garden,"You've entered a garden.



You don't like doors? Why not try going east, that entranceway is not blocked by one.

There is a white onion, an orange bell pepper, a raw purple potato, a red hot pepper, a raw yellow potato, a raw red potato and a yellow bell pepper on the floor.","You are carrying: a carrot, a knife, a banana, a red apple and a red onion.",1 of 16,0.0625,False,
44,,,I should continue taking the remaining ingredients one by one from the floor.,take white onion from floor,,You're carrying too many things already.,Garden,"You've entered a garden.



You don't like doors? Why not try going east, that entranceway is not blocked by one.

There is a white onion, an orange bell pepper, a raw purple potato, a red hot pepper, a raw yellow potato, a raw red potato and a yellow bell pepper on the floor.","You are carrying: a carrot, a knife, a banana, a red apple and a red onion.",1 of 16,0.0625,False,
45,,,"I am carrying too many items, so I should drop the banana, red apple, and red onion to free up space for the ingredients.","drop banana, drop red apple, drop red onion",,You can't see any such thing.,Garden,"You've entered a garden.



You don't like doors? Why not try going east, that entranceway is not blocked by one.

There is a white onion, an orange bell pepper, a raw purple potato, a red hot pepper, a raw yellow potato, a raw red potato and a yellow bell pepper on the floor.","You are carrying: a carrot, a knife, a banana, a red apple and a red onion.",1 of 16,0.0625,False,
46,,,"I mistakenly tried to drop items that I do not have in my inventory. I should drop the banana, red apple, and red onion one by one correctly.",drop banana,,You drop the banana on the ground.,Garden,"You've entered a garden.



You don't like doors? Why not try going east, that entranceway is not blocked by one.

There is a banana, a white onion, an orange bell pepper, a raw purple potato, a red hot pepper, a raw yellow potato, a raw red potato and a yellow bell pepper on the floor.","You are carrying: a carrot, a knife, a red apple and a red onion.",1 of 16,0.0625,False,
47,,,I should drop the red apple next to free more space.,drop red apple,,You drop the red apple on the ground.,Garden,"You've entered a garden.



You don't like doors? Why not try going east, that entranceway is not blocked by one.

There is a red apple, a banana, a white onion, an orange bell pepper, a raw purple potato, a red hot pepper, a raw yellow potato, a raw red potato and a yellow bell pepper on the floor.","You are carrying: a carrot, a knife and a red onion.",1 of 16,0.0625,False,
48,,,I should drop the red onion now to free up space for the ingredients.,drop red onion,,You drop the red onion on the ground.,Garden,"You've entered a garden.



You don't like doors? Why not try going east, that entranceway is not blocked by one.

There is a red onion, a red apple, a banana, a white onion, an orange bell pepper, a raw purple potato, a red hot pepper, a raw yellow potato, a raw red potato and a yellow bell pepper on the floor.",You are carrying: a carrot and a knife.,1 of 16,0.0625,False,
49,,,I should take the white onion from the floor now that I have space.,take white onion from floor,,"You pick up the white onion from the ground.



Your score has just gone up by one point.",Garden,"You've entered a garden.



You don't like doors? Why not try going east, that entranceway is not blocked by one.

There is a red onion, a red apple, a banana, an orange bell pepper, a raw purple potato, a red hot pepper, a raw yellow potato, a raw red potato and a yellow bell pepper on the floor.","You are carrying: a white onion, a carrot and a knife.",2 of 16,0.125,False,
50,,,I should take the orange bell pepper from the floor next.,take orange bell pepper from floor,,"You pick up the orange bell pepper from the ground.



Your score has just gone up by one point.",Garden,"You've entered a garden.



You don't like doors? Why not try going east, that entranceway is not blocked by one.

There is a red onion, a red apple, a banana, a raw purple potato, a red hot pepper, a raw yellow potato, a raw red potato and a yellow bell pepper on the floor.","You are carrying: an orange bell pepper, a white onion, a carrot and a knife.",3 of 16,0.1875,False,
51,,,I should take the raw purple potato from the floor next.,take raw purple potato from floor,,You pick up the purple potato from the ground.,Garden,"You've entered a garden.



You don't like doors? Why not try going east, that entranceway is not blocked by one.

There is a red onion, a red apple, a banana, a red hot pepper, a raw yellow potato, a raw red potato and a yellow bell pepper on the floor.","You are carrying: a raw purple potato, an orange bell pepper, a white onion, a carrot and a knife.",3 of 16,0.1875,False,
52,,,I should take the red hot pepper from the floor next.,take red hot pepper from floor,,You're carrying too many things already.,Garden,"You've entered a garden.



You don't like doors? Why not try going east, that entranceway is not blocked by one.

There is a red onion, a red apple, a banana, a red hot pepper, a raw yellow potato, a raw red potato and a yellow bell pepper on the floor.","You are carrying: a raw purple potato, an orange bell pepper, a white onion, a carrot and a knife.",3 of 16,0.1875,False,
53,,,"I am carrying too many items, so I should drop the carrot to free up space for more ingredients.",drop carrot,,You drop the carrot on the ground.,Garden,"You've entered a garden.



You don't like doors? Why not try going east, that entranceway is not blocked by one.

There is a carrot, a red onion, a red apple, a banana, a red hot pepper, a raw yellow potato, a raw red potato and a yellow bell pepper on the floor.","You are carrying: a raw purple potato, an orange bell pepper, a white onion and a knife.",3 of 16,0.1875,False,
54,,,I should take the red hot pepper from the floor now that I have space.,take red hot pepper from floor,,You pick up the red hot pepper from the ground.,Garden,"You've entered a garden.



You don't like doors? Why not try going east, that entranceway is not blocked by one.

There is a carrot, a red onion, a red apple, a banana, a raw yellow potato, a raw red potato and a yellow bell pepper on the floor.","You are carrying: a red hot pepper, a raw purple potato, an orange bell pepper, a white onion and a knife.",3 of 16,0.1875,False,
55,,,I should go east through the entranceway to continue towards the kitchen or cookbook.,go east,,"You find yourself in a backyard. A typical one. You try to gain information on your surroundings by using a technique you call ""looking.""

You make out a patio table. The patio table is stylish. However, the patio table, like an empty patio table, has nothing on it. You see a patio chair. The patio chair is stylish. Looks like someone's already been here and taken everything off it, though. Oh! Why couldn't there just be stuff on it? Oh, great. Here's a BBQ.

There is an open barn door leading east. There is an open screen door leading south. You don't like doors? Why not try going west, that entranceway is not blocked by one.",Backyard,"You find yourself in a backyard. A typical one. You try to gain information on your surroundings by using a technique you call ""looking.""

You make out a patio table. The patio table is stylish. However, the patio table, like an empty patio table, has nothing on it. You see a patio chair. The patio chair is stylish. Looks like someone's already been here and taken everything off it, though. Oh! Why couldn't there just be stuff on it? Oh, great. Here's a BBQ.

There is an open barn door leading east. There is an open screen door leading south. You don't like doors? Why not try going west, that entranceway is not blocked by one.","You are carrying: a red hot pepper, a raw purple potato, an orange bell pepper, a white onion and a knife.",3 of 16,0.1875,False,
56,,,I should go south through the open screen door to explore further.,go south,,"You arrive in a kitchen. A normal one.

You can make out a fridge. I mean, just wow! Isn't TextWorld just the best? The fridge contains a raw pork chop and a block of cheese. The light flickers for a second, but nothing else happens. Look out! It's a- oh, never mind, it's just an oven. You lean against the wall, inadvertently pressing a secret button. The wall opens up to reveal a table. On the table you can see a cookbook. You can't wait to tell the folks at home about this! You smell an interesting smell, and follow it to a counter. But the thing is empty, unfortunately. You think about smashing the counter to bits, throwing the bits into the garbage, etc, until you get bored and decide to move on. You can see a stove. The stove appears to be empty.

There is an open frosted-glass door leading east. There is an open screen door leading north. You don't like doors? Why not try going south, that entranceway is not blocked by one. There is an exit to the west.",Kitchen,"You arrive in a kitchen. A normal one.

You can make out a fridge. I mean, just wow! Isn't TextWorld just the best? The fridge contains a raw pork chop and a block of cheese. The light flickers for a second, but nothing else happens. Look out! It's a- oh, never mind, it's just an oven. You lean against the wall, inadvertently pressing a secret button. The wall opens up to reveal a table. On the table you can see a cookbook. You can't wait to tell the folks at home about this! You smell an interesting smell, and follow it to a counter. But the thing is empty, unfortunately. You think about smashing the counter to bits, throwing the bits into the garbage, etc, until you get bored and decide to move on. You can see a stove. The stove appears to be empty.

There is an open frosted-glass door leading east. There is an open screen door leading north. You don't like doors? Why not try going south, that entranceway is not blocked by one. There is an exit to the west.","You are carrying: a red hot pepper, a raw purple potato, an orange bell pepper, a white onion and a knife.",3 of 16,0.1875,False,
57,,,I should examine the cookbook on the table to check the recipe for a delicious meal.,examine cookbook,,"You open the copy of ""Cooking: A Modern Approach (3rd Ed.)"" and start reading:

Recipe #1
---------
Gather all following ingredients and follow the directions to prepare this tasty meal.

Ingredients:
yellow potato
  red apple
  banana
  white onion
  orange bell pepper

Directions:
dice the yellow potato
  fry the yellow potato
  chop the red apple
  roast the red apple
  dice the banana
  grill the banana
  dice the white onion
  roast the white onion
  chop the orange bell pepper
  grill the orange bell pepper
  prepare meal",Kitchen,"You arrive in a kitchen. A normal one.

You can make out a fridge. I mean, just wow! Isn't TextWorld just the best? The fridge contains a raw pork chop and a block of cheese. The light flickers for a second, but nothing else happens. Look out! It's a- oh, never mind, it's just an oven. You lean against the wall, inadvertently pressing a secret button. The wall opens up to reveal a table. On the table you can see a cookbook. You can't wait to tell the folks at home about this! You smell an interesting smell, and follow it to a counter. But the thing is empty, unfortunately. You think about smashing the counter to bits, throwing the bits into the garbage, etc, until you get bored and decide to move on. You can see a stove. The stove appears to be empty.

There is an open frosted-glass door leading east. There is an open screen door leading north. You don't like doors? Why not try going south, that entranceway is not blocked by one. There is an exit to the west.","You are carrying: a red hot pepper, a raw purple potato, an orange bell pepper, a white onion and a knife.",3 of 16,0.1875,False,
58,,,"I need to gather the ingredients for the recipe: yellow potato, red apple, banana, white onion, and orange bell pepper. I already have the white onion and orange bell pepper, so I should get the yellow potato, red apple, and banana next.",go west,,"You're now in a livingroom.

You can make out a sofa. The sofa appears to be empty.

There is an exit to the east.",Livingroom,"You're now in a livingroom.

You can make out a sofa. The sofa appears to be empty.

There is an exit to the east.","You are carrying: a red hot pepper, a raw purple potato, an orange bell pepper, a white onion and a knife.",3 of 16,0.1875,False,
59,,,"I should go east to return to the garden where the yellow potato, red apple, and banana are located.",go east,,"You arrive in a kitchen. A normal one.

You can make out a fridge. I mean, just wow! Isn't TextWorld just the best? The fridge contains a raw pork chop and a block of cheese. The light flickers for a second, but nothing else happens. Look out! It's a- oh, never mind, it's just an oven. You lean against the wall, inadvertently pressing a secret button. The wall opens up to reveal a table. On the table you can see a cookbook. You can't wait to tell the folks at home about this! You smell an interesting smell, and follow it to a counter. But the thing is empty, unfortunately. You think about smashing the counter to bits, throwing the bits into the garbage, etc, until you get bored and decide to move on. You can see a stove. The stove appears to be empty.

There is an open frosted-glass door leading east. There is an open screen door leading north. You don't like doors? Why not try going south, that entranceway is not blocked by one. There is an exit to the west.",Kitchen,"You arrive in a kitchen. A normal one.

You can make out a fridge. I mean, just wow! Isn't TextWorld just the best? The fridge contains a raw pork chop and a block of cheese. The light flickers for a second, but nothing else happens. Look out! It's a- oh, never mind, it's just an oven. You lean against the wall, inadvertently pressing a secret button. The wall opens up to reveal a table. On the table you can see a cookbook. You can't wait to tell the folks at home about this! You smell an interesting smell, and follow it to a counter. But the thing is empty, unfortunately. You think about smashing the counter to bits, throwing the bits into the garbage, etc, until you get bored and decide to move on. You can see a stove. The stove appears to be empty.

There is an open frosted-glass door leading east. There is an open screen door leading north. You don't like doors? Why not try going south, that entranceway is not blocked by one. There is an exit to the west.","You are carrying: a red hot pepper, a raw purple potato, an orange bell pepper, a white onion and a knife.",3 of 16,0.1875,False,
60,,,I mistakenly went back to the kitchen instead of the garden. I should go south to the backyard and then west to the garden to get the required ingredients.,go south,,"You find yourself in a corridor. A standard one. You decide to just list off a complete list of everything you see in the room, because hey, why not?



There is an exit to the east. There is an exit to the north. There is an exit to the west. Don't worry, there is no door.",Corridor,"You find yourself in a corridor. A standard one. You decide to just list off a complete list of everything you see in the room, because hey, why not?



There is an exit to the east. There is an exit to the north. There is an exit to the west. Don't worry, there is no door.","You are carrying: a red hot pepper, a raw purple potato, an orange bell pepper, a white onion and a knife.",3 of 16,0.1875,False,
61,,,"I should go west to reach the garden where the yellow potato, red apple, and banana are located.",go west,,"You find yourself in a bathroom. A typical kind of place.

Oh, great. Here's a toilet. But the thing hasn't got anything on it.

You need an exit without a door? You should try going east.",Bathroom,"You find yourself in a bathroom. A typical kind of place.

Oh, great. Here's a toilet. But the thing hasn't got anything on it.

You need an exit without a door? You should try going east.","You are carrying: a red hot pepper, a raw purple potato, an orange bell pepper, a white onion and a knife.",3 of 16,0.1875,False,
62,,,I should go east to return to the corridor and then try going north or west again to find the garden.,go east,,"You find yourself in a corridor. A standard one. You decide to just list off a complete list of everything you see in the room, because hey, why not?



There is an exit to the east. There is an exit to the north. There is an exit to the west. Don't worry, there is no door.",Corridor,"You find yourself in a corridor. A standard one. You decide to just list off a complete list of everything you see in the room, because hey, why not?



There is an exit to the east. There is an exit to the north. There is an exit to the west. Don't worry, there is no door.","You are carrying: a red hot pepper, a raw purple potato, an orange bell pepper, a white onion and a knife.",3 of 16,0.1875,False,
63,,,I should go north from the corridor to explore if it leads to the garden or the area with the ingredients.,go north,,"You arrive in a kitchen. A normal one.

You can make out a fridge. I mean, just wow! Isn't TextWorld just the best? The fridge contains a raw pork chop and a block of cheese. The light flickers for a second, but nothing else happens. Look out! It's a- oh, never mind, it's just an oven. You lean against the wall, inadvertently pressing a secret button. The wall opens up to reveal a table. On the table you can see a cookbook. You can't wait to tell the folks at home about this! You smell an interesting smell, and follow it to a counter. But the thing is empty, unfortunately. You think about smashing the counter to bits, throwing the bits into the garbage, etc, until you get bored and decide to move on. You can see a stove. The stove appears to be empty.

There is an open frosted-glass door leading east. There is an open screen door leading north. You don't like doors? Why not try going south, that entranceway is not blocked by one. There is an exit to the west.",Kitchen,"You arrive in a kitchen. A normal one.

You can make out a fridge. I mean, just wow! Isn't TextWorld just the best? The fridge contains a raw pork chop and a block of cheese. The light flickers for a second, but nothing else happens. Look out! It's a- oh, never mind, it's just an oven. You lean against the wall, inadvertently pressing a secret button. The wall opens up to reveal a table. On the table you can see a cookbook. You can't wait to tell the folks at home about this! You smell an interesting smell, and follow it to a counter. But the thing is empty, unfortunately. You think about smashing the counter to bits, throwing the bits into the garbage, etc, until you get bored and decide to move on. You can see a stove. The stove appears to be empty.

There is an open frosted-glass door leading east. There is an open screen door leading north. You don't like doors? Why not try going south, that entranceway is not blocked by one. There is an exit to the west.","You are carrying: a red hot pepper, a raw purple potato, an orange bell pepper, a white onion and a knife.",3 of 16,0.1875,False,
64,,,"I should go west to try to reach the garden where the yellow potato, red apple, and banana are located.",go west,,"You're now in a livingroom.

You can make out a sofa. The sofa appears to be empty.

There is an exit to the east.",Livingroom,"You're now in a livingroom.

You can make out a sofa. The sofa appears to be empty.

There is an exit to the east.","You are carrying: a red hot pepper, a raw purple potato, an orange bell pepper, a white onion and a knife.",3 of 16,0.1875,False,
65,,,"I should go east to return to the garden where the yellow potato, red apple, and banana are located.",go east,,"You arrive in a kitchen. A normal one.

You can make out a fridge. I mean, just wow! Isn't TextWorld just the best? The fridge contains a raw pork chop and a block of cheese. The light flickers for a second, but nothing else happens. Look out! It's a- oh, never mind, it's just an oven. You lean against the wall, inadvertently pressing a secret button. The wall opens up to reveal a table. On the table you can see a cookbook. You can't wait to tell the folks at home about this! You smell an interesting smell, and follow it to a counter. But the thing is empty, unfortunately. You think about smashing the counter to bits, throwing the bits into the garbage, etc, until you get bored and decide to move on. You can see a stove. The stove appears to be empty.

There is an open frosted-glass door leading east. There is an open screen door leading north. You don't like doors? Why not try going south, that entranceway is not blocked by one. There is an exit to the west.",Kitchen,"You arrive in a kitchen. A normal one.

You can make out a fridge. I mean, just wow! Isn't TextWorld just the best? The fridge contains a raw pork chop and a block of cheese. The light flickers for a second, but nothing else happens. Look out! It's a- oh, never mind, it's just an oven. You lean against the wall, inadvertently pressing a secret button. The wall opens up to reveal a table. On the table you can see a cookbook. You can't wait to tell the folks at home about this! You smell an interesting smell, and follow it to a counter. But the thing is empty, unfortunately. You think about smashing the counter to bits, throwing the bits into the garbage, etc, until you get bored and decide to move on. You can see a stove. The stove appears to be empty.

There is an open frosted-glass door leading east. There is an open screen door leading north. You don't like doors? Why not try going south, that entranceway is not blocked by one. There is an exit to the west.","You are carrying: a red hot pepper, a raw purple potato, an orange bell pepper, a white onion and a knife.",3 of 16,0.1875,False,
66,,,"I should go south to the backyard and then east to the barn to find the garden with the yellow potato, red apple, and banana.",go south,,"You find yourself in a corridor. A standard one. You decide to just list off a complete list of everything you see in the room, because hey, why not?



There is an exit to the east. There is an exit to the north. There is an exit to the west. Don't worry, there is no door.",Corridor,"You find yourself in a corridor. A standard one. You decide to just list off a complete list of everything you see in the room, because hey, why not?



There is an exit to the east. There is an exit to the north. There is an exit to the west. Don't worry, there is no door.","You are carrying: a red hot pepper, a raw purple potato, an orange bell pepper, a white onion and a knife.",3 of 16,0.1875,False,
67,,,I should go east to reach the backyard and then continue to the barn or garden.,go east,,"You find yourself in a bedroom. An ordinary one. You start to take note of what's in the room.

You make out a bed. But the thing is empty, unfortunately. Hm. Oh well

You need an exit without a door? You should try going west.",Bedroom,"You find yourself in a bedroom. An ordinary one. You start to take note of what's in the room.

You make out a bed. But the thing is empty, unfortunately. Hm. Oh well

You need an exit without a door? You should try going west.","You are carrying: a red hot pepper, a raw purple potato, an orange bell pepper, a white onion and a knife.",3 of 16,0.1875,False,
68,,,I should go west to return to the corridor and then try going north or west to find the garden.,go west,,"You find yourself in a corridor. A standard one. You decide to just list off a complete list of everything you see in the room, because hey, why not?



There is an exit to the east. There is an exit to the north. There is an exit to the west. Don't worry, there is no door.",Corridor,"You find yourself in a corridor. A standard one. You decide to just list off a complete list of everything you see in the room, because hey, why not?



There is an exit to the east. There is an exit to the north. There is an exit to the west. Don't worry, there is no door.","You are carrying: a red hot pepper, a raw purple potato, an orange bell pepper, a white onion and a knife.",3 of 16,0.1875,False,
69,,,"I should go west to try to reach the garden where the yellow potato, red apple, and banana are located.",go west,,"You find yourself in a bathroom. A typical kind of place.

Oh, great. Here's a toilet. But the thing hasn't got anything on it.

You need an exit without a door? You should try going east.",Bathroom,"You find yourself in a bathroom. A typical kind of place.

Oh, great. Here's a toilet. But the thing hasn't got anything on it.

You need an exit without a door? You should try going east.","You are carrying: a red hot pepper, a raw purple potato, an orange bell pepper, a white onion and a knife.",3 of 16,0.1875,False,
70,,,I should go east to return to the corridor and then try another direction to find the garden.,go east,,"You find yourself in a corridor. A standard one. You decide to just list off a complete list of everything you see in the room, because hey, why not?



There is an exit to the east. There is an exit to the north. There is an exit to the west. Don't worry, there is no door.",Corridor,"You find yourself in a corridor. A standard one. You decide to just list off a complete list of everything you see in the room, because hey, why not?



There is an exit to the east. There is an exit to the north. There is an exit to the west. Don't worry, there is no door.","You are carrying: a red hot pepper, a raw purple potato, an orange bell pepper, a white onion and a knife.",3 of 16,0.1875,False,
71,,,I should go north to explore the kitchen again and take the cookbook to check the recipe.,go north,,"You arrive in a kitchen. A normal one.

You can make out a fridge. I mean, just wow! Isn't TextWorld just the best? The fridge contains a raw pork chop and a block of cheese. The light flickers for a second, but nothing else happens. Look out! It's a- oh, never mind, it's just an oven. You lean against the wall, inadvertently pressing a secret button. The wall opens up to reveal a table. On the table you can see a cookbook. You can't wait to tell the folks at home about this! You smell an interesting smell, and follow it to a counter. But the thing is empty, unfortunately. You think about smashing the counter to bits, throwing the bits into the garbage, etc, until you get bored and decide to move on. You can see a stove. The stove appears to be empty.

There is an open frosted-glass door leading east. There is an open screen door leading north. You don't like doors? Why not try going south, that entranceway is not blocked by one. There is an exit to the west.",Kitchen,"You arrive in a kitchen. A normal one.

You can make out a fridge. I mean, just wow! Isn't TextWorld just the best? The fridge contains a raw pork chop and a block of cheese. The light flickers for a second, but nothing else happens. Look out! It's a- oh, never mind, it's just an oven. You lean against the wall, inadvertently pressing a secret button. The wall opens up to reveal a table. On the table you can see a cookbook. You can't wait to tell the folks at home about this! You smell an interesting smell, and follow it to a counter. But the thing is empty, unfortunately. You think about smashing the counter to bits, throwing the bits into the garbage, etc, until you get bored and decide to move on. You can see a stove. The stove appears to be empty.

There is an open frosted-glass door leading east. There is an open screen door leading north. You don't like doors? Why not try going south, that entranceway is not blocked by one. There is an exit to the west.","You are carrying: a red hot pepper, a raw purple potato, an orange bell pepper, a white onion and a knife.",3 of 16,0.1875,False,
72,,,I should take the cookbook from the table to check the recipe for cooking a delicious meal.,take cookbook from table,,You're carrying too many things already.,Kitchen,"You arrive in a kitchen. A normal one.

You can make out a fridge. I mean, just wow! Isn't TextWorld just the best? The fridge contains a raw pork chop and a block of cheese. The light flickers for a second, but nothing else happens. Look out! It's a- oh, never mind, it's just an oven. You lean against the wall, inadvertently pressing a secret button. The wall opens up to reveal a table. On the table you can see a cookbook. You can't wait to tell the folks at home about this! You smell an interesting smell, and follow it to a counter. But the thing is empty, unfortunately. You think about smashing the counter to bits, throwing the bits into the garbage, etc, until you get bored and decide to move on. You can see a stove. The stove appears to be empty.

There is an open frosted-glass door leading east. There is an open screen door leading north. You don't like doors? Why not try going south, that entranceway is not blocked by one. There is an exit to the west.","You are carrying: a red hot pepper, a raw purple potato, an orange bell pepper, a white onion and a knife.",3 of 16,0.1875,False,
73,,,"I am carrying too many items, so I should put down the red hot pepper to free up space to take the cookbook.",drop red hot pepper,,You drop the red hot pepper on the ground.,Kitchen,"You arrive in a kitchen. A normal one.

You can make out a fridge. I mean, just wow! Isn't TextWorld just the best? The fridge contains a raw pork chop and a block of cheese. The light flickers for a second, but nothing else happens. Look out! It's a- oh, never mind, it's just an oven. You lean against the wall, inadvertently pressing a secret button. The wall opens up to reveal a table. On the table you can see a cookbook. You can't wait to tell the folks at home about this! You smell an interesting smell, and follow it to a counter. But the thing is empty, unfortunately. You think about smashing the counter to bits, throwing the bits into the garbage, etc, until you get bored and decide to move on. You can see a stove. The stove appears to be empty.

There is an open frosted-glass door leading east. There is an open screen door leading north. You don't like doors? Why not try going south, that entranceway is not blocked by one. There is an exit to the west.

There is a red hot pepper on the floor.","You are carrying: a raw purple potato, an orange bell pepper, a white onion and a knife.",3 of 16,0.1875,False,
74,,,"Now that I have space, I should take the cookbook from the table to check the recipe.",take cookbook from table,,You take the cookbook from the table.,Kitchen,"You arrive in a kitchen. A normal one.

You can make out a fridge. I mean, just wow! Isn't TextWorld just the best? The fridge contains a raw pork chop and a block of cheese. The light flickers for a second, but nothing else happens. Look out! It's a- oh, never mind, it's just an oven. You lean against the wall, inadvertently pressing a secret button. The wall opens up to reveal a table. However, the table, like an empty table, has nothing on it. Sometimes, just sometimes, TextWorld can just be the worst. You smell an interesting smell, and follow it to a counter. But the thing is empty, unfortunately. You think about smashing the counter to bits, throwing the bits into the garbage, etc, until you get bored and decide to move on. You can see a stove. The stove appears to be empty.

There is an open frosted-glass door leading east. There is an open screen door leading north. You don't like doors? Why not try going south, that entranceway is not blocked by one. There is an exit to the west.

There is a red hot pepper on the floor.","You are carrying: a cookbook, a raw purple potato, an orange bell pepper, a white onion and a knife.",3 of 16,0.1875,False,
75,,,I should examine the cookbook to find the recipe for cooking a delicious meal.,examine cookbook,,"You open the copy of ""Cooking: A Modern Approach (3rd Ed.)"" and start reading:

Recipe #1
---------
Gather all following ingredients and follow the directions to prepare this tasty meal.

Ingredients:
yellow potato
  red apple
  banana
  white onion
  orange bell pepper

Directions:
dice the yellow potato
  fry the yellow potato
  chop the red apple
  roast the red apple
  dice the banana
  grill the banana
  dice the white onion
  roast the white onion
  chop the orange bell pepper
  grill the orange bell pepper
  prepare meal",Kitchen,"You arrive in a kitchen. A normal one.

You can make out a fridge. I mean, just wow! Isn't TextWorld just the best? The fridge contains a raw pork chop and a block of cheese. The light flickers for a second, but nothing else happens. Look out! It's a- oh, never mind, it's just an oven. You lean against the wall, inadvertently pressing a secret button. The wall opens up to reveal a table. However, the table, like an empty table, has nothing on it. Sometimes, just sometimes, TextWorld can just be the worst. You smell an interesting smell, and follow it to a counter. But the thing is empty, unfortunately. You think about smashing the counter to bits, throwing the bits into the garbage, etc, until you get bored and decide to move on. You can see a stove. The stove appears to be empty.

There is an open frosted-glass door leading east. There is an open screen door leading north. You don't like doors? Why not try going south, that entranceway is not blocked by one. There is an exit to the west.

There is a red hot pepper on the floor.","You are carrying: a cookbook, a raw purple potato, an orange bell pepper, a white onion and a knife.",3 of 16,0.1875,False,
76,,,"I need to find the yellow potato, red apple, and banana to follow the recipe. I should go south to the backyard and then east to the barn or garden to find these ingredients.",go south,,"You find yourself in a corridor. A standard one. You decide to just list off a complete list of everything you see in the room, because hey, why not?



There is an exit to the east. There is an exit to the north. There is an exit to the west. Don't worry, there is no door.",Corridor,"You find yourself in a corridor. A standard one. You decide to just list off a complete list of everything you see in the room, because hey, why not?



There is an exit to the east. There is an exit to the north. There is an exit to the west. Don't worry, there is no door.","You are carrying: a cookbook, a raw purple potato, an orange bell pepper, a white onion and a knife.",3 of 16,0.1875,False,
77,,,"I should go east to the backyard and then north or east to find the garden or barn where the yellow potato, red apple, and banana might be.",go east,,"You find yourself in a bedroom. An ordinary one. You start to take note of what's in the room.

You make out a bed. But the thing is empty, unfortunately. Hm. Oh well

You need an exit without a door? You should try going west.",Bedroom,"You find yourself in a bedroom. An ordinary one. You start to take note of what's in the room.

You make out a bed. But the thing is empty, unfortunately. Hm. Oh well

You need an exit without a door? You should try going west.","You are carrying: a cookbook, a raw purple potato, an orange bell pepper, a white onion and a knife.",3 of 16,0.1875,False,
78,,,I should go west to return to the corridor and then try going north or west to find the garden or barn.,go west,,"You find yourself in a corridor. A standard one. You decide to just list off a complete list of everything you see in the room, because hey, why not?



There is an exit to the east. There is an exit to the north. There is an exit to the west. Don't worry, there is no door.",Corridor,"You find yourself in a corridor. A standard one. You decide to just list off a complete list of everything you see in the room, because hey, why not?



There is an exit to the east. There is an exit to the north. There is an exit to the west. Don't worry, there is no door.","You are carrying: a cookbook, a raw purple potato, an orange bell pepper, a white onion and a knife.",3 of 16,0.1875,False,
79,,,"I should go north to explore the area that might lead to the garden or barn where the yellow potato, red apple, and banana are located.",go north,,"You arrive in a kitchen. A normal one.

You can make out a fridge. I mean, just wow! Isn't TextWorld just the best? The fridge contains a raw pork chop and a block of cheese. The light flickers for a second, but nothing else happens. Look out! It's a- oh, never mind, it's just an oven. You lean against the wall, inadvertently pressing a secret button. The wall opens up to reveal a table. However, the table, like an empty table, has nothing on it. Sometimes, just sometimes, TextWorld can just be the worst. You smell an interesting smell, and follow it to a counter. But the thing is empty, unfortunately. You think about smashing the counter to bits, throwing the bits into the garbage, etc, until you get bored and decide to move on. You can see a stove. The stove appears to be empty.

There is an open frosted-glass door leading east. There is an open screen door leading north. You don't like doors? Why not try going south, that entranceway is not blocked by one. There is an exit to the west.

There is a red hot pepper on the floor.",Kitchen,"You arrive in a kitchen. A normal one.

You can make out a fridge. I mean, just wow! Isn't TextWorld just the best? The fridge contains a raw pork chop and a block of cheese. The light flickers for a second, but nothing else happens. Look out! It's a- oh, never mind, it's just an oven. You lean against the wall, inadvertently pressing a secret button. The wall opens up to reveal a table. However, the table, like an empty table, has nothing on it. Sometimes, just sometimes, TextWorld can just be the worst. You smell an interesting smell, and follow it to a counter. But the thing is empty, unfortunately. You think about smashing the counter to bits, throwing the bits into the garbage, etc, until you get bored and decide to move on. You can see a stove. The stove appears to be empty.

There is an open frosted-glass door leading east. There is an open screen door leading north. You don't like doors? Why not try going south, that entranceway is not blocked by one. There is an exit to the west.

There is a red hot pepper on the floor.","You are carrying: a cookbook, a raw purple potato, an orange bell pepper, a white onion and a knife.",3 of 16,0.1875,False,
80,,,"I should go south to the corridor and then try going west to find the garden or barn where the yellow potato, red apple, and banana might be.",go south,,"You find yourself in a corridor. A standard one. You decide to just list off a complete list of everything you see in the room, because hey, why not?



There is an exit to the east. There is an exit to the north. There is an exit to the west. Don't worry, there is no door.",Corridor,"You find yourself in a corridor. A standard one. You decide to just list off a complete list of everything you see in the room, because hey, why not?



There is an exit to the east. There is an exit to the north. There is an exit to the west. Don't worry, there is no door.","You are carrying: a cookbook, a raw purple potato, an orange bell pepper, a white onion and a knife.",3 of 16,0.1875,False,
81,,,"I should go west to explore the area that might lead to the garden or barn where the yellow potato, red apple, and banana are located.",go west,,"You find yourself in a bathroom. A typical kind of place.

Oh, great. Here's a toilet. But the thing hasn't got anything on it.

You need an exit without a door? You should try going east.",Bathroom,"You find yourself in a bathroom. A typical kind of place.

Oh, great. Here's a toilet. But the thing hasn't got anything on it.

You need an exit without a door? You should try going east.","You are carrying: a cookbook, a raw purple potato, an orange bell pepper, a white onion and a knife.",3 of 16,0.1875,False,
82,,,I should go east to return to the corridor and then try going north to find the garden or barn.,go east,,"You find yourself in a corridor. A standard one. You decide to just list off a complete list of everything you see in the room, because hey, why not?



There is an exit to the east. There is an exit to the north. There is an exit to the west. Don't worry, there is no door.",Corridor,"You find yourself in a corridor. A standard one. You decide to just list off a complete list of everything you see in the room, because hey, why not?



There is an exit to the east. There is an exit to the north. There is an exit to the west. Don't worry, there is no door.","You are carrying: a cookbook, a raw purple potato, an orange bell pepper, a white onion and a knife.",3 of 16,0.1875,False,
83,,,"I should go north to explore the area that might lead to the garden or barn where the yellow potato, red apple, and banana are located.",go north,,"You arrive in a kitchen. A normal one.

You can make out a fridge. I mean, just wow! Isn't TextWorld just the best? The fridge contains a raw pork chop and a block of cheese. The light flickers for a second, but nothing else happens. Look out! It's a- oh, never mind, it's just an oven. You lean against the wall, inadvertently pressing a secret button. The wall opens up to reveal a table. However, the table, like an empty table, has nothing on it. Sometimes, just sometimes, TextWorld can just be the worst. You smell an interesting smell, and follow it to a counter. But the thing is empty, unfortunately. You think about smashing the counter to bits, throwing the bits into the garbage, etc, until you get bored and decide to move on. You can see a stove. The stove appears to be empty.

There is an open frosted-glass door leading east. There is an open screen door leading north. You don't like doors? Why not try going south, that entranceway is not blocked by one. There is an exit to the west.

There is a red hot pepper on the floor.",Kitchen,"You arrive in a kitchen. A normal one.

You can make out a fridge. I mean, just wow! Isn't TextWorld just the best? The fridge contains a raw pork chop and a block of cheese. The light flickers for a second, but nothing else happens. Look out! It's a- oh, never mind, it's just an oven. You lean against the wall, inadvertently pressing a secret button. The wall opens up to reveal a table. However, the table, like an empty table, has nothing on it. Sometimes, just sometimes, TextWorld can just be the worst. You smell an interesting smell, and follow it to a counter. But the thing is empty, unfortunately. You think about smashing the counter to bits, throwing the bits into the garbage, etc, until you get bored and decide to move on. You can see a stove. The stove appears to be empty.

There is an open frosted-glass door leading east. There is an open screen door leading north. You don't like doors? Why not try going south, that entranceway is not blocked by one. There is an exit to the west.

There is a red hot pepper on the floor.","You are carrying: a cookbook, a raw purple potato, an orange bell pepper, a white onion and a knife.",3 of 16,0.1875,False,
84,,,I am stuck in a loop going back to the kitchen. I should try going east through the frosted-glass door to explore a new area that might have the ingredients I need.,go east,,"You are in a pantry. A standard one.

You see a shelf. Make a note of this, you might have to put stuff on or in it later on. But the thing hasn't got anything on it.

There is an open frosted-glass door leading west.",Pantry,"You are in a pantry. A standard one.

You see a shelf. Make a note of this, you might have to put stuff on or in it later on. But the thing hasn't got anything on it.

There is an open frosted-glass door leading west.","You are carrying: a cookbook, a raw purple potato, an orange bell pepper, a white onion and a knife.",3 of 16,0.1875,False,
85,,,The pantry doesn't have the ingredients I need. I should go back west to the kitchen and then try going north through the screen door to explore a new area.,go west,,"You arrive in a kitchen. A normal one.

You can make out a fridge. I mean, just wow! Isn't TextWorld just the best? The fridge contains a raw pork chop and a block of cheese. The light flickers for a second, but nothing else happens. Look out! It's a- oh, never mind, it's just an oven. You lean against the wall, inadvertently pressing a secret button. The wall opens up to reveal a table. However, the table, like an empty table, has nothing on it. Sometimes, just sometimes, TextWorld can just be the worst. You smell an interesting smell, and follow it to a counter. But the thing is empty, unfortunately. You think about smashing the counter to bits, throwing the bits into the garbage, etc, until you get bored and decide to move on. You can see a stove. The stove appears to be empty.

There is an open frosted-glass door leading east. There is an open screen door leading north. You don't like doors? Why not try going south, that entranceway is not blocked by one. There is an exit to the west.

There is a red hot pepper on the floor.",Kitchen,"You arrive in a kitchen. A normal one.

You can make out a fridge. I mean, just wow! Isn't TextWorld just the best? The fridge contains a raw pork chop and a block of cheese. The light flickers for a second, but nothing else happens. Look out! It's a- oh, never mind, it's just an oven. You lean against the wall, inadvertently pressing a secret button. The wall opens up to reveal a table. However, the table, like an empty table, has nothing on it. Sometimes, just sometimes, TextWorld can just be the worst. You smell an interesting smell, and follow it to a counter. But the thing is empty, unfortunately. You think about smashing the counter to bits, throwing the bits into the garbage, etc, until you get bored and decide to move on. You can see a stove. The stove appears to be empty.

There is an open frosted-glass door leading east. There is an open screen door leading north. You don't like doors? Why not try going south, that entranceway is not blocked by one. There is an exit to the west.

There is a red hot pepper on the floor.","You are carrying: a cookbook, a raw purple potato, an orange bell pepper, a white onion and a knife.",3 of 16,0.1875,False,
86,,,"I should go north through the open screen door to explore the area that might have the yellow potato, red apple, and banana.",go north,,"You find yourself in a backyard. A typical one. You try to gain information on your surroundings by using a technique you call ""looking.""

You make out a patio table. The patio table is stylish. However, the patio table, like an empty patio table, has nothing on it. You see a patio chair. The patio chair is stylish. Looks like someone's already been here and taken everything off it, though. Oh! Why couldn't there just be stuff on it? Oh, great. Here's a BBQ.

There is an open barn door leading east. There is an open screen door leading south. You don't like doors? Why not try going west, that entranceway is not blocked by one.",Backyard,"You find yourself in a backyard. A typical one. You try to gain information on your surroundings by using a technique you call ""looking.""

You make out a patio table. The patio table is stylish. However, the patio table, like an empty patio table, has nothing on it. You see a patio chair. The patio chair is stylish. Looks like someone's already been here and taken everything off it, though. Oh! Why couldn't there just be stuff on it? Oh, great. Here's a BBQ.

There is an open barn door leading east. There is an open screen door leading south. You don't like doors? Why not try going west, that entranceway is not blocked by one.","You are carrying: a cookbook, a raw purple potato, an orange bell pepper, a white onion and a knife.",3 of 16,0.1875,False,
87,,,"I should go east through the open barn door to check if the garden or barn has the yellow potato, red apple, and banana.",go east,,"Okay, so you're in a shed, cool, but is it ordinary? You better believe it is. You can barely contain your excitement.

You can see an opened toolbox. Empty! What kind of nightmare TextWorld is this? As if things weren't amazing enough already, you can even see a workbench. You wonder idly who left that here. The workbench is wooden. But the thing is empty. What, you think everything in TextWorld should have stuff on it?

There is an open barn door leading west.",Shed,"Okay, so you're in a shed, cool, but is it ordinary? You better believe it is. You can barely contain your excitement.

You can see an opened toolbox. Empty! What kind of nightmare TextWorld is this? As if things weren't amazing enough already, you can even see a workbench. You wonder idly who left that here. The workbench is wooden. But the thing is empty. What, you think everything in TextWorld should have stuff on it?

There is an open barn door leading west.","You are carrying: a cookbook, a raw purple potato, an orange bell pepper, a white onion and a knife.",3 of 16,0.1875,False,
88,,,The shed is empty and doesn't have the ingredients I need. I should go west back to the backyard and then try going south through the screen door.,go west,,"You find yourself in a backyard. A typical one. You try to gain information on your surroundings by using a technique you call ""looking.""

You make out a patio table. The patio table is stylish. However, the patio table, like an empty patio table, has nothing on it. You see a patio chair. The patio chair is stylish. Looks like someone's already been here and taken everything off it, though. Oh! Why couldn't there just be stuff on it? Oh, great. Here's a BBQ.

There is an open barn door leading east. There is an open screen door leading south. You don't like doors? Why not try going west, that entranceway is not blocked by one.",Backyard,"You find yourself in a backyard. A typical one. You try to gain information on your surroundings by using a technique you call ""looking.""

You make out a patio table. The patio table is stylish. However, the patio table, like an empty patio table, has nothing on it. You see a patio chair. The patio chair is stylish. Looks like someone's already been here and taken everything off it, though. Oh! Why couldn't there just be stuff on it? Oh, great. Here's a BBQ.

There is an open barn door leading east. There is an open screen door leading south. You don't like doors? Why not try going west, that entranceway is not blocked by one.","You are carrying: a cookbook, a raw purple potato, an orange bell pepper, a white onion and a knife.",3 of 16,0.1875,False,
89,,,"I should go south through the open screen door to explore the area that might have the yellow potato, red apple, and banana.",go south,,"You arrive in a kitchen. A normal one.

You can make out a fridge. I mean, just wow! Isn't TextWorld just the best? The fridge contains a raw pork chop and a block of cheese. The light flickers for a second, but nothing else happens. Look out! It's a- oh, never mind, it's just an oven. You lean against the wall, inadvertently pressing a secret button. The wall opens up to reveal a table. However, the table, like an empty table, has nothing on it. Sometimes, just sometimes, TextWorld can just be the worst. You smell an interesting smell, and follow it to a counter. But the thing is empty, unfortunately. You think about smashing the counter to bits, throwing the bits into the garbage, etc, until you get bored and decide to move on. You can see a stove. The stove appears to be empty.

There is an open frosted-glass door leading east. There is an open screen door leading north. You don't like doors? Why not try going south, that entranceway is not blocked by one. There is an exit to the west.

There is a red hot pepper on the floor.",Kitchen,"You arrive in a kitchen. A normal one.

You can make out a fridge. I mean, just wow! Isn't TextWorld just the best? The fridge contains a raw pork chop and a block of cheese. The light flickers for a second, but nothing else happens. Look out! It's a- oh, never mind, it's just an oven. You lean against the wall, inadvertently pressing a secret button. The wall opens up to reveal a table. However, the table, like an empty table, has nothing on it. Sometimes, just sometimes, TextWorld can just be the worst. You smell an interesting smell, and follow it to a counter. But the thing is empty, unfortunately. You think about smashing the counter to bits, throwing the bits into the garbage, etc, until you get bored and decide to move on. You can see a stove. The stove appears to be empty.

There is an open frosted-glass door leading east. There is an open screen door leading north. You don't like doors? Why not try going south, that entranceway is not blocked by one. There is an exit to the west.

There is a red hot pepper on the floor.","You are carrying: a cookbook, a raw purple potato, an orange bell pepper, a white onion and a knife.",3 of 16,0.1875,False,
90,,,"I am back in the kitchen, so I should take the red hot pepper from the floor to have more ingredients for cooking.",take red hot pepper from floor,,You're carrying too many things already.,Kitchen,"You arrive in a kitchen. A normal one.

You can make out a fridge. I mean, just wow! Isn't TextWorld just the best? The fridge contains a raw pork chop and a block of cheese. The light flickers for a second, but nothing else happens. Look out! It's a- oh, never mind, it's just an oven. You lean against the wall, inadvertently pressing a secret button. The wall opens up to reveal a table. However, the table, like an empty table, has nothing on it. Sometimes, just sometimes, TextWorld can just be the worst. You smell an interesting smell, and follow it to a counter. But the thing is empty, unfortunately. You think about smashing the counter to bits, throwing the bits into the garbage, etc, until you get bored and decide to move on. You can see a stove. The stove appears to be empty.

There is an open frosted-glass door leading east. There is an open screen door leading north. You don't like doors? Why not try going south, that entranceway is not blocked by one. There is an exit to the west.

There is a red hot pepper on the floor.","You are carrying: a cookbook, a raw purple potato, an orange bell pepper, a white onion and a knife.",3 of 16,0.1875,False,
91,,,"I am carrying too many items, so I should put the cookbook down to free up space for the red hot pepper.",put cookbook on table,,You put the cookbook on the table.,Kitchen,"You arrive in a kitchen. A normal one.

You can make out a fridge. I mean, just wow! Isn't TextWorld just the best? The fridge contains a raw pork chop and a block of cheese. The light flickers for a second, but nothing else happens. Look out! It's a- oh, never mind, it's just an oven. You lean against the wall, inadvertently pressing a secret button. The wall opens up to reveal a table. On the table you can see a cookbook. You can't wait to tell the folks at home about this! You smell an interesting smell, and follow it to a counter. But the thing is empty, unfortunately. You think about smashing the counter to bits, throwing the bits into the garbage, etc, until you get bored and decide to move on. You can see a stove. The stove appears to be empty.

There is an open frosted-glass door leading east. There is an open screen door leading north. You don't like doors? Why not try going south, that entranceway is not blocked by one. There is an exit to the west.

There is a red hot pepper on the floor.","You are carrying: a raw purple potato, an orange bell pepper, a white onion and a knife.",3 of 16,0.1875,True,
