step_id,plan,summary,thought,action,task,feedback,location,description,inventory,score,reward,is_done,error
0,,,,,"You are hungry! Let's cook a delicious meal. Check the cookbook in the kitchen for the recipe. Once done, enjoy your meal!",,Shed,"You arrive in a shed. A typical one.

You see a closed toolbox. You make out a workbench. The workbench is wooden. However, the workbench, like an empty workbench, has nothing on it.

There is a closed barn door leading east.","You are carrying: a white onion, a red onion, a raw red potato, a red apple and a raw yellow potato.",0 of 16,0.0,False,
1,,,I should go east through the barn door to find the kitchen where the cookbook might be.,go east,,You have to open the barn door first.,Shed,"You arrive in a shed. A typical one.

You see a closed toolbox. You make out a workbench. The workbench is wooden. However, the workbench, like an empty workbench, has nothing on it.

There is a closed barn door leading east.","You are carrying: a white onion, a red onion, a raw red potato, a red apple and a raw yellow potato.",0 of 16,0.0,False,
2,,,I need to open the barn door before I can go east.,open barn door,,You open barn door.,Shed,"You arrive in a shed. A typical one.

You see a closed toolbox. You make out a workbench. The workbench is wooden. However, the workbench, like an empty workbench, has nothing on it.

There is an open barn door leading east.","You are carrying: a white onion, a red onion, a raw red potato, a red apple and a raw yellow potato.",0 of 16,0.0,False,
3,,,"Now that the barn door is open, I should go east through it.",go east,,"Okay, so you're in a backyard, cool, but is it typical? You better believe it is.

Hey, want to see a patio table? Look over there, a patio table. But the thing hasn't got anything on it. You can see a patio chair. However, the patio chair, like an empty patio chair, has nothing on it. It would have been so cool if there was stuff on the patio chair. You can make out a closed BBQ here.

There is a closed patio door leading east. There is an open barn door leading west. There is an exit to the south.",Backyard,"Okay, so you're in a backyard, cool, but is it typical? You better believe it is.

Hey, want to see a patio table? Look over there, a patio table. But the thing hasn't got anything on it. You can see a patio chair. However, the patio chair, like an empty patio chair, has nothing on it. It would have been so cool if there was stuff on the patio chair. You can make out a closed BBQ here.

There is a closed patio door leading east. There is an open barn door leading west. There is an exit to the south.","You are carrying: a white onion, a red onion, a raw red potato, a red apple and a raw yellow potato.",0 of 16,0.0,False,
4,,,I should open the patio door to the east to continue exploring and find the kitchen.,open patio door,,You open patio door.,Backyard,"Okay, so you're in a backyard, cool, but is it typical? You better believe it is.

Hey, want to see a patio table? Look over there, a patio table. But the thing hasn't got anything on it. You can see a patio chair. However, the patio chair, like an empty patio chair, has nothing on it. It would have been so cool if there was stuff on the patio chair. You can make out a closed BBQ here.

There is an open patio door leading east. There is an open barn door leading west. There is an exit to the south.","You are carrying: a white onion, a red onion, a raw red potato, a red apple and a raw yellow potato.",0 of 16,0.0,False,
5,,,"Now that the patio door is open, I should go east through it to find the kitchen.",go east,,"You are in a corridor. An usual kind of place.



There is an open patio door leading west. You need an exit without a door? You should try going east. You need an exit without a door? You should try going north. You don't like doors? Why not try going south, that entranceway is not blocked by one.",Corridor,"You are in a corridor. An usual kind of place.



There is an open patio door leading west. You need an exit without a door? You should try going east. You need an exit without a door? You should try going north. You don't like doors? Why not try going south, that entranceway is not blocked by one.","You are carrying: a white onion, a red onion, a raw red potato, a red apple and a raw yellow potato.",0 of 16,0.0,False,
6,,,I should go north to explore the corridor and possibly find the kitchen or the cookbook.,go north,,"You've entered a bathroom. You begin looking for stuff.

You scan the room, seeing a toilet. You wonder idly who left that here. The toilet is white. But the thing is empty, unfortunately.

You need an exit without a door? You should try going south.",Bathroom,"You've entered a bathroom. You begin looking for stuff.

You scan the room, seeing a toilet. You wonder idly who left that here. The toilet is white. But the thing is empty, unfortunately.

You need an exit without a door? You should try going south.","You are carrying: a white onion, a red onion, a raw red potato, a red apple and a raw yellow potato.",0 of 16,0.0,False,
7,,,"The bathroom is not the kitchen, so I should go back south to the corridor and try another direction.",go south,,"You are in a corridor. An usual kind of place.



There is an open patio door leading west. You need an exit without a door? You should try going east. You need an exit without a door? You should try going north. You don't like doors? Why not try going south, that entranceway is not blocked by one.",Corridor,"You are in a corridor. An usual kind of place.



There is an open patio door leading west. You need an exit without a door? You should try going east. You need an exit without a door? You should try going north. You don't like doors? Why not try going south, that entranceway is not blocked by one.","You are carrying: a white onion, a red onion, a raw red potato, a red apple and a raw yellow potato.",0 of 16,0.0,False,
8,,,I should try going east from the corridor to explore another area that might lead to the kitchen.,go east,,"You are in a kitchen. It seems to be pretty normal here.

You hear a noise behind you and spin around, but you can't see anything other than a fridge. You shudder, but continue examining the room. You can make out an oven. You make out a table. The table is massive. On the table you see a cookbook and a knife. Suddenly, you bump your head on the ceiling, but it's not such a bad bump that it's going to prevent you from looking at objects and even things. You can see a counter. You see a banana on the counter. You see a stove. You wonder idly who left that here. But the thing is empty, unfortunately.

There is a closed frosted-glass door leading east. You need an exit without a door? You should try going south. There is an exit to the west.",Kitchen,"You are in a kitchen. It seems to be pretty normal here.

You hear a noise behind you and spin around, but you can't see anything other than a fridge. You shudder, but continue examining the room. You can make out an oven. You make out a table. The table is massive. On the table you see a cookbook and a knife. Suddenly, you bump your head on the ceiling, but it's not such a bad bump that it's going to prevent you from looking at objects and even things. You can see a counter. You see a banana on the counter. You see a stove. You wonder idly who left that here. But the thing is empty, unfortunately.

There is a closed frosted-glass door leading east. You need an exit without a door? You should try going south. There is an exit to the west.","You are carrying: a white onion, a red onion, a raw red potato, a red apple and a raw yellow potato.",0 of 16,0.0,False,
9,,,I should take the cookbook from the table to check the recipe for cooking a delicious meal.,take cookbook from table,,You're carrying too many things already.,Kitchen,"You are in a kitchen. It seems to be pretty normal here.

You hear a noise behind you and spin around, but you can't see anything other than a fridge. You shudder, but continue examining the room. You can make out an oven. You make out a table. The table is massive. On the table you see a cookbook and a knife. Suddenly, you bump your head on the ceiling, but it's not such a bad bump that it's going to prevent you from looking at objects and even things. You can see a counter. You see a banana on the counter. You see a stove. You wonder idly who left that here. But the thing is empty, unfortunately.

There is a closed frosted-glass door leading east. You need an exit without a door? You should try going south. There is an exit to the west.","You are carrying: a white onion, a red onion, a raw red potato, a red apple and a raw yellow potato.",0 of 16,0.0,False,
10,,,"I am carrying too many items, so I should drop the red apple to free up space for the cookbook.",drop red apple,,You drop the red apple on the ground.,Kitchen,"You are in a kitchen. It seems to be pretty normal here.

You hear a noise behind you and spin around, but you can't see anything other than a fridge. You shudder, but continue examining the room. You can make out an oven. You make out a table. The table is massive. On the table you see a cookbook and a knife. Suddenly, you bump your head on the ceiling, but it's not such a bad bump that it's going to prevent you from looking at objects and even things. You can see a counter. You see a banana on the counter. You see a stove. You wonder idly who left that here. But the thing is empty, unfortunately.

There is a closed frosted-glass door leading east. You need an exit without a door? You should try going south. There is an exit to the west.

There is a red apple on the floor.","You are carrying: a white onion, a red onion, a raw red potato and a raw yellow potato.",0 of 16,0.0,False,
11,,,"Now that I have space, I should take the cookbook from the table to check the recipe.",take cookbook from table,,You take the cookbook from the table.,Kitchen,"You are in a kitchen. It seems to be pretty normal here.

You hear a noise behind you and spin around, but you can't see anything other than a fridge. You shudder, but continue examining the room. You can make out an oven. You make out a table. The table is massive. On the table you see a knife. Suddenly, you bump your head on the ceiling, but it's not such a bad bump that it's going to prevent you from looking at objects and even things. You can see a counter. You see a banana on the counter. You see a stove. You wonder idly who left that here. But the thing is empty, unfortunately.

There is a closed frosted-glass door leading east. You need an exit without a door? You should try going south. There is an exit to the west.

There is a red apple on the floor.","You are carrying: a cookbook, a white onion, a red onion, a raw red potato and a raw yellow potato.",0 of 16,0.0,False,
12,,,I should examine the cookbook to find the recipe for cooking a delicious meal.,examine cookbook,,"You open the copy of ""Cooking: A Modern Approach (3rd Ed.)"" and start reading:

Recipe #1
---------
Gather all following ingredients and follow the directions to prepare this tasty meal.

Ingredients:
banana
  block of cheese
  orange bell pepper
  white onion
  pork chop

Directions:
chop the banana
  grill the banana
  slice the block of cheese
  grill the block of cheese
  dice the orange bell pepper
  roast the orange bell pepper
  dice the white onion
  fry the white onion
  slice the pork chop
  roast the pork chop
  prepare meal",Kitchen,"You are in a kitchen. It seems to be pretty normal here.

You hear a noise behind you and spin around, but you can't see anything other than a fridge. You shudder, but continue examining the room. You can make out an oven. You make out a table. The table is massive. On the table you see a knife. Suddenly, you bump your head on the ceiling, but it's not such a bad bump that it's going to prevent you from looking at objects and even things. You can see a counter. You see a banana on the counter. You see a stove. You wonder idly who left that here. But the thing is empty, unfortunately.

There is a closed frosted-glass door leading east. You need an exit without a door? You should try going south. There is an exit to the west.

There is a red apple on the floor.","You are carrying: a cookbook, a white onion, a red onion, a raw red potato and a raw yellow potato.",0 of 16,0.0,False,
13,,,"I need to gather the ingredients from the recipe: banana, block of cheese, orange bell pepper, white onion, and pork chop. I already have a white onion and a banana is on the counter, so I should take the banana first.",take banana from counter,,You're carrying too many things already.,Kitchen,"You are in a kitchen. It seems to be pretty normal here.

You hear a noise behind you and spin around, but you can't see anything other than a fridge. You shudder, but continue examining the room. You can make out an oven. You make out a table. The table is massive. On the table you see a knife. Suddenly, you bump your head on the ceiling, but it's not such a bad bump that it's going to prevent you from looking at objects and even things. You can see a counter. You see a banana on the counter. You see a stove. You wonder idly who left that here. But the thing is empty, unfortunately.

There is a closed frosted-glass door leading east. You need an exit without a door? You should try going south. There is an exit to the west.

There is a red apple on the floor.","You are carrying: a cookbook, a white onion, a red onion, a raw red potato and a raw yellow potato.",0 of 16,0.0,False,
14,,,"I am carrying too many items, so I should drop the raw yellow potato to free up space for the banana.",drop raw yellow potato,,You drop the yellow potato on the ground.,Kitchen,"You are in a kitchen. It seems to be pretty normal here.

You hear a noise behind you and spin around, but you can't see anything other than a fridge. You shudder, but continue examining the room. You can make out an oven. You make out a table. The table is massive. On the table you see a knife. Suddenly, you bump your head on the ceiling, but it's not such a bad bump that it's going to prevent you from looking at objects and even things. You can see a counter. You see a banana on the counter. You see a stove. You wonder idly who left that here. But the thing is empty, unfortunately.

There is a closed frosted-glass door leading east. You need an exit without a door? You should try going south. There is an exit to the west.

There is a raw yellow potato and a red apple on the floor.","You are carrying: a cookbook, a white onion, a red onion and a raw red potato.",0 of 16,0.0,False,
15,,,"Now that I have space, I should take the banana from the counter.",take banana from counter,,"You take the banana from the counter.



Your score has just gone up by one point.",Kitchen,"You are in a kitchen. It seems to be pretty normal here.

You hear a noise behind you and spin around, but you can't see anything other than a fridge. You shudder, but continue examining the room. You can make out an oven. You make out a table. The table is massive. On the table you see a knife. Suddenly, you bump your head on the ceiling, but it's not such a bad bump that it's going to prevent you from looking at objects and even things. You can see a counter. Looks like someone's already been here and taken everything off it, though. It would have been so cool if there was stuff on the counter! oh well. You see a stove. You wonder idly who left that here. But the thing is empty, unfortunately.

There is a closed frosted-glass door leading east. You need an exit without a door? You should try going south. There is an exit to the west.

There is a raw yellow potato and a red apple on the floor.","You are carrying: a banana, a cookbook, a white onion, a red onion and a raw red potato.",1 of 16,0.0625,False,
16,,,"I need to find the block of cheese, orange bell pepper, and pork chop to complete the recipe. I should explore the kitchen further or check other rooms for these ingredients.",examine fridge,,The fridge looks hefty. It is closed.,Kitchen,"You are in a kitchen. It seems to be pretty normal here.

You hear a noise behind you and spin around, but you can't see anything other than a fridge. You shudder, but continue examining the room. You can make out an oven. You make out a table. The table is massive. On the table you see a knife. Suddenly, you bump your head on the ceiling, but it's not such a bad bump that it's going to prevent you from looking at objects and even things. You can see a counter. Looks like someone's already been here and taken everything off it, though. It would have been so cool if there was stuff on the counter! oh well. You see a stove. You wonder idly who left that here. But the thing is empty, unfortunately.

There is a closed frosted-glass door leading east. You need an exit without a door? You should try going south. There is an exit to the west.

There is a raw yellow potato and a red apple on the floor.","You are carrying: a banana, a cookbook, a white onion, a red onion and a raw red potato.",1 of 16,0.0625,False,
17,,,"I should open the fridge to see if it contains the block of cheese, orange bell pepper, or pork chop needed for the recipe.",open fridge,,"You open the fridge, revealing a block of cheese and a raw pork chop.",Kitchen,"You are in a kitchen. It seems to be pretty normal here.

You hear a noise behind you and spin around, but you can't see anything other than a fridge. You shudder, but continue examining the room. The fridge contains a block of cheese and a raw pork chop. You can make out an oven. You make out a table. The table is massive. On the table you see a knife. Suddenly, you bump your head on the ceiling, but it's not such a bad bump that it's going to prevent you from looking at objects and even things. You can see a counter. Looks like someone's already been here and taken everything off it, though. It would have been so cool if there was stuff on the counter! oh well. You see a stove. You wonder idly who left that here. But the thing is empty, unfortunately.

There is a closed frosted-glass door leading east. You need an exit without a door? You should try going south. There is an exit to the west.

There is a raw yellow potato and a red apple on the floor.","You are carrying: a banana, a cookbook, a white onion, a red onion and a raw red potato.",1 of 16,0.0625,False,
18,,,I should take the block of cheese and the raw pork chop from the fridge to have all the ingredients for the recipe except the orange bell pepper.,take block of cheese from fridge,,You're carrying too many things already.,Kitchen,"You are in a kitchen. It seems to be pretty normal here.

You hear a noise behind you and spin around, but you can't see anything other than a fridge. You shudder, but continue examining the room. The fridge contains a block of cheese and a raw pork chop. You can make out an oven. You make out a table. The table is massive. On the table you see a knife. Suddenly, you bump your head on the ceiling, but it's not such a bad bump that it's going to prevent you from looking at objects and even things. You can see a counter. Looks like someone's already been here and taken everything off it, though. It would have been so cool if there was stuff on the counter! oh well. You see a stove. You wonder idly who left that here. But the thing is empty, unfortunately.

There is a closed frosted-glass door leading east. You need an exit without a door? You should try going south. There is an exit to the west.

There is a raw yellow potato and a red apple on the floor.","You are carrying: a banana, a cookbook, a white onion, a red onion and a raw red potato.",1 of 16,0.0625,False,
19,,,"I am carrying too many items, so I should drop the raw red potato to free up space for the block of cheese.",drop raw red potato,,You drop the red potato on the ground.,Kitchen,"You are in a kitchen. It seems to be pretty normal here.

You hear a noise behind you and spin around, but you can't see anything other than a fridge. You shudder, but continue examining the room. The fridge contains a block of cheese and a raw pork chop. You can make out an oven. You make out a table. The table is massive. On the table you see a knife. Suddenly, you bump your head on the ceiling, but it's not such a bad bump that it's going to prevent you from looking at objects and even things. You can see a counter. Looks like someone's already been here and taken everything off it, though. It would have been so cool if there was stuff on the counter! oh well. You see a stove. You wonder idly who left that here. But the thing is empty, unfortunately.

There is a closed frosted-glass door leading east. You need an exit without a door? You should try going south. There is an exit to the west.

There is a raw red potato, a raw yellow potato and a red apple on the floor.","You are carrying: a banana, a cookbook, a white onion and a red onion.",1 of 16,0.0625,False,
20,,,"Now that I have space, I should take the block of cheese from the fridge.",take block of cheese from fridge,,"You take the block of cheese from the fridge.



Your score has just gone up by one point.",Kitchen,"You are in a kitchen. It seems to be pretty normal here.

You hear a noise behind you and spin around, but you can't see anything other than a fridge. You shudder, but continue examining the room. The fridge contains a raw pork chop. You can make out an oven. You make out a table. The table is massive. On the table you see a knife. Suddenly, you bump your head on the ceiling, but it's not such a bad bump that it's going to prevent you from looking at objects and even things. You can see a counter. Looks like someone's already been here and taken everything off it, though. It would have been so cool if there was stuff on the counter! oh well. You see a stove. You wonder idly who left that here. But the thing is empty, unfortunately.

There is a closed frosted-glass door leading east. You need an exit without a door? You should try going south. There is an exit to the west.

There is a raw red potato, a raw yellow potato and a red apple on the floor.","You are carrying: a block of cheese, a banana, a cookbook, a white onion and a red onion.",2 of 16,0.125,False,
21,,,I still need to take the raw pork chop from the fridge to have all the ingredients except the orange bell pepper.,take raw pork chop from fridge,,You're carrying too many things already.,Kitchen,"You are in a kitchen. It seems to be pretty normal here.

You hear a noise behind you and spin around, but you can't see anything other than a fridge. You shudder, but continue examining the room. The fridge contains a raw pork chop. You can make out an oven. You make out a table. The table is massive. On the table you see a knife. Suddenly, you bump your head on the ceiling, but it's not such a bad bump that it's going to prevent you from looking at objects and even things. You can see a counter. Looks like someone's already been here and taken everything off it, though. It would have been so cool if there was stuff on the counter! oh well. You see a stove. You wonder idly who left that here. But the thing is empty, unfortunately.

There is a closed frosted-glass door leading east. You need an exit without a door? You should try going south. There is an exit to the west.

There is a raw red potato, a raw yellow potato and a red apple on the floor.","You are carrying: a block of cheese, a banana, a cookbook, a white onion and a red onion.",2 of 16,0.125,False,
22,,,I need to drop another item to make space for the raw pork chop. I will drop the red onion to free up space.,drop red onion,,You drop the red onion on the ground.,Kitchen,"You are in a kitchen. It seems to be pretty normal here.

You hear a noise behind you and spin around, but you can't see anything other than a fridge. You shudder, but continue examining the room. The fridge contains a raw pork chop. You can make out an oven. You make out a table. The table is massive. On the table you see a knife. Suddenly, you bump your head on the ceiling, but it's not such a bad bump that it's going to prevent you from looking at objects and even things. You can see a counter. Looks like someone's already been here and taken everything off it, though. It would have been so cool if there was stuff on the counter! oh well. You see a stove. You wonder idly who left that here. But the thing is empty, unfortunately.

There is a closed frosted-glass door leading east. You need an exit without a door? You should try going south. There is an exit to the west.

There is a red onion, a raw red potato, a raw yellow potato and a red apple on the floor.","You are carrying: a block of cheese, a banana, a cookbook and a white onion.",2 of 16,0.125,False,
23,,,"Now that I have space, I should take the raw pork chop from the fridge.",take raw pork chop from fridge,,"You take the pork chop from the fridge.



Your score has just gone up by one point.",Kitchen,"You are in a kitchen. It seems to be pretty normal here.

You hear a noise behind you and spin around, but you can't see anything other than a fridge. You shudder, but continue examining the room. What a letdown! The fridge is empty! You can make out an oven. You make out a table. The table is massive. On the table you see a knife. Suddenly, you bump your head on the ceiling, but it's not such a bad bump that it's going to prevent you from looking at objects and even things. You can see a counter. Looks like someone's already been here and taken everything off it, though. It would have been so cool if there was stuff on the counter! oh well. You see a stove. You wonder idly who left that here. But the thing is empty, unfortunately.

There is a closed frosted-glass door leading east. You need an exit without a door? You should try going south. There is an exit to the west.

There is a red onion, a raw red potato, a raw yellow potato and a red apple on the floor.","You are carrying: a raw pork chop, a block of cheese, a banana, a cookbook and a white onion.",3 of 16,0.1875,False,
24,,,I still need the orange bell pepper for the recipe. I should check the west exit to see if I can find it there.,go west,,"You are in a corridor. An usual kind of place.



There is an open patio door leading west. You need an exit without a door? You should try going east. You need an exit without a door? You should try going north. You don't like doors? Why not try going south, that entranceway is not blocked by one.",Corridor,"You are in a corridor. An usual kind of place.



There is an open patio door leading west. You need an exit without a door? You should try going east. You need an exit without a door? You should try going north. You don't like doors? Why not try going south, that entranceway is not blocked by one.","You are carrying: a raw pork chop, a block of cheese, a banana, a cookbook and a white onion.",3 of 16,0.1875,False,
25,,,"I should explore the corridor further to find the orange bell pepper, so I will go north.",go north,,"You've entered a bathroom. You begin looking for stuff.

You scan the room, seeing a toilet. You wonder idly who left that here. The toilet is white. But the thing is empty, unfortunately.

You need an exit without a door? You should try going south.",Bathroom,"You've entered a bathroom. You begin looking for stuff.

You scan the room, seeing a toilet. You wonder idly who left that here. The toilet is white. But the thing is empty, unfortunately.

You need an exit without a door? You should try going south.","You are carrying: a raw pork chop, a block of cheese, a banana, a cookbook and a white onion.",3 of 16,0.1875,False,
26,,,"The bathroom does not have the orange bell pepper, so I should go back south to the corridor and try another direction.",go south,,"You are in a corridor. An usual kind of place.



There is an open patio door leading west. You need an exit without a door? You should try going east. You need an exit without a door? You should try going north. You don't like doors? Why not try going south, that entranceway is not blocked by one.",Corridor,"You are in a corridor. An usual kind of place.



There is an open patio door leading west. You need an exit without a door? You should try going east. You need an exit without a door? You should try going north. You don't like doors? Why not try going south, that entranceway is not blocked by one.","You are carrying: a raw pork chop, a block of cheese, a banana, a cookbook and a white onion.",3 of 16,0.1875,False,
27,,,I should try going east from the corridor to look for the orange bell pepper.,go east,,"You are in a kitchen. It seems to be pretty normal here.

You hear a noise behind you and spin around, but you can't see anything other than a fridge. You shudder, but continue examining the room. What a letdown! The fridge is empty! You can make out an oven. You make out a table. The table is massive. On the table you see a knife. Suddenly, you bump your head on the ceiling, but it's not such a bad bump that it's going to prevent you from looking at objects and even things. You can see a counter. Looks like someone's already been here and taken everything off it, though. It would have been so cool if there was stuff on the counter! oh well. You see a stove. You wonder idly who left that here. But the thing is empty, unfortunately.

There is a closed frosted-glass door leading east. You need an exit without a door? You should try going south. There is an exit to the west.

There is a red onion, a raw red potato, a raw yellow potato and a red apple on the floor.",Kitchen,"You are in a kitchen. It seems to be pretty normal here.

You hear a noise behind you and spin around, but you can't see anything other than a fridge. You shudder, but continue examining the room. What a letdown! The fridge is empty! You can make out an oven. You make out a table. The table is massive. On the table you see a knife. Suddenly, you bump your head on the ceiling, but it's not such a bad bump that it's going to prevent you from looking at objects and even things. You can see a counter. Looks like someone's already been here and taken everything off it, though. It would have been so cool if there was stuff on the counter! oh well. You see a stove. You wonder idly who left that here. But the thing is empty, unfortunately.

There is a closed frosted-glass door leading east. You need an exit without a door? You should try going south. There is an exit to the west.

There is a red onion, a raw red potato, a raw yellow potato and a red apple on the floor.","You are carrying: a raw pork chop, a block of cheese, a banana, a cookbook and a white onion.",3 of 16,0.1875,False,
28,,,"The kitchen has a red onion, raw red potato, raw yellow potato, and a red apple on the floor. I need the orange bell pepper for the recipe, so I should take the red onion from the floor to free up space and then explore the frosted-glass door to the east.",drop banana,,You drop the banana on the ground.,Kitchen,"You are in a kitchen. It seems to be pretty normal here.

You hear a noise behind you and spin around, but you can't see anything other than a fridge. You shudder, but continue examining the room. What a letdown! The fridge is empty! You can make out an oven. You make out a table. The table is massive. On the table you see a knife. Suddenly, you bump your head on the ceiling, but it's not such a bad bump that it's going to prevent you from looking at objects and even things. You can see a counter. Looks like someone's already been here and taken everything off it, though. It would have been so cool if there was stuff on the counter! oh well. You see a stove. You wonder idly who left that here. But the thing is empty, unfortunately.

There is a closed frosted-glass door leading east. You need an exit without a door? You should try going south. There is an exit to the west.

There is a banana, a red onion, a raw red potato, a raw yellow potato and a red apple on the floor.","You are carrying: a raw pork chop, a block of cheese, a cookbook and a white onion.",3 of 16,0.1875,False,
29,,,I should take the red onion from the floor to have it for the recipe.,take red onion from floor,,You pick up the red onion from the ground.,Kitchen,"You are in a kitchen. It seems to be pretty normal here.

You hear a noise behind you and spin around, but you can't see anything other than a fridge. You shudder, but continue examining the room. What a letdown! The fridge is empty! You can make out an oven. You make out a table. The table is massive. On the table you see a knife. Suddenly, you bump your head on the ceiling, but it's not such a bad bump that it's going to prevent you from looking at objects and even things. You can see a counter. Looks like someone's already been here and taken everything off it, though. It would have been so cool if there was stuff on the counter! oh well. You see a stove. You wonder idly who left that here. But the thing is empty, unfortunately.

There is a closed frosted-glass door leading east. You need an exit without a door? You should try going south. There is an exit to the west.

There is a banana, a raw red potato, a raw yellow potato and a red apple on the floor.","You are carrying: a red onion, a raw pork chop, a block of cheese, a cookbook and a white onion.",3 of 16,0.1875,False,
30,,,I should go east through the closed frosted-glass door to look for the orange bell pepper.,go east,,You have to open the frosted-glass door first.,Kitchen,"You are in a kitchen. It seems to be pretty normal here.

You hear a noise behind you and spin around, but you can't see anything other than a fridge. You shudder, but continue examining the room. What a letdown! The fridge is empty! You can make out an oven. You make out a table. The table is massive. On the table you see a knife. Suddenly, you bump your head on the ceiling, but it's not such a bad bump that it's going to prevent you from looking at objects and even things. You can see a counter. Looks like someone's already been here and taken everything off it, though. It would have been so cool if there was stuff on the counter! oh well. You see a stove. You wonder idly who left that here. But the thing is empty, unfortunately.

There is a closed frosted-glass door leading east. You need an exit without a door? You should try going south. There is an exit to the west.

There is a banana, a raw red potato, a raw yellow potato and a red apple on the floor.","You are carrying: a red onion, a raw pork chop, a block of cheese, a cookbook and a white onion.",3 of 16,0.1875,False,
31,,,I need to open the frosted-glass door before going east.,open frosted-glass door,,You open frosted-glass door.,Kitchen,"You are in a kitchen. It seems to be pretty normal here.

You hear a noise behind you and spin around, but you can't see anything other than a fridge. You shudder, but continue examining the room. What a letdown! The fridge is empty! You can make out an oven. You make out a table. The table is massive. On the table you see a knife. Suddenly, you bump your head on the ceiling, but it's not such a bad bump that it's going to prevent you from looking at objects and even things. You can see a counter. Looks like someone's already been here and taken everything off it, though. It would have been so cool if there was stuff on the counter! oh well. You see a stove. You wonder idly who left that here. But the thing is empty, unfortunately.

There is an open frosted-glass door leading east. You need an exit without a door? You should try going south. There is an exit to the west.

There is a banana, a raw red potato, a raw yellow potato and a red apple on the floor.","You are carrying: a red onion, a raw pork chop, a block of cheese, a cookbook and a white onion.",3 of 16,0.1875,False,
32,,,"Now that the frosted-glass door is open, I should go east through it to search for the orange bell pepper.",go east,,"Look at you, bigshot, walking into a pantry like it isn't some huge deal. The room seems oddly familiar, as though it were only superficially different from the other rooms in the building.

You scan the room for a shelf, and you find a shelf. The shelf is wooden. But the thing hasn't got anything on it.

There is an open frosted-glass door leading west.",Pantry,"Look at you, bigshot, walking into a pantry like it isn't some huge deal. The room seems oddly familiar, as though it were only superficially different from the other rooms in the building.

You scan the room for a shelf, and you find a shelf. The shelf is wooden. But the thing hasn't got anything on it.

There is an open frosted-glass door leading west.","You are carrying: a red onion, a raw pork chop, a block of cheese, a cookbook and a white onion.",3 of 16,0.1875,False,
33,,,"The pantry is empty, so I should go back west to the kitchen and consider using the ingredients I have to cook a meal.",go west,,"You are in a kitchen. It seems to be pretty normal here.

You hear a noise behind you and spin around, but you can't see anything other than a fridge. You shudder, but continue examining the room. What a letdown! The fridge is empty! You can make out an oven. You make out a table. The table is massive. On the table you see a knife. Suddenly, you bump your head on the ceiling, but it's not such a bad bump that it's going to prevent you from looking at objects and even things. You can see a counter. Looks like someone's already been here and taken everything off it, though. It would have been so cool if there was stuff on the counter! oh well. You see a stove. You wonder idly who left that here. But the thing is empty, unfortunately.

There is an open frosted-glass door leading east. You need an exit without a door? You should try going south. There is an exit to the west.

There is a banana, a raw red potato, a raw yellow potato and a red apple on the floor.",Kitchen,"You are in a kitchen. It seems to be pretty normal here.

You hear a noise behind you and spin around, but you can't see anything other than a fridge. You shudder, but continue examining the room. What a letdown! The fridge is empty! You can make out an oven. You make out a table. The table is massive. On the table you see a knife. Suddenly, you bump your head on the ceiling, but it's not such a bad bump that it's going to prevent you from looking at objects and even things. You can see a counter. Looks like someone's already been here and taken everything off it, though. It would have been so cool if there was stuff on the counter! oh well. You see a stove. You wonder idly who left that here. But the thing is empty, unfortunately.

There is an open frosted-glass door leading east. You need an exit without a door? You should try going south. There is an exit to the west.

There is a banana, a raw red potato, a raw yellow potato and a red apple on the floor.","You are carrying: a red onion, a raw pork chop, a block of cheese, a cookbook and a white onion.",3 of 16,0.1875,False,
34,,,I should take the raw red potato from the floor to use it for cooking.,take raw red potato from floor,,You're carrying too many things already.,Kitchen,"You are in a kitchen. It seems to be pretty normal here.

You hear a noise behind you and spin around, but you can't see anything other than a fridge. You shudder, but continue examining the room. What a letdown! The fridge is empty! You can make out an oven. You make out a table. The table is massive. On the table you see a knife. Suddenly, you bump your head on the ceiling, but it's not such a bad bump that it's going to prevent you from looking at objects and even things. You can see a counter. Looks like someone's already been here and taken everything off it, though. It would have been so cool if there was stuff on the counter! oh well. You see a stove. You wonder idly who left that here. But the thing is empty, unfortunately.

There is an open frosted-glass door leading east. You need an exit without a door? You should try going south. There is an exit to the west.

There is a banana, a raw red potato, a raw yellow potato and a red apple on the floor.","You are carrying: a red onion, a raw pork chop, a block of cheese, a cookbook and a white onion.",3 of 16,0.1875,False,
35,,,I need to free up inventory space by dropping the block of cheese before taking the raw red potato.,drop block of cheese,,You drop the block of cheese on the ground.,Kitchen,"You are in a kitchen. It seems to be pretty normal here.

You hear a noise behind you and spin around, but you can't see anything other than a fridge. You shudder, but continue examining the room. What a letdown! The fridge is empty! You can make out an oven. You make out a table. The table is massive. On the table you see a knife. Suddenly, you bump your head on the ceiling, but it's not such a bad bump that it's going to prevent you from looking at objects and even things. You can see a counter. Looks like someone's already been here and taken everything off it, though. It would have been so cool if there was stuff on the counter! oh well. You see a stove. You wonder idly who left that here. But the thing is empty, unfortunately.

There is an open frosted-glass door leading east. You need an exit without a door? You should try going south. There is an exit to the west.

There is a block of cheese, a banana, a raw red potato, a raw yellow potato and a red apple on the floor.","You are carrying: a red onion, a raw pork chop, a cookbook and a white onion.",3 of 16,0.1875,False,
36,,,"Now that I have freed up space, I should take the raw red potato from the floor.",take raw red potato from floor,,You pick up the red potato from the ground.,Kitchen,"You are in a kitchen. It seems to be pretty normal here.

You hear a noise behind you and spin around, but you can't see anything other than a fridge. You shudder, but continue examining the room. What a letdown! The fridge is empty! You can make out an oven. You make out a table. The table is massive. On the table you see a knife. Suddenly, you bump your head on the ceiling, but it's not such a bad bump that it's going to prevent you from looking at objects and even things. You can see a counter. Looks like someone's already been here and taken everything off it, though. It would have been so cool if there was stuff on the counter! oh well. You see a stove. You wonder idly who left that here. But the thing is empty, unfortunately.

There is an open frosted-glass door leading east. You need an exit without a door? You should try going south. There is an exit to the west.

There is a block of cheese, a banana, a raw yellow potato and a red apple on the floor.","You are carrying: a raw red potato, a red onion, a raw pork chop, a cookbook and a white onion.",3 of 16,0.1875,False,
37,,,I should take the knife from the table to prepare the meal.,take knife from table,,You're carrying too many things already.,Kitchen,"You are in a kitchen. It seems to be pretty normal here.

You hear a noise behind you and spin around, but you can't see anything other than a fridge. You shudder, but continue examining the room. What a letdown! The fridge is empty! You can make out an oven. You make out a table. The table is massive. On the table you see a knife. Suddenly, you bump your head on the ceiling, but it's not such a bad bump that it's going to prevent you from looking at objects and even things. You can see a counter. Looks like someone's already been here and taken everything off it, though. It would have been so cool if there was stuff on the counter! oh well. You see a stove. You wonder idly who left that here. But the thing is empty, unfortunately.

There is an open frosted-glass door leading east. You need an exit without a door? You should try going south. There is an exit to the west.

There is a block of cheese, a banana, a raw yellow potato and a red apple on the floor.","You are carrying: a raw red potato, a red onion, a raw pork chop, a cookbook and a white onion.",3 of 16,0.1875,False,
38,,,I need to drop an item to free up space for the knife. I will drop the raw red potato.,drop raw red potato,,You drop the red potato on the ground.,Kitchen,"You are in a kitchen. It seems to be pretty normal here.

You hear a noise behind you and spin around, but you can't see anything other than a fridge. You shudder, but continue examining the room. What a letdown! The fridge is empty! You can make out an oven. You make out a table. The table is massive. On the table you see a knife. Suddenly, you bump your head on the ceiling, but it's not such a bad bump that it's going to prevent you from looking at objects and even things. You can see a counter. Looks like someone's already been here and taken everything off it, though. It would have been so cool if there was stuff on the counter! oh well. You see a stove. You wonder idly who left that here. But the thing is empty, unfortunately.

There is an open frosted-glass door leading east. You need an exit without a door? You should try going south. There is an exit to the west.

There is a raw red potato, a block of cheese, a banana, a raw yellow potato and a red apple on the floor.","You are carrying: a red onion, a raw pork chop, a cookbook and a white onion.",3 of 16,0.1875,False,
39,,,"Now that I have freed up space, I should take the knife from the table.",take knife from table,,You take the knife from the table.,Kitchen,"You are in a kitchen. It seems to be pretty normal here.

You hear a noise behind you and spin around, but you can't see anything other than a fridge. You shudder, but continue examining the room. What a letdown! The fridge is empty! You can make out an oven. You make out a table. The table is massive. But the thing is empty, unfortunately. Oh! Why couldn't there just be stuff on it? You can see a counter. Looks like someone's already been here and taken everything off it, though. It would have been so cool if there was stuff on the counter! oh well. You see a stove. You wonder idly who left that here. But the thing is empty, unfortunately.

There is an open frosted-glass door leading east. You need an exit without a door? You should try going south. There is an exit to the west.

There is a raw red potato, a block of cheese, a banana, a raw yellow potato and a red apple on the floor.","You are carrying: a knife, a red onion, a raw pork chop, a cookbook and a white onion.",3 of 16,0.1875,False,
40,,,"I should now prepare a meal using the ingredients I have: red onion, white onion, raw pork chop, and raw red potato.",prepare meal,,You still miss something.,Kitchen,"You are in a kitchen. It seems to be pretty normal here.

You hear a noise behind you and spin around, but you can't see anything other than a fridge. You shudder, but continue examining the room. What a letdown! The fridge is empty! You can make out an oven. You make out a table. The table is massive. But the thing is empty, unfortunately. Oh! Why couldn't there just be stuff on it? You can see a counter. Looks like someone's already been here and taken everything off it, though. It would have been so cool if there was stuff on the counter! oh well. You see a stove. You wonder idly who left that here. But the thing is empty, unfortunately.

There is an open frosted-glass door leading east. You need an exit without a door? You should try going south. There is an exit to the west.

There is a raw red potato, a block of cheese, a banana, a raw yellow potato and a red apple on the floor.","You are carrying: a knife, a red onion, a raw pork chop, a cookbook and a white onion.",3 of 16,0.1875,False,
41,,,I am missing an ingredient to prepare the meal. I should take the raw red potato from the floor.,take raw red potato from floor,,You're carrying too many things already.,Kitchen,"You are in a kitchen. It seems to be pretty normal here.

You hear a noise behind you and spin around, but you can't see anything other than a fridge. You shudder, but continue examining the room. What a letdown! The fridge is empty! You can make out an oven. You make out a table. The table is massive. But the thing is empty, unfortunately. Oh! Why couldn't there just be stuff on it? You can see a counter. Looks like someone's already been here and taken everything off it, though. It would have been so cool if there was stuff on the counter! oh well. You see a stove. You wonder idly who left that here. But the thing is empty, unfortunately.

There is an open frosted-glass door leading east. You need an exit without a door? You should try going south. There is an exit to the west.

There is a raw red potato, a block of cheese, a banana, a raw yellow potato and a red apple on the floor.","You are carrying: a knife, a red onion, a raw pork chop, a cookbook and a white onion.",3 of 16,0.1875,False,
42,,,I need to drop an item to free up space for the raw red potato. I will drop the white onion.,drop white onion,,You drop the white onion on the ground.,Kitchen,"You are in a kitchen. It seems to be pretty normal here.

You hear a noise behind you and spin around, but you can't see anything other than a fridge. You shudder, but continue examining the room. What a letdown! The fridge is empty! You can make out an oven. You make out a table. The table is massive. But the thing is empty, unfortunately. Oh! Why couldn't there just be stuff on it? You can see a counter. Looks like someone's already been here and taken everything off it, though. It would have been so cool if there was stuff on the counter! oh well. You see a stove. You wonder idly who left that here. But the thing is empty, unfortunately.

There is an open frosted-glass door leading east. You need an exit without a door? You should try going south. There is an exit to the west.

There is a white onion, a raw red potato, a block of cheese, a banana, a raw yellow potato and a red apple on the floor.","You are carrying: a knife, a red onion, a raw pork chop and a cookbook.",3 of 16,0.1875,False,
43,,,"Now that I have freed up space, I should take the raw red potato from the floor.",take raw red potato from floor,,You pick up the red potato from the ground.,Kitchen,"You are in a kitchen. It seems to be pretty normal here.

You hear a noise behind you and spin around, but you can't see anything other than a fridge. You shudder, but continue examining the room. What a letdown! The fridge is empty! You can make out an oven. You make out a table. The table is massive. But the thing is empty, unfortunately. Oh! Why couldn't there just be stuff on it? You can see a counter. Looks like someone's already been here and taken everything off it, though. It would have been so cool if there was stuff on the counter! oh well. You see a stove. You wonder idly who left that here. But the thing is empty, unfortunately.

There is an open frosted-glass door leading east. You need an exit without a door? You should try going south. There is an exit to the west.

There is a white onion, a block of cheese, a banana, a raw yellow potato and a red apple on the floor.","You are carrying: a raw red potato, a knife, a red onion, a raw pork chop and a cookbook.",3 of 16,0.1875,False,
44,,,I should now prepare the meal using the ingredients I have collected.,prepare meal,,You still miss something.,Kitchen,"You are in a kitchen. It seems to be pretty normal here.

You hear a noise behind you and spin around, but you can't see anything other than a fridge. You shudder, but continue examining the room. What a letdown! The fridge is empty! You can make out an oven. You make out a table. The table is massive. But the thing is empty, unfortunately. Oh! Why couldn't there just be stuff on it? You can see a counter. Looks like someone's already been here and taken everything off it, though. It would have been so cool if there was stuff on the counter! oh well. You see a stove. You wonder idly who left that here. But the thing is empty, unfortunately.

There is an open frosted-glass door leading east. You need an exit without a door? You should try going south. There is an exit to the west.

There is a white onion, a block of cheese, a banana, a raw yellow potato and a red apple on the floor.","You are carrying: a raw red potato, a knife, a red onion, a raw pork chop and a cookbook.",3 of 16,0.1875,False,
45,,,I am still missing an ingredient to prepare the meal. I should take the raw yellow potato from the floor.,take raw yellow potato from floor,,You're carrying too many things already.,Kitchen,"You are in a kitchen. It seems to be pretty normal here.

You hear a noise behind you and spin around, but you can't see anything other than a fridge. You shudder, but continue examining the room. What a letdown! The fridge is empty! You can make out an oven. You make out a table. The table is massive. But the thing is empty, unfortunately. Oh! Why couldn't there just be stuff on it? You can see a counter. Looks like someone's already been here and taken everything off it, though. It would have been so cool if there was stuff on the counter! oh well. You see a stove. You wonder idly who left that here. But the thing is empty, unfortunately.

There is an open frosted-glass door leading east. You need an exit without a door? You should try going south. There is an exit to the west.

There is a white onion, a block of cheese, a banana, a raw yellow potato and a red apple on the floor.","You are carrying: a raw red potato, a knife, a red onion, a raw pork chop and a cookbook.",3 of 16,0.1875,False,
46,,,I need to drop an item to free up space for the raw yellow potato. I will drop the red onion.,drop red onion,,You drop the red onion on the ground.,Kitchen,"You are in a kitchen. It seems to be pretty normal here.

You hear a noise behind you and spin around, but you can't see anything other than a fridge. You shudder, but continue examining the room. What a letdown! The fridge is empty! You can make out an oven. You make out a table. The table is massive. But the thing is empty, unfortunately. Oh! Why couldn't there just be stuff on it? You can see a counter. Looks like someone's already been here and taken everything off it, though. It would have been so cool if there was stuff on the counter! oh well. You see a stove. You wonder idly who left that here. But the thing is empty, unfortunately.

There is an open frosted-glass door leading east. You need an exit without a door? You should try going south. There is an exit to the west.

There is a red onion, a white onion, a block of cheese, a banana, a raw yellow potato and a red apple on the floor.","You are carrying: a raw red potato, a knife, a raw pork chop and a cookbook.",3 of 16,0.1875,False,
47,,,"Now that I have freed up space, I should take the raw yellow potato from the floor.",take raw yellow potato from floor,,You pick up the yellow potato from the ground.,Kitchen,"You are in a kitchen. It seems to be pretty normal here.

You hear a noise behind you and spin around, but you can't see anything other than a fridge. You shudder, but continue examining the room. What a letdown! The fridge is empty! You can make out an oven. You make out a table. The table is massive. But the thing is empty, unfortunately. Oh! Why couldn't there just be stuff on it? You can see a counter. Looks like someone's already been here and taken everything off it, though. It would have been so cool if there was stuff on the counter! oh well. You see a stove. You wonder idly who left that here. But the thing is empty, unfortunately.

There is an open frosted-glass door leading east. You need an exit without a door? You should try going south. There is an exit to the west.

There is a red onion, a white onion, a block of cheese, a banana and a red apple on the floor.","You are carrying: a raw yellow potato, a raw red potato, a knife, a raw pork chop and a cookbook.",3 of 16,0.1875,False,
48,,,I should now prepare the meal using the ingredients I have collected.,prepare meal,,You still miss something.,Kitchen,"You are in a kitchen. It seems to be pretty normal here.

You hear a noise behind you and spin around, but you can't see anything other than a fridge. You shudder, but continue examining the room. What a letdown! The fridge is empty! You can make out an oven. You make out a table. The table is massive. But the thing is empty, unfortunately. Oh! Why couldn't there just be stuff on it? You can see a counter. Looks like someone's already been here and taken everything off it, though. It would have been so cool if there was stuff on the counter! oh well. You see a stove. You wonder idly who left that here. But the thing is empty, unfortunately.

There is an open frosted-glass door leading east. You need an exit without a door? You should try going south. There is an exit to the west.

There is a red onion, a white onion, a block of cheese, a banana and a red apple on the floor.","You are carrying: a raw yellow potato, a raw red potato, a knife, a raw pork chop and a cookbook.",3 of 16,0.1875,False,
49,,,I am still missing an ingredient to prepare the meal. I should take the block of cheese from the floor.,take block of cheese from floor,,You're carrying too many things already.,Kitchen,"You are in a kitchen. It seems to be pretty normal here.

You hear a noise behind you and spin around, but you can't see anything other than a fridge. You shudder, but continue examining the room. What a letdown! The fridge is empty! You can make out an oven. You make out a table. The table is massive. But the thing is empty, unfortunately. Oh! Why couldn't there just be stuff on it? You can see a counter. Looks like someone's already been here and taken everything off it, though. It would have been so cool if there was stuff on the counter! oh well. You see a stove. You wonder idly who left that here. But the thing is empty, unfortunately.

There is an open frosted-glass door leading east. You need an exit without a door? You should try going south. There is an exit to the west.

There is a red onion, a white onion, a block of cheese, a banana and a red apple on the floor.","You are carrying: a raw yellow potato, a raw red potato, a knife, a raw pork chop and a cookbook.",3 of 16,0.1875,False,
50,,,I need to drop an item to free up space for the block of cheese. I will drop the knife.,drop knife,,You drop the knife on the ground.,Kitchen,"You are in a kitchen. It seems to be pretty normal here.

You hear a noise behind you and spin around, but you can't see anything other than a fridge. You shudder, but continue examining the room. What a letdown! The fridge is empty! You can make out an oven. You make out a table. The table is massive. But the thing is empty, unfortunately. Oh! Why couldn't there just be stuff on it? You can see a counter. Looks like someone's already been here and taken everything off it, though. It would have been so cool if there was stuff on the counter! oh well. You see a stove. You wonder idly who left that here. But the thing is empty, unfortunately.

There is an open frosted-glass door leading east. You need an exit without a door? You should try going south. There is an exit to the west.

There is a knife, a red onion, a white onion, a block of cheese, a banana and a red apple on the floor.","You are carrying: a raw yellow potato, a raw red potato, a raw pork chop and a cookbook.",3 of 16,0.1875,False,
51,,,"Now that I have freed up space, I should take the block of cheese from the floor.",take block of cheese from floor,,You pick up the block of cheese from the ground.,Kitchen,"You are in a kitchen. It seems to be pretty normal here.

You hear a noise behind you and spin around, but you can't see anything other than a fridge. You shudder, but continue examining the room. What a letdown! The fridge is empty! You can make out an oven. You make out a table. The table is massive. But the thing is empty, unfortunately. Oh! Why couldn't there just be stuff on it? You can see a counter. Looks like someone's already been here and taken everything off it, though. It would have been so cool if there was stuff on the counter! oh well. You see a stove. You wonder idly who left that here. But the thing is empty, unfortunately.

There is an open frosted-glass door leading east. You need an exit without a door? You should try going south. There is an exit to the west.

There is a knife, a red onion, a white onion, a banana and a red apple on the floor.","You are carrying: a block of cheese, a raw yellow potato, a raw red potato, a raw pork chop and a cookbook.",3 of 16,0.1875,False,
52,,,"I have all the ingredients now, so I should prepare the meal.",prepare meal,,You still miss something.,Kitchen,"You are in a kitchen. It seems to be pretty normal here.

You hear a noise behind you and spin around, but you can't see anything other than a fridge. You shudder, but continue examining the room. What a letdown! The fridge is empty! You can make out an oven. You make out a table. The table is massive. But the thing is empty, unfortunately. Oh! Why couldn't there just be stuff on it? You can see a counter. Looks like someone's already been here and taken everything off it, though. It would have been so cool if there was stuff on the counter! oh well. You see a stove. You wonder idly who left that here. But the thing is empty, unfortunately.

There is an open frosted-glass door leading east. You need an exit without a door? You should try going south. There is an exit to the west.

There is a knife, a red onion, a white onion, a banana and a red apple on the floor.","You are carrying: a block of cheese, a raw yellow potato, a raw red potato, a raw pork chop and a cookbook.",3 of 16,0.1875,False,
53,,,I am still missing an ingredient. I should take the white onion from the floor.,take white onion from floor,,You're carrying too many things already.,Kitchen,"You are in a kitchen. It seems to be pretty normal here.

You hear a noise behind you and spin around, but you can't see anything other than a fridge. You shudder, but continue examining the room. What a letdown! The fridge is empty! You can make out an oven. You make out a table. The table is massive. But the thing is empty, unfortunately. Oh! Why couldn't there just be stuff on it? You can see a counter. Looks like someone's already been here and taken everything off it, though. It would have been so cool if there was stuff on the counter! oh well. You see a stove. You wonder idly who left that here. But the thing is empty, unfortunately.

There is an open frosted-glass door leading east. You need an exit without a door? You should try going south. There is an exit to the west.

There is a knife, a red onion, a white onion, a banana and a red apple on the floor.","You are carrying: a block of cheese, a raw yellow potato, a raw red potato, a raw pork chop and a cookbook.",3 of 16,0.1875,False,
54,,,I need to drop an item to free up space for the white onion. I will drop the raw yellow potato.,drop raw yellow potato,,You drop the yellow potato on the ground.,Kitchen,"You are in a kitchen. It seems to be pretty normal here.

You hear a noise behind you and spin around, but you can't see anything other than a fridge. You shudder, but continue examining the room. What a letdown! The fridge is empty! You can make out an oven. You make out a table. The table is massive. But the thing is empty, unfortunately. Oh! Why couldn't there just be stuff on it? You can see a counter. Looks like someone's already been here and taken everything off it, though. It would have been so cool if there was stuff on the counter! oh well. You see a stove. You wonder idly who left that here. But the thing is empty, unfortunately.

There is an open frosted-glass door leading east. You need an exit without a door? You should try going south. There is an exit to the west.

There is a raw yellow potato, a knife, a red onion, a white onion, a banana and a red apple on the floor.","You are carrying: a block of cheese, a raw red potato, a raw pork chop and a cookbook.",3 of 16,0.1875,False,
55,,,"Now that I have freed up space, I should take the white onion from the floor.",take white onion from floor,,You pick up the white onion from the ground.,Kitchen,"You are in a kitchen. It seems to be pretty normal here.

You hear a noise behind you and spin around, but you can't see anything other than a fridge. You shudder, but continue examining the room. What a letdown! The fridge is empty! You can make out an oven. You make out a table. The table is massive. But the thing is empty, unfortunately. Oh! Why couldn't there just be stuff on it? You can see a counter. Looks like someone's already been here and taken everything off it, though. It would have been so cool if there was stuff on the counter! oh well. You see a stove. You wonder idly who left that here. But the thing is empty, unfortunately.

There is an open frosted-glass door leading east. You need an exit without a door? You should try going south. There is an exit to the west.

There is a raw yellow potato, a knife, a red onion, a banana and a red apple on the floor.","You are carrying: a white onion, a block of cheese, a raw red potato, a raw pork chop and a cookbook.",3 of 16,0.1875,False,
56,,,"I have all the ingredients now, so I should prepare the meal.",prepare meal,,You still miss something.,Kitchen,"You are in a kitchen. It seems to be pretty normal here.

You hear a noise behind you and spin around, but you can't see anything other than a fridge. You shudder, but continue examining the room. What a letdown! The fridge is empty! You can make out an oven. You make out a table. The table is massive. But the thing is empty, unfortunately. Oh! Why couldn't there just be stuff on it? You can see a counter. Looks like someone's already been here and taken everything off it, though. It would have been so cool if there was stuff on the counter! oh well. You see a stove. You wonder idly who left that here. But the thing is empty, unfortunately.

There is an open frosted-glass door leading east. You need an exit without a door? You should try going south. There is an exit to the west.

There is a raw yellow potato, a knife, a red onion, a banana and a red apple on the floor.","You are carrying: a white onion, a block of cheese, a raw red potato, a raw pork chop and a cookbook.",3 of 16,0.1875,False,
57,,,I am still missing an ingredient. I should take the red onion from the floor.,take red onion from floor,,You're carrying too many things already.,Kitchen,"You are in a kitchen. It seems to be pretty normal here.

You hear a noise behind you and spin around, but you can't see anything other than a fridge. You shudder, but continue examining the room. What a letdown! The fridge is empty! You can make out an oven. You make out a table. The table is massive. But the thing is empty, unfortunately. Oh! Why couldn't there just be stuff on it? You can see a counter. Looks like someone's already been here and taken everything off it, though. It would have been so cool if there was stuff on the counter! oh well. You see a stove. You wonder idly who left that here. But the thing is empty, unfortunately.

There is an open frosted-glass door leading east. You need an exit without a door? You should try going south. There is an exit to the west.

There is a raw yellow potato, a knife, a red onion, a banana and a red apple on the floor.","You are carrying: a white onion, a block of cheese, a raw red potato, a raw pork chop and a cookbook.",3 of 16,0.1875,False,
58,,,I need to drop an item to free up space for the red onion. I will drop the raw red potato.,drop raw red potato,,You drop the red potato on the ground.,Kitchen,"You are in a kitchen. It seems to be pretty normal here.

You hear a noise behind you and spin around, but you can't see anything other than a fridge. You shudder, but continue examining the room. What a letdown! The fridge is empty! You can make out an oven. You make out a table. The table is massive. But the thing is empty, unfortunately. Oh! Why couldn't there just be stuff on it? You can see a counter. Looks like someone's already been here and taken everything off it, though. It would have been so cool if there was stuff on the counter! oh well. You see a stove. You wonder idly who left that here. But the thing is empty, unfortunately.

There is an open frosted-glass door leading east. You need an exit without a door? You should try going south. There is an exit to the west.

There is a raw red potato, a raw yellow potato, a knife, a red onion, a banana and a red apple on the floor.","You are carrying: a white onion, a block of cheese, a raw pork chop and a cookbook.",3 of 16,0.1875,False,
59,,,"Now that I have freed up space, I should take the red onion from the floor.",take red onion from floor,,You pick up the red onion from the ground.,Kitchen,"You are in a kitchen. It seems to be pretty normal here.

You hear a noise behind you and spin around, but you can't see anything other than a fridge. You shudder, but continue examining the room. What a letdown! The fridge is empty! You can make out an oven. You make out a table. The table is massive. But the thing is empty, unfortunately. Oh! Why couldn't there just be stuff on it? You can see a counter. Looks like someone's already been here and taken everything off it, though. It would have been so cool if there was stuff on the counter! oh well. You see a stove. You wonder idly who left that here. But the thing is empty, unfortunately.

There is an open frosted-glass door leading east. You need an exit without a door? You should try going south. There is an exit to the west.

There is a raw red potato, a raw yellow potato, a knife, a banana and a red apple on the floor.","You are carrying: a red onion, a white onion, a block of cheese, a raw pork chop and a cookbook.",3 of 16,0.1875,False,
60,,,"I have all the ingredients now, so I should prepare the meal.",prepare meal,,You still miss something.,Kitchen,"You are in a kitchen. It seems to be pretty normal here.

You hear a noise behind you and spin around, but you can't see anything other than a fridge. You shudder, but continue examining the room. What a letdown! The fridge is empty! You can make out an oven. You make out a table. The table is massive. But the thing is empty, unfortunately. Oh! Why couldn't there just be stuff on it? You can see a counter. Looks like someone's already been here and taken everything off it, though. It would have been so cool if there was stuff on the counter! oh well. You see a stove. You wonder idly who left that here. But the thing is empty, unfortunately.

There is an open frosted-glass door leading east. You need an exit without a door? You should try going south. There is an exit to the west.

There is a raw red potato, a raw yellow potato, a knife, a banana and a red apple on the floor.","You are carrying: a red onion, a white onion, a block of cheese, a raw pork chop and a cookbook.",3 of 16,0.1875,False,
61,,,I am still missing an ingredient. I should take the knife from the floor.,take knife from floor,,You're carrying too many things already.,Kitchen,"You are in a kitchen. It seems to be pretty normal here.

You hear a noise behind you and spin around, but you can't see anything other than a fridge. You shudder, but continue examining the room. What a letdown! The fridge is empty! You can make out an oven. You make out a table. The table is massive. But the thing is empty, unfortunately. Oh! Why couldn't there just be stuff on it? You can see a counter. Looks like someone's already been here and taken everything off it, though. It would have been so cool if there was stuff on the counter! oh well. You see a stove. You wonder idly who left that here. But the thing is empty, unfortunately.

There is an open frosted-glass door leading east. You need an exit without a door? You should try going south. There is an exit to the west.

There is a raw red potato, a raw yellow potato, a knife, a banana and a red apple on the floor.","You are carrying: a red onion, a white onion, a block of cheese, a raw pork chop and a cookbook.",3 of 16,0.1875,False,
62,,,I need to drop an item to free up space for the knife. I will drop the block of cheese.,drop block of cheese,,You drop the block of cheese on the ground.,Kitchen,"You are in a kitchen. It seems to be pretty normal here.

You hear a noise behind you and spin around, but you can't see anything other than a fridge. You shudder, but continue examining the room. What a letdown! The fridge is empty! You can make out an oven. You make out a table. The table is massive. But the thing is empty, unfortunately. Oh! Why couldn't there just be stuff on it? You can see a counter. Looks like someone's already been here and taken everything off it, though. It would have been so cool if there was stuff on the counter! oh well. You see a stove. You wonder idly who left that here. But the thing is empty, unfortunately.

There is an open frosted-glass door leading east. You need an exit without a door? You should try going south. There is an exit to the west.

There is a block of cheese, a raw red potato, a raw yellow potato, a knife, a banana and a red apple on the floor.","You are carrying: a red onion, a white onion, a raw pork chop and a cookbook.",3 of 16,0.1875,False,
63,,,"Now that I have freed up space, I should take the knife from the floor.",take knife from floor,,You pick up the knife from the ground.,Kitchen,"You are in a kitchen. It seems to be pretty normal here.

You hear a noise behind you and spin around, but you can't see anything other than a fridge. You shudder, but continue examining the room. What a letdown! The fridge is empty! You can make out an oven. You make out a table. The table is massive. But the thing is empty, unfortunately. Oh! Why couldn't there just be stuff on it? You can see a counter. Looks like someone's already been here and taken everything off it, though. It would have been so cool if there was stuff on the counter! oh well. You see a stove. You wonder idly who left that here. But the thing is empty, unfortunately.

There is an open frosted-glass door leading east. You need an exit without a door? You should try going south. There is an exit to the west.

There is a block of cheese, a raw red potato, a raw yellow potato, a banana and a red apple on the floor.","You are carrying: a knife, a red onion, a white onion, a raw pork chop and a cookbook.",3 of 16,0.1875,False,
64,,,"I have all the ingredients and the knife now, so I should prepare the meal.",prepare meal,,You still miss something.,Kitchen,"You are in a kitchen. It seems to be pretty normal here.

You hear a noise behind you and spin around, but you can't see anything other than a fridge. You shudder, but continue examining the room. What a letdown! The fridge is empty! You can make out an oven. You make out a table. The table is massive. But the thing is empty, unfortunately. Oh! Why couldn't there just be stuff on it? You can see a counter. Looks like someone's already been here and taken everything off it, though. It would have been so cool if there was stuff on the counter! oh well. You see a stove. You wonder idly who left that here. But the thing is empty, unfortunately.

There is an open frosted-glass door leading east. You need an exit without a door? You should try going south. There is an exit to the west.

There is a block of cheese, a raw red potato, a raw yellow potato, a banana and a red apple on the floor.","You are carrying: a knife, a red onion, a white onion, a raw pork chop and a cookbook.",3 of 16,0.1875,False,
65,,,I am still missing an ingredient. I should take the raw yellow potato from the floor.,take raw yellow potato from floor,,You're carrying too many things already.,Kitchen,"You are in a kitchen. It seems to be pretty normal here.

You hear a noise behind you and spin around, but you can't see anything other than a fridge. You shudder, but continue examining the room. What a letdown! The fridge is empty! You can make out an oven. You make out a table. The table is massive. But the thing is empty, unfortunately. Oh! Why couldn't there just be stuff on it? You can see a counter. Looks like someone's already been here and taken everything off it, though. It would have been so cool if there was stuff on the counter! oh well. You see a stove. You wonder idly who left that here. But the thing is empty, unfortunately.

There is an open frosted-glass door leading east. You need an exit without a door? You should try going south. There is an exit to the west.

There is a block of cheese, a raw red potato, a raw yellow potato, a banana and a red apple on the floor.","You are carrying: a knife, a red onion, a white onion, a raw pork chop and a cookbook.",3 of 16,0.1875,False,
66,,,I need to drop an item to free up space for the raw yellow potato. I will drop the white onion.,drop white onion,,You drop the white onion on the ground.,Kitchen,"You are in a kitchen. It seems to be pretty normal here.

You hear a noise behind you and spin around, but you can't see anything other than a fridge. You shudder, but continue examining the room. What a letdown! The fridge is empty! You can make out an oven. You make out a table. The table is massive. But the thing is empty, unfortunately. Oh! Why couldn't there just be stuff on it? You can see a counter. Looks like someone's already been here and taken everything off it, though. It would have been so cool if there was stuff on the counter! oh well. You see a stove. You wonder idly who left that here. But the thing is empty, unfortunately.

There is an open frosted-glass door leading east. You need an exit without a door? You should try going south. There is an exit to the west.

There is a white onion, a block of cheese, a raw red potato, a raw yellow potato, a banana and a red apple on the floor.","You are carrying: a knife, a red onion, a raw pork chop and a cookbook.",3 of 16,0.1875,False,
67,,,"Now that I have freed up space, I should take the raw yellow potato from the floor.",take raw yellow potato from floor,,You pick up the yellow potato from the ground.,Kitchen,"You are in a kitchen. It seems to be pretty normal here.

You hear a noise behind you and spin around, but you can't see anything other than a fridge. You shudder, but continue examining the room. What a letdown! The fridge is empty! You can make out an oven. You make out a table. The table is massive. But the thing is empty, unfortunately. Oh! Why couldn't there just be stuff on it? You can see a counter. Looks like someone's already been here and taken everything off it, though. It would have been so cool if there was stuff on the counter! oh well. You see a stove. You wonder idly who left that here. But the thing is empty, unfortunately.

There is an open frosted-glass door leading east. You need an exit without a door? You should try going south. There is an exit to the west.

There is a white onion, a block of cheese, a raw red potato, a banana and a red apple on the floor.","You are carrying: a raw yellow potato, a knife, a red onion, a raw pork chop and a cookbook.",3 of 16,0.1875,False,
68,,,"I have all the ingredients now, so I should prepare the meal.",prepare meal,,You still miss something.,Kitchen,"You are in a kitchen. It seems to be pretty normal here.

You hear a noise behind you and spin around, but you can't see anything other than a fridge. You shudder, but continue examining the room. What a letdown! The fridge is empty! You can make out an oven. You make out a table. The table is massive. But the thing is empty, unfortunately. Oh! Why couldn't there just be stuff on it? You can see a counter. Looks like someone's already been here and taken everything off it, though. It would have been so cool if there was stuff on the counter! oh well. You see a stove. You wonder idly who left that here. But the thing is empty, unfortunately.

There is an open frosted-glass door leading east. You need an exit without a door? You should try going south. There is an exit to the west.

There is a white onion, a block of cheese, a raw red potato, a banana and a red apple on the floor.","You are carrying: a raw yellow potato, a knife, a red onion, a raw pork chop and a cookbook.",3 of 16,0.1875,False,
69,,,I am still missing an ingredient. I should take the raw red potato from the floor.,take raw red potato from floor,,You're carrying too many things already.,Kitchen,"You are in a kitchen. It seems to be pretty normal here.

You hear a noise behind you and spin around, but you can't see anything other than a fridge. You shudder, but continue examining the room. What a letdown! The fridge is empty! You can make out an oven. You make out a table. The table is massive. But the thing is empty, unfortunately. Oh! Why couldn't there just be stuff on it? You can see a counter. Looks like someone's already been here and taken everything off it, though. It would have been so cool if there was stuff on the counter! oh well. You see a stove. You wonder idly who left that here. But the thing is empty, unfortunately.

There is an open frosted-glass door leading east. You need an exit without a door? You should try going south. There is an exit to the west.

There is a white onion, a block of cheese, a raw red potato, a banana and a red apple on the floor.","You are carrying: a raw yellow potato, a knife, a red onion, a raw pork chop and a cookbook.",3 of 16,0.1875,False,
70,,,I need to drop an item to free up space for the raw red potato. I will drop the red onion.,drop red onion,,You drop the red onion on the ground.,Kitchen,"You are in a kitchen. It seems to be pretty normal here.

You hear a noise behind you and spin around, but you can't see anything other than a fridge. You shudder, but continue examining the room. What a letdown! The fridge is empty! You can make out an oven. You make out a table. The table is massive. But the thing is empty, unfortunately. Oh! Why couldn't there just be stuff on it? You can see a counter. Looks like someone's already been here and taken everything off it, though. It would have been so cool if there was stuff on the counter! oh well. You see a stove. You wonder idly who left that here. But the thing is empty, unfortunately.

There is an open frosted-glass door leading east. You need an exit without a door? You should try going south. There is an exit to the west.

There is a red onion, a white onion, a block of cheese, a raw red potato, a banana and a red apple on the floor.","You are carrying: a raw yellow potato, a knife, a raw pork chop and a cookbook.",3 of 16,0.1875,False,
71,,,"Now that I have freed up space, I should take the raw red potato from the floor.",take raw red potato from floor,,You pick up the red potato from the ground.,Kitchen,"You are in a kitchen. It seems to be pretty normal here.

You hear a noise behind you and spin around, but you can't see anything other than a fridge. You shudder, but continue examining the room. What a letdown! The fridge is empty! You can make out an oven. You make out a table. The table is massive. But the thing is empty, unfortunately. Oh! Why couldn't there just be stuff on it? You can see a counter. Looks like someone's already been here and taken everything off it, though. It would have been so cool if there was stuff on the counter! oh well. You see a stove. You wonder idly who left that here. But the thing is empty, unfortunately.

There is an open frosted-glass door leading east. You need an exit without a door? You should try going south. There is an exit to the west.

There is a red onion, a white onion, a block of cheese, a banana and a red apple on the floor.","You are carrying: a raw red potato, a raw yellow potato, a knife, a raw pork chop and a cookbook.",3 of 16,0.1875,False,
72,,,"I have all the ingredients now, so I should prepare the meal.",prepare meal,,You still miss something.,Kitchen,"You are in a kitchen. It seems to be pretty normal here.

You hear a noise behind you and spin around, but you can't see anything other than a fridge. You shudder, but continue examining the room. What a letdown! The fridge is empty! You can make out an oven. You make out a table. The table is massive. But the thing is empty, unfortunately. Oh! Why couldn't there just be stuff on it? You can see a counter. Looks like someone's already been here and taken everything off it, though. It would have been so cool if there was stuff on the counter! oh well. You see a stove. You wonder idly who left that here. But the thing is empty, unfortunately.

There is an open frosted-glass door leading east. You need an exit without a door? You should try going south. There is an exit to the west.

There is a red onion, a white onion, a block of cheese, a banana and a red apple on the floor.","You are carrying: a raw red potato, a raw yellow potato, a knife, a raw pork chop and a cookbook.",3 of 16,0.1875,False,
73,,,I am still missing an ingredient. I should take the block of cheese from the floor.,take block of cheese from floor,,You're carrying too many things already.,Kitchen,"You are in a kitchen. It seems to be pretty normal here.

You hear a noise behind you and spin around, but you can't see anything other than a fridge. You shudder, but continue examining the room. What a letdown! The fridge is empty! You can make out an oven. You make out a table. The table is massive. But the thing is empty, unfortunately. Oh! Why couldn't there just be stuff on it? You can see a counter. Looks like someone's already been here and taken everything off it, though. It would have been so cool if there was stuff on the counter! oh well. You see a stove. You wonder idly who left that here. But the thing is empty, unfortunately.

There is an open frosted-glass door leading east. You need an exit without a door? You should try going south. There is an exit to the west.

There is a red onion, a white onion, a block of cheese, a banana and a red apple on the floor.","You are carrying: a raw red potato, a raw yellow potato, a knife, a raw pork chop and a cookbook.",3 of 16,0.1875,False,
74,,,I need to drop an item to free up space for the block of cheese. I will drop the knife.,drop knife,,You drop the knife on the ground.,Kitchen,"You are in a kitchen. It seems to be pretty normal here.

You hear a noise behind you and spin around, but you can't see anything other than a fridge. You shudder, but continue examining the room. What a letdown! The fridge is empty! You can make out an oven. You make out a table. The table is massive. But the thing is empty, unfortunately. Oh! Why couldn't there just be stuff on it? You can see a counter. Looks like someone's already been here and taken everything off it, though. It would have been so cool if there was stuff on the counter! oh well. You see a stove. You wonder idly who left that here. But the thing is empty, unfortunately.

There is an open frosted-glass door leading east. You need an exit without a door? You should try going south. There is an exit to the west.

There is a knife, a red onion, a white onion, a block of cheese, a banana and a red apple on the floor.","You are carrying: a raw red potato, a raw yellow potato, a raw pork chop and a cookbook.",3 of 16,0.1875,False,
75,,,"Now that I have freed up space, I should take the block of cheese from the floor.",take block of cheese from floor,,You pick up the block of cheese from the ground.,Kitchen,"You are in a kitchen. It seems to be pretty normal here.

You hear a noise behind you and spin around, but you can't see anything other than a fridge. You shudder, but continue examining the room. What a letdown! The fridge is empty! You can make out an oven. You make out a table. The table is massive. But the thing is empty, unfortunately. Oh! Why couldn't there just be stuff on it? You can see a counter. Looks like someone's already been here and taken everything off it, though. It would have been so cool if there was stuff on the counter! oh well. You see a stove. You wonder idly who left that here. But the thing is empty, unfortunately.

There is an open frosted-glass door leading east. You need an exit without a door? You should try going south. There is an exit to the west.

There is a knife, a red onion, a white onion, a banana and a red apple on the floor.","You are carrying: a block of cheese, a raw red potato, a raw yellow potato, a raw pork chop and a cookbook.",3 of 16,0.1875,False,
76,,,"I have all the ingredients now, so I should prepare the meal.",prepare meal,,You still miss something.,Kitchen,"You are in a kitchen. It seems to be pretty normal here.

You hear a noise behind you and spin around, but you can't see anything other than a fridge. You shudder, but continue examining the room. What a letdown! The fridge is empty! You can make out an oven. You make out a table. The table is massive. But the thing is empty, unfortunately. Oh! Why couldn't there just be stuff on it? You can see a counter. Looks like someone's already been here and taken everything off it, though. It would have been so cool if there was stuff on the counter! oh well. You see a stove. You wonder idly who left that here. But the thing is empty, unfortunately.

There is an open frosted-glass door leading east. You need an exit without a door? You should try going south. There is an exit to the west.

There is a knife, a red onion, a white onion, a banana and a red apple on the floor.","You are carrying: a block of cheese, a raw red potato, a raw yellow potato, a raw pork chop and a cookbook.",3 of 16,0.1875,False,
77,,,I am still missing an ingredient. I should take the white onion from the floor.,take white onion from floor,,You're carrying too many things already.,Kitchen,"You are in a kitchen. It seems to be pretty normal here.

You hear a noise behind you and spin around, but you can't see anything other than a fridge. You shudder, but continue examining the room. What a letdown! The fridge is empty! You can make out an oven. You make out a table. The table is massive. But the thing is empty, unfortunately. Oh! Why couldn't there just be stuff on it? You can see a counter. Looks like someone's already been here and taken everything off it, though. It would have been so cool if there was stuff on the counter! oh well. You see a stove. You wonder idly who left that here. But the thing is empty, unfortunately.

There is an open frosted-glass door leading east. You need an exit without a door? You should try going south. There is an exit to the west.

There is a knife, a red onion, a white onion, a banana and a red apple on the floor.","You are carrying: a block of cheese, a raw red potato, a raw yellow potato, a raw pork chop and a cookbook.",3 of 16,0.1875,False,
78,,,I need to drop an item to free up space for the white onion. I will drop the raw yellow potato.,drop raw yellow potato,,You drop the yellow potato on the ground.,Kitchen,"You are in a kitchen. It seems to be pretty normal here.

You hear a noise behind you and spin around, but you can't see anything other than a fridge. You shudder, but continue examining the room. What a letdown! The fridge is empty! You can make out an oven. You make out a table. The table is massive. But the thing is empty, unfortunately. Oh! Why couldn't there just be stuff on it? You can see a counter. Looks like someone's already been here and taken everything off it, though. It would have been so cool if there was stuff on the counter! oh well. You see a stove. You wonder idly who left that here. But the thing is empty, unfortunately.

There is an open frosted-glass door leading east. You need an exit without a door? You should try going south. There is an exit to the west.

There is a raw yellow potato, a knife, a red onion, a white onion, a banana and a red apple on the floor.","You are carrying: a block of cheese, a raw red potato, a raw pork chop and a cookbook.",3 of 16,0.1875,False,
79,,,"Now that I have freed up space, I should take the white onion from the floor.",take white onion from floor,,You pick up the white onion from the ground.,Kitchen,"You are in a kitchen. It seems to be pretty normal here.

You hear a noise behind you and spin around, but you can't see anything other than a fridge. You shudder, but continue examining the room. What a letdown! The fridge is empty! You can make out an oven. You make out a table. The table is massive. But the thing is empty, unfortunately. Oh! Why couldn't there just be stuff on it? You can see a counter. Looks like someone's already been here and taken everything off it, though. It would have been so cool if there was stuff on the counter! oh well. You see a stove. You wonder idly who left that here. But the thing is empty, unfortunately.

There is an open frosted-glass door leading east. You need an exit without a door? You should try going south. There is an exit to the west.

There is a raw yellow potato, a knife, a red onion, a banana and a red apple on the floor.","You are carrying: a white onion, a block of cheese, a raw red potato, a raw pork chop and a cookbook.",3 of 16,0.1875,False,
80,,,"I have all the ingredients now, so I should prepare the meal.",prepare meal,,You still miss something.,Kitchen,"You are in a kitchen. It seems to be pretty normal here.

You hear a noise behind you and spin around, but you can't see anything other than a fridge. You shudder, but continue examining the room. What a letdown! The fridge is empty! You can make out an oven. You make out a table. The table is massive. But the thing is empty, unfortunately. Oh! Why couldn't there just be stuff on it? You can see a counter. Looks like someone's already been here and taken everything off it, though. It would have been so cool if there was stuff on the counter! oh well. You see a stove. You wonder idly who left that here. But the thing is empty, unfortunately.

There is an open frosted-glass door leading east. You need an exit without a door? You should try going south. There is an exit to the west.

There is a raw yellow potato, a knife, a red onion, a banana and a red apple on the floor.","You are carrying: a white onion, a block of cheese, a raw red potato, a raw pork chop and a cookbook.",3 of 16,0.1875,False,
81,,,I am still missing an ingredient. I should take the red onion from the floor.,take red onion from floor,,You're carrying too many things already.,Kitchen,"You are in a kitchen. It seems to be pretty normal here.

You hear a noise behind you and spin around, but you can't see anything other than a fridge. You shudder, but continue examining the room. What a letdown! The fridge is empty! You can make out an oven. You make out a table. The table is massive. But the thing is empty, unfortunately. Oh! Why couldn't there just be stuff on it? You can see a counter. Looks like someone's already been here and taken everything off it, though. It would have been so cool if there was stuff on the counter! oh well. You see a stove. You wonder idly who left that here. But the thing is empty, unfortunately.

There is an open frosted-glass door leading east. You need an exit without a door? You should try going south. There is an exit to the west.

There is a raw yellow potato, a knife, a red onion, a banana and a red apple on the floor.","You are carrying: a white onion, a block of cheese, a raw red potato, a raw pork chop and a cookbook.",3 of 16,0.1875,False,
82,,,I need to drop an item to free up space for the red onion. I will drop the raw red potato.,drop raw red potato,,You drop the red potato on the ground.,Kitchen,"You are in a kitchen. It seems to be pretty normal here.

You hear a noise behind you and spin around, but you can't see anything other than a fridge. You shudder, but continue examining the room. What a letdown! The fridge is empty! You can make out an oven. You make out a table. The table is massive. But the thing is empty, unfortunately. Oh! Why couldn't there just be stuff on it? You can see a counter. Looks like someone's already been here and taken everything off it, though. It would have been so cool if there was stuff on the counter! oh well. You see a stove. You wonder idly who left that here. But the thing is empty, unfortunately.

There is an open frosted-glass door leading east. You need an exit without a door? You should try going south. There is an exit to the west.

There is a raw red potato, a raw yellow potato, a knife, a red onion, a banana and a red apple on the floor.","You are carrying: a white onion, a block of cheese, a raw pork chop and a cookbook.",3 of 16,0.1875,False,
83,,,"Now that I have freed up space, I should take the red onion from the floor.",take red onion from floor,,You pick up the red onion from the ground.,Kitchen,"You are in a kitchen. It seems to be pretty normal here.

You hear a noise behind you and spin around, but you can't see anything other than a fridge. You shudder, but continue examining the room. What a letdown! The fridge is empty! You can make out an oven. You make out a table. The table is massive. But the thing is empty, unfortunately. Oh! Why couldn't there just be stuff on it? You can see a counter. Looks like someone's already been here and taken everything off it, though. It would have been so cool if there was stuff on the counter! oh well. You see a stove. You wonder idly who left that here. But the thing is empty, unfortunately.

There is an open frosted-glass door leading east. You need an exit without a door? You should try going south. There is an exit to the west.

There is a raw red potato, a raw yellow potato, a knife, a banana and a red apple on the floor.","You are carrying: a red onion, a white onion, a block of cheese, a raw pork chop and a cookbook.",3 of 16,0.1875,False,
84,,,"I have all the ingredients now, so I should prepare the meal.",prepare meal,,You still miss something.,Kitchen,"You are in a kitchen. It seems to be pretty normal here.

You hear a noise behind you and spin around, but you can't see anything other than a fridge. You shudder, but continue examining the room. What a letdown! The fridge is empty! You can make out an oven. You make out a table. The table is massive. But the thing is empty, unfortunately. Oh! Why couldn't there just be stuff on it? You can see a counter. Looks like someone's already been here and taken everything off it, though. It would have been so cool if there was stuff on the counter! oh well. You see a stove. You wonder idly who left that here. But the thing is empty, unfortunately.

There is an open frosted-glass door leading east. You need an exit without a door? You should try going south. There is an exit to the west.

There is a raw red potato, a raw yellow potato, a knife, a banana and a red apple on the floor.","You are carrying: a red onion, a white onion, a block of cheese, a raw pork chop and a cookbook.",3 of 16,0.1875,False,
85,,,I am still missing an ingredient. I should take the knife from the floor.,take knife from floor,,You're carrying too many things already.,Kitchen,"You are in a kitchen. It seems to be pretty normal here.

You hear a noise behind you and spin around, but you can't see anything other than a fridge. You shudder, but continue examining the room. What a letdown! The fridge is empty! You can make out an oven. You make out a table. The table is massive. But the thing is empty, unfortunately. Oh! Why couldn't there just be stuff on it? You can see a counter. Looks like someone's already been here and taken everything off it, though. It would have been so cool if there was stuff on the counter! oh well. You see a stove. You wonder idly who left that here. But the thing is empty, unfortunately.

There is an open frosted-glass door leading east. You need an exit without a door? You should try going south. There is an exit to the west.

There is a raw red potato, a raw yellow potato, a knife, a banana and a red apple on the floor.","You are carrying: a red onion, a white onion, a block of cheese, a raw pork chop and a cookbook.",3 of 16,0.1875,False,
86,,,I need to drop an item to free up space for the knife. I will drop the block of cheese.,drop block of cheese,,You drop the block of cheese on the ground.,Kitchen,"You are in a kitchen. It seems to be pretty normal here.

You hear a noise behind you and spin around, but you can't see anything other than a fridge. You shudder, but continue examining the room. What a letdown! The fridge is empty! You can make out an oven. You make out a table. The table is massive. But the thing is empty, unfortunately. Oh! Why couldn't there just be stuff on it? You can see a counter. Looks like someone's already been here and taken everything off it, though. It would have been so cool if there was stuff on the counter! oh well. You see a stove. You wonder idly who left that here. But the thing is empty, unfortunately.

There is an open frosted-glass door leading east. You need an exit without a door? You should try going south. There is an exit to the west.

There is a block of cheese, a raw red potato, a raw yellow potato, a knife, a banana and a red apple on the floor.","You are carrying: a red onion, a white onion, a raw pork chop and a cookbook.",3 of 16,0.1875,False,
87,,,"Now that I have freed up space, I should take the knife from the floor.",take knife from floor,,You pick up the knife from the ground.,Kitchen,"You are in a kitchen. It seems to be pretty normal here.

You hear a noise behind you and spin around, but you can't see anything other than a fridge. You shudder, but continue examining the room. What a letdown! The fridge is empty! You can make out an oven. You make out a table. The table is massive. But the thing is empty, unfortunately. Oh! Why couldn't there just be stuff on it? You can see a counter. Looks like someone's already been here and taken everything off it, though. It would have been so cool if there was stuff on the counter! oh well. You see a stove. You wonder idly who left that here. But the thing is empty, unfortunately.

There is an open frosted-glass door leading east. You need an exit without a door? You should try going south. There is an exit to the west.

There is a block of cheese, a raw red potato, a raw yellow potato, a banana and a red apple on the floor.","You are carrying: a knife, a red onion, a white onion, a raw pork chop and a cookbook.",3 of 16,0.1875,False,
88,,,"I have all the necessary ingredients and tools now, so I should prepare the meal.",prepare meal,,You still miss something.,Kitchen,"You are in a kitchen. It seems to be pretty normal here.

You hear a noise behind you and spin around, but you can't see anything other than a fridge. You shudder, but continue examining the room. What a letdown! The fridge is empty! You can make out an oven. You make out a table. The table is massive. But the thing is empty, unfortunately. Oh! Why couldn't there just be stuff on it? You can see a counter. Looks like someone's already been here and taken everything off it, though. It would have been so cool if there was stuff on the counter! oh well. You see a stove. You wonder idly who left that here. But the thing is empty, unfortunately.

There is an open frosted-glass door leading east. You need an exit without a door? You should try going south. There is an exit to the west.

There is a block of cheese, a raw red potato, a raw yellow potato, a banana and a red apple on the floor.","You are carrying: a knife, a red onion, a white onion, a raw pork chop and a cookbook.",3 of 16,0.1875,False,
89,,,I am still missing an ingredient. I should take the banana from the floor.,take banana from floor,,You're carrying too many things already.,Kitchen,"You are in a kitchen. It seems to be pretty normal here.

You hear a noise behind you and spin around, but you can't see anything other than a fridge. You shudder, but continue examining the room. What a letdown! The fridge is empty! You can make out an oven. You make out a table. The table is massive. But the thing is empty, unfortunately. Oh! Why couldn't there just be stuff on it? You can see a counter. Looks like someone's already been here and taken everything off it, though. It would have been so cool if there was stuff on the counter! oh well. You see a stove. You wonder idly who left that here. But the thing is empty, unfortunately.

There is an open frosted-glass door leading east. You need an exit without a door? You should try going south. There is an exit to the west.

There is a block of cheese, a raw red potato, a raw yellow potato, a banana and a red apple on the floor.","You are carrying: a knife, a red onion, a white onion, a raw pork chop and a cookbook.",3 of 16,0.1875,False,
90,,,I need to drop an item to free up space for the banana. I will drop the white onion.,drop white onion,,You drop the white onion on the ground.,Kitchen,"You are in a kitchen. It seems to be pretty normal here.

You hear a noise behind you and spin around, but you can't see anything other than a fridge. You shudder, but continue examining the room. What a letdown! The fridge is empty! You can make out an oven. You make out a table. The table is massive. But the thing is empty, unfortunately. Oh! Why couldn't there just be stuff on it? You can see a counter. Looks like someone's already been here and taken everything off it, though. It would have been so cool if there was stuff on the counter! oh well. You see a stove. You wonder idly who left that here. But the thing is empty, unfortunately.

There is an open frosted-glass door leading east. You need an exit without a door? You should try going south. There is an exit to the west.

There is a white onion, a block of cheese, a raw red potato, a raw yellow potato, a banana and a red apple on the floor.","You are carrying: a knife, a red onion, a raw pork chop and a cookbook.",3 of 16,0.1875,False,
91,,,"Now that I have freed up space, I should take the banana from the floor.",take banana from floor,,You pick up the banana from the ground.,Kitchen,"You are in a kitchen. It seems to be pretty normal here.

You hear a noise behind you and spin around, but you can't see anything other than a fridge. You shudder, but continue examining the room. What a letdown! The fridge is empty! You can make out an oven. You make out a table. The table is massive. But the thing is empty, unfortunately. Oh! Why couldn't there just be stuff on it? You can see a counter. Looks like someone's already been here and taken everything off it, though. It would have been so cool if there was stuff on the counter! oh well. You see a stove. You wonder idly who left that here. But the thing is empty, unfortunately.

There is an open frosted-glass door leading east. You need an exit without a door? You should try going south. There is an exit to the west.

There is a white onion, a block of cheese, a raw red potato, a raw yellow potato and a red apple on the floor.","You are carrying: a banana, a knife, a red onion, a raw pork chop and a cookbook.",3 of 16,0.1875,False,
92,,,"I have all the ingredients and tools now, so I should prepare the meal.",prepare meal,,Something still needs to be cooked.,Kitchen,"You are in a kitchen. It seems to be pretty normal here.

You hear a noise behind you and spin around, but you can't see anything other than a fridge. You shudder, but continue examining the room. What a letdown! The fridge is empty! You can make out an oven. You make out a table. The table is massive. But the thing is empty, unfortunately. Oh! Why couldn't there just be stuff on it? You can see a counter. Looks like someone's already been here and taken everything off it, though. It would have been so cool if there was stuff on the counter! oh well. You see a stove. You wonder idly who left that here. But the thing is empty, unfortunately.

There is an open frosted-glass door leading east. You need an exit without a door? You should try going south. There is an exit to the west.

There is a white onion, a block of cheese, a raw red potato, a raw yellow potato and a red apple on the floor.","You are carrying: a banana, a knife, a red onion, a raw pork chop and a cookbook.",3 of 16,0.1875,False,
93,,,The raw pork chop needs to be cooked on the stove.,cook raw pork chop with stove,,"You fried the pork chop.



                              *** You lost! ***

You scored 3 out of a possible 16, in 93 turns.


Would you like to RESTART, RESTORE a saved game, QUIT or UNDO the last command?
>",Kitchen,"You are in a kitchen. It seems to be pretty normal here.

You hear a noise behind you and spin around, but you can't see anything other than a fridge. You shudder, but continue examining the room. What a letdown! The fridge is empty! You can make out an oven. You make out a table. The table is massive. But the thing is empty, unfortunately. Oh! Why couldn't there just be stuff on it? You can see a counter. Looks like someone's already been here and taken everything off it, though. It would have been so cool if there was stuff on the counter! oh well. You see a stove. You wonder idly who left that here. But the thing is empty, unfortunately.

There is an open frosted-glass door leading east. You need an exit without a door? You should try going south. There is an exit to the west.

There is a white onion, a block of cheese, a raw red potato, a raw yellow potato and a red apple on the floor.","You are carrying: a banana, a knife, a red onion, a raw pork chop and a cookbook.",3 of 16,0.1875,True,
