step_id,plan,thought,action,task,feedback,location,description,inventory,score,reward,is_done,error
0,,,,"You are hungry! Let's cook a delicious meal. Check the cookbook in the kitchen for the recipe. Once done, enjoy your meal!",,Garden,"You arrive in a garden. A normal kind of place.



There is an exit to the west.

There is a carrot, a raw yellow potato and a yellow bell pepper on the floor.","You are carrying: a red apple, a block of cheese and a red hot pepper.",0 of 17,0.0,False,
1,,I should go west to reach the kitchen and find the cookbook with the recipe.,go west,,"You find yourself in a backyard.

You make out a patio table. The patio table appears to be empty. You move on, clearly upset with TextWorld. Oh, great. Here's a patio chair. However, the patio chair, like an empty patio chair, has nothing on it. You make out a BBQ, so there's that.

There is a closed wooden door leading north. There is a closed screen door leading south. There is an exit to the east.",Backyard,"You find yourself in a backyard.

You make out a patio table. The patio table appears to be empty. You move on, clearly upset with TextWorld. Oh, great. Here's a patio chair. However, the patio chair, like an empty patio chair, has nothing on it. You make out a BBQ, so there's that.

There is a closed wooden door leading north. There is a closed screen door leading south. There is an exit to the east.","You are carrying: a red apple, a block of cheese and a red hot pepper.",0 of 17,0.0,False,
2,,I'll open the closed wooden door to go into the house toward the kitchen.,open wooden door,,You open wooden door.,Backyard,"You find yourself in a backyard.

You make out a patio table. The patio table appears to be empty. You move on, clearly upset with TextWorld. Oh, great. Here's a patio chair. However, the patio chair, like an empty patio chair, has nothing on it. You make out a BBQ, so there's that.

There is an open wooden door leading north. There is a closed screen door leading south. There is an exit to the east.","You are carrying: a red apple, a block of cheese and a red hot pepper.",0 of 17,0.0,False,
3,,I'll go north through the open wooden door into the house to look for the kitchen and the cookbook.,go north,,"You find yourself in a shed. A typical one. You begin to take stock of what's in the room.

Look over there! a toolbox. You see a gleam over in a corner, where you can see a workbench. The workbench is wooden. But the thing is empty, unfortunately.

There is an open wooden door leading south.",Shed,"You find yourself in a shed. A typical one. You begin to take stock of what's in the room.

Look over there! a toolbox. You see a gleam over in a corner, where you can see a workbench. The workbench is wooden. But the thing is empty, unfortunately.

There is an open wooden door leading south.","You are carrying: a red apple, a block of cheese and a red hot pepper.",0 of 17,0.0,False,
4,,I'll go south to return to the backyard and then continue toward the kitchen area to find the cookbook.,go south,,"You find yourself in a backyard.

You make out a patio table. The patio table appears to be empty. You move on, clearly upset with TextWorld. Oh, great. Here's a patio chair. However, the patio chair, like an empty patio chair, has nothing on it. You make out a BBQ, so there's that.

There is an open wooden door leading north. There is a closed screen door leading south. There is an exit to the east.",Backyard,"You find yourself in a backyard.

You make out a patio table. The patio table appears to be empty. You move on, clearly upset with TextWorld. Oh, great. Here's a patio chair. However, the patio chair, like an empty patio chair, has nothing on it. You make out a BBQ, so there's that.

There is an open wooden door leading north. There is a closed screen door leading south. There is an exit to the east.","You are carrying: a red apple, a block of cheese and a red hot pepper.",0 of 17,0.0,False,
5,,I will go east to continue searching for the kitchen and the cookbook.,go east,,"You arrive in a garden. A normal kind of place.



There is an exit to the west.

There is a carrot, a raw yellow potato and a yellow bell pepper on the floor.",Garden,"You arrive in a garden. A normal kind of place.



There is an exit to the west.

There is a carrot, a raw yellow potato and a yellow bell pepper on the floor.","You are carrying: a red apple, a block of cheese and a red hot pepper.",0 of 17,0.0,False,
6,,I'll go west to return to the backyard and try the screen door to reach the house/kitchen.,go west,,"You find yourself in a backyard.

You make out a patio table. The patio table appears to be empty. You move on, clearly upset with TextWorld. Oh, great. Here's a patio chair. However, the patio chair, like an empty patio chair, has nothing on it. You make out a BBQ, so there's that.

There is an open wooden door leading north. There is a closed screen door leading south. There is an exit to the east.",Backyard,"You find yourself in a backyard.

You make out a patio table. The patio table appears to be empty. You move on, clearly upset with TextWorld. Oh, great. Here's a patio chair. However, the patio chair, like an empty patio chair, has nothing on it. You make out a BBQ, so there's that.

There is an open wooden door leading north. There is a closed screen door leading south. There is an exit to the east.","You are carrying: a red apple, a block of cheese and a red hot pepper.",0 of 17,0.0,False,
7,,I'll open the closed screen door to go south into the house and look for the kitchen and the cookbook.,open screen door,,You open screen door.,Backyard,"You find yourself in a backyard.

You make out a patio table. The patio table appears to be empty. You move on, clearly upset with TextWorld. Oh, great. Here's a patio chair. However, the patio chair, like an empty patio chair, has nothing on it. You make out a BBQ, so there's that.

There is an open wooden door leading north. There is an open screen door leading south. There is an exit to the east.","You are carrying: a red apple, a block of cheese and a red hot pepper.",0 of 17,0.0,False,
8,,I'll go south through the open screen door into the house to find the kitchen and the cookbook.,go south,,"You've just shown up in a kitchen.

You can see a closed conventional looking fridge here. You see a closed oven here. You can make out a table. You shudder, but continue examining the table. The table is massive. On the table you make out a knife. You can't wait to tell the folks at home about this! You lean against the wall, inadvertently pressing a secret button. The wall opens up to reveal a counter. What a coincidence, weren't you just thinking about a counter? On the counter you make out a raw purple potato, a raw red potato and a cookbook. You can make out a stove. The stove is conventional. However, the stove, like an empty stove, has nothing on it.

There is a closed plain door leading east. There is an open screen door leading north. There is an exit to the west.",Kitchen,"You've just shown up in a kitchen.

You can see a closed conventional looking fridge here. You see a closed oven here. You can make out a table. You shudder, but continue examining the table. The table is massive. On the table you make out a knife. You can't wait to tell the folks at home about this! You lean against the wall, inadvertently pressing a secret button. The wall opens up to reveal a counter. What a coincidence, weren't you just thinking about a counter? On the counter you make out a raw purple potato, a raw red potato and a cookbook. You can make out a stove. The stove is conventional. However, the stove, like an empty stove, has nothing on it.

There is a closed plain door leading east. There is an open screen door leading north. There is an exit to the west.","You are carrying: a red apple, a block of cheese and a red hot pepper.",0 of 17,0.0,False,
9,,I'll examine the cookbook on the counter to read the recipe.,examine cookbook,,"You open the copy of ""Cooking: A Modern Approach (3rd Ed.)"" and start reading:

Recipe #1
---------
Gather all following ingredients and follow the directions to prepare this tasty meal.

Ingredients:
carrot
  pork chop
  purple potato
  red onion
  yellow potato

Directions:
slice the carrot
  fry the carrot
  dice the pork chop
  roast the pork chop
  dice the purple potato
  roast the purple potato
  dice the red onion
  roast the red onion
  chop the yellow potato
  roast the yellow potato
  prepare meal",Kitchen,"You've just shown up in a kitchen.

You can see a closed conventional looking fridge here. You see a closed oven here. You can make out a table. You shudder, but continue examining the table. The table is massive. On the table you make out a knife. You can't wait to tell the folks at home about this! You lean against the wall, inadvertently pressing a secret button. The wall opens up to reveal a counter. What a coincidence, weren't you just thinking about a counter? On the counter you make out a raw purple potato, a raw red potato and a cookbook. You can make out a stove. The stove is conventional. However, the stove, like an empty stove, has nothing on it.

There is a closed plain door leading east. There is an open screen door leading north. There is an exit to the west.","You are carrying: a red apple, a block of cheese and a red hot pepper.",0 of 17,0.0,False,
10,,I'll take the knife from the table so I can slice and dice ingredients.,take knife from table,,You take the knife from the table.,Kitchen,"You've just shown up in a kitchen.

You can see a closed conventional looking fridge here. You see a closed oven here. You can make out a table. You shudder, but continue examining the table. The table is massive. But the thing is empty, unfortunately. You lean against the wall, inadvertently pressing a secret button. The wall opens up to reveal a counter. What a coincidence, weren't you just thinking about a counter? On the counter you make out a raw purple potato, a raw red potato and a cookbook. You can make out a stove. The stove is conventional. However, the stove, like an empty stove, has nothing on it.

There is a closed plain door leading east. There is an open screen door leading north. There is an exit to the west.","You are carrying: a knife, a red apple, a block of cheese and a red hot pepper.",0 of 17,0.0,False,
11,,I'll open the fridge to look for the pork chop and any other missing ingredients.,open fridge,,"You open the fridge, revealing a red onion and a white onion.",Kitchen,"You've just shown up in a kitchen.

You can see an opened conventional looking fridge here. The fridge contains a red onion and a white onion. You see a closed oven here. You can make out a table. You shudder, but continue examining the table. The table is massive. But the thing is empty, unfortunately. You lean against the wall, inadvertently pressing a secret button. The wall opens up to reveal a counter. What a coincidence, weren't you just thinking about a counter? On the counter you make out a raw purple potato, a raw red potato and a cookbook. You can make out a stove. The stove is conventional. However, the stove, like an empty stove, has nothing on it.

There is a closed plain door leading east. There is an open screen door leading north. There is an exit to the west.","You are carrying: a knife, a red apple, a block of cheese and a red hot pepper.",0 of 17,0.0,False,
12,,I'll go north to the backyard and check the BBQ for a pork chop.,go north,,"You find yourself in a backyard.

You make out a patio table. The patio table appears to be empty. You move on, clearly upset with TextWorld. Oh, great. Here's a patio chair. However, the patio chair, like an empty patio chair, has nothing on it. You make out a BBQ, so there's that.

There is an open wooden door leading north. There is an open screen door leading south. There is an exit to the east.",Backyard,"You find yourself in a backyard.

You make out a patio table. The patio table appears to be empty. You move on, clearly upset with TextWorld. Oh, great. Here's a patio chair. However, the patio chair, like an empty patio chair, has nothing on it. You make out a BBQ, so there's that.

There is an open wooden door leading north. There is an open screen door leading south. There is an exit to the east.","You are carrying: a knife, a red apple, a block of cheese and a red hot pepper.",0 of 17,0.0,False,
13,,I'll examine the BBQ to see if there is a pork chop on or in it.,examine BBQ,,Useful for grilling things.,Backyard,"You find yourself in a backyard.

You make out a patio table. The patio table appears to be empty. You move on, clearly upset with TextWorld. Oh, great. Here's a patio chair. However, the patio chair, like an empty patio chair, has nothing on it. You make out a BBQ, so there's that.

There is an open wooden door leading north. There is an open screen door leading south. There is an exit to the east.","You are carrying: a knife, a red apple, a block of cheese and a red hot pepper.",0 of 17,0.0,False,
14,,I'll go north into the shed to check the toolbox for a pork chop.,go north,,"You find yourself in a shed. A typical one. You begin to take stock of what's in the room.

Look over there! a toolbox. You see a gleam over in a corner, where you can see a workbench. The workbench is wooden. But the thing is empty, unfortunately.

There is an open wooden door leading south.",Shed,"You find yourself in a shed. A typical one. You begin to take stock of what's in the room.

Look over there! a toolbox. You see a gleam over in a corner, where you can see a workbench. The workbench is wooden. But the thing is empty, unfortunately.

There is an open wooden door leading south.","You are carrying: a knife, a red apple, a block of cheese and a red hot pepper.",0 of 17,0.0,False,
15,,I should examine the toolbox to see if the pork chop is inside.,examine toolbox,,The toolbox looks noble. You can't see inside it because the lid's in your way.,Shed,"You find yourself in a shed. A typical one. You begin to take stock of what's in the room.

Look over there! a toolbox. You see a gleam over in a corner, where you can see a workbench. The workbench is wooden. But the thing is empty, unfortunately.

There is an open wooden door leading south.","You are carrying: a knife, a red apple, a block of cheese and a red hot pepper.",0 of 17,0.0,False,
16,,I'll open the toolbox to see what's inside.,open toolbox,,You open the toolbox.,Shed,"You find yourself in a shed. A typical one. You begin to take stock of what's in the room.

Look over there! a toolbox. The toolbox is empty! This is the worst thing that could possibly happen, ever! You see a gleam over in a corner, where you can see a workbench. The workbench is wooden. But the thing is empty, unfortunately.

There is an open wooden door leading south.","You are carrying: a knife, a red apple, a block of cheese and a red hot pepper.",0 of 17,0.0,False,
17,,I'll go south to the backyard to return to the kitchen and check the oven for the pork chop.,go south,,"You find yourself in a backyard.

You make out a patio table. The patio table appears to be empty. You move on, clearly upset with TextWorld. Oh, great. Here's a patio chair. However, the patio chair, like an empty patio chair, has nothing on it. You make out a BBQ, so there's that.

There is an open wooden door leading north. There is an open screen door leading south. There is an exit to the east.",Backyard,"You find yourself in a backyard.

You make out a patio table. The patio table appears to be empty. You move on, clearly upset with TextWorld. Oh, great. Here's a patio chair. However, the patio chair, like an empty patio chair, has nothing on it. You make out a BBQ, so there's that.

There is an open wooden door leading north. There is an open screen door leading south. There is an exit to the east.","You are carrying: a knife, a red apple, a block of cheese and a red hot pepper.",0 of 17,0.0,False,
18,,I'll go east to the garden to pick up the carrot and the yellow potato needed for the recipe.,go east,,"You arrive in a garden. A normal kind of place.



There is an exit to the west.

There is a carrot, a raw yellow potato and a yellow bell pepper on the floor.",Garden,"You arrive in a garden. A normal kind of place.



There is an exit to the west.

There is a carrot, a raw yellow potato and a yellow bell pepper on the floor.","You are carrying: a knife, a red apple, a block of cheese and a red hot pepper.",0 of 17,0.0,False,
19,,I'll take the carrot from the floor so I have that ingredient for the recipe.,take carrot from floor,,"You pick up the carrot from the ground.



Your score has just gone up by one point.",Garden,"You arrive in a garden. A normal kind of place.



There is an exit to the west.

There is a raw yellow potato and a yellow bell pepper on the floor.","You are carrying: a carrot, a knife, a red apple, a block of cheese and a red hot pepper.",1 of 17,0.058823529411764705,False,
20,,I'll go west to the backyard and then head into the kitchen to get the remaining ingredients and check the oven for the pork chop.,go west,,"You find yourself in a backyard.

You make out a patio table. The patio table appears to be empty. You move on, clearly upset with TextWorld. Oh, great. Here's a patio chair. However, the patio chair, like an empty patio chair, has nothing on it. You make out a BBQ, so there's that.

There is an open wooden door leading north. There is an open screen door leading south. There is an exit to the east.",Backyard,"You find yourself in a backyard.

You make out a patio table. The patio table appears to be empty. You move on, clearly upset with TextWorld. Oh, great. Here's a patio chair. However, the patio chair, like an empty patio chair, has nothing on it. You make out a BBQ, so there's that.

There is an open wooden door leading north. There is an open screen door leading south. There is an exit to the east.","You are carrying: a carrot, a knife, a red apple, a block of cheese and a red hot pepper.",1 of 17,0.058823529411764705,False,
21,,I'll go south through the open screen door into the kitchen to collect the purple potato and the red onion.,go south,,"You've just shown up in a kitchen.

You can see an opened conventional looking fridge here. The fridge contains a red onion and a white onion. You see a closed oven here. You can make out a table. You shudder, but continue examining the table. The table is massive. But the thing is empty, unfortunately. You lean against the wall, inadvertently pressing a secret button. The wall opens up to reveal a counter. What a coincidence, weren't you just thinking about a counter? On the counter you make out a raw purple potato, a raw red potato and a cookbook. You can make out a stove. The stove is conventional. However, the stove, like an empty stove, has nothing on it.

There is a closed plain door leading east. There is an open screen door leading north. There is an exit to the west.",Kitchen,"You've just shown up in a kitchen.

You can see an opened conventional looking fridge here. The fridge contains a red onion and a white onion. You see a closed oven here. You can make out a table. You shudder, but continue examining the table. The table is massive. But the thing is empty, unfortunately. You lean against the wall, inadvertently pressing a secret button. The wall opens up to reveal a counter. What a coincidence, weren't you just thinking about a counter? On the counter you make out a raw purple potato, a raw red potato and a cookbook. You can make out a stove. The stove is conventional. However, the stove, like an empty stove, has nothing on it.

There is a closed plain door leading east. There is an open screen door leading north. There is an exit to the west.","You are carrying: a carrot, a knife, a red apple, a block of cheese and a red hot pepper.",1 of 17,0.058823529411764705,False,
22,,I'll open the oven to see if the pork chop is inside.,open oven,,You open the oven.,Kitchen,"You've just shown up in a kitchen.

You can see an opened conventional looking fridge here. The fridge contains a red onion and a white onion. You see an opened oven here. What a letdown! The oven is empty! You can make out a table. You shudder, but continue examining the table. The table is massive. But the thing is empty, unfortunately. You lean against the wall, inadvertently pressing a secret button. The wall opens up to reveal a counter. What a coincidence, weren't you just thinking about a counter? On the counter you make out a raw purple potato, a raw red potato and a cookbook. You can make out a stove. The stove is conventional. However, the stove, like an empty stove, has nothing on it.

There is a closed plain door leading east. There is an open screen door leading north. There is an exit to the west.","You are carrying: a carrot, a knife, a red apple, a block of cheese and a red hot pepper.",1 of 17,0.058823529411764705,False,
23,,I'll open the plain door to see if the pork chop or other ingredients are in the next room.,open plain door,,You open plain door.,Kitchen,"You've just shown up in a kitchen.

You can see an opened conventional looking fridge here. The fridge contains a red onion and a white onion. You see an opened oven here. What a letdown! The oven is empty! You can make out a table. You shudder, but continue examining the table. The table is massive. But the thing is empty, unfortunately. You lean against the wall, inadvertently pressing a secret button. The wall opens up to reveal a counter. What a coincidence, weren't you just thinking about a counter? On the counter you make out a raw purple potato, a raw red potato and a cookbook. You can make out a stove. The stove is conventional. However, the stove, like an empty stove, has nothing on it.

There is an open plain door leading east. There is an open screen door leading north. There is an exit to the west.","You are carrying: a carrot, a knife, a red apple, a block of cheese and a red hot pepper.",1 of 17,0.058823529411764705,False,
24,,I'll go east through the open plain door to search for the pork chop and any other missing ingredients.,go east,,"You find yourself in a pantry. A standard kind of place.

You hear a noise behind you and spin around, but you can't see anything other than a shelf. I guess it's true what they say, if you're looking for a shelf, go to TextWorld. The shelf is wooden. The shelf appears to be empty. Oh! Why couldn't there just be stuff on it?

There is an open plain door leading west.",Pantry,"You find yourself in a pantry. A standard kind of place.

You hear a noise behind you and spin around, but you can't see anything other than a shelf. I guess it's true what they say, if you're looking for a shelf, go to TextWorld. The shelf is wooden. The shelf appears to be empty. Oh! Why couldn't there just be stuff on it?

There is an open plain door leading west.","You are carrying: a carrot, a knife, a red apple, a block of cheese and a red hot pepper.",1 of 17,0.058823529411764705,False,
25,,I'll go west to the kitchen to collect the purple potato and the red onion for the recipe.,go west,,"You've just shown up in a kitchen.

You can see an opened conventional looking fridge here. The fridge contains a red onion and a white onion. You see an opened oven here. What a letdown! The oven is empty! You can make out a table. You shudder, but continue examining the table. The table is massive. But the thing is empty, unfortunately. You lean against the wall, inadvertently pressing a secret button. The wall opens up to reveal a counter. What a coincidence, weren't you just thinking about a counter? On the counter you make out a raw purple potato, a raw red potato and a cookbook. You can make out a stove. The stove is conventional. However, the stove, like an empty stove, has nothing on it.

There is an open plain door leading east. There is an open screen door leading north. There is an exit to the west.",Kitchen,"You've just shown up in a kitchen.

You can see an opened conventional looking fridge here. The fridge contains a red onion and a white onion. You see an opened oven here. What a letdown! The oven is empty! You can make out a table. You shudder, but continue examining the table. The table is massive. But the thing is empty, unfortunately. You lean against the wall, inadvertently pressing a secret button. The wall opens up to reveal a counter. What a coincidence, weren't you just thinking about a counter? On the counter you make out a raw purple potato, a raw red potato and a cookbook. You can make out a stove. The stove is conventional. However, the stove, like an empty stove, has nothing on it.

There is an open plain door leading east. There is an open screen door leading north. There is an exit to the west.","You are carrying: a carrot, a knife, a red apple, a block of cheese and a red hot pepper.",1 of 17,0.058823529411764705,False,
26,,I'll go north to the backyard to check the BBQ for a pork chop.,go north,,"You find yourself in a backyard.

You make out a patio table. The patio table appears to be empty. You move on, clearly upset with TextWorld. Oh, great. Here's a patio chair. However, the patio chair, like an empty patio chair, has nothing on it. You make out a BBQ, so there's that.

There is an open wooden door leading north. There is an open screen door leading south. There is an exit to the east.",Backyard,"You find yourself in a backyard.

You make out a patio table. The patio table appears to be empty. You move on, clearly upset with TextWorld. Oh, great. Here's a patio chair. However, the patio chair, like an empty patio chair, has nothing on it. You make out a BBQ, so there's that.

There is an open wooden door leading north. There is an open screen door leading south. There is an exit to the east.","You are carrying: a carrot, a knife, a red apple, a block of cheese and a red hot pepper.",1 of 17,0.058823529411764705,False,
27,,I'll go east to the garden to pick up the raw yellow potato needed for the recipe.,go east,,"You arrive in a garden. A normal kind of place.



There is an exit to the west.

There is a raw yellow potato and a yellow bell pepper on the floor.",Garden,"You arrive in a garden. A normal kind of place.



There is an exit to the west.

There is a raw yellow potato and a yellow bell pepper on the floor.","You are carrying: a carrot, a knife, a red apple, a block of cheese and a red hot pepper.",1 of 17,0.058823529411764705,False,
28,,I'll take the raw yellow potato from the floor so I have that ingredient for the recipe.,take raw yellow potato from floor,,You're carrying too many things already.,Garden,"You arrive in a garden. A normal kind of place.



There is an exit to the west.

There is a raw yellow potato and a yellow bell pepper on the floor.","You are carrying: a carrot, a knife, a red apple, a block of cheese and a red hot pepper.",1 of 17,0.058823529411764705,False,
29,,I should drop the block of cheese to free up inventory space so I can pick up the yellow potato.,drop block of cheese,,You drop the block of cheese on the ground.,Garden,"You arrive in a garden. A normal kind of place.



There is an exit to the west.

There is a block of cheese, a raw yellow potato and a yellow bell pepper on the floor.","You are carrying: a carrot, a knife, a red apple and a red hot pepper.",1 of 17,0.058823529411764705,False,
30,,I'll take the raw yellow potato from the floor so I have that ingredient for the recipe.,take raw yellow potato from floor,,"You pick up the yellow potato from the ground.



Your score has just gone up by one point.",Garden,"You arrive in a garden. A normal kind of place.



There is an exit to the west.

There is a block of cheese and a yellow bell pepper on the floor.","You are carrying: a raw yellow potato, a carrot, a knife, a red apple and a red hot pepper.",2 of 17,0.11764705882352941,False,
31,,I'll go west to the backyard so I can head into the kitchen and collect the purple potato and red onion.,go west,,"You find yourself in a backyard.

You make out a patio table. The patio table appears to be empty. You move on, clearly upset with TextWorld. Oh, great. Here's a patio chair. However, the patio chair, like an empty patio chair, has nothing on it. You make out a BBQ, so there's that.

There is an open wooden door leading north. There is an open screen door leading south. There is an exit to the east.",Backyard,"You find yourself in a backyard.

You make out a patio table. The patio table appears to be empty. You move on, clearly upset with TextWorld. Oh, great. Here's a patio chair. However, the patio chair, like an empty patio chair, has nothing on it. You make out a BBQ, so there's that.

There is an open wooden door leading north. There is an open screen door leading south. There is an exit to the east.","You are carrying: a raw yellow potato, a carrot, a knife, a red apple and a red hot pepper.",2 of 17,0.11764705882352941,False,
32,,I'll open the BBQ to check whether a pork chop is inside.,open BBQ,,You open the BBQ.,Backyard,"You find yourself in a backyard.

You make out a patio table. The patio table appears to be empty. You move on, clearly upset with TextWorld. Oh, great. Here's a patio chair. However, the patio chair, like an empty patio chair, has nothing on it. You make out a BBQ, so there's that. What a letdown! The BBQ is empty!

There is an open wooden door leading north. There is an open screen door leading south. There is an exit to the east.","You are carrying: a raw yellow potato, a carrot, a knife, a red apple and a red hot pepper.",2 of 17,0.11764705882352941,False,
33,,I'll go south through the open screen door into the kitchen to collect the purple potato and the red onion.,go south,,"You've just shown up in a kitchen.

You can see an opened conventional looking fridge here. The fridge contains a red onion and a white onion. You see an opened oven here. What a letdown! The oven is empty! You can make out a table. You shudder, but continue examining the table. The table is massive. But the thing is empty, unfortunately. You lean against the wall, inadvertently pressing a secret button. The wall opens up to reveal a counter. What a coincidence, weren't you just thinking about a counter? On the counter you make out a raw purple potato, a raw red potato and a cookbook. You can make out a stove. The stove is conventional. However, the stove, like an empty stove, has nothing on it.

There is an open plain door leading east. There is an open screen door leading north. There is an exit to the west.",Kitchen,"You've just shown up in a kitchen.

You can see an opened conventional looking fridge here. The fridge contains a red onion and a white onion. You see an opened oven here. What a letdown! The oven is empty! You can make out a table. You shudder, but continue examining the table. The table is massive. But the thing is empty, unfortunately. You lean against the wall, inadvertently pressing a secret button. The wall opens up to reveal a counter. What a coincidence, weren't you just thinking about a counter? On the counter you make out a raw purple potato, a raw red potato and a cookbook. You can make out a stove. The stove is conventional. However, the stove, like an empty stove, has nothing on it.

There is an open plain door leading east. There is an open screen door leading north. There is an exit to the west.","You are carrying: a raw yellow potato, a carrot, a knife, a red apple and a red hot pepper.",2 of 17,0.11764705882352941,False,
34,,I'll drop the red apple to free up inventory space so I can pick up the purple potato.,drop red apple,,You drop the red apple on the ground.,Kitchen,"You've just shown up in a kitchen.

You can see an opened conventional looking fridge here. The fridge contains a red onion and a white onion. You see an opened oven here. What a letdown! The oven is empty! You can make out a table. You shudder, but continue examining the table. The table is massive. But the thing is empty, unfortunately. You lean against the wall, inadvertently pressing a secret button. The wall opens up to reveal a counter. What a coincidence, weren't you just thinking about a counter? On the counter you make out a raw purple potato, a raw red potato and a cookbook. You can make out a stove. The stove is conventional. However, the stove, like an empty stove, has nothing on it.

There is an open plain door leading east. There is an open screen door leading north. There is an exit to the west.

There is a red apple on the floor.","You are carrying: a raw yellow potato, a carrot, a knife and a red hot pepper.",2 of 17,0.11764705882352941,False,
35,,I'll take the raw purple potato from the counter so I have that ingredient for the recipe.,take raw purple potato from counter,,"You take the purple potato from the counter.



Your score has just gone up by one point.",Kitchen,"You've just shown up in a kitchen.

You can see an opened conventional looking fridge here. The fridge contains a red onion and a white onion. You see an opened oven here. What a letdown! The oven is empty! You can make out a table. You shudder, but continue examining the table. The table is massive. But the thing is empty, unfortunately. You lean against the wall, inadvertently pressing a secret button. The wall opens up to reveal a counter. What a coincidence, weren't you just thinking about a counter? On the counter you make out a raw red potato and a cookbook. You can make out a stove. The stove is conventional. However, the stove, like an empty stove, has nothing on it.

There is an open plain door leading east. There is an open screen door leading north. There is an exit to the west.

There is a red apple on the floor.","You are carrying: a raw purple potato, a raw yellow potato, a carrot, a knife and a red hot pepper.",3 of 17,0.17647058823529413,False,
36,,"I need to free up an inventory slot so I can take the red onion from the fridge, so I'll drop the red hot pepper.",drop red hot pepper,,You drop the red hot pepper on the ground.,Kitchen,"You've just shown up in a kitchen.

You can see an opened conventional looking fridge here. The fridge contains a red onion and a white onion. You see an opened oven here. What a letdown! The oven is empty! You can make out a table. You shudder, but continue examining the table. The table is massive. But the thing is empty, unfortunately. You lean against the wall, inadvertently pressing a secret button. The wall opens up to reveal a counter. What a coincidence, weren't you just thinking about a counter? On the counter you make out a raw red potato and a cookbook. You can make out a stove. The stove is conventional. However, the stove, like an empty stove, has nothing on it.

There is an open plain door leading east. There is an open screen door leading north. There is an exit to the west.

There is a red hot pepper and a red apple on the floor.","You are carrying: a raw purple potato, a raw yellow potato, a carrot and a knife.",3 of 17,0.17647058823529413,False,
37,,I'll take the red onion from the fridge so I have all required ingredients except the pork chop.,take red onion from fridge,,"You take the red onion from the fridge.



Your score has just gone up by one point.",Kitchen,"You've just shown up in a kitchen.

You can see an opened conventional looking fridge here. The fridge contains a white onion. You see an opened oven here. What a letdown! The oven is empty! You can make out a table. You shudder, but continue examining the table. The table is massive. But the thing is empty, unfortunately. You lean against the wall, inadvertently pressing a secret button. The wall opens up to reveal a counter. What a coincidence, weren't you just thinking about a counter? On the counter you make out a raw red potato and a cookbook. You can make out a stove. The stove is conventional. However, the stove, like an empty stove, has nothing on it.

There is an open plain door leading east. There is an open screen door leading north. There is an exit to the west.

There is a red hot pepper and a red apple on the floor.","You are carrying: a red onion, a raw purple potato, a raw yellow potato, a carrot and a knife.",4 of 17,0.23529411764705882,False,
38,,I'll go east to the pantry to inspect the shelf for the missing pork chop.,go east,,"You find yourself in a pantry. A standard kind of place.

You hear a noise behind you and spin around, but you can't see anything other than a shelf. I guess it's true what they say, if you're looking for a shelf, go to TextWorld. The shelf is wooden. The shelf appears to be empty. Oh! Why couldn't there just be stuff on it?

There is an open plain door leading west.",Pantry,"You find yourself in a pantry. A standard kind of place.

You hear a noise behind you and spin around, but you can't see anything other than a shelf. I guess it's true what they say, if you're looking for a shelf, go to TextWorld. The shelf is wooden. The shelf appears to be empty. Oh! Why couldn't there just be stuff on it?

There is an open plain door leading west.","You are carrying: a red onion, a raw purple potato, a raw yellow potato, a carrot and a knife.",4 of 17,0.23529411764705882,False,
39,,I'll slice the carrot as the first step of the recipe.,slice carrot,,"(with the knife)
You slice the carrot.



Your score has just gone up by one point.",Pantry,"You find yourself in a pantry. A standard kind of place.

You hear a noise behind you and spin around, but you can't see anything other than a shelf. I guess it's true what they say, if you're looking for a shelf, go to TextWorld. The shelf is wooden. The shelf appears to be empty. Oh! Why couldn't there just be stuff on it?

There is an open plain door leading west.","You are carrying: a red onion, a raw purple potato, a raw yellow potato, a sliced carrot and a knife.",5 of 17,0.29411764705882354,False,
40,,I'll go west to the kitchen so I can fry the sliced carrot on the stove.,go west,,"You've just shown up in a kitchen.

You can see an opened conventional looking fridge here. The fridge contains a white onion. You see an opened oven here. What a letdown! The oven is empty! You can make out a table. You shudder, but continue examining the table. The table is massive. But the thing is empty, unfortunately. You lean against the wall, inadvertently pressing a secret button. The wall opens up to reveal a counter. What a coincidence, weren't you just thinking about a counter? On the counter you make out a raw red potato and a cookbook. You can make out a stove. The stove is conventional. However, the stove, like an empty stove, has nothing on it.

There is an open plain door leading east. There is an open screen door leading north. There is an exit to the west.

There is a red hot pepper and a red apple on the floor.",Kitchen,"You've just shown up in a kitchen.

You can see an opened conventional looking fridge here. The fridge contains a white onion. You see an opened oven here. What a letdown! The oven is empty! You can make out a table. You shudder, but continue examining the table. The table is massive. But the thing is empty, unfortunately. You lean against the wall, inadvertently pressing a secret button. The wall opens up to reveal a counter. What a coincidence, weren't you just thinking about a counter? On the counter you make out a raw red potato and a cookbook. You can make out a stove. The stove is conventional. However, the stove, like an empty stove, has nothing on it.

There is an open plain door leading east. There is an open screen door leading north. There is an exit to the west.

There is a red hot pepper and a red apple on the floor.","You are carrying: a red onion, a raw purple potato, a raw yellow potato, a sliced carrot and a knife.",5 of 17,0.29411764705882354,False,
41,,I'll fry the sliced carrot on the stove by cooking the sliced carrot with the stove.,cook sliced carrot with stove,,"You fried the carrot.



Your score has just gone up by one point.",Kitchen,"You've just shown up in a kitchen.

You can see an opened conventional looking fridge here. The fridge contains a white onion. You see an opened oven here. What a letdown! The oven is empty! You can make out a table. You shudder, but continue examining the table. The table is massive. But the thing is empty, unfortunately. You lean against the wall, inadvertently pressing a secret button. The wall opens up to reveal a counter. What a coincidence, weren't you just thinking about a counter? On the counter you make out a raw red potato and a cookbook. You can make out a stove. The stove is conventional. However, the stove, like an empty stove, has nothing on it.

There is an open plain door leading east. There is an open screen door leading north. There is an exit to the west.

There is a red hot pepper and a red apple on the floor.","You are carrying: a red onion, a raw purple potato, a raw yellow potato, a sliced fried carrot and a knife.",6 of 17,0.35294117647058826,False,
42,,I'll dice the purple potato with the knife so I can roast it next.,dice purple potato with knife,,"You dice the purple potato.



Your score has just gone up by one point.",Kitchen,"You've just shown up in a kitchen.

You can see an opened conventional looking fridge here. The fridge contains a white onion. You see an opened oven here. What a letdown! The oven is empty! You can make out a table. You shudder, but continue examining the table. The table is massive. But the thing is empty, unfortunately. You lean against the wall, inadvertently pressing a secret button. The wall opens up to reveal a counter. What a coincidence, weren't you just thinking about a counter? On the counter you make out a raw red potato and a cookbook. You can make out a stove. The stove is conventional. However, the stove, like an empty stove, has nothing on it.

There is an open plain door leading east. There is an open screen door leading north. There is an exit to the west.

There is a red hot pepper and a red apple on the floor.","You are carrying: a red onion, a diced raw purple potato, a raw yellow potato, a sliced fried carrot and a knife.",7 of 17,0.4117647058823529,False,
43,,I'll roast the diced purple potato in the oven.,cook diced raw purple potato with oven,,"You roasted the purple potato.



Your score has just gone up by one point.",Kitchen,"You've just shown up in a kitchen.

You can see an opened conventional looking fridge here. The fridge contains a white onion. You see an opened oven here. What a letdown! The oven is empty! You can make out a table. You shudder, but continue examining the table. The table is massive. But the thing is empty, unfortunately. You lean against the wall, inadvertently pressing a secret button. The wall opens up to reveal a counter. What a coincidence, weren't you just thinking about a counter? On the counter you make out a raw red potato and a cookbook. You can make out a stove. The stove is conventional. However, the stove, like an empty stove, has nothing on it.

There is an open plain door leading east. There is an open screen door leading north. There is an exit to the west.

There is a red hot pepper and a red apple on the floor.","You are carrying: a red onion, a diced roasted purple potato, a raw yellow potato, a sliced fried carrot and a knife.",8 of 17,0.47058823529411764,False,
44,,I'll dice the red onion with the knife so I can roast it next.,dice red onion with knife,,"You dice the red onion.



Your score has just gone up by one point.",Kitchen,"You've just shown up in a kitchen.

You can see an opened conventional looking fridge here. The fridge contains a white onion. You see an opened oven here. What a letdown! The oven is empty! You can make out a table. You shudder, but continue examining the table. The table is massive. But the thing is empty, unfortunately. You lean against the wall, inadvertently pressing a secret button. The wall opens up to reveal a counter. What a coincidence, weren't you just thinking about a counter? On the counter you make out a raw red potato and a cookbook. You can make out a stove. The stove is conventional. However, the stove, like an empty stove, has nothing on it.

There is an open plain door leading east. There is an open screen door leading north. There is an exit to the west.

There is a red hot pepper and a red apple on the floor.","You are carrying: a diced red onion, a diced roasted purple potato, a raw yellow potato, a sliced fried carrot and a knife.",9 of 17,0.5294117647058824,False,
45,,I'll roast the diced red onion in the oven.,cook diced red onion with oven,,"You roasted the red onion.



Your score has just gone up by one point.",Kitchen,"You've just shown up in a kitchen.

You can see an opened conventional looking fridge here. The fridge contains a white onion. You see an opened oven here. What a letdown! The oven is empty! You can make out a table. You shudder, but continue examining the table. The table is massive. But the thing is empty, unfortunately. You lean against the wall, inadvertently pressing a secret button. The wall opens up to reveal a counter. What a coincidence, weren't you just thinking about a counter? On the counter you make out a raw red potato and a cookbook. You can make out a stove. The stove is conventional. However, the stove, like an empty stove, has nothing on it.

There is an open plain door leading east. There is an open screen door leading north. There is an exit to the west.

There is a red hot pepper and a red apple on the floor.","You are carrying: a diced roasted red onion, a diced roasted purple potato, a raw yellow potato, a sliced fried carrot and a knife.",10 of 17,0.5882352941176471,False,
46,,I'll chop the raw yellow potato with the knife so I can roast it next.,chop raw yellow potato with knife,,"You chop the yellow potato.



Your score has just gone up by one point.",Kitchen,"You've just shown up in a kitchen.

You can see an opened conventional looking fridge here. The fridge contains a white onion. You see an opened oven here. What a letdown! The oven is empty! You can make out a table. You shudder, but continue examining the table. The table is massive. But the thing is empty, unfortunately. You lean against the wall, inadvertently pressing a secret button. The wall opens up to reveal a counter. What a coincidence, weren't you just thinking about a counter? On the counter you make out a raw red potato and a cookbook. You can make out a stove. The stove is conventional. However, the stove, like an empty stove, has nothing on it.

There is an open plain door leading east. There is an open screen door leading north. There is an exit to the west.

There is a red hot pepper and a red apple on the floor.","You are carrying: a diced roasted red onion, a diced roasted purple potato, a chopped raw yellow potato, a sliced fried carrot and a knife.",11 of 17,0.6470588235294118,False,
47,,I'll roast the chopped yellow potato in the oven.,cook chopped raw yellow potato with oven,,"You roasted the yellow potato.



Your score has just gone up by one point.",Kitchen,"You've just shown up in a kitchen.

You can see an opened conventional looking fridge here. The fridge contains a white onion. You see an opened oven here. What a letdown! The oven is empty! You can make out a table. You shudder, but continue examining the table. The table is massive. But the thing is empty, unfortunately. You lean against the wall, inadvertently pressing a secret button. The wall opens up to reveal a counter. What a coincidence, weren't you just thinking about a counter? On the counter you make out a raw red potato and a cookbook. You can make out a stove. The stove is conventional. However, the stove, like an empty stove, has nothing on it.

There is an open plain door leading east. There is an open screen door leading north. There is an exit to the west.

There is a red hot pepper and a red apple on the floor.","You are carrying: a diced roasted red onion, a diced roasted purple potato, a chopped roasted yellow potato, a sliced fried carrot and a knife.",12 of 17,0.7058823529411765,False,
48,,I'll try to prepare the meal now that all vegetables are cooked and see if the game accepts it.,prepare meal,,You still miss something.,Kitchen,"You've just shown up in a kitchen.

You can see an opened conventional looking fridge here. The fridge contains a white onion. You see an opened oven here. What a letdown! The oven is empty! You can make out a table. You shudder, but continue examining the table. The table is massive. But the thing is empty, unfortunately. You lean against the wall, inadvertently pressing a secret button. The wall opens up to reveal a counter. What a coincidence, weren't you just thinking about a counter? On the counter you make out a raw red potato and a cookbook. You can make out a stove. The stove is conventional. However, the stove, like an empty stove, has nothing on it.

There is an open plain door leading east. There is an open screen door leading north. There is an exit to the west.

There is a red hot pepper and a red apple on the floor.","You are carrying: a diced roasted red onion, a diced roasted purple potato, a chopped roasted yellow potato, a sliced fried carrot and a knife.",12 of 17,0.7058823529411765,False,
49,,I'll go north to the backyard to head to the shed and inspect the workbench for the missing pork chop.,go north,,"You find yourself in a backyard.

You make out a patio table. The patio table appears to be empty. You move on, clearly upset with TextWorld. Oh, great. Here's a patio chair. However, the patio chair, like an empty patio chair, has nothing on it. You make out a BBQ, so there's that. What a letdown! The BBQ is empty!

There is an open wooden door leading north. There is an open screen door leading south. There is an exit to the east.",Backyard,"You find yourself in a backyard.

You make out a patio table. The patio table appears to be empty. You move on, clearly upset with TextWorld. Oh, great. Here's a patio chair. However, the patio chair, like an empty patio chair, has nothing on it. You make out a BBQ, so there's that. What a letdown! The BBQ is empty!

There is an open wooden door leading north. There is an open screen door leading south. There is an exit to the east.","You are carrying: a diced roasted red onion, a diced roasted purple potato, a chopped roasted yellow potato, a sliced fried carrot and a knife.",12 of 17,0.7058823529411765,False,
50,,I'll go north to the shed to examine the workbench for the missing pork chop.,go north,,"You find yourself in a shed. A typical one. You begin to take stock of what's in the room.

Look over there! a toolbox. The toolbox is empty! This is the worst thing that could possibly happen, ever! You see a gleam over in a corner, where you can see a workbench. The workbench is wooden. But the thing is empty, unfortunately.

There is an open wooden door leading south.",Shed,"You find yourself in a shed. A typical one. You begin to take stock of what's in the room.

Look over there! a toolbox. The toolbox is empty! This is the worst thing that could possibly happen, ever! You see a gleam over in a corner, where you can see a workbench. The workbench is wooden. But the thing is empty, unfortunately.

There is an open wooden door leading south.","You are carrying: a diced roasted red onion, a diced roasted purple potato, a chopped roasted yellow potato, a sliced fried carrot and a knife.",12 of 17,0.7058823529411765,False,
51,,I'll examine the shelf in the pantry to see if the pork chop is hidden there.,examine shelf,,You can't see any such thing.,Shed,"You find yourself in a shed. A typical one. You begin to take stock of what's in the room.

Look over there! a toolbox. The toolbox is empty! This is the worst thing that could possibly happen, ever! You see a gleam over in a corner, where you can see a workbench. The workbench is wooden. But the thing is empty, unfortunately.

There is an open wooden door leading south.","You are carrying: a diced roasted red onion, a diced roasted purple potato, a chopped roasted yellow potato, a sliced fried carrot and a knife.",12 of 17,0.7058823529411765,False,
52,,I'll examine the workbench in the shed to look for the missing pork chop.,examine workbench,,The workbench is stable.,Shed,"You find yourself in a shed. A typical one. You begin to take stock of what's in the room.

Look over there! a toolbox. The toolbox is empty! This is the worst thing that could possibly happen, ever! You see a gleam over in a corner, where you can see a workbench. The workbench is wooden. But the thing is empty, unfortunately.

There is an open wooden door leading south.","You are carrying: a diced roasted red onion, a diced roasted purple potato, a chopped roasted yellow potato, a sliced fried carrot and a knife.",12 of 17,0.7058823529411765,False,
53,,I'll go south to the backyard to continue searching for the pork chop (check the patio table and chair next).,go south,,"You find yourself in a backyard.

You make out a patio table. The patio table appears to be empty. You move on, clearly upset with TextWorld. Oh, great. Here's a patio chair. However, the patio chair, like an empty patio chair, has nothing on it. You make out a BBQ, so there's that. What a letdown! The BBQ is empty!

There is an open wooden door leading north. There is an open screen door leading south. There is an exit to the east.",Backyard,"You find yourself in a backyard.

You make out a patio table. The patio table appears to be empty. You move on, clearly upset with TextWorld. Oh, great. Here's a patio chair. However, the patio chair, like an empty patio chair, has nothing on it. You make out a BBQ, so there's that. What a letdown! The BBQ is empty!

There is an open wooden door leading north. There is an open screen door leading south. There is an exit to the east.","You are carrying: a diced roasted red onion, a diced roasted purple potato, a chopped roasted yellow potato, a sliced fried carrot and a knife.",12 of 17,0.7058823529411765,False,
54,,I'll examine the patio table to see if the pork chop is on it.,examine patio table,,The patio table is undependable.,Backyard,"You find yourself in a backyard.

You make out a patio table. The patio table appears to be empty. You move on, clearly upset with TextWorld. Oh, great. Here's a patio chair. However, the patio chair, like an empty patio chair, has nothing on it. You make out a BBQ, so there's that. What a letdown! The BBQ is empty!

There is an open wooden door leading north. There is an open screen door leading south. There is an exit to the east.","You are carrying: a diced roasted red onion, a diced roasted purple potato, a chopped roasted yellow potato, a sliced fried carrot and a knife.",12 of 17,0.7058823529411765,False,
55,,I'll examine the patio chair to see if the pork chop is hidden on or under it.,examine patio chair,,The patio chair is unstable.,Backyard,"You find yourself in a backyard.

You make out a patio table. The patio table appears to be empty. You move on, clearly upset with TextWorld. Oh, great. Here's a patio chair. However, the patio chair, like an empty patio chair, has nothing on it. You make out a BBQ, so there's that. What a letdown! The BBQ is empty!

There is an open wooden door leading north. There is an open screen door leading south. There is an exit to the east.","You are carrying: a diced roasted red onion, a diced roasted purple potato, a chopped roasted yellow potato, a sliced fried carrot and a knife.",12 of 17,0.7058823529411765,False,
56,,I'll go south to the kitchen to search again for the missing pork chop and check items on the floor there.,go south,,"You've just shown up in a kitchen.

You can see an opened conventional looking fridge here. The fridge contains a white onion. You see an opened oven here. What a letdown! The oven is empty! You can make out a table. You shudder, but continue examining the table. The table is massive. But the thing is empty, unfortunately. You lean against the wall, inadvertently pressing a secret button. The wall opens up to reveal a counter. What a coincidence, weren't you just thinking about a counter? On the counter you make out a raw red potato and a cookbook. You can make out a stove. The stove is conventional. However, the stove, like an empty stove, has nothing on it.

There is an open plain door leading east. There is an open screen door leading north. There is an exit to the west.

There is a red hot pepper and a red apple on the floor.",Kitchen,"You've just shown up in a kitchen.

You can see an opened conventional looking fridge here. The fridge contains a white onion. You see an opened oven here. What a letdown! The oven is empty! You can make out a table. You shudder, but continue examining the table. The table is massive. But the thing is empty, unfortunately. You lean against the wall, inadvertently pressing a secret button. The wall opens up to reveal a counter. What a coincidence, weren't you just thinking about a counter? On the counter you make out a raw red potato and a cookbook. You can make out a stove. The stove is conventional. However, the stove, like an empty stove, has nothing on it.

There is an open plain door leading east. There is an open screen door leading north. There is an exit to the west.

There is a red hot pepper and a red apple on the floor.","You are carrying: a diced roasted red onion, a diced roasted purple potato, a chopped roasted yellow potato, a sliced fried carrot and a knife.",12 of 17,0.7058823529411765,False,
57,,I'll go east to the pantry and try opening the shelf to find the missing pork chop.,go east,,"You find yourself in a pantry. A standard kind of place.

You hear a noise behind you and spin around, but you can't see anything other than a shelf. I guess it's true what they say, if you're looking for a shelf, go to TextWorld. The shelf is wooden. The shelf appears to be empty. Oh! Why couldn't there just be stuff on it?

There is an open plain door leading west.",Pantry,"You find yourself in a pantry. A standard kind of place.

You hear a noise behind you and spin around, but you can't see anything other than a shelf. I guess it's true what they say, if you're looking for a shelf, go to TextWorld. The shelf is wooden. The shelf appears to be empty. Oh! Why couldn't there just be stuff on it?

There is an open plain door leading west.","You are carrying: a diced roasted red onion, a diced roasted purple potato, a chopped roasted yellow potato, a sliced fried carrot and a knife.",12 of 17,0.7058823529411765,False,
58,,I'll go west to the kitchen to inspect the red apple on the floor for the missing pork chop.,go west,,"You've just shown up in a kitchen.

You can see an opened conventional looking fridge here. The fridge contains a white onion. You see an opened oven here. What a letdown! The oven is empty! You can make out a table. You shudder, but continue examining the table. The table is massive. But the thing is empty, unfortunately. You lean against the wall, inadvertently pressing a secret button. The wall opens up to reveal a counter. What a coincidence, weren't you just thinking about a counter? On the counter you make out a raw red potato and a cookbook. You can make out a stove. The stove is conventional. However, the stove, like an empty stove, has nothing on it.

There is an open plain door leading east. There is an open screen door leading north. There is an exit to the west.

There is a red hot pepper and a red apple on the floor.",Kitchen,"You've just shown up in a kitchen.

You can see an opened conventional looking fridge here. The fridge contains a white onion. You see an opened oven here. What a letdown! The oven is empty! You can make out a table. You shudder, but continue examining the table. The table is massive. But the thing is empty, unfortunately. You lean against the wall, inadvertently pressing a secret button. The wall opens up to reveal a counter. What a coincidence, weren't you just thinking about a counter? On the counter you make out a raw red potato and a cookbook. You can make out a stove. The stove is conventional. However, the stove, like an empty stove, has nothing on it.

There is an open plain door leading east. There is an open screen door leading north. There is an exit to the west.

There is a red hot pepper and a red apple on the floor.","You are carrying: a diced roasted red onion, a diced roasted purple potato, a chopped roasted yellow potato, a sliced fried carrot and a knife.",12 of 17,0.7058823529411765,False,
59,,I'll examine the red apple on the floor to see if it hides or is actually the missing pork chop.,examine red apple,,That's a red apple!,Kitchen,"You've just shown up in a kitchen.

You can see an opened conventional looking fridge here. The fridge contains a white onion. You see an opened oven here. What a letdown! The oven is empty! You can make out a table. You shudder, but continue examining the table. The table is massive. But the thing is empty, unfortunately. You lean against the wall, inadvertently pressing a secret button. The wall opens up to reveal a counter. What a coincidence, weren't you just thinking about a counter? On the counter you make out a raw red potato and a cookbook. You can make out a stove. The stove is conventional. However, the stove, like an empty stove, has nothing on it.

There is an open plain door leading east. There is an open screen door leading north. There is an exit to the west.

There is a red hot pepper and a red apple on the floor.","You are carrying: a diced roasted red onion, a diced roasted purple potato, a chopped roasted yellow potato, a sliced fried carrot and a knife.",12 of 17,0.7058823529411765,False,
60,,I'll go north to the backyard so I can head east to the garden and inspect the block of cheese for the missing pork chop.,go north,,"You find yourself in a backyard.

You make out a patio table. The patio table appears to be empty. You move on, clearly upset with TextWorld. Oh, great. Here's a patio chair. However, the patio chair, like an empty patio chair, has nothing on it. You make out a BBQ, so there's that. What a letdown! The BBQ is empty!

There is an open wooden door leading north. There is an open screen door leading south. There is an exit to the east.",Backyard,"You find yourself in a backyard.

You make out a patio table. The patio table appears to be empty. You move on, clearly upset with TextWorld. Oh, great. Here's a patio chair. However, the patio chair, like an empty patio chair, has nothing on it. You make out a BBQ, so there's that. What a letdown! The BBQ is empty!

There is an open wooden door leading north. There is an open screen door leading south. There is an exit to the east.","You are carrying: a diced roasted red onion, a diced roasted purple potato, a chopped roasted yellow potato, a sliced fried carrot and a knife.",12 of 17,0.7058823529411765,False,
61,,I'll go east to the garden to examine the block of cheese for the missing pork chop.,go east,,"You arrive in a garden. A normal kind of place.



There is an exit to the west.

There is a block of cheese and a yellow bell pepper on the floor.",Garden,"You arrive in a garden. A normal kind of place.



There is an exit to the west.

There is a block of cheese and a yellow bell pepper on the floor.","You are carrying: a diced roasted red onion, a diced roasted purple potato, a chopped roasted yellow potato, a sliced fried carrot and a knife.",12 of 17,0.7058823529411765,False,
62,,I'll examine the block of cheese to see if the pork chop is hidden there.,examine block of cheese,,You couldn't pay me to eat that block of cheese.,Garden,"You arrive in a garden. A normal kind of place.



There is an exit to the west.

There is a block of cheese and a yellow bell pepper on the floor.","You are carrying: a diced roasted red onion, a diced roasted purple potato, a chopped roasted yellow potato, a sliced fried carrot and a knife.",12 of 17,0.7058823529411765,False,
63,,I'll examine the white onion in the fridge to see if the pork chop is hidden with or under it.,examine white onion,,You can't see any such thing.,Garden,"You arrive in a garden. A normal kind of place.



There is an exit to the west.

There is a block of cheese and a yellow bell pepper on the floor.","You are carrying: a diced roasted red onion, a diced roasted purple potato, a chopped roasted yellow potato, a sliced fried carrot and a knife.",12 of 17,0.7058823529411765,False,
64,,I'll go west to the backyard and then head south into the kitchen to search carefully for the missing pork chop.,go west,,"You find yourself in a backyard.

You make out a patio table. The patio table appears to be empty. You move on, clearly upset with TextWorld. Oh, great. Here's a patio chair. However, the patio chair, like an empty patio chair, has nothing on it. You make out a BBQ, so there's that. What a letdown! The BBQ is empty!

There is an open wooden door leading north. There is an open screen door leading south. There is an exit to the east.",Backyard,"You find yourself in a backyard.

You make out a patio table. The patio table appears to be empty. You move on, clearly upset with TextWorld. Oh, great. Here's a patio chair. However, the patio chair, like an empty patio chair, has nothing on it. You make out a BBQ, so there's that. What a letdown! The BBQ is empty!

There is an open wooden door leading north. There is an open screen door leading south. There is an exit to the east.","You are carrying: a diced roasted red onion, a diced roasted purple potato, a chopped roasted yellow potato, a sliced fried carrot and a knife.",12 of 17,0.7058823529411765,False,
65,,I'll go south through the open screen door into the kitchen to search the counter and table again for the missing pork chop.,go south,,"You've just shown up in a kitchen.

You can see an opened conventional looking fridge here. The fridge contains a white onion. You see an opened oven here. What a letdown! The oven is empty! You can make out a table. You shudder, but continue examining the table. The table is massive. But the thing is empty, unfortunately. You lean against the wall, inadvertently pressing a secret button. The wall opens up to reveal a counter. What a coincidence, weren't you just thinking about a counter? On the counter you make out a raw red potato and a cookbook. You can make out a stove. The stove is conventional. However, the stove, like an empty stove, has nothing on it.

There is an open plain door leading east. There is an open screen door leading north. There is an exit to the west.

There is a red hot pepper and a red apple on the floor.",Kitchen,"You've just shown up in a kitchen.

You can see an opened conventional looking fridge here. The fridge contains a white onion. You see an opened oven here. What a letdown! The oven is empty! You can make out a table. You shudder, but continue examining the table. The table is massive. But the thing is empty, unfortunately. You lean against the wall, inadvertently pressing a secret button. The wall opens up to reveal a counter. What a coincidence, weren't you just thinking about a counter? On the counter you make out a raw red potato and a cookbook. You can make out a stove. The stove is conventional. However, the stove, like an empty stove, has nothing on it.

There is an open plain door leading east. There is an open screen door leading north. There is an exit to the west.

There is a red hot pepper and a red apple on the floor.","You are carrying: a diced roasted red onion, a diced roasted purple potato, a chopped roasted yellow potato, a sliced fried carrot and a knife.",12 of 17,0.7058823529411765,False,
66,,I'll examine the raw red potato on the counter to see if the pork chop is hidden with or under it.,examine raw red potato,,That's a raw red potato!,Kitchen,"You've just shown up in a kitchen.

You can see an opened conventional looking fridge here. The fridge contains a white onion. You see an opened oven here. What a letdown! The oven is empty! You can make out a table. You shudder, but continue examining the table. The table is massive. But the thing is empty, unfortunately. You lean against the wall, inadvertently pressing a secret button. The wall opens up to reveal a counter. What a coincidence, weren't you just thinking about a counter? On the counter you make out a raw red potato and a cookbook. You can make out a stove. The stove is conventional. However, the stove, like an empty stove, has nothing on it.

There is an open plain door leading east. There is an open screen door leading north. There is an exit to the west.

There is a red hot pepper and a red apple on the floor.","You are carrying: a diced roasted red onion, a diced roasted purple potato, a chopped roasted yellow potato, a sliced fried carrot and a knife.",12 of 17,0.7058823529411765,False,
67,,I'll examine the kitchen table to see if the pork chop is hidden there.,examine table,,The table is stable.,Kitchen,"You've just shown up in a kitchen.

You can see an opened conventional looking fridge here. The fridge contains a white onion. You see an opened oven here. What a letdown! The oven is empty! You can make out a table. You shudder, but continue examining the table. The table is massive. But the thing is empty, unfortunately. You lean against the wall, inadvertently pressing a secret button. The wall opens up to reveal a counter. What a coincidence, weren't you just thinking about a counter? On the counter you make out a raw red potato and a cookbook. You can make out a stove. The stove is conventional. However, the stove, like an empty stove, has nothing on it.

There is an open plain door leading east. There is an open screen door leading north. There is an exit to the west.

There is a red hot pepper and a red apple on the floor.","You are carrying: a diced roasted red onion, a diced roasted purple potato, a chopped roasted yellow potato, a sliced fried carrot and a knife.",12 of 17,0.7058823529411765,False,
68,,I'll go north to the backyard so I can go east into the garden and examine the yellow bell pepper for the missing pork chop.,go north,,"You find yourself in a backyard.

You make out a patio table. The patio table appears to be empty. You move on, clearly upset with TextWorld. Oh, great. Here's a patio chair. However, the patio chair, like an empty patio chair, has nothing on it. You make out a BBQ, so there's that. What a letdown! The BBQ is empty!

There is an open wooden door leading north. There is an open screen door leading south. There is an exit to the east.",Backyard,"You find yourself in a backyard.

You make out a patio table. The patio table appears to be empty. You move on, clearly upset with TextWorld. Oh, great. Here's a patio chair. However, the patio chair, like an empty patio chair, has nothing on it. You make out a BBQ, so there's that. What a letdown! The BBQ is empty!

There is an open wooden door leading north. There is an open screen door leading south. There is an exit to the east.","You are carrying: a diced roasted red onion, a diced roasted purple potato, a chopped roasted yellow potato, a sliced fried carrot and a knife.",12 of 17,0.7058823529411765,False,
69,,I'll go east to the garden to examine the yellow bell pepper for the missing pork chop.,go east,,"You arrive in a garden. A normal kind of place.



There is an exit to the west.

There is a block of cheese and a yellow bell pepper on the floor.",Garden,"You arrive in a garden. A normal kind of place.



There is an exit to the west.

There is a block of cheese and a yellow bell pepper on the floor.","You are carrying: a diced roasted red onion, a diced roasted purple potato, a chopped roasted yellow potato, a sliced fried carrot and a knife.",12 of 17,0.7058823529411765,False,
70,,I'll examine the yellow bell pepper to see if the pork chop is hidden inside or under it.,examine yellow bell pepper,,The yellow bell pepper looks appetizing.,Garden,"You arrive in a garden. A normal kind of place.



There is an exit to the west.

There is a block of cheese and a yellow bell pepper on the floor.","You are carrying: a diced roasted red onion, a diced roasted purple potato, a chopped roasted yellow potato, a sliced fried carrot and a knife.",12 of 17,0.7058823529411765,False,
71,,I'll examine the counter in the kitchen to see if the pork chop is hidden there.,examine counter,,You can't see any such thing.,Garden,"You arrive in a garden. A normal kind of place.



There is an exit to the west.

There is a block of cheese and a yellow bell pepper on the floor.","You are carrying: a diced roasted red onion, a diced roasted purple potato, a chopped roasted yellow potato, a sliced fried carrot and a knife.",12 of 17,0.7058823529411765,False,
72,,I'll go west to the backyard so I can return south to the kitchen and inspect the white onion in the fridge for the pork chop.,go west,,"You find yourself in a backyard.

You make out a patio table. The patio table appears to be empty. You move on, clearly upset with TextWorld. Oh, great. Here's a patio chair. However, the patio chair, like an empty patio chair, has nothing on it. You make out a BBQ, so there's that. What a letdown! The BBQ is empty!

There is an open wooden door leading north. There is an open screen door leading south. There is an exit to the east.",Backyard,"You find yourself in a backyard.

You make out a patio table. The patio table appears to be empty. You move on, clearly upset with TextWorld. Oh, great. Here's a patio chair. However, the patio chair, like an empty patio chair, has nothing on it. You make out a BBQ, so there's that. What a letdown! The BBQ is empty!

There is an open wooden door leading north. There is an open screen door leading south. There is an exit to the east.","You are carrying: a diced roasted red onion, a diced roasted purple potato, a chopped roasted yellow potato, a sliced fried carrot and a knife.",12 of 17,0.7058823529411765,False,
73,,I'll go south through the open screen door into the kitchen to examine the white onion in the fridge for the missing pork chop.,go south,,"You've just shown up in a kitchen.

You can see an opened conventional looking fridge here. The fridge contains a white onion. You see an opened oven here. What a letdown! The oven is empty! You can make out a table. You shudder, but continue examining the table. The table is massive. But the thing is empty, unfortunately. You lean against the wall, inadvertently pressing a secret button. The wall opens up to reveal a counter. What a coincidence, weren't you just thinking about a counter? On the counter you make out a raw red potato and a cookbook. You can make out a stove. The stove is conventional. However, the stove, like an empty stove, has nothing on it.

There is an open plain door leading east. There is an open screen door leading north. There is an exit to the west.

There is a red hot pepper and a red apple on the floor.",Kitchen,"You've just shown up in a kitchen.

You can see an opened conventional looking fridge here. The fridge contains a white onion. You see an opened oven here. What a letdown! The oven is empty! You can make out a table. You shudder, but continue examining the table. The table is massive. But the thing is empty, unfortunately. You lean against the wall, inadvertently pressing a secret button. The wall opens up to reveal a counter. What a coincidence, weren't you just thinking about a counter? On the counter you make out a raw red potato and a cookbook. You can make out a stove. The stove is conventional. However, the stove, like an empty stove, has nothing on it.

There is an open plain door leading east. There is an open screen door leading north. There is an exit to the west.

There is a red hot pepper and a red apple on the floor.","You are carrying: a diced roasted red onion, a diced roasted purple potato, a chopped roasted yellow potato, a sliced fried carrot and a knife.",12 of 17,0.7058823529411765,False,
74,,I'll examine the white onion in the fridge to see if the pork chop is hidden there.,examine white onion,,You couldn't pay me to eat that white onion.,Kitchen,"You've just shown up in a kitchen.

You can see an opened conventional looking fridge here. The fridge contains a white onion. You see an opened oven here. What a letdown! The oven is empty! You can make out a table. You shudder, but continue examining the table. The table is massive. But the thing is empty, unfortunately. You lean against the wall, inadvertently pressing a secret button. The wall opens up to reveal a counter. What a coincidence, weren't you just thinking about a counter? On the counter you make out a raw red potato and a cookbook. You can make out a stove. The stove is conventional. However, the stove, like an empty stove, has nothing on it.

There is an open plain door leading east. There is an open screen door leading north. There is an exit to the west.

There is a red hot pepper and a red apple on the floor.","You are carrying: a diced roasted red onion, a diced roasted purple potato, a chopped roasted yellow potato, a sliced fried carrot and a knife.",12 of 17,0.7058823529411765,False,
75,,I'll look around the kitchen to get a fresh description and see if the pork chop appears anywhere.,look,,"You've just shown up in a kitchen.

You can see an opened conventional looking fridge here. The fridge contains a white onion. You see an opened oven here. What a letdown! The oven is empty! You can make out a table. You shudder, but continue examining the table. The table is massive. But the thing is empty, unfortunately. You lean against the wall, inadvertently pressing a secret button. The wall opens up to reveal a counter. What a coincidence, weren't you just thinking about a counter? On the counter you make out a raw red potato and a cookbook. You can make out a stove. The stove is conventional. However, the stove, like an empty stove, has nothing on it.

There is an open plain door leading east. There is an open screen door leading north. There is an exit to the west.

There is a red hot pepper and a red apple on the floor.",Kitchen,"You've just shown up in a kitchen.

You can see an opened conventional looking fridge here. The fridge contains a white onion. You see an opened oven here. What a letdown! The oven is empty! You can make out a table. You shudder, but continue examining the table. The table is massive. But the thing is empty, unfortunately. You lean against the wall, inadvertently pressing a secret button. The wall opens up to reveal a counter. What a coincidence, weren't you just thinking about a counter? On the counter you make out a raw red potato and a cookbook. You can make out a stove. The stove is conventional. However, the stove, like an empty stove, has nothing on it.

There is an open plain door leading east. There is an open screen door leading north. There is an exit to the west.

There is a red hot pepper and a red apple on the floor.","You are carrying: a diced roasted red onion, a diced roasted purple potato, a chopped roasted yellow potato, a sliced fried carrot and a knife.",12 of 17,0.7058823529411765,False,
76,,I'll open the shelf in the pantry to see if anything (like the pork chop) is hidden inside.,open shelf,,You can't see any such thing.,Kitchen,"You've just shown up in a kitchen.

You can see an opened conventional looking fridge here. The fridge contains a white onion. You see an opened oven here. What a letdown! The oven is empty! You can make out a table. You shudder, but continue examining the table. The table is massive. But the thing is empty, unfortunately. You lean against the wall, inadvertently pressing a secret button. The wall opens up to reveal a counter. What a coincidence, weren't you just thinking about a counter? On the counter you make out a raw red potato and a cookbook. You can make out a stove. The stove is conventional. However, the stove, like an empty stove, has nothing on it.

There is an open plain door leading east. There is an open screen door leading north. There is an exit to the west.

There is a red hot pepper and a red apple on the floor.","You are carrying: a diced roasted red onion, a diced roasted purple potato, a chopped roasted yellow potato, a sliced fried carrot and a knife.",12 of 17,0.7058823529411765,False,
77,,I'll look around the kitchen again to see if I missed any place that might contain the pork chop.,look,,"You've just shown up in a kitchen.

You can see an opened conventional looking fridge here. The fridge contains a white onion. You see an opened oven here. What a letdown! The oven is empty! You can make out a table. You shudder, but continue examining the table. The table is massive. But the thing is empty, unfortunately. You lean against the wall, inadvertently pressing a secret button. The wall opens up to reveal a counter. What a coincidence, weren't you just thinking about a counter? On the counter you make out a raw red potato and a cookbook. You can make out a stove. The stove is conventional. However, the stove, like an empty stove, has nothing on it.

There is an open plain door leading east. There is an open screen door leading north. There is an exit to the west.

There is a red hot pepper and a red apple on the floor.",Kitchen,"You've just shown up in a kitchen.

You can see an opened conventional looking fridge here. The fridge contains a white onion. You see an opened oven here. What a letdown! The oven is empty! You can make out a table. You shudder, but continue examining the table. The table is massive. But the thing is empty, unfortunately. You lean against the wall, inadvertently pressing a secret button. The wall opens up to reveal a counter. What a coincidence, weren't you just thinking about a counter? On the counter you make out a raw red potato and a cookbook. You can make out a stove. The stove is conventional. However, the stove, like an empty stove, has nothing on it.

There is an open plain door leading east. There is an open screen door leading north. There is an exit to the west.

There is a red hot pepper and a red apple on the floor.","You are carrying: a diced roasted red onion, a diced roasted purple potato, a chopped roasted yellow potato, a sliced fried carrot and a knife.",12 of 17,0.7058823529411765,False,
78,,I'll go east into the pantry to inspect and try opening the shelf for the missing pork chop.,go east,,"You find yourself in a pantry. A standard kind of place.

You hear a noise behind you and spin around, but you can't see anything other than a shelf. I guess it's true what they say, if you're looking for a shelf, go to TextWorld. The shelf is wooden. The shelf appears to be empty. Oh! Why couldn't there just be stuff on it?

There is an open plain door leading west.",Pantry,"You find yourself in a pantry. A standard kind of place.

You hear a noise behind you and spin around, but you can't see anything other than a shelf. I guess it's true what they say, if you're looking for a shelf, go to TextWorld. The shelf is wooden. The shelf appears to be empty. Oh! Why couldn't there just be stuff on it?

There is an open plain door leading west.","You are carrying: a diced roasted red onion, a diced roasted purple potato, a chopped roasted yellow potato, a sliced fried carrot and a knife.",12 of 17,0.7058823529411765,False,
79,,I'll go west to the kitchen so I can return to the garden and inspect the yellow bell pepper more thoroughly.,go west,,"You've just shown up in a kitchen.

You can see an opened conventional looking fridge here. The fridge contains a white onion. You see an opened oven here. What a letdown! The oven is empty! You can make out a table. You shudder, but continue examining the table. The table is massive. But the thing is empty, unfortunately. You lean against the wall, inadvertently pressing a secret button. The wall opens up to reveal a counter. What a coincidence, weren't you just thinking about a counter? On the counter you make out a raw red potato and a cookbook. You can make out a stove. The stove is conventional. However, the stove, like an empty stove, has nothing on it.

There is an open plain door leading east. There is an open screen door leading north. There is an exit to the west.

There is a red hot pepper and a red apple on the floor.",Kitchen,"You've just shown up in a kitchen.

You can see an opened conventional looking fridge here. The fridge contains a white onion. You see an opened oven here. What a letdown! The oven is empty! You can make out a table. You shudder, but continue examining the table. The table is massive. But the thing is empty, unfortunately. You lean against the wall, inadvertently pressing a secret button. The wall opens up to reveal a counter. What a coincidence, weren't you just thinking about a counter? On the counter you make out a raw red potato and a cookbook. You can make out a stove. The stove is conventional. However, the stove, like an empty stove, has nothing on it.

There is an open plain door leading east. There is an open screen door leading north. There is an exit to the west.

There is a red hot pepper and a red apple on the floor.","You are carrying: a diced roasted red onion, a diced roasted purple potato, a chopped roasted yellow potato, a sliced fried carrot and a knife.",12 of 17,0.7058823529411765,False,
80,,I'll examine the counter in the kitchen to see if the pork chop is hidden there.,examine counter,,"The counter is an unstable piece of trash.

On the counter are a raw red potato and a cookbook.",Kitchen,"You've just shown up in a kitchen.

You can see an opened conventional looking fridge here. The fridge contains a white onion. You see an opened oven here. What a letdown! The oven is empty! You can make out a table. You shudder, but continue examining the table. The table is massive. But the thing is empty, unfortunately. You lean against the wall, inadvertently pressing a secret button. The wall opens up to reveal a counter. What a coincidence, weren't you just thinking about a counter? On the counter you make out a raw red potato and a cookbook. You can make out a stove. The stove is conventional. However, the stove, like an empty stove, has nothing on it.

There is an open plain door leading east. There is an open screen door leading north. There is an exit to the west.

There is a red hot pepper and a red apple on the floor.","You are carrying: a diced roasted red onion, a diced roasted purple potato, a chopped roasted yellow potato, a sliced fried carrot and a knife.",12 of 17,0.7058823529411765,False,
81,,I'll take the cookbook from the counter so I can inspect it again or look for hidden items.,take cookbook from counter,,You're carrying too many things already.,Kitchen,"You've just shown up in a kitchen.

You can see an opened conventional looking fridge here. The fridge contains a white onion. You see an opened oven here. What a letdown! The oven is empty! You can make out a table. You shudder, but continue examining the table. The table is massive. But the thing is empty, unfortunately. You lean against the wall, inadvertently pressing a secret button. The wall opens up to reveal a counter. What a coincidence, weren't you just thinking about a counter? On the counter you make out a raw red potato and a cookbook. You can make out a stove. The stove is conventional. However, the stove, like an empty stove, has nothing on it.

There is an open plain door leading east. There is an open screen door leading north. There is an exit to the west.

There is a red hot pepper and a red apple on the floor.","You are carrying: a diced roasted red onion, a diced roasted purple potato, a chopped roasted yellow potato, a sliced fried carrot and a knife.",12 of 17,0.7058823529411765,False,
82,,I'll examine the gleam in the corner of the shed to see if it reveals or hides the pork chop.,examine gleam,,You can't see any such thing.,Kitchen,"You've just shown up in a kitchen.

You can see an opened conventional looking fridge here. The fridge contains a white onion. You see an opened oven here. What a letdown! The oven is empty! You can make out a table. You shudder, but continue examining the table. The table is massive. But the thing is empty, unfortunately. You lean against the wall, inadvertently pressing a secret button. The wall opens up to reveal a counter. What a coincidence, weren't you just thinking about a counter? On the counter you make out a raw red potato and a cookbook. You can make out a stove. The stove is conventional. However, the stove, like an empty stove, has nothing on it.

There is an open plain door leading east. There is an open screen door leading north. There is an exit to the west.

There is a red hot pepper and a red apple on the floor.","You are carrying: a diced roasted red onion, a diced roasted purple potato, a chopped roasted yellow potato, a sliced fried carrot and a knife.",12 of 17,0.7058823529411765,False,
83,,I'll try taking the pork chop from the cookbook in case it's a hidden item there.,take pork chop from cookbook,,You can't see any such thing.,Kitchen,"You've just shown up in a kitchen.

You can see an opened conventional looking fridge here. The fridge contains a white onion. You see an opened oven here. What a letdown! The oven is empty! You can make out a table. You shudder, but continue examining the table. The table is massive. But the thing is empty, unfortunately. You lean against the wall, inadvertently pressing a secret button. The wall opens up to reveal a counter. What a coincidence, weren't you just thinking about a counter? On the counter you make out a raw red potato and a cookbook. You can make out a stove. The stove is conventional. However, the stove, like an empty stove, has nothing on it.

There is an open plain door leading east. There is an open screen door leading north. There is an exit to the west.

There is a red hot pepper and a red apple on the floor.","You are carrying: a diced roasted red onion, a diced roasted purple potato, a chopped roasted yellow potato, a sliced fried carrot and a knife.",12 of 17,0.7058823529411765,False,
84,,I will drop the sliced fried carrot to free a slot so I can pick up the cookbook and inspect it again for hidden items.,drop sliced fried carrot,,You drop the carrot on the ground.,Kitchen,"You've just shown up in a kitchen.

You can see an opened conventional looking fridge here. The fridge contains a white onion. You see an opened oven here. What a letdown! The oven is empty! You can make out a table. You shudder, but continue examining the table. The table is massive. But the thing is empty, unfortunately. You lean against the wall, inadvertently pressing a secret button. The wall opens up to reveal a counter. What a coincidence, weren't you just thinking about a counter? On the counter you make out a raw red potato and a cookbook. You can make out a stove. The stove is conventional. However, the stove, like an empty stove, has nothing on it.

There is an open plain door leading east. There is an open screen door leading north. There is an exit to the west.

There is a sliced fried carrot, a red hot pepper and a red apple on the floor.","You are carrying: a diced roasted red onion, a diced roasted purple potato, a chopped roasted yellow potato and a knife.",12 of 17,0.7058823529411765,False,
85,,I'll take the cookbook from the counter so I can examine it again for any hidden pork chop or clue.,take cookbook from counter,,You take the cookbook from the counter.,Kitchen,"You've just shown up in a kitchen.

You can see an opened conventional looking fridge here. The fridge contains a white onion. You see an opened oven here. What a letdown! The oven is empty! You can make out a table. You shudder, but continue examining the table. The table is massive. But the thing is empty, unfortunately. You lean against the wall, inadvertently pressing a secret button. The wall opens up to reveal a counter. What a coincidence, weren't you just thinking about a counter? On the counter you make out a raw red potato. You can make out a stove. The stove is conventional. However, the stove, like an empty stove, has nothing on it.

There is an open plain door leading east. There is an open screen door leading north. There is an exit to the west.

There is a sliced fried carrot, a red hot pepper and a red apple on the floor.","You are carrying: a cookbook, a diced roasted red onion, a diced roasted purple potato, a chopped roasted yellow potato and a knife.",12 of 17,0.7058823529411765,False,
86,,I'll examine the cookbook I'm carrying to see if it hides the pork chop or gives a hint where to find it.,examine cookbook,,"You open the copy of ""Cooking: A Modern Approach (3rd Ed.)"" and start reading:

Recipe #1
---------
Gather all following ingredients and follow the directions to prepare this tasty meal.

Ingredients:
carrot
  pork chop
  purple potato
  red onion
  yellow potato

Directions:
slice the carrot
  fry the carrot
  dice the pork chop
  roast the pork chop
  dice the purple potato
  roast the purple potato
  dice the red onion
  roast the red onion
  chop the yellow potato
  roast the yellow potato
  prepare meal",Kitchen,"You've just shown up in a kitchen.

You can see an opened conventional looking fridge here. The fridge contains a white onion. You see an opened oven here. What a letdown! The oven is empty! You can make out a table. You shudder, but continue examining the table. The table is massive. But the thing is empty, unfortunately. You lean against the wall, inadvertently pressing a secret button. The wall opens up to reveal a counter. What a coincidence, weren't you just thinking about a counter? On the counter you make out a raw red potato. You can make out a stove. The stove is conventional. However, the stove, like an empty stove, has nothing on it.

There is an open plain door leading east. There is an open screen door leading north. There is an exit to the west.

There is a sliced fried carrot, a red hot pepper and a red apple on the floor.","You are carrying: a cookbook, a diced roasted red onion, a diced roasted purple potato, a chopped roasted yellow potato and a knife.",12 of 17,0.7058823529411765,False,
87,,I'll go north to the backyard so I can proceed to the garden and inspect the block of cheese for the missing pork chop.,go north,,"You find yourself in a backyard.

You make out a patio table. The patio table appears to be empty. You move on, clearly upset with TextWorld. Oh, great. Here's a patio chair. However, the patio chair, like an empty patio chair, has nothing on it. You make out a BBQ, so there's that. What a letdown! The BBQ is empty!

There is an open wooden door leading north. There is an open screen door leading south. There is an exit to the east.",Backyard,"You find yourself in a backyard.

You make out a patio table. The patio table appears to be empty. You move on, clearly upset with TextWorld. Oh, great. Here's a patio chair. However, the patio chair, like an empty patio chair, has nothing on it. You make out a BBQ, so there's that. What a letdown! The BBQ is empty!

There is an open wooden door leading north. There is an open screen door leading south. There is an exit to the east.","You are carrying: a cookbook, a diced roasted red onion, a diced roasted purple potato, a chopped roasted yellow potato and a knife.",12 of 17,0.7058823529411765,False,
88,,I'll go south into the kitchen so I can go east to the pantry and examine the shelf for the missing pork chop.,go south,,"You've just shown up in a kitchen.

You can see an opened conventional looking fridge here. The fridge contains a white onion. You see an opened oven here. What a letdown! The oven is empty! You can make out a table. You shudder, but continue examining the table. The table is massive. But the thing is empty, unfortunately. You lean against the wall, inadvertently pressing a secret button. The wall opens up to reveal a counter. What a coincidence, weren't you just thinking about a counter? On the counter you make out a raw red potato. You can make out a stove. The stove is conventional. However, the stove, like an empty stove, has nothing on it.

There is an open plain door leading east. There is an open screen door leading north. There is an exit to the west.

There is a sliced fried carrot, a red hot pepper and a red apple on the floor.",Kitchen,"You've just shown up in a kitchen.

You can see an opened conventional looking fridge here. The fridge contains a white onion. You see an opened oven here. What a letdown! The oven is empty! You can make out a table. You shudder, but continue examining the table. The table is massive. But the thing is empty, unfortunately. You lean against the wall, inadvertently pressing a secret button. The wall opens up to reveal a counter. What a coincidence, weren't you just thinking about a counter? On the counter you make out a raw red potato. You can make out a stove. The stove is conventional. However, the stove, like an empty stove, has nothing on it.

There is an open plain door leading east. There is an open screen door leading north. There is an exit to the west.

There is a sliced fried carrot, a red hot pepper and a red apple on the floor.","You are carrying: a cookbook, a diced roasted red onion, a diced roasted purple potato, a chopped roasted yellow potato and a knife.",12 of 17,0.7058823529411765,False,
89,,I'll go north to the backyard to access the garden and then cut the block of cheese with the knife to see if the pork chop is hidden inside.,go north,,"You find yourself in a backyard.

You make out a patio table. The patio table appears to be empty. You move on, clearly upset with TextWorld. Oh, great. Here's a patio chair. However, the patio chair, like an empty patio chair, has nothing on it. You make out a BBQ, so there's that. What a letdown! The BBQ is empty!

There is an open wooden door leading north. There is an open screen door leading south. There is an exit to the east.",Backyard,"You find yourself in a backyard.

You make out a patio table. The patio table appears to be empty. You move on, clearly upset with TextWorld. Oh, great. Here's a patio chair. However, the patio chair, like an empty patio chair, has nothing on it. You make out a BBQ, so there's that. What a letdown! The BBQ is empty!

There is an open wooden door leading north. There is an open screen door leading south. There is an exit to the east.","You are carrying: a cookbook, a diced roasted red onion, a diced roasted purple potato, a chopped roasted yellow potato and a knife.",12 of 17,0.7058823529411765,False,
90,,I'll go east to the garden so I can cut the block of cheese with the knife and check for the pork chop.,go east,,"You arrive in a garden. A normal kind of place.



There is an exit to the west.

There is a block of cheese and a yellow bell pepper on the floor.",Garden,"You arrive in a garden. A normal kind of place.



There is an exit to the west.

There is a block of cheese and a yellow bell pepper on the floor.","You are carrying: a cookbook, a diced roasted red onion, a diced roasted purple potato, a chopped roasted yellow potato and a knife.",12 of 17,0.7058823529411765,False,
91,,I'll cut the block of cheese with the knife to see if the pork chop is hidden inside.,cut block of cheese with knife,,I only understood you as far as wanting to cut the block of cheese.,Garden,"You arrive in a garden. A normal kind of place.



There is an exit to the west.

There is a block of cheese and a yellow bell pepper on the floor.","You are carrying: a cookbook, a diced roasted red onion, a diced roasted purple potato, a chopped roasted yellow potato and a knife.",12 of 17,0.7058823529411765,False,
92,,I'll try slicing the block of cheese with the knife to see if anything (like the pork chop) is hidden inside.,slice block of cheese with knife,,You need to take the block of cheese first.,Garden,"You arrive in a garden. A normal kind of place.



There is an exit to the west.

There is a block of cheese and a yellow bell pepper on the floor.","You are carrying: a cookbook, a diced roasted red onion, a diced roasted purple potato, a chopped roasted yellow potato and a knife.",12 of 17,0.7058823529411765,False,
93,,I'll drop the cookbook to free an inventory slot so I can take the block of cheese and slice it.,drop cookbook,,You drop the cookbook on the ground.,Garden,"You arrive in a garden. A normal kind of place.



There is an exit to the west.

There is a cookbook, a block of cheese and a yellow bell pepper on the floor.","You are carrying: a diced roasted red onion, a diced roasted purple potato, a chopped roasted yellow potato and a knife.",12 of 17,0.7058823529411765,False,
94,,I'll take the block of cheese so I can slice it with the knife and check for the pork chop.,take block of cheese,,You pick up the block of cheese from the ground.,Garden,"You arrive in a garden. A normal kind of place.



There is an exit to the west.

There is a cookbook and a yellow bell pepper on the floor.","You are carrying: a block of cheese, a diced roasted red onion, a diced roasted purple potato, a chopped roasted yellow potato and a knife.",12 of 17,0.7058823529411765,False,
95,,I'll cut the block of cheese with the knife to see if anything (like the pork chop) is hidden inside.,cut block of cheese with knife,,I only understood you as far as wanting to cut the block of cheese.,Garden,"You arrive in a garden. A normal kind of place.



There is an exit to the west.

There is a cookbook and a yellow bell pepper on the floor.","You are carrying: a block of cheese, a diced roasted red onion, a diced roasted purple potato, a chopped roasted yellow potato and a knife.",12 of 17,0.7058823529411765,False,
96,,I'll slice the block of cheese with the knife to see if anything (like the pork chop) is hidden inside.,slice block of cheese with knife,,You slice the block of cheese.,Garden,"You arrive in a garden. A normal kind of place.



There is an exit to the west.

There is a cookbook and a yellow bell pepper on the floor.","You are carrying: a sliced block of cheese, a diced roasted red onion, a diced roasted purple potato, a chopped roasted yellow potato and a knife.",12 of 17,0.7058823529411765,False,
97,,I'll examine the sliced block of cheese to see if the pork chop is hidden inside or revealed.,examine sliced block of cheese,,You couldn't pay me to eat that sliced block of cheese.,Garden,"You arrive in a garden. A normal kind of place.



There is an exit to the west.

There is a cookbook and a yellow bell pepper on the floor.","You are carrying: a sliced block of cheese, a diced roasted red onion, a diced roasted purple potato, a chopped roasted yellow potato and a knife.",12 of 17,0.7058823529411765,False,
98,,I'll drop the sliced block of cheese to free an inventory slot so I can pick up the cookbook and inspect it for the pork chop.,drop sliced block of cheese,,You drop the block of cheese on the ground.,Garden,"You arrive in a garden. A normal kind of place.



There is an exit to the west.

There is a sliced block of cheese, a cookbook and a yellow bell pepper on the floor.","You are carrying: a diced roasted red onion, a diced roasted purple potato, a chopped roasted yellow potato and a knife.",12 of 17,0.7058823529411765,False,
99,,I'll try taking the pork chop from the cookbook I'm carrying in case it's hidden inside.,take pork chop from cookbook,,You can't see any such thing.,Garden,"You arrive in a garden. A normal kind of place.



There is an exit to the west.

There is a sliced block of cheese, a cookbook and a yellow bell pepper on the floor.","You are carrying: a diced roasted red onion, a diced roasted purple potato, a chopped roasted yellow potato and a knife.",12 of 17,0.7058823529411765,False,
100,,I'll take the cookbook from the floor so I can examine it again for any hidden pork chop or clues.,take cookbook,,You pick up the cookbook from the ground.,Garden,"You arrive in a garden. A normal kind of place.



There is an exit to the west.

There is a sliced block of cheese and a yellow bell pepper on the floor.","You are carrying: a cookbook, a diced roasted red onion, a diced roasted purple potato, a chopped roasted yellow potato and a knife.",12 of 17,0.7058823529411765,True,
