step_id,plan,summary,thought,action,task,feedback,location,description,inventory,score,reward,is_done,error
0,,,,,"You are hungry! Let's cook a delicious meal. Check the cookbook in the kitchen for the recipe. Once done, enjoy your meal!",,Corridor,"You've just sauntered into a corridor. You can barely contain your excitement.



There is an exit to the east. Don't worry, there is no door. There is an exit to the north. You need an exit without a door? You should try going west.",You are carrying nothing.,0 of 17,0.0,False,
1,,,I should go east to reach the kitchen where the cookbook might be.,go east,,"Well, here we are in a bedroom. The room seems oddly familiar, as though it were only superficially different from the other rooms in the building.

You can make out a bed. Unfortunately, there isn't a thing on it. What, you think everything in TextWorld should have stuff on it?

There is an exit to the south. There is an exit to the west.",Bedroom,"Well, here we are in a bedroom. The room seems oddly familiar, as though it were only superficially different from the other rooms in the building.

You can make out a bed. Unfortunately, there isn't a thing on it. What, you think everything in TextWorld should have stuff on it?

There is an exit to the south. There is an exit to the west.",You are carrying nothing.,0 of 17,0.0,False,
2,,,I need to find the kitchen to check the cookbook for the recipe. I will go south first to explore.,go south,,"You find yourself in a livingroom. An usual one.

You see a sofa. The sofa is comfy. But there isn't a thing on it. Oh! Why couldn't there just be stuff on it?

There is a closed front door leading east. You need an exit without a door? You should try going north.",Livingroom,"You find yourself in a livingroom. An usual one.

You see a sofa. The sofa is comfy. But there isn't a thing on it. Oh! Why couldn't there just be stuff on it?

There is a closed front door leading east. You need an exit without a door? You should try going north.",You are carrying nothing.,0 of 17,0.0,False,
3,,,I should go north to explore further and find the kitchen where the cookbook might be.,go north,,"Well, here we are in a bedroom. The room seems oddly familiar, as though it were only superficially different from the other rooms in the building.

You can make out a bed. Unfortunately, there isn't a thing on it. What, you think everything in TextWorld should have stuff on it?

There is an exit to the south. There is an exit to the west.",Bedroom,"Well, here we are in a bedroom. The room seems oddly familiar, as though it were only superficially different from the other rooms in the building.

You can make out a bed. Unfortunately, there isn't a thing on it. What, you think everything in TextWorld should have stuff on it?

There is an exit to the south. There is an exit to the west.",You are carrying nothing.,0 of 17,0.0,False,
4,,,I need to find the kitchen to check the cookbook for the recipe. I will go south first to explore the area.,go south,,"You find yourself in a livingroom. An usual one.

You see a sofa. The sofa is comfy. But there isn't a thing on it. Oh! Why couldn't there just be stuff on it?

There is a closed front door leading east. You need an exit without a door? You should try going north.",Livingroom,"You find yourself in a livingroom. An usual one.

You see a sofa. The sofa is comfy. But there isn't a thing on it. Oh! Why couldn't there just be stuff on it?

There is a closed front door leading east. You need an exit without a door? You should try going north.",You are carrying nothing.,0 of 17,0.0,False,
5,,,I should go north to explore further and find the kitchen where the cookbook might be.,go north,,"Well, here we are in a bedroom. The room seems oddly familiar, as though it were only superficially different from the other rooms in the building.

You can make out a bed. Unfortunately, there isn't a thing on it. What, you think everything in TextWorld should have stuff on it?

There is an exit to the south. There is an exit to the west.",Bedroom,"Well, here we are in a bedroom. The room seems oddly familiar, as though it were only superficially different from the other rooms in the building.

You can make out a bed. Unfortunately, there isn't a thing on it. What, you think everything in TextWorld should have stuff on it?

There is an exit to the south. There is an exit to the west.",You are carrying nothing.,0 of 17,0.0,False,
6,,,I need to find the kitchen to check the cookbook for the recipe. I will go south from the bedroom to explore further.,go south,,"You find yourself in a livingroom. An usual one.

You see a sofa. The sofa is comfy. But there isn't a thing on it. Oh! Why couldn't there just be stuff on it?

There is a closed front door leading east. You need an exit without a door? You should try going north.",Livingroom,"You find yourself in a livingroom. An usual one.

You see a sofa. The sofa is comfy. But there isn't a thing on it. Oh! Why couldn't there just be stuff on it?

There is a closed front door leading east. You need an exit without a door? You should try going north.",You are carrying nothing.,0 of 17,0.0,False,
7,,,I should go north to explore further and find the kitchen where the cookbook might be.,go north,,"Well, here we are in a bedroom. The room seems oddly familiar, as though it were only superficially different from the other rooms in the building.

You can make out a bed. Unfortunately, there isn't a thing on it. What, you think everything in TextWorld should have stuff on it?

There is an exit to the south. There is an exit to the west.",Bedroom,"Well, here we are in a bedroom. The room seems oddly familiar, as though it were only superficially different from the other rooms in the building.

You can make out a bed. Unfortunately, there isn't a thing on it. What, you think everything in TextWorld should have stuff on it?

There is an exit to the south. There is an exit to the west.",You are carrying nothing.,0 of 17,0.0,False,
8,,,I need to find the kitchen to check the cookbook for the recipe. I will go south from the bedroom to explore further.,go south,,"You find yourself in a livingroom. An usual one.

You see a sofa. The sofa is comfy. But there isn't a thing on it. Oh! Why couldn't there just be stuff on it?

There is a closed front door leading east. You need an exit without a door? You should try going north.",Livingroom,"You find yourself in a livingroom. An usual one.

You see a sofa. The sofa is comfy. But there isn't a thing on it. Oh! Why couldn't there just be stuff on it?

There is a closed front door leading east. You need an exit without a door? You should try going north.",You are carrying nothing.,0 of 17,0.0,False,
9,,,I should go north to find the kitchen where the cookbook might be.,go north,,"Well, here we are in a bedroom. The room seems oddly familiar, as though it were only superficially different from the other rooms in the building.

You can make out a bed. Unfortunately, there isn't a thing on it. What, you think everything in TextWorld should have stuff on it?

There is an exit to the south. There is an exit to the west.",Bedroom,"Well, here we are in a bedroom. The room seems oddly familiar, as though it were only superficially different from the other rooms in the building.

You can make out a bed. Unfortunately, there isn't a thing on it. What, you think everything in TextWorld should have stuff on it?

There is an exit to the south. There is an exit to the west.",You are carrying nothing.,0 of 17,0.0,False,
10,,,I need to find the kitchen to check the cookbook for the recipe. I will go south first to explore.,go south,,"You find yourself in a livingroom. An usual one.

You see a sofa. The sofa is comfy. But there isn't a thing on it. Oh! Why couldn't there just be stuff on it?

There is a closed front door leading east. You need an exit without a door? You should try going north.",Livingroom,"You find yourself in a livingroom. An usual one.

You see a sofa. The sofa is comfy. But there isn't a thing on it. Oh! Why couldn't there just be stuff on it?

There is a closed front door leading east. You need an exit without a door? You should try going north.",You are carrying nothing.,0 of 17,0.0,False,
11,,,I should go north to find the kitchen and check the cookbook for the recipe.,go north,,"Well, here we are in a bedroom. The room seems oddly familiar, as though it were only superficially different from the other rooms in the building.

You can make out a bed. Unfortunately, there isn't a thing on it. What, you think everything in TextWorld should have stuff on it?

There is an exit to the south. There is an exit to the west.",Bedroom,"Well, here we are in a bedroom. The room seems oddly familiar, as though it were only superficially different from the other rooms in the building.

You can make out a bed. Unfortunately, there isn't a thing on it. What, you think everything in TextWorld should have stuff on it?

There is an exit to the south. There is an exit to the west.",You are carrying nothing.,0 of 17,0.0,False,
12,,,I need to find the kitchen to check the cookbook for the recipe. I will go south from the bedroom to explore further.,go south,,"You find yourself in a livingroom. An usual one.

You see a sofa. The sofa is comfy. But there isn't a thing on it. Oh! Why couldn't there just be stuff on it?

There is a closed front door leading east. You need an exit without a door? You should try going north.",Livingroom,"You find yourself in a livingroom. An usual one.

You see a sofa. The sofa is comfy. But there isn't a thing on it. Oh! Why couldn't there just be stuff on it?

There is a closed front door leading east. You need an exit without a door? You should try going north.",You are carrying nothing.,0 of 17,0.0,False,
13,,,I should go north to find the kitchen and check the cookbook for the recipe.,go north,,"Well, here we are in a bedroom. The room seems oddly familiar, as though it were only superficially different from the other rooms in the building.

You can make out a bed. Unfortunately, there isn't a thing on it. What, you think everything in TextWorld should have stuff on it?

There is an exit to the south. There is an exit to the west.",Bedroom,"Well, here we are in a bedroom. The room seems oddly familiar, as though it were only superficially different from the other rooms in the building.

You can make out a bed. Unfortunately, there isn't a thing on it. What, you think everything in TextWorld should have stuff on it?

There is an exit to the south. There is an exit to the west.",You are carrying nothing.,0 of 17,0.0,False,
14,,,I need to go back to the kitchen to check the cookbook for the recipe.,go west,,"You've just sauntered into a corridor. You can barely contain your excitement.



There is an exit to the east. Don't worry, there is no door. There is an exit to the north. You need an exit without a door? You should try going west.",Corridor,"You've just sauntered into a corridor. You can barely contain your excitement.



There is an exit to the east. Don't worry, there is no door. There is an exit to the north. You need an exit without a door? You should try going west.",You are carrying nothing.,0 of 17,0.0,False,
15,,,I should go west to explore the exit without a door.,go west,,"You arrive in a kitchen. An usual kind of place. You begin to take stock of what's in the room.

You see a fridge. A closed oven, which looks conventional, is right there by you. You see a table. You wonder idly who left that here. The table is massive. On the table you can make out a cookbook and a knife. As if things weren't amazing enough already, you can even see a counter. On the counter you can see a red hot pepper, a red apple and a raw yellow potato, so there's that. You lean against the wall, inadvertently pressing a secret button. The wall opens up to reveal a stove. However, the stove, like an empty stove, has nothing on it.

There is a closed plain door leading north. There is a closed screen door leading south. You don't like doors? Why not try going east, that entranceway is not blocked by one.",Kitchen,"You arrive in a kitchen. An usual kind of place. You begin to take stock of what's in the room.

You see a fridge. A closed oven, which looks conventional, is right there by you. You see a table. You wonder idly who left that here. The table is massive. On the table you can make out a cookbook and a knife. As if things weren't amazing enough already, you can even see a counter. On the counter you can see a red hot pepper, a red apple and a raw yellow potato, so there's that. You lean against the wall, inadvertently pressing a secret button. The wall opens up to reveal a stove. However, the stove, like an empty stove, has nothing on it.

There is a closed plain door leading north. There is a closed screen door leading south. You don't like doors? Why not try going east, that entranceway is not blocked by one.",You are carrying nothing.,0 of 17,0.0,False,
16,,,I should examine the cookbook on the table to find a recipe for a delicious meal.,examine cookbook,,"You open the copy of ""Cooking: A Modern Approach (3rd Ed.)"" and start reading:

Recipe #1
---------
Gather all following ingredients and follow the directions to prepare this tasty meal.

Ingredients:
red hot pepper
  orange bell pepper
  block of cheese
  carrot
  white onion

Directions:
slice the red hot pepper
  fry the red hot pepper
  slice the orange bell pepper
  roast the orange bell pepper
  chop the block of cheese
  grill the block of cheese
  slice the carrot
  roast the carrot
  slice the white onion
  roast the white onion
  prepare meal",Kitchen,"You arrive in a kitchen. An usual kind of place. You begin to take stock of what's in the room.

You see a fridge. A closed oven, which looks conventional, is right there by you. You see a table. You wonder idly who left that here. The table is massive. On the table you can make out a cookbook and a knife. As if things weren't amazing enough already, you can even see a counter. On the counter you can see a red hot pepper, a red apple and a raw yellow potato, so there's that. You lean against the wall, inadvertently pressing a secret button. The wall opens up to reveal a stove. However, the stove, like an empty stove, has nothing on it.

There is a closed plain door leading north. There is a closed screen door leading south. You don't like doors? Why not try going east, that entranceway is not blocked by one.",You are carrying nothing.,0 of 17,0.0,False,
17,,,"I need to gather all the ingredients listed in the recipe: red hot pepper, orange bell pepper, block of cheese, carrot, and white onion. I see a red hot pepper on the counter, but I need to find the other ingredients first by exploring the kitchen and possibly the fridge.",open fridge,,"You open the fridge, revealing a white onion, a carrot and a red onion.",Kitchen,"You arrive in a kitchen. An usual kind of place. You begin to take stock of what's in the room.

You see a fridge. The fridge contains a white onion, a carrot and a red onion. A closed oven, which looks conventional, is right there by you. You see a table. You wonder idly who left that here. The table is massive. On the table you can make out a cookbook and a knife. As if things weren't amazing enough already, you can even see a counter. On the counter you can see a red hot pepper, a red apple and a raw yellow potato, so there's that. You lean against the wall, inadvertently pressing a secret button. The wall opens up to reveal a stove. However, the stove, like an empty stove, has nothing on it.

There is a closed plain door leading north. There is a closed screen door leading south. You don't like doors? Why not try going east, that entranceway is not blocked by one.",You are carrying nothing.,0 of 17,0.0,False,
18,,,I should check the cookbook on the table to find a recipe for a delicious meal.,examine cookbook,,"You open the copy of ""Cooking: A Modern Approach (3rd Ed.)"" and start reading:

Recipe #1
---------
Gather all following ingredients and follow the directions to prepare this tasty meal.

Ingredients:
red hot pepper
  orange bell pepper
  block of cheese
  carrot
  white onion

Directions:
slice the red hot pepper
  fry the red hot pepper
  slice the orange bell pepper
  roast the orange bell pepper
  chop the block of cheese
  grill the block of cheese
  slice the carrot
  roast the carrot
  slice the white onion
  roast the white onion
  prepare meal",Kitchen,"You arrive in a kitchen. An usual kind of place. You begin to take stock of what's in the room.

You see a fridge. The fridge contains a white onion, a carrot and a red onion. A closed oven, which looks conventional, is right there by you. You see a table. You wonder idly who left that here. The table is massive. On the table you can make out a cookbook and a knife. As if things weren't amazing enough already, you can even see a counter. On the counter you can see a red hot pepper, a red apple and a raw yellow potato, so there's that. You lean against the wall, inadvertently pressing a secret button. The wall opens up to reveal a stove. However, the stove, like an empty stove, has nothing on it.

There is a closed plain door leading north. There is a closed screen door leading south. You don't like doors? Why not try going east, that entranceway is not blocked by one.",You are carrying nothing.,0 of 17,0.0,False,
19,,,"I need to gather all the ingredients listed in the recipe: red hot pepper, orange bell pepper, block of cheese, carrot, and white onion. I see the red hot pepper on the counter, the carrot and white onion in the fridge, but I don't see the orange bell pepper or block of cheese yet. I will start by taking the red hot pepper from the counter.",take red hot pepper from counter,,"You take the red hot pepper from the counter.



Your score has just gone up by one point.",Kitchen,"You arrive in a kitchen. An usual kind of place. You begin to take stock of what's in the room.

You see a fridge. The fridge contains a white onion, a carrot and a red onion. A closed oven, which looks conventional, is right there by you. You see a table. You wonder idly who left that here. The table is massive. On the table you can make out a cookbook and a knife. As if things weren't amazing enough already, you can even see a counter. On the counter you can see a red apple and a raw yellow potato, so there's that. You lean against the wall, inadvertently pressing a secret button. The wall opens up to reveal a stove. However, the stove, like an empty stove, has nothing on it.

There is a closed plain door leading north. There is a closed screen door leading south. You don't like doors? Why not try going east, that entranceway is not blocked by one.",You are carrying: a red hot pepper.,1 of 17,0.058823529411764705,False,
20,,,I should examine the cookbook on the table to find a recipe for a delicious meal.,examine cookbook,,"You open the copy of ""Cooking: A Modern Approach (3rd Ed.)"" and start reading:

Recipe #1
---------
Gather all following ingredients and follow the directions to prepare this tasty meal.

Ingredients:
red hot pepper
  orange bell pepper
  block of cheese
  carrot
  white onion

Directions:
slice the red hot pepper
  fry the red hot pepper
  slice the orange bell pepper
  roast the orange bell pepper
  chop the block of cheese
  grill the block of cheese
  slice the carrot
  roast the carrot
  slice the white onion
  roast the white onion
  prepare meal",Kitchen,"You arrive in a kitchen. An usual kind of place. You begin to take stock of what's in the room.

You see a fridge. The fridge contains a white onion, a carrot and a red onion. A closed oven, which looks conventional, is right there by you. You see a table. You wonder idly who left that here. The table is massive. On the table you can make out a cookbook and a knife. As if things weren't amazing enough already, you can even see a counter. On the counter you can see a red apple and a raw yellow potato, so there's that. You lean against the wall, inadvertently pressing a secret button. The wall opens up to reveal a stove. However, the stove, like an empty stove, has nothing on it.

There is a closed plain door leading north. There is a closed screen door leading south. You don't like doors? Why not try going east, that entranceway is not blocked by one.",You are carrying: a red hot pepper.,1 of 17,0.058823529411764705,False,
21,,,"I need to gather all the ingredients listed in the recipe: orange bell pepper, block of cheese, carrot, and white onion. I already have the red hot pepper. I will start by taking the white onion and carrot from the fridge.",take white onion from fridge,,"You take the white onion from the fridge.



Your score has just gone up by one point.",Kitchen,"You arrive in a kitchen. An usual kind of place. You begin to take stock of what's in the room.

You see a fridge. The fridge contains a carrot and a red onion. A closed oven, which looks conventional, is right there by you. You see a table. You wonder idly who left that here. The table is massive. On the table you can make out a cookbook and a knife. As if things weren't amazing enough already, you can even see a counter. On the counter you can see a red apple and a raw yellow potato, so there's that. You lean against the wall, inadvertently pressing a secret button. The wall opens up to reveal a stove. However, the stove, like an empty stove, has nothing on it.

There is a closed plain door leading north. There is a closed screen door leading south. You don't like doors? Why not try going east, that entranceway is not blocked by one.",You are carrying: a white onion and a red hot pepper.,2 of 17,0.11764705882352941,False,
22,,,I should check the cookbook on the table to find a recipe for a delicious meal.,examine cookbook,,"You open the copy of ""Cooking: A Modern Approach (3rd Ed.)"" and start reading:

Recipe #1
---------
Gather all following ingredients and follow the directions to prepare this tasty meal.

Ingredients:
red hot pepper
  orange bell pepper
  block of cheese
  carrot
  white onion

Directions:
slice the red hot pepper
  fry the red hot pepper
  slice the orange bell pepper
  roast the orange bell pepper
  chop the block of cheese
  grill the block of cheese
  slice the carrot
  roast the carrot
  slice the white onion
  roast the white onion
  prepare meal",Kitchen,"You arrive in a kitchen. An usual kind of place. You begin to take stock of what's in the room.

You see a fridge. The fridge contains a carrot and a red onion. A closed oven, which looks conventional, is right there by you. You see a table. You wonder idly who left that here. The table is massive. On the table you can make out a cookbook and a knife. As if things weren't amazing enough already, you can even see a counter. On the counter you can see a red apple and a raw yellow potato, so there's that. You lean against the wall, inadvertently pressing a secret button. The wall opens up to reveal a stove. However, the stove, like an empty stove, has nothing on it.

There is a closed plain door leading north. There is a closed screen door leading south. You don't like doors? Why not try going east, that entranceway is not blocked by one.",You are carrying: a white onion and a red hot pepper.,2 of 17,0.11764705882352941,False,
23,,,"I need to gather the remaining ingredients from the fridge and counter: carrot, block of cheese, and orange bell pepper. Then I will follow the recipe steps starting with slicing the red hot pepper I already have.",take carrot from fridge,,"You take the carrot from the fridge.



Your score has just gone up by one point.",Kitchen,"You arrive in a kitchen. An usual kind of place. You begin to take stock of what's in the room.

You see a fridge. The fridge contains a red onion. A closed oven, which looks conventional, is right there by you. You see a table. You wonder idly who left that here. The table is massive. On the table you can make out a cookbook and a knife. As if things weren't amazing enough already, you can even see a counter. On the counter you can see a red apple and a raw yellow potato, so there's that. You lean against the wall, inadvertently pressing a secret button. The wall opens up to reveal a stove. However, the stove, like an empty stove, has nothing on it.

There is a closed plain door leading north. There is a closed screen door leading south. You don't like doors? Why not try going east, that entranceway is not blocked by one.","You are carrying: a carrot, a white onion and a red hot pepper.",3 of 17,0.17647058823529413,False,
24,,,I should examine the cookbook on the table to find a recipe for a delicious meal.,examine cookbook,,"You open the copy of ""Cooking: A Modern Approach (3rd Ed.)"" and start reading:

Recipe #1
---------
Gather all following ingredients and follow the directions to prepare this tasty meal.

Ingredients:
red hot pepper
  orange bell pepper
  block of cheese
  carrot
  white onion

Directions:
slice the red hot pepper
  fry the red hot pepper
  slice the orange bell pepper
  roast the orange bell pepper
  chop the block of cheese
  grill the block of cheese
  slice the carrot
  roast the carrot
  slice the white onion
  roast the white onion
  prepare meal",Kitchen,"You arrive in a kitchen. An usual kind of place. You begin to take stock of what's in the room.

You see a fridge. The fridge contains a red onion. A closed oven, which looks conventional, is right there by you. You see a table. You wonder idly who left that here. The table is massive. On the table you can make out a cookbook and a knife. As if things weren't amazing enough already, you can even see a counter. On the counter you can see a red apple and a raw yellow potato, so there's that. You lean against the wall, inadvertently pressing a secret button. The wall opens up to reveal a stove. However, the stove, like an empty stove, has nothing on it.

There is a closed plain door leading north. There is a closed screen door leading south. You don't like doors? Why not try going east, that entranceway is not blocked by one.","You are carrying: a carrot, a white onion and a red hot pepper.",3 of 17,0.17647058823529413,False,
25,,,I need to slice the red hot pepper first as per the recipe.,slice red hot pepper,,What do you want to slice the red hot pepper with?,Kitchen,"You arrive in a kitchen. An usual kind of place. You begin to take stock of what's in the room.

You see a fridge. The fridge contains a red onion. A closed oven, which looks conventional, is right there by you. You see a table. You wonder idly who left that here. The table is massive. On the table you can make out a cookbook and a knife. As if things weren't amazing enough already, you can even see a counter. On the counter you can see a red apple and a raw yellow potato, so there's that. You lean against the wall, inadvertently pressing a secret button. The wall opens up to reveal a stove. However, the stove, like an empty stove, has nothing on it.

There is a closed plain door leading north. There is a closed screen door leading south. You don't like doors? Why not try going east, that entranceway is not blocked by one.","You are carrying: a carrot, a white onion and a red hot pepper.",3 of 17,0.17647058823529413,False,
26,,,I should slice the red hot pepper with the knife on the table.,slice red hot pepper with knife,,You need to take the knife first.,Kitchen,"You arrive in a kitchen. An usual kind of place. You begin to take stock of what's in the room.

You see a fridge. The fridge contains a red onion. A closed oven, which looks conventional, is right there by you. You see a table. You wonder idly who left that here. The table is massive. On the table you can make out a cookbook and a knife. As if things weren't amazing enough already, you can even see a counter. On the counter you can see a red apple and a raw yellow potato, so there's that. You lean against the wall, inadvertently pressing a secret button. The wall opens up to reveal a stove. However, the stove, like an empty stove, has nothing on it.

There is a closed plain door leading north. There is a closed screen door leading south. You don't like doors? Why not try going east, that entranceway is not blocked by one.","You are carrying: a carrot, a white onion and a red hot pepper.",3 of 17,0.17647058823529413,False,
27,,,I need to take the knife from the table first to prepare the meal.,take knife from table,,You take the knife from the table.,Kitchen,"You arrive in a kitchen. An usual kind of place. You begin to take stock of what's in the room.

You see a fridge. The fridge contains a red onion. A closed oven, which looks conventional, is right there by you. You see a table. You wonder idly who left that here. The table is massive. On the table you can make out a cookbook. As if things weren't amazing enough already, you can even see a counter. On the counter you can see a red apple and a raw yellow potato, so there's that. You lean against the wall, inadvertently pressing a secret button. The wall opens up to reveal a stove. However, the stove, like an empty stove, has nothing on it.

There is a closed plain door leading north. There is a closed screen door leading south. You don't like doors? Why not try going east, that entranceway is not blocked by one.","You are carrying: a knife, a carrot, a white onion and a red hot pepper.",3 of 17,0.17647058823529413,False,
28,,,I should examine the cookbook on the table to find the recipe for a delicious meal.,examine cookbook,,"You open the copy of ""Cooking: A Modern Approach (3rd Ed.)"" and start reading:

Recipe #1
---------
Gather all following ingredients and follow the directions to prepare this tasty meal.

Ingredients:
red hot pepper
  orange bell pepper
  block of cheese
  carrot
  white onion

Directions:
slice the red hot pepper
  fry the red hot pepper
  slice the orange bell pepper
  roast the orange bell pepper
  chop the block of cheese
  grill the block of cheese
  slice the carrot
  roast the carrot
  slice the white onion
  roast the white onion
  prepare meal",Kitchen,"You arrive in a kitchen. An usual kind of place. You begin to take stock of what's in the room.

You see a fridge. The fridge contains a red onion. A closed oven, which looks conventional, is right there by you. You see a table. You wonder idly who left that here. The table is massive. On the table you can make out a cookbook. As if things weren't amazing enough already, you can even see a counter. On the counter you can see a red apple and a raw yellow potato, so there's that. You lean against the wall, inadvertently pressing a secret button. The wall opens up to reveal a stove. However, the stove, like an empty stove, has nothing on it.

There is a closed plain door leading north. There is a closed screen door leading south. You don't like doors? Why not try going east, that entranceway is not blocked by one.","You are carrying: a knife, a carrot, a white onion and a red hot pepper.",3 of 17,0.17647058823529413,False,
29,,,I need to slice and fry the red hot pepper first according to the recipe.,slice red hot pepper with knife,,"You slice the red hot pepper.



Your score has just gone up by one point.",Kitchen,"You arrive in a kitchen. An usual kind of place. You begin to take stock of what's in the room.

You see a fridge. The fridge contains a red onion. A closed oven, which looks conventional, is right there by you. You see a table. You wonder idly who left that here. The table is massive. On the table you can make out a cookbook. As if things weren't amazing enough already, you can even see a counter. On the counter you can see a red apple and a raw yellow potato, so there's that. You lean against the wall, inadvertently pressing a secret button. The wall opens up to reveal a stove. However, the stove, like an empty stove, has nothing on it.

There is a closed plain door leading north. There is a closed screen door leading south. You don't like doors? Why not try going east, that entranceway is not blocked by one.","You are carrying: a knife, a carrot, a white onion and a sliced red hot pepper.",4 of 17,0.23529411764705882,False,
30,,,I should examine the cookbook on the table to find the recipe for a delicious meal.,examine cookbook,,"You open the copy of ""Cooking: A Modern Approach (3rd Ed.)"" and start reading:

Recipe #1
---------
Gather all following ingredients and follow the directions to prepare this tasty meal.

Ingredients:
red hot pepper
  orange bell pepper
  block of cheese
  carrot
  white onion

Directions:
slice the red hot pepper
  fry the red hot pepper
  slice the orange bell pepper
  roast the orange bell pepper
  chop the block of cheese
  grill the block of cheese
  slice the carrot
  roast the carrot
  slice the white onion
  roast the white onion
  prepare meal",Kitchen,"You arrive in a kitchen. An usual kind of place. You begin to take stock of what's in the room.

You see a fridge. The fridge contains a red onion. A closed oven, which looks conventional, is right there by you. You see a table. You wonder idly who left that here. The table is massive. On the table you can make out a cookbook. As if things weren't amazing enough already, you can even see a counter. On the counter you can see a red apple and a raw yellow potato, so there's that. You lean against the wall, inadvertently pressing a secret button. The wall opens up to reveal a stove. However, the stove, like an empty stove, has nothing on it.

There is a closed plain door leading north. There is a closed screen door leading south. You don't like doors? Why not try going east, that entranceway is not blocked by one.","You are carrying: a knife, a carrot, a white onion and a sliced red hot pepper.",4 of 17,0.23529411764705882,False,
31,,,I need to gather the remaining ingredients: orange bell pepper and block of cheese. Then I will follow the recipe steps starting with slicing and frying the red hot pepper I already have.,take orange bell pepper from counter,,You can't see any such thing.,Kitchen,"You arrive in a kitchen. An usual kind of place. You begin to take stock of what's in the room.

You see a fridge. The fridge contains a red onion. A closed oven, which looks conventional, is right there by you. You see a table. You wonder idly who left that here. The table is massive. On the table you can make out a cookbook. As if things weren't amazing enough already, you can even see a counter. On the counter you can see a red apple and a raw yellow potato, so there's that. You lean against the wall, inadvertently pressing a secret button. The wall opens up to reveal a stove. However, the stove, like an empty stove, has nothing on it.

There is a closed plain door leading north. There is a closed screen door leading south. You don't like doors? Why not try going east, that entranceway is not blocked by one.","You are carrying: a knife, a carrot, a white onion and a sliced red hot pepper.",4 of 17,0.23529411764705882,False,
32,,,I should examine the cookbook on the table to check the recipe for a delicious meal.,examine cookbook,,"You open the copy of ""Cooking: A Modern Approach (3rd Ed.)"" and start reading:

Recipe #1
---------
Gather all following ingredients and follow the directions to prepare this tasty meal.

Ingredients:
red hot pepper
  orange bell pepper
  block of cheese
  carrot
  white onion

Directions:
slice the red hot pepper
  fry the red hot pepper
  slice the orange bell pepper
  roast the orange bell pepper
  chop the block of cheese
  grill the block of cheese
  slice the carrot
  roast the carrot
  slice the white onion
  roast the white onion
  prepare meal",Kitchen,"You arrive in a kitchen. An usual kind of place. You begin to take stock of what's in the room.

You see a fridge. The fridge contains a red onion. A closed oven, which looks conventional, is right there by you. You see a table. You wonder idly who left that here. The table is massive. On the table you can make out a cookbook. As if things weren't amazing enough already, you can even see a counter. On the counter you can see a red apple and a raw yellow potato, so there's that. You lean against the wall, inadvertently pressing a secret button. The wall opens up to reveal a stove. However, the stove, like an empty stove, has nothing on it.

There is a closed plain door leading north. There is a closed screen door leading south. You don't like doors? Why not try going east, that entranceway is not blocked by one.","You are carrying: a knife, a carrot, a white onion and a sliced red hot pepper.",4 of 17,0.23529411764705882,False,
33,,,I need to gather the remaining ingredients from the recipe: orange bell pepper and block of cheese. I will look around the kitchen to find them.,look,,"You arrive in a kitchen. An usual kind of place. You begin to take stock of what's in the room.

You see a fridge. The fridge contains a red onion. A closed oven, which looks conventional, is right there by you. You see a table. You wonder idly who left that here. The table is massive. On the table you can make out a cookbook. As if things weren't amazing enough already, you can even see a counter. On the counter you can see a red apple and a raw yellow potato, so there's that. You lean against the wall, inadvertently pressing a secret button. The wall opens up to reveal a stove. However, the stove, like an empty stove, has nothing on it.

There is a closed plain door leading north. There is a closed screen door leading south. You don't like doors? Why not try going east, that entranceway is not blocked by one.",Kitchen,"You arrive in a kitchen. An usual kind of place. You begin to take stock of what's in the room.

You see a fridge. The fridge contains a red onion. A closed oven, which looks conventional, is right there by you. You see a table. You wonder idly who left that here. The table is massive. On the table you can make out a cookbook. As if things weren't amazing enough already, you can even see a counter. On the counter you can see a red apple and a raw yellow potato, so there's that. You lean against the wall, inadvertently pressing a secret button. The wall opens up to reveal a stove. However, the stove, like an empty stove, has nothing on it.

There is a closed plain door leading north. There is a closed screen door leading south. You don't like doors? Why not try going east, that entranceway is not blocked by one.","You are carrying: a knife, a carrot, a white onion and a sliced red hot pepper.",4 of 17,0.23529411764705882,False,
34,,,I should examine the cookbook on the table to find a recipe for a delicious meal.,examine cookbook,,"You open the copy of ""Cooking: A Modern Approach (3rd Ed.)"" and start reading:

Recipe #1
---------
Gather all following ingredients and follow the directions to prepare this tasty meal.

Ingredients:
red hot pepper
  orange bell pepper
  block of cheese
  carrot
  white onion

Directions:
slice the red hot pepper
  fry the red hot pepper
  slice the orange bell pepper
  roast the orange bell pepper
  chop the block of cheese
  grill the block of cheese
  slice the carrot
  roast the carrot
  slice the white onion
  roast the white onion
  prepare meal",Kitchen,"You arrive in a kitchen. An usual kind of place. You begin to take stock of what's in the room.

You see a fridge. The fridge contains a red onion. A closed oven, which looks conventional, is right there by you. You see a table. You wonder idly who left that here. The table is massive. On the table you can make out a cookbook. As if things weren't amazing enough already, you can even see a counter. On the counter you can see a red apple and a raw yellow potato, so there's that. You lean against the wall, inadvertently pressing a secret button. The wall opens up to reveal a stove. However, the stove, like an empty stove, has nothing on it.

There is a closed plain door leading north. There is a closed screen door leading south. You don't like doors? Why not try going east, that entranceway is not blocked by one.","You are carrying: a knife, a carrot, a white onion and a sliced red hot pepper.",4 of 17,0.23529411764705882,False,
35,,,"I need to gather the remaining ingredients: orange bell pepper and block of cheese. Then I will follow the recipe steps: slice and fry the red hot pepper (already sliced), slice and roast the orange bell pepper, chop and grill the block of cheese, slice and roast the carrot and white onion, and finally prepare the meal.",take orange bell pepper from counter,,You can't see any such thing.,Kitchen,"You arrive in a kitchen. An usual kind of place. You begin to take stock of what's in the room.

You see a fridge. The fridge contains a red onion. A closed oven, which looks conventional, is right there by you. You see a table. You wonder idly who left that here. The table is massive. On the table you can make out a cookbook. As if things weren't amazing enough already, you can even see a counter. On the counter you can see a red apple and a raw yellow potato, so there's that. You lean against the wall, inadvertently pressing a secret button. The wall opens up to reveal a stove. However, the stove, like an empty stove, has nothing on it.

There is a closed plain door leading north. There is a closed screen door leading south. You don't like doors? Why not try going east, that entranceway is not blocked by one.","You are carrying: a knife, a carrot, a white onion and a sliced red hot pepper.",4 of 17,0.23529411764705882,False,
36,,,I should examine the cookbook on the table to check the recipe for a delicious meal.,examine cookbook,,"You open the copy of ""Cooking: A Modern Approach (3rd Ed.)"" and start reading:

Recipe #1
---------
Gather all following ingredients and follow the directions to prepare this tasty meal.

Ingredients:
red hot pepper
  orange bell pepper
  block of cheese
  carrot
  white onion

Directions:
slice the red hot pepper
  fry the red hot pepper
  slice the orange bell pepper
  roast the orange bell pepper
  chop the block of cheese
  grill the block of cheese
  slice the carrot
  roast the carrot
  slice the white onion
  roast the white onion
  prepare meal",Kitchen,"You arrive in a kitchen. An usual kind of place. You begin to take stock of what's in the room.

You see a fridge. The fridge contains a red onion. A closed oven, which looks conventional, is right there by you. You see a table. You wonder idly who left that here. The table is massive. On the table you can make out a cookbook. As if things weren't amazing enough already, you can even see a counter. On the counter you can see a red apple and a raw yellow potato, so there's that. You lean against the wall, inadvertently pressing a secret button. The wall opens up to reveal a stove. However, the stove, like an empty stove, has nothing on it.

There is a closed plain door leading north. There is a closed screen door leading south. You don't like doors? Why not try going east, that entranceway is not blocked by one.","You are carrying: a knife, a carrot, a white onion and a sliced red hot pepper.",4 of 17,0.23529411764705882,False,
37,,,"I need to slice the orange bell pepper next, but I don't have it in my inventory or in the kitchen yet. I should look around the kitchen to find the orange bell pepper.",look,,"You arrive in a kitchen. An usual kind of place. You begin to take stock of what's in the room.

You see a fridge. The fridge contains a red onion. A closed oven, which looks conventional, is right there by you. You see a table. You wonder idly who left that here. The table is massive. On the table you can make out a cookbook. As if things weren't amazing enough already, you can even see a counter. On the counter you can see a red apple and a raw yellow potato, so there's that. You lean against the wall, inadvertently pressing a secret button. The wall opens up to reveal a stove. However, the stove, like an empty stove, has nothing on it.

There is a closed plain door leading north. There is a closed screen door leading south. You don't like doors? Why not try going east, that entranceway is not blocked by one.",Kitchen,"You arrive in a kitchen. An usual kind of place. You begin to take stock of what's in the room.

You see a fridge. The fridge contains a red onion. A closed oven, which looks conventional, is right there by you. You see a table. You wonder idly who left that here. The table is massive. On the table you can make out a cookbook. As if things weren't amazing enough already, you can even see a counter. On the counter you can see a red apple and a raw yellow potato, so there's that. You lean against the wall, inadvertently pressing a secret button. The wall opens up to reveal a stove. However, the stove, like an empty stove, has nothing on it.

There is a closed plain door leading north. There is a closed screen door leading south. You don't like doors? Why not try going east, that entranceway is not blocked by one.","You are carrying: a knife, a carrot, a white onion and a sliced red hot pepper.",4 of 17,0.23529411764705882,False,
38,,,I should examine the cookbook on the table to find a recipe for a delicious meal.,examine cookbook,,"You open the copy of ""Cooking: A Modern Approach (3rd Ed.)"" and start reading:

Recipe #1
---------
Gather all following ingredients and follow the directions to prepare this tasty meal.

Ingredients:
red hot pepper
  orange bell pepper
  block of cheese
  carrot
  white onion

Directions:
slice the red hot pepper
  fry the red hot pepper
  slice the orange bell pepper
  roast the orange bell pepper
  chop the block of cheese
  grill the block of cheese
  slice the carrot
  roast the carrot
  slice the white onion
  roast the white onion
  prepare meal",Kitchen,"You arrive in a kitchen. An usual kind of place. You begin to take stock of what's in the room.

You see a fridge. The fridge contains a red onion. A closed oven, which looks conventional, is right there by you. You see a table. You wonder idly who left that here. The table is massive. On the table you can make out a cookbook. As if things weren't amazing enough already, you can even see a counter. On the counter you can see a red apple and a raw yellow potato, so there's that. You lean against the wall, inadvertently pressing a secret button. The wall opens up to reveal a stove. However, the stove, like an empty stove, has nothing on it.

There is a closed plain door leading north. There is a closed screen door leading south. You don't like doors? Why not try going east, that entranceway is not blocked by one.","You are carrying: a knife, a carrot, a white onion and a sliced red hot pepper.",4 of 17,0.23529411764705882,False,
39,,,I need to gather the remaining ingredients: orange bell pepper and block of cheese. Then I will follow the recipe steps starting with slicing and frying the red hot pepper I already have.,take orange bell pepper from counter,,You can't see any such thing.,Kitchen,"You arrive in a kitchen. An usual kind of place. You begin to take stock of what's in the room.

You see a fridge. The fridge contains a red onion. A closed oven, which looks conventional, is right there by you. You see a table. You wonder idly who left that here. The table is massive. On the table you can make out a cookbook. As if things weren't amazing enough already, you can even see a counter. On the counter you can see a red apple and a raw yellow potato, so there's that. You lean against the wall, inadvertently pressing a secret button. The wall opens up to reveal a stove. However, the stove, like an empty stove, has nothing on it.

There is a closed plain door leading north. There is a closed screen door leading south. You don't like doors? Why not try going east, that entranceway is not blocked by one.","You are carrying: a knife, a carrot, a white onion and a sliced red hot pepper.",4 of 17,0.23529411764705882,False,
40,,,I should examine the cookbook on the table to find a recipe for a delicious meal.,examine cookbook,,"You open the copy of ""Cooking: A Modern Approach (3rd Ed.)"" and start reading:

Recipe #1
---------
Gather all following ingredients and follow the directions to prepare this tasty meal.

Ingredients:
red hot pepper
  orange bell pepper
  block of cheese
  carrot
  white onion

Directions:
slice the red hot pepper
  fry the red hot pepper
  slice the orange bell pepper
  roast the orange bell pepper
  chop the block of cheese
  grill the block of cheese
  slice the carrot
  roast the carrot
  slice the white onion
  roast the white onion
  prepare meal",Kitchen,"You arrive in a kitchen. An usual kind of place. You begin to take stock of what's in the room.

You see a fridge. The fridge contains a red onion. A closed oven, which looks conventional, is right there by you. You see a table. You wonder idly who left that here. The table is massive. On the table you can make out a cookbook. As if things weren't amazing enough already, you can even see a counter. On the counter you can see a red apple and a raw yellow potato, so there's that. You lean against the wall, inadvertently pressing a secret button. The wall opens up to reveal a stove. However, the stove, like an empty stove, has nothing on it.

There is a closed plain door leading north. There is a closed screen door leading south. You don't like doors? Why not try going east, that entranceway is not blocked by one.","You are carrying: a knife, a carrot, a white onion and a sliced red hot pepper.",4 of 17,0.23529411764705882,False,
41,,,"I need to gather the remaining ingredients: orange bell pepper and block of cheese, then follow the recipe steps starting with slicing and frying the red hot pepper I already have sliced.",take orange bell pepper from counter,,You can't see any such thing.,Kitchen,"You arrive in a kitchen. An usual kind of place. You begin to take stock of what's in the room.

You see a fridge. The fridge contains a red onion. A closed oven, which looks conventional, is right there by you. You see a table. You wonder idly who left that here. The table is massive. On the table you can make out a cookbook. As if things weren't amazing enough already, you can even see a counter. On the counter you can see a red apple and a raw yellow potato, so there's that. You lean against the wall, inadvertently pressing a secret button. The wall opens up to reveal a stove. However, the stove, like an empty stove, has nothing on it.

There is a closed plain door leading north. There is a closed screen door leading south. You don't like doors? Why not try going east, that entranceway is not blocked by one.","You are carrying: a knife, a carrot, a white onion and a sliced red hot pepper.",4 of 17,0.23529411764705882,False,
42,,,I should examine the cookbook on the table to check the recipe for a delicious meal.,examine cookbook,,"You open the copy of ""Cooking: A Modern Approach (3rd Ed.)"" and start reading:

Recipe #1
---------
Gather all following ingredients and follow the directions to prepare this tasty meal.

Ingredients:
red hot pepper
  orange bell pepper
  block of cheese
  carrot
  white onion

Directions:
slice the red hot pepper
  fry the red hot pepper
  slice the orange bell pepper
  roast the orange bell pepper
  chop the block of cheese
  grill the block of cheese
  slice the carrot
  roast the carrot
  slice the white onion
  roast the white onion
  prepare meal",Kitchen,"You arrive in a kitchen. An usual kind of place. You begin to take stock of what's in the room.

You see a fridge. The fridge contains a red onion. A closed oven, which looks conventional, is right there by you. You see a table. You wonder idly who left that here. The table is massive. On the table you can make out a cookbook. As if things weren't amazing enough already, you can even see a counter. On the counter you can see a red apple and a raw yellow potato, so there's that. You lean against the wall, inadvertently pressing a secret button. The wall opens up to reveal a stove. However, the stove, like an empty stove, has nothing on it.

There is a closed plain door leading north. There is a closed screen door leading south. You don't like doors? Why not try going east, that entranceway is not blocked by one.","You are carrying: a knife, a carrot, a white onion and a sliced red hot pepper.",4 of 17,0.23529411764705882,False,
43,,,I need to gather the remaining ingredients from the recipe: orange bell pepper and block of cheese. I will look around the kitchen to find them.,look,,"You arrive in a kitchen. An usual kind of place. You begin to take stock of what's in the room.

You see a fridge. The fridge contains a red onion. A closed oven, which looks conventional, is right there by you. You see a table. You wonder idly who left that here. The table is massive. On the table you can make out a cookbook. As if things weren't amazing enough already, you can even see a counter. On the counter you can see a red apple and a raw yellow potato, so there's that. You lean against the wall, inadvertently pressing a secret button. The wall opens up to reveal a stove. However, the stove, like an empty stove, has nothing on it.

There is a closed plain door leading north. There is a closed screen door leading south. You don't like doors? Why not try going east, that entranceway is not blocked by one.",Kitchen,"You arrive in a kitchen. An usual kind of place. You begin to take stock of what's in the room.

You see a fridge. The fridge contains a red onion. A closed oven, which looks conventional, is right there by you. You see a table. You wonder idly who left that here. The table is massive. On the table you can make out a cookbook. As if things weren't amazing enough already, you can even see a counter. On the counter you can see a red apple and a raw yellow potato, so there's that. You lean against the wall, inadvertently pressing a secret button. The wall opens up to reveal a stove. However, the stove, like an empty stove, has nothing on it.

There is a closed plain door leading north. There is a closed screen door leading south. You don't like doors? Why not try going east, that entranceway is not blocked by one.","You are carrying: a knife, a carrot, a white onion and a sliced red hot pepper.",4 of 17,0.23529411764705882,False,
44,,,I should examine the cookbook on the table to find a recipe for a delicious meal.,examine cookbook,,"You open the copy of ""Cooking: A Modern Approach (3rd Ed.)"" and start reading:

Recipe #1
---------
Gather all following ingredients and follow the directions to prepare this tasty meal.

Ingredients:
red hot pepper
  orange bell pepper
  block of cheese
  carrot
  white onion

Directions:
slice the red hot pepper
  fry the red hot pepper
  slice the orange bell pepper
  roast the orange bell pepper
  chop the block of cheese
  grill the block of cheese
  slice the carrot
  roast the carrot
  slice the white onion
  roast the white onion
  prepare meal",Kitchen,"You arrive in a kitchen. An usual kind of place. You begin to take stock of what's in the room.

You see a fridge. The fridge contains a red onion. A closed oven, which looks conventional, is right there by you. You see a table. You wonder idly who left that here. The table is massive. On the table you can make out a cookbook. As if things weren't amazing enough already, you can even see a counter. On the counter you can see a red apple and a raw yellow potato, so there's that. You lean against the wall, inadvertently pressing a secret button. The wall opens up to reveal a stove. However, the stove, like an empty stove, has nothing on it.

There is a closed plain door leading north. There is a closed screen door leading south. You don't like doors? Why not try going east, that entranceway is not blocked by one.","You are carrying: a knife, a carrot, a white onion and a sliced red hot pepper.",4 of 17,0.23529411764705882,False,
45,,,"I need to find and gather the remaining ingredients: orange bell pepper and block of cheese, then follow the recipe steps to prepare the meal.",go east,,"You've just sauntered into a corridor. You can barely contain your excitement.



There is an exit to the east. Don't worry, there is no door. There is an exit to the north. You need an exit without a door? You should try going west.",Corridor,"You've just sauntered into a corridor. You can barely contain your excitement.



There is an exit to the east. Don't worry, there is no door. There is an exit to the north. You need an exit without a door? You should try going west.","You are carrying: a knife, a carrot, a white onion and a sliced red hot pepper.",4 of 17,0.23529411764705882,False,
46,,,I should go west to find the kitchen where the cookbook is likely located.,go west,,"You arrive in a kitchen. An usual kind of place. You begin to take stock of what's in the room.

You see a fridge. The fridge contains a red onion. A closed oven, which looks conventional, is right there by you. You see a table. You wonder idly who left that here. The table is massive. On the table you can make out a cookbook. As if things weren't amazing enough already, you can even see a counter. On the counter you can see a red apple and a raw yellow potato, so there's that. You lean against the wall, inadvertently pressing a secret button. The wall opens up to reveal a stove. However, the stove, like an empty stove, has nothing on it.

There is a closed plain door leading north. There is a closed screen door leading south. You don't like doors? Why not try going east, that entranceway is not blocked by one.",Kitchen,"You arrive in a kitchen. An usual kind of place. You begin to take stock of what's in the room.

You see a fridge. The fridge contains a red onion. A closed oven, which looks conventional, is right there by you. You see a table. You wonder idly who left that here. The table is massive. On the table you can make out a cookbook. As if things weren't amazing enough already, you can even see a counter. On the counter you can see a red apple and a raw yellow potato, so there's that. You lean against the wall, inadvertently pressing a secret button. The wall opens up to reveal a stove. However, the stove, like an empty stove, has nothing on it.

There is a closed plain door leading north. There is a closed screen door leading south. You don't like doors? Why not try going east, that entranceway is not blocked by one.","You are carrying: a knife, a carrot, a white onion and a sliced red hot pepper.",4 of 17,0.23529411764705882,False,
47,,,I should examine the cookbook on the table to find a recipe for a delicious meal.,examine cookbook,,"You open the copy of ""Cooking: A Modern Approach (3rd Ed.)"" and start reading:

Recipe #1
---------
Gather all following ingredients and follow the directions to prepare this tasty meal.

Ingredients:
red hot pepper
  orange bell pepper
  block of cheese
  carrot
  white onion

Directions:
slice the red hot pepper
  fry the red hot pepper
  slice the orange bell pepper
  roast the orange bell pepper
  chop the block of cheese
  grill the block of cheese
  slice the carrot
  roast the carrot
  slice the white onion
  roast the white onion
  prepare meal",Kitchen,"You arrive in a kitchen. An usual kind of place. You begin to take stock of what's in the room.

You see a fridge. The fridge contains a red onion. A closed oven, which looks conventional, is right there by you. You see a table. You wonder idly who left that here. The table is massive. On the table you can make out a cookbook. As if things weren't amazing enough already, you can even see a counter. On the counter you can see a red apple and a raw yellow potato, so there's that. You lean against the wall, inadvertently pressing a secret button. The wall opens up to reveal a stove. However, the stove, like an empty stove, has nothing on it.

There is a closed plain door leading north. There is a closed screen door leading south. You don't like doors? Why not try going east, that entranceway is not blocked by one.","You are carrying: a knife, a carrot, a white onion and a sliced red hot pepper.",4 of 17,0.23529411764705882,False,
48,,,"I need to get the orange bell pepper and the block of cheese, then slice and cook them as per the recipe. I will first look around the kitchen to find these ingredients.",look,,"You arrive in a kitchen. An usual kind of place. You begin to take stock of what's in the room.

You see a fridge. The fridge contains a red onion. A closed oven, which looks conventional, is right there by you. You see a table. You wonder idly who left that here. The table is massive. On the table you can make out a cookbook. As if things weren't amazing enough already, you can even see a counter. On the counter you can see a red apple and a raw yellow potato, so there's that. You lean against the wall, inadvertently pressing a secret button. The wall opens up to reveal a stove. However, the stove, like an empty stove, has nothing on it.

There is a closed plain door leading north. There is a closed screen door leading south. You don't like doors? Why not try going east, that entranceway is not blocked by one.",Kitchen,"You arrive in a kitchen. An usual kind of place. You begin to take stock of what's in the room.

You see a fridge. The fridge contains a red onion. A closed oven, which looks conventional, is right there by you. You see a table. You wonder idly who left that here. The table is massive. On the table you can make out a cookbook. As if things weren't amazing enough already, you can even see a counter. On the counter you can see a red apple and a raw yellow potato, so there's that. You lean against the wall, inadvertently pressing a secret button. The wall opens up to reveal a stove. However, the stove, like an empty stove, has nothing on it.

There is a closed plain door leading north. There is a closed screen door leading south. You don't like doors? Why not try going east, that entranceway is not blocked by one.","You are carrying: a knife, a carrot, a white onion and a sliced red hot pepper.",4 of 17,0.23529411764705882,False,
49,,,I should examine the cookbook on the table to find a recipe for a delicious meal.,examine cookbook,,"You open the copy of ""Cooking: A Modern Approach (3rd Ed.)"" and start reading:

Recipe #1
---------
Gather all following ingredients and follow the directions to prepare this tasty meal.

Ingredients:
red hot pepper
  orange bell pepper
  block of cheese
  carrot
  white onion

Directions:
slice the red hot pepper
  fry the red hot pepper
  slice the orange bell pepper
  roast the orange bell pepper
  chop the block of cheese
  grill the block of cheese
  slice the carrot
  roast the carrot
  slice the white onion
  roast the white onion
  prepare meal",Kitchen,"You arrive in a kitchen. An usual kind of place. You begin to take stock of what's in the room.

You see a fridge. The fridge contains a red onion. A closed oven, which looks conventional, is right there by you. You see a table. You wonder idly who left that here. The table is massive. On the table you can make out a cookbook. As if things weren't amazing enough already, you can even see a counter. On the counter you can see a red apple and a raw yellow potato, so there's that. You lean against the wall, inadvertently pressing a secret button. The wall opens up to reveal a stove. However, the stove, like an empty stove, has nothing on it.

There is a closed plain door leading north. There is a closed screen door leading south. You don't like doors? Why not try going east, that entranceway is not blocked by one.","You are carrying: a knife, a carrot, a white onion and a sliced red hot pepper.",4 of 17,0.23529411764705882,False,
50,,,I need to gather the remaining ingredients: orange bell pepper and block of cheese. Then I will follow the recipe steps starting with slicing and frying the red hot pepper I already have sliced.,take orange bell pepper from counter,,You can't see any such thing.,Kitchen,"You arrive in a kitchen. An usual kind of place. You begin to take stock of what's in the room.

You see a fridge. The fridge contains a red onion. A closed oven, which looks conventional, is right there by you. You see a table. You wonder idly who left that here. The table is massive. On the table you can make out a cookbook. As if things weren't amazing enough already, you can even see a counter. On the counter you can see a red apple and a raw yellow potato, so there's that. You lean against the wall, inadvertently pressing a secret button. The wall opens up to reveal a stove. However, the stove, like an empty stove, has nothing on it.

There is a closed plain door leading north. There is a closed screen door leading south. You don't like doors? Why not try going east, that entranceway is not blocked by one.","You are carrying: a knife, a carrot, a white onion and a sliced red hot pepper.",4 of 17,0.23529411764705882,False,
51,,,I should examine the cookbook on the table to find a recipe for a delicious meal.,examine cookbook,,"You open the copy of ""Cooking: A Modern Approach (3rd Ed.)"" and start reading:

Recipe #1
---------
Gather all following ingredients and follow the directions to prepare this tasty meal.

Ingredients:
red hot pepper
  orange bell pepper
  block of cheese
  carrot
  white onion

Directions:
slice the red hot pepper
  fry the red hot pepper
  slice the orange bell pepper
  roast the orange bell pepper
  chop the block of cheese
  grill the block of cheese
  slice the carrot
  roast the carrot
  slice the white onion
  roast the white onion
  prepare meal",Kitchen,"You arrive in a kitchen. An usual kind of place. You begin to take stock of what's in the room.

You see a fridge. The fridge contains a red onion. A closed oven, which looks conventional, is right there by you. You see a table. You wonder idly who left that here. The table is massive. On the table you can make out a cookbook. As if things weren't amazing enough already, you can even see a counter. On the counter you can see a red apple and a raw yellow potato, so there's that. You lean against the wall, inadvertently pressing a secret button. The wall opens up to reveal a stove. However, the stove, like an empty stove, has nothing on it.

There is a closed plain door leading north. There is a closed screen door leading south. You don't like doors? Why not try going east, that entranceway is not blocked by one.","You are carrying: a knife, a carrot, a white onion and a sliced red hot pepper.",4 of 17,0.23529411764705882,False,
52,,,"I need to slice the orange bell pepper next, but I don't have it in my inventory. I should look around the kitchen to find the orange bell pepper.",look,,"You arrive in a kitchen. An usual kind of place. You begin to take stock of what's in the room.

You see a fridge. The fridge contains a red onion. A closed oven, which looks conventional, is right there by you. You see a table. You wonder idly who left that here. The table is massive. On the table you can make out a cookbook. As if things weren't amazing enough already, you can even see a counter. On the counter you can see a red apple and a raw yellow potato, so there's that. You lean against the wall, inadvertently pressing a secret button. The wall opens up to reveal a stove. However, the stove, like an empty stove, has nothing on it.

There is a closed plain door leading north. There is a closed screen door leading south. You don't like doors? Why not try going east, that entranceway is not blocked by one.",Kitchen,"You arrive in a kitchen. An usual kind of place. You begin to take stock of what's in the room.

You see a fridge. The fridge contains a red onion. A closed oven, which looks conventional, is right there by you. You see a table. You wonder idly who left that here. The table is massive. On the table you can make out a cookbook. As if things weren't amazing enough already, you can even see a counter. On the counter you can see a red apple and a raw yellow potato, so there's that. You lean against the wall, inadvertently pressing a secret button. The wall opens up to reveal a stove. However, the stove, like an empty stove, has nothing on it.

There is a closed plain door leading north. There is a closed screen door leading south. You don't like doors? Why not try going east, that entranceway is not blocked by one.","You are carrying: a knife, a carrot, a white onion and a sliced red hot pepper.",4 of 17,0.23529411764705882,False,
53,,,I should examine the cookbook on the table to find the recipe for a delicious meal.,examine cookbook,,"You open the copy of ""Cooking: A Modern Approach (3rd Ed.)"" and start reading:

Recipe #1
---------
Gather all following ingredients and follow the directions to prepare this tasty meal.

Ingredients:
red hot pepper
  orange bell pepper
  block of cheese
  carrot
  white onion

Directions:
slice the red hot pepper
  fry the red hot pepper
  slice the orange bell pepper
  roast the orange bell pepper
  chop the block of cheese
  grill the block of cheese
  slice the carrot
  roast the carrot
  slice the white onion
  roast the white onion
  prepare meal",Kitchen,"You arrive in a kitchen. An usual kind of place. You begin to take stock of what's in the room.

You see a fridge. The fridge contains a red onion. A closed oven, which looks conventional, is right there by you. You see a table. You wonder idly who left that here. The table is massive. On the table you can make out a cookbook. As if things weren't amazing enough already, you can even see a counter. On the counter you can see a red apple and a raw yellow potato, so there's that. You lean against the wall, inadvertently pressing a secret button. The wall opens up to reveal a stove. However, the stove, like an empty stove, has nothing on it.

There is a closed plain door leading north. There is a closed screen door leading south. You don't like doors? Why not try going east, that entranceway is not blocked by one.","You are carrying: a knife, a carrot, a white onion and a sliced red hot pepper.",4 of 17,0.23529411764705882,False,
54,,,I need to gather the remaining ingredients: orange bell pepper and block of cheese. Then I will follow the recipe steps starting with slicing and frying the red hot pepper I already have sliced.,take orange bell pepper from counter,,You can't see any such thing.,Kitchen,"You arrive in a kitchen. An usual kind of place. You begin to take stock of what's in the room.

You see a fridge. The fridge contains a red onion. A closed oven, which looks conventional, is right there by you. You see a table. You wonder idly who left that here. The table is massive. On the table you can make out a cookbook. As if things weren't amazing enough already, you can even see a counter. On the counter you can see a red apple and a raw yellow potato, so there's that. You lean against the wall, inadvertently pressing a secret button. The wall opens up to reveal a stove. However, the stove, like an empty stove, has nothing on it.

There is a closed plain door leading north. There is a closed screen door leading south. You don't like doors? Why not try going east, that entranceway is not blocked by one.","You are carrying: a knife, a carrot, a white onion and a sliced red hot pepper.",4 of 17,0.23529411764705882,False,
55,,,I should examine the cookbook on the table to find the recipe for a delicious meal.,examine cookbook,,"You open the copy of ""Cooking: A Modern Approach (3rd Ed.)"" and start reading:

Recipe #1
---------
Gather all following ingredients and follow the directions to prepare this tasty meal.

Ingredients:
red hot pepper
  orange bell pepper
  block of cheese
  carrot
  white onion

Directions:
slice the red hot pepper
  fry the red hot pepper
  slice the orange bell pepper
  roast the orange bell pepper
  chop the block of cheese
  grill the block of cheese
  slice the carrot
  roast the carrot
  slice the white onion
  roast the white onion
  prepare meal",Kitchen,"You arrive in a kitchen. An usual kind of place. You begin to take stock of what's in the room.

You see a fridge. The fridge contains a red onion. A closed oven, which looks conventional, is right there by you. You see a table. You wonder idly who left that here. The table is massive. On the table you can make out a cookbook. As if things weren't amazing enough already, you can even see a counter. On the counter you can see a red apple and a raw yellow potato, so there's that. You lean against the wall, inadvertently pressing a secret button. The wall opens up to reveal a stove. However, the stove, like an empty stove, has nothing on it.

There is a closed plain door leading north. There is a closed screen door leading south. You don't like doors? Why not try going east, that entranceway is not blocked by one.","You are carrying: a knife, a carrot, a white onion and a sliced red hot pepper.",4 of 17,0.23529411764705882,False,
56,,,"I need to slice the orange bell pepper next, but I don't have it in my inventory. I should look around the kitchen to find the orange bell pepper.",look,,"You arrive in a kitchen. An usual kind of place. You begin to take stock of what's in the room.

You see a fridge. The fridge contains a red onion. A closed oven, which looks conventional, is right there by you. You see a table. You wonder idly who left that here. The table is massive. On the table you can make out a cookbook. As if things weren't amazing enough already, you can even see a counter. On the counter you can see a red apple and a raw yellow potato, so there's that. You lean against the wall, inadvertently pressing a secret button. The wall opens up to reveal a stove. However, the stove, like an empty stove, has nothing on it.

There is a closed plain door leading north. There is a closed screen door leading south. You don't like doors? Why not try going east, that entranceway is not blocked by one.",Kitchen,"You arrive in a kitchen. An usual kind of place. You begin to take stock of what's in the room.

You see a fridge. The fridge contains a red onion. A closed oven, which looks conventional, is right there by you. You see a table. You wonder idly who left that here. The table is massive. On the table you can make out a cookbook. As if things weren't amazing enough already, you can even see a counter. On the counter you can see a red apple and a raw yellow potato, so there's that. You lean against the wall, inadvertently pressing a secret button. The wall opens up to reveal a stove. However, the stove, like an empty stove, has nothing on it.

There is a closed plain door leading north. There is a closed screen door leading south. You don't like doors? Why not try going east, that entranceway is not blocked by one.","You are carrying: a knife, a carrot, a white onion and a sliced red hot pepper.",4 of 17,0.23529411764705882,False,
57,,,I should examine the cookbook on the table to find a recipe for a delicious meal.,examine cookbook,,"You open the copy of ""Cooking: A Modern Approach (3rd Ed.)"" and start reading:

Recipe #1
---------
Gather all following ingredients and follow the directions to prepare this tasty meal.

Ingredients:
red hot pepper
  orange bell pepper
  block of cheese
  carrot
  white onion

Directions:
slice the red hot pepper
  fry the red hot pepper
  slice the orange bell pepper
  roast the orange bell pepper
  chop the block of cheese
  grill the block of cheese
  slice the carrot
  roast the carrot
  slice the white onion
  roast the white onion
  prepare meal",Kitchen,"You arrive in a kitchen. An usual kind of place. You begin to take stock of what's in the room.

You see a fridge. The fridge contains a red onion. A closed oven, which looks conventional, is right there by you. You see a table. You wonder idly who left that here. The table is massive. On the table you can make out a cookbook. As if things weren't amazing enough already, you can even see a counter. On the counter you can see a red apple and a raw yellow potato, so there's that. You lean against the wall, inadvertently pressing a secret button. The wall opens up to reveal a stove. However, the stove, like an empty stove, has nothing on it.

There is a closed plain door leading north. There is a closed screen door leading south. You don't like doors? Why not try going east, that entranceway is not blocked by one.","You are carrying: a knife, a carrot, a white onion and a sliced red hot pepper.",4 of 17,0.23529411764705882,False,
58,,,I need to gather the remaining ingredients: orange bell pepper and block of cheese. Then I will follow the recipe steps starting with slicing and frying the red hot pepper I already have.,take orange bell pepper from counter,,You can't see any such thing.,Kitchen,"You arrive in a kitchen. An usual kind of place. You begin to take stock of what's in the room.

You see a fridge. The fridge contains a red onion. A closed oven, which looks conventional, is right there by you. You see a table. You wonder idly who left that here. The table is massive. On the table you can make out a cookbook. As if things weren't amazing enough already, you can even see a counter. On the counter you can see a red apple and a raw yellow potato, so there's that. You lean against the wall, inadvertently pressing a secret button. The wall opens up to reveal a stove. However, the stove, like an empty stove, has nothing on it.

There is a closed plain door leading north. There is a closed screen door leading south. You don't like doors? Why not try going east, that entranceway is not blocked by one.","You are carrying: a knife, a carrot, a white onion and a sliced red hot pepper.",4 of 17,0.23529411764705882,False,
59,,,I should examine the cookbook on the table to check the recipe for a delicious meal.,examine cookbook,,"You open the copy of ""Cooking: A Modern Approach (3rd Ed.)"" and start reading:

Recipe #1
---------
Gather all following ingredients and follow the directions to prepare this tasty meal.

Ingredients:
red hot pepper
  orange bell pepper
  block of cheese
  carrot
  white onion

Directions:
slice the red hot pepper
  fry the red hot pepper
  slice the orange bell pepper
  roast the orange bell pepper
  chop the block of cheese
  grill the block of cheese
  slice the carrot
  roast the carrot
  slice the white onion
  roast the white onion
  prepare meal",Kitchen,"You arrive in a kitchen. An usual kind of place. You begin to take stock of what's in the room.

You see a fridge. The fridge contains a red onion. A closed oven, which looks conventional, is right there by you. You see a table. You wonder idly who left that here. The table is massive. On the table you can make out a cookbook. As if things weren't amazing enough already, you can even see a counter. On the counter you can see a red apple and a raw yellow potato, so there's that. You lean against the wall, inadvertently pressing a secret button. The wall opens up to reveal a stove. However, the stove, like an empty stove, has nothing on it.

There is a closed plain door leading north. There is a closed screen door leading south. You don't like doors? Why not try going east, that entranceway is not blocked by one.","You are carrying: a knife, a carrot, a white onion and a sliced red hot pepper.",4 of 17,0.23529411764705882,False,
60,,,I need to gather the remaining ingredients: orange bell pepper and block of cheese. Then I will follow the recipe steps starting with slicing and frying the red hot pepper I already have.,take orange bell pepper from counter,,You can't see any such thing.,Kitchen,"You arrive in a kitchen. An usual kind of place. You begin to take stock of what's in the room.

You see a fridge. The fridge contains a red onion. A closed oven, which looks conventional, is right there by you. You see a table. You wonder idly who left that here. The table is massive. On the table you can make out a cookbook. As if things weren't amazing enough already, you can even see a counter. On the counter you can see a red apple and a raw yellow potato, so there's that. You lean against the wall, inadvertently pressing a secret button. The wall opens up to reveal a stove. However, the stove, like an empty stove, has nothing on it.

There is a closed plain door leading north. There is a closed screen door leading south. You don't like doors? Why not try going east, that entranceway is not blocked by one.","You are carrying: a knife, a carrot, a white onion and a sliced red hot pepper.",4 of 17,0.23529411764705882,False,
61,,,I should examine the cookbook on the table to find a recipe for a delicious meal.,examine cookbook,,"You open the copy of ""Cooking: A Modern Approach (3rd Ed.)"" and start reading:

Recipe #1
---------
Gather all following ingredients and follow the directions to prepare this tasty meal.

Ingredients:
red hot pepper
  orange bell pepper
  block of cheese
  carrot
  white onion

Directions:
slice the red hot pepper
  fry the red hot pepper
  slice the orange bell pepper
  roast the orange bell pepper
  chop the block of cheese
  grill the block of cheese
  slice the carrot
  roast the carrot
  slice the white onion
  roast the white onion
  prepare meal",Kitchen,"You arrive in a kitchen. An usual kind of place. You begin to take stock of what's in the room.

You see a fridge. The fridge contains a red onion. A closed oven, which looks conventional, is right there by you. You see a table. You wonder idly who left that here. The table is massive. On the table you can make out a cookbook. As if things weren't amazing enough already, you can even see a counter. On the counter you can see a red apple and a raw yellow potato, so there's that. You lean against the wall, inadvertently pressing a secret button. The wall opens up to reveal a stove. However, the stove, like an empty stove, has nothing on it.

There is a closed plain door leading north. There is a closed screen door leading south. You don't like doors? Why not try going east, that entranceway is not blocked by one.","You are carrying: a knife, a carrot, a white onion and a sliced red hot pepper.",4 of 17,0.23529411764705882,False,
62,,,I need to gather the remaining ingredients: orange bell pepper and block of cheese. I will look around the kitchen to find them.,look,,"You arrive in a kitchen. An usual kind of place. You begin to take stock of what's in the room.

You see a fridge. The fridge contains a red onion. A closed oven, which looks conventional, is right there by you. You see a table. You wonder idly who left that here. The table is massive. On the table you can make out a cookbook. As if things weren't amazing enough already, you can even see a counter. On the counter you can see a red apple and a raw yellow potato, so there's that. You lean against the wall, inadvertently pressing a secret button. The wall opens up to reveal a stove. However, the stove, like an empty stove, has nothing on it.

There is a closed plain door leading north. There is a closed screen door leading south. You don't like doors? Why not try going east, that entranceway is not blocked by one.",Kitchen,"You arrive in a kitchen. An usual kind of place. You begin to take stock of what's in the room.

You see a fridge. The fridge contains a red onion. A closed oven, which looks conventional, is right there by you. You see a table. You wonder idly who left that here. The table is massive. On the table you can make out a cookbook. As if things weren't amazing enough already, you can even see a counter. On the counter you can see a red apple and a raw yellow potato, so there's that. You lean against the wall, inadvertently pressing a secret button. The wall opens up to reveal a stove. However, the stove, like an empty stove, has nothing on it.

There is a closed plain door leading north. There is a closed screen door leading south. You don't like doors? Why not try going east, that entranceway is not blocked by one.","You are carrying: a knife, a carrot, a white onion and a sliced red hot pepper.",4 of 17,0.23529411764705882,False,
63,,,I should examine the cookbook on the table to find a recipe for a delicious meal.,examine cookbook,,"You open the copy of ""Cooking: A Modern Approach (3rd Ed.)"" and start reading:

Recipe #1
---------
Gather all following ingredients and follow the directions to prepare this tasty meal.

Ingredients:
red hot pepper
  orange bell pepper
  block of cheese
  carrot
  white onion

Directions:
slice the red hot pepper
  fry the red hot pepper
  slice the orange bell pepper
  roast the orange bell pepper
  chop the block of cheese
  grill the block of cheese
  slice the carrot
  roast the carrot
  slice the white onion
  roast the white onion
  prepare meal",Kitchen,"You arrive in a kitchen. An usual kind of place. You begin to take stock of what's in the room.

You see a fridge. The fridge contains a red onion. A closed oven, which looks conventional, is right there by you. You see a table. You wonder idly who left that here. The table is massive. On the table you can make out a cookbook. As if things weren't amazing enough already, you can even see a counter. On the counter you can see a red apple and a raw yellow potato, so there's that. You lean against the wall, inadvertently pressing a secret button. The wall opens up to reveal a stove. However, the stove, like an empty stove, has nothing on it.

There is a closed plain door leading north. There is a closed screen door leading south. You don't like doors? Why not try going east, that entranceway is not blocked by one.","You are carrying: a knife, a carrot, a white onion and a sliced red hot pepper.",4 of 17,0.23529411764705882,False,
64,,,I need to gather the remaining ingredients: orange bell pepper and block of cheese. I will look around the kitchen to find them.,look,,"You arrive in a kitchen. An usual kind of place. You begin to take stock of what's in the room.

You see a fridge. The fridge contains a red onion. A closed oven, which looks conventional, is right there by you. You see a table. You wonder idly who left that here. The table is massive. On the table you can make out a cookbook. As if things weren't amazing enough already, you can even see a counter. On the counter you can see a red apple and a raw yellow potato, so there's that. You lean against the wall, inadvertently pressing a secret button. The wall opens up to reveal a stove. However, the stove, like an empty stove, has nothing on it.

There is a closed plain door leading north. There is a closed screen door leading south. You don't like doors? Why not try going east, that entranceway is not blocked by one.",Kitchen,"You arrive in a kitchen. An usual kind of place. You begin to take stock of what's in the room.

You see a fridge. The fridge contains a red onion. A closed oven, which looks conventional, is right there by you. You see a table. You wonder idly who left that here. The table is massive. On the table you can make out a cookbook. As if things weren't amazing enough already, you can even see a counter. On the counter you can see a red apple and a raw yellow potato, so there's that. You lean against the wall, inadvertently pressing a secret button. The wall opens up to reveal a stove. However, the stove, like an empty stove, has nothing on it.

There is a closed plain door leading north. There is a closed screen door leading south. You don't like doors? Why not try going east, that entranceway is not blocked by one.","You are carrying: a knife, a carrot, a white onion and a sliced red hot pepper.",4 of 17,0.23529411764705882,False,
65,,,I should examine the cookbook on the table to find a recipe for a delicious meal.,examine cookbook,,"You open the copy of ""Cooking: A Modern Approach (3rd Ed.)"" and start reading:

Recipe #1
---------
Gather all following ingredients and follow the directions to prepare this tasty meal.

Ingredients:
red hot pepper
  orange bell pepper
  block of cheese
  carrot
  white onion

Directions:
slice the red hot pepper
  fry the red hot pepper
  slice the orange bell pepper
  roast the orange bell pepper
  chop the block of cheese
  grill the block of cheese
  slice the carrot
  roast the carrot
  slice the white onion
  roast the white onion
  prepare meal",Kitchen,"You arrive in a kitchen. An usual kind of place. You begin to take stock of what's in the room.

You see a fridge. The fridge contains a red onion. A closed oven, which looks conventional, is right there by you. You see a table. You wonder idly who left that here. The table is massive. On the table you can make out a cookbook. As if things weren't amazing enough already, you can even see a counter. On the counter you can see a red apple and a raw yellow potato, so there's that. You lean against the wall, inadvertently pressing a secret button. The wall opens up to reveal a stove. However, the stove, like an empty stove, has nothing on it.

There is a closed plain door leading north. There is a closed screen door leading south. You don't like doors? Why not try going east, that entranceway is not blocked by one.","You are carrying: a knife, a carrot, a white onion and a sliced red hot pepper.",4 of 17,0.23529411764705882,False,
66,,,"I need to slice the orange bell pepper next, but I don't have it yet. I should look around the kitchen to find the orange bell pepper.",look,,"You arrive in a kitchen. An usual kind of place. You begin to take stock of what's in the room.

You see a fridge. The fridge contains a red onion. A closed oven, which looks conventional, is right there by you. You see a table. You wonder idly who left that here. The table is massive. On the table you can make out a cookbook. As if things weren't amazing enough already, you can even see a counter. On the counter you can see a red apple and a raw yellow potato, so there's that. You lean against the wall, inadvertently pressing a secret button. The wall opens up to reveal a stove. However, the stove, like an empty stove, has nothing on it.

There is a closed plain door leading north. There is a closed screen door leading south. You don't like doors? Why not try going east, that entranceway is not blocked by one.",Kitchen,"You arrive in a kitchen. An usual kind of place. You begin to take stock of what's in the room.

You see a fridge. The fridge contains a red onion. A closed oven, which looks conventional, is right there by you. You see a table. You wonder idly who left that here. The table is massive. On the table you can make out a cookbook. As if things weren't amazing enough already, you can even see a counter. On the counter you can see a red apple and a raw yellow potato, so there's that. You lean against the wall, inadvertently pressing a secret button. The wall opens up to reveal a stove. However, the stove, like an empty stove, has nothing on it.

There is a closed plain door leading north. There is a closed screen door leading south. You don't like doors? Why not try going east, that entranceway is not blocked by one.","You are carrying: a knife, a carrot, a white onion and a sliced red hot pepper.",4 of 17,0.23529411764705882,False,
67,,,I should examine the cookbook on the table to find a recipe for a delicious meal.,examine cookbook,,"You open the copy of ""Cooking: A Modern Approach (3rd Ed.)"" and start reading:

Recipe #1
---------
Gather all following ingredients and follow the directions to prepare this tasty meal.

Ingredients:
red hot pepper
  orange bell pepper
  block of cheese
  carrot
  white onion

Directions:
slice the red hot pepper
  fry the red hot pepper
  slice the orange bell pepper
  roast the orange bell pepper
  chop the block of cheese
  grill the block of cheese
  slice the carrot
  roast the carrot
  slice the white onion
  roast the white onion
  prepare meal",Kitchen,"You arrive in a kitchen. An usual kind of place. You begin to take stock of what's in the room.

You see a fridge. The fridge contains a red onion. A closed oven, which looks conventional, is right there by you. You see a table. You wonder idly who left that here. The table is massive. On the table you can make out a cookbook. As if things weren't amazing enough already, you can even see a counter. On the counter you can see a red apple and a raw yellow potato, so there's that. You lean against the wall, inadvertently pressing a secret button. The wall opens up to reveal a stove. However, the stove, like an empty stove, has nothing on it.

There is a closed plain door leading north. There is a closed screen door leading south. You don't like doors? Why not try going east, that entranceway is not blocked by one.","You are carrying: a knife, a carrot, a white onion and a sliced red hot pepper.",4 of 17,0.23529411764705882,False,
68,,,I need to gather the remaining ingredients from the recipe: orange bell pepper and block of cheese. Then I will follow the directions step-by-step to prepare the meal.,take orange bell pepper from counter,,You can't see any such thing.,Kitchen,"You arrive in a kitchen. An usual kind of place. You begin to take stock of what's in the room.

You see a fridge. The fridge contains a red onion. A closed oven, which looks conventional, is right there by you. You see a table. You wonder idly who left that here. The table is massive. On the table you can make out a cookbook. As if things weren't amazing enough already, you can even see a counter. On the counter you can see a red apple and a raw yellow potato, so there's that. You lean against the wall, inadvertently pressing a secret button. The wall opens up to reveal a stove. However, the stove, like an empty stove, has nothing on it.

There is a closed plain door leading north. There is a closed screen door leading south. You don't like doors? Why not try going east, that entranceway is not blocked by one.","You are carrying: a knife, a carrot, a white onion and a sliced red hot pepper.",4 of 17,0.23529411764705882,False,
69,,,I should examine the cookbook on the table to check the recipe for a delicious meal.,examine cookbook,,"You open the copy of ""Cooking: A Modern Approach (3rd Ed.)"" and start reading:

Recipe #1
---------
Gather all following ingredients and follow the directions to prepare this tasty meal.

Ingredients:
red hot pepper
  orange bell pepper
  block of cheese
  carrot
  white onion

Directions:
slice the red hot pepper
  fry the red hot pepper
  slice the orange bell pepper
  roast the orange bell pepper
  chop the block of cheese
  grill the block of cheese
  slice the carrot
  roast the carrot
  slice the white onion
  roast the white onion
  prepare meal",Kitchen,"You arrive in a kitchen. An usual kind of place. You begin to take stock of what's in the room.

You see a fridge. The fridge contains a red onion. A closed oven, which looks conventional, is right there by you. You see a table. You wonder idly who left that here. The table is massive. On the table you can make out a cookbook. As if things weren't amazing enough already, you can even see a counter. On the counter you can see a red apple and a raw yellow potato, so there's that. You lean against the wall, inadvertently pressing a secret button. The wall opens up to reveal a stove. However, the stove, like an empty stove, has nothing on it.

There is a closed plain door leading north. There is a closed screen door leading south. You don't like doors? Why not try going east, that entranceway is not blocked by one.","You are carrying: a knife, a carrot, a white onion and a sliced red hot pepper.",4 of 17,0.23529411764705882,False,
70,,,"I need to slice the orange bell pepper, chop the block of cheese, and slice the carrot and white onion, then fry, roast, grill, and prepare the meal as per the recipe. First, I should find and take the orange bell pepper and block of cheese from the kitchen.",take orange bell pepper from counter,,You can't see any such thing.,Kitchen,"You arrive in a kitchen. An usual kind of place. You begin to take stock of what's in the room.

You see a fridge. The fridge contains a red onion. A closed oven, which looks conventional, is right there by you. You see a table. You wonder idly who left that here. The table is massive. On the table you can make out a cookbook. As if things weren't amazing enough already, you can even see a counter. On the counter you can see a red apple and a raw yellow potato, so there's that. You lean against the wall, inadvertently pressing a secret button. The wall opens up to reveal a stove. However, the stove, like an empty stove, has nothing on it.

There is a closed plain door leading north. There is a closed screen door leading south. You don't like doors? Why not try going east, that entranceway is not blocked by one.","You are carrying: a knife, a carrot, a white onion and a sliced red hot pepper.",4 of 17,0.23529411764705882,False,
71,,,I should examine the cookbook on the table to find a recipe for a delicious meal.,examine cookbook,,"You open the copy of ""Cooking: A Modern Approach (3rd Ed.)"" and start reading:

Recipe #1
---------
Gather all following ingredients and follow the directions to prepare this tasty meal.

Ingredients:
red hot pepper
  orange bell pepper
  block of cheese
  carrot
  white onion

Directions:
slice the red hot pepper
  fry the red hot pepper
  slice the orange bell pepper
  roast the orange bell pepper
  chop the block of cheese
  grill the block of cheese
  slice the carrot
  roast the carrot
  slice the white onion
  roast the white onion
  prepare meal",Kitchen,"You arrive in a kitchen. An usual kind of place. You begin to take stock of what's in the room.

You see a fridge. The fridge contains a red onion. A closed oven, which looks conventional, is right there by you. You see a table. You wonder idly who left that here. The table is massive. On the table you can make out a cookbook. As if things weren't amazing enough already, you can even see a counter. On the counter you can see a red apple and a raw yellow potato, so there's that. You lean against the wall, inadvertently pressing a secret button. The wall opens up to reveal a stove. However, the stove, like an empty stove, has nothing on it.

There is a closed plain door leading north. There is a closed screen door leading south. You don't like doors? Why not try going east, that entranceway is not blocked by one.","You are carrying: a knife, a carrot, a white onion and a sliced red hot pepper.",4 of 17,0.23529411764705882,False,
72,,,"I need to slice the orange bell pepper next, but I don't have it yet. I should look around the kitchen to find the orange bell pepper.",look,,"You arrive in a kitchen. An usual kind of place. You begin to take stock of what's in the room.

You see a fridge. The fridge contains a red onion. A closed oven, which looks conventional, is right there by you. You see a table. You wonder idly who left that here. The table is massive. On the table you can make out a cookbook. As if things weren't amazing enough already, you can even see a counter. On the counter you can see a red apple and a raw yellow potato, so there's that. You lean against the wall, inadvertently pressing a secret button. The wall opens up to reveal a stove. However, the stove, like an empty stove, has nothing on it.

There is a closed plain door leading north. There is a closed screen door leading south. You don't like doors? Why not try going east, that entranceway is not blocked by one.",Kitchen,"You arrive in a kitchen. An usual kind of place. You begin to take stock of what's in the room.

You see a fridge. The fridge contains a red onion. A closed oven, which looks conventional, is right there by you. You see a table. You wonder idly who left that here. The table is massive. On the table you can make out a cookbook. As if things weren't amazing enough already, you can even see a counter. On the counter you can see a red apple and a raw yellow potato, so there's that. You lean against the wall, inadvertently pressing a secret button. The wall opens up to reveal a stove. However, the stove, like an empty stove, has nothing on it.

There is a closed plain door leading north. There is a closed screen door leading south. You don't like doors? Why not try going east, that entranceway is not blocked by one.","You are carrying: a knife, a carrot, a white onion and a sliced red hot pepper.",4 of 17,0.23529411764705882,False,
73,,,I should examine the cookbook on the table to find a recipe for a delicious meal.,examine cookbook,,"You open the copy of ""Cooking: A Modern Approach (3rd Ed.)"" and start reading:

Recipe #1
---------
Gather all following ingredients and follow the directions to prepare this tasty meal.

Ingredients:
red hot pepper
  orange bell pepper
  block of cheese
  carrot
  white onion

Directions:
slice the red hot pepper
  fry the red hot pepper
  slice the orange bell pepper
  roast the orange bell pepper
  chop the block of cheese
  grill the block of cheese
  slice the carrot
  roast the carrot
  slice the white onion
  roast the white onion
  prepare meal",Kitchen,"You arrive in a kitchen. An usual kind of place. You begin to take stock of what's in the room.

You see a fridge. The fridge contains a red onion. A closed oven, which looks conventional, is right there by you. You see a table. You wonder idly who left that here. The table is massive. On the table you can make out a cookbook. As if things weren't amazing enough already, you can even see a counter. On the counter you can see a red apple and a raw yellow potato, so there's that. You lean against the wall, inadvertently pressing a secret button. The wall opens up to reveal a stove. However, the stove, like an empty stove, has nothing on it.

There is a closed plain door leading north. There is a closed screen door leading south. You don't like doors? Why not try going east, that entranceway is not blocked by one.","You are carrying: a knife, a carrot, a white onion and a sliced red hot pepper.",4 of 17,0.23529411764705882,False,
74,,,"I need to slice the orange bell pepper next, but I don't have it in my inventory or the room. I should look around the kitchen to find the orange bell pepper.",look,,"You arrive in a kitchen. An usual kind of place. You begin to take stock of what's in the room.

You see a fridge. The fridge contains a red onion. A closed oven, which looks conventional, is right there by you. You see a table. You wonder idly who left that here. The table is massive. On the table you can make out a cookbook. As if things weren't amazing enough already, you can even see a counter. On the counter you can see a red apple and a raw yellow potato, so there's that. You lean against the wall, inadvertently pressing a secret button. The wall opens up to reveal a stove. However, the stove, like an empty stove, has nothing on it.

There is a closed plain door leading north. There is a closed screen door leading south. You don't like doors? Why not try going east, that entranceway is not blocked by one.",Kitchen,"You arrive in a kitchen. An usual kind of place. You begin to take stock of what's in the room.

You see a fridge. The fridge contains a red onion. A closed oven, which looks conventional, is right there by you. You see a table. You wonder idly who left that here. The table is massive. On the table you can make out a cookbook. As if things weren't amazing enough already, you can even see a counter. On the counter you can see a red apple and a raw yellow potato, so there's that. You lean against the wall, inadvertently pressing a secret button. The wall opens up to reveal a stove. However, the stove, like an empty stove, has nothing on it.

There is a closed plain door leading north. There is a closed screen door leading south. You don't like doors? Why not try going east, that entranceway is not blocked by one.","You are carrying: a knife, a carrot, a white onion and a sliced red hot pepper.",4 of 17,0.23529411764705882,False,
75,,,I should examine the cookbook on the table to find a recipe for a delicious meal.,examine cookbook,,"You open the copy of ""Cooking: A Modern Approach (3rd Ed.)"" and start reading:

Recipe #1
---------
Gather all following ingredients and follow the directions to prepare this tasty meal.

Ingredients:
red hot pepper
  orange bell pepper
  block of cheese
  carrot
  white onion

Directions:
slice the red hot pepper
  fry the red hot pepper
  slice the orange bell pepper
  roast the orange bell pepper
  chop the block of cheese
  grill the block of cheese
  slice the carrot
  roast the carrot
  slice the white onion
  roast the white onion
  prepare meal",Kitchen,"You arrive in a kitchen. An usual kind of place. You begin to take stock of what's in the room.

You see a fridge. The fridge contains a red onion. A closed oven, which looks conventional, is right there by you. You see a table. You wonder idly who left that here. The table is massive. On the table you can make out a cookbook. As if things weren't amazing enough already, you can even see a counter. On the counter you can see a red apple and a raw yellow potato, so there's that. You lean against the wall, inadvertently pressing a secret button. The wall opens up to reveal a stove. However, the stove, like an empty stove, has nothing on it.

There is a closed plain door leading north. There is a closed screen door leading south. You don't like doors? Why not try going east, that entranceway is not blocked by one.","You are carrying: a knife, a carrot, a white onion and a sliced red hot pepper.",4 of 17,0.23529411764705882,False,
76,,,"I need to gather the remaining ingredients: orange bell pepper and block of cheese. Then I will follow the recipe steps: slice and fry the red hot pepper (already sliced), slice and roast the orange bell pepper, chop and grill the block of cheese, slice and roast the carrot and white onion, then prepare the meal.",take orange bell pepper from counter,,You can't see any such thing.,Kitchen,"You arrive in a kitchen. An usual kind of place. You begin to take stock of what's in the room.

You see a fridge. The fridge contains a red onion. A closed oven, which looks conventional, is right there by you. You see a table. You wonder idly who left that here. The table is massive. On the table you can make out a cookbook. As if things weren't amazing enough already, you can even see a counter. On the counter you can see a red apple and a raw yellow potato, so there's that. You lean against the wall, inadvertently pressing a secret button. The wall opens up to reveal a stove. However, the stove, like an empty stove, has nothing on it.

There is a closed plain door leading north. There is a closed screen door leading south. You don't like doors? Why not try going east, that entranceway is not blocked by one.","You are carrying: a knife, a carrot, a white onion and a sliced red hot pepper.",4 of 17,0.23529411764705882,False,
77,,,I should examine the cookbook on the table to check the recipe for a delicious meal.,examine cookbook,,"You open the copy of ""Cooking: A Modern Approach (3rd Ed.)"" and start reading:

Recipe #1
---------
Gather all following ingredients and follow the directions to prepare this tasty meal.

Ingredients:
red hot pepper
  orange bell pepper
  block of cheese
  carrot
  white onion

Directions:
slice the red hot pepper
  fry the red hot pepper
  slice the orange bell pepper
  roast the orange bell pepper
  chop the block of cheese
  grill the block of cheese
  slice the carrot
  roast the carrot
  slice the white onion
  roast the white onion
  prepare meal",Kitchen,"You arrive in a kitchen. An usual kind of place. You begin to take stock of what's in the room.

You see a fridge. The fridge contains a red onion. A closed oven, which looks conventional, is right there by you. You see a table. You wonder idly who left that here. The table is massive. On the table you can make out a cookbook. As if things weren't amazing enough already, you can even see a counter. On the counter you can see a red apple and a raw yellow potato, so there's that. You lean against the wall, inadvertently pressing a secret button. The wall opens up to reveal a stove. However, the stove, like an empty stove, has nothing on it.

There is a closed plain door leading north. There is a closed screen door leading south. You don't like doors? Why not try going east, that entranceway is not blocked by one.","You are carrying: a knife, a carrot, a white onion and a sliced red hot pepper.",4 of 17,0.23529411764705882,False,
78,,,"I need to slice the orange bell pepper next, but I don't have it yet. I should look around the kitchen to find the orange bell pepper.",look,,"You arrive in a kitchen. An usual kind of place. You begin to take stock of what's in the room.

You see a fridge. The fridge contains a red onion. A closed oven, which looks conventional, is right there by you. You see a table. You wonder idly who left that here. The table is massive. On the table you can make out a cookbook. As if things weren't amazing enough already, you can even see a counter. On the counter you can see a red apple and a raw yellow potato, so there's that. You lean against the wall, inadvertently pressing a secret button. The wall opens up to reveal a stove. However, the stove, like an empty stove, has nothing on it.

There is a closed plain door leading north. There is a closed screen door leading south. You don't like doors? Why not try going east, that entranceway is not blocked by one.",Kitchen,"You arrive in a kitchen. An usual kind of place. You begin to take stock of what's in the room.

You see a fridge. The fridge contains a red onion. A closed oven, which looks conventional, is right there by you. You see a table. You wonder idly who left that here. The table is massive. On the table you can make out a cookbook. As if things weren't amazing enough already, you can even see a counter. On the counter you can see a red apple and a raw yellow potato, so there's that. You lean against the wall, inadvertently pressing a secret button. The wall opens up to reveal a stove. However, the stove, like an empty stove, has nothing on it.

There is a closed plain door leading north. There is a closed screen door leading south. You don't like doors? Why not try going east, that entranceway is not blocked by one.","You are carrying: a knife, a carrot, a white onion and a sliced red hot pepper.",4 of 17,0.23529411764705882,False,
79,,,I should examine the cookbook on the table to find a recipe for a delicious meal.,examine cookbook,,"You open the copy of ""Cooking: A Modern Approach (3rd Ed.)"" and start reading:

Recipe #1
---------
Gather all following ingredients and follow the directions to prepare this tasty meal.

Ingredients:
red hot pepper
  orange bell pepper
  block of cheese
  carrot
  white onion

Directions:
slice the red hot pepper
  fry the red hot pepper
  slice the orange bell pepper
  roast the orange bell pepper
  chop the block of cheese
  grill the block of cheese
  slice the carrot
  roast the carrot
  slice the white onion
  roast the white onion
  prepare meal",Kitchen,"You arrive in a kitchen. An usual kind of place. You begin to take stock of what's in the room.

You see a fridge. The fridge contains a red onion. A closed oven, which looks conventional, is right there by you. You see a table. You wonder idly who left that here. The table is massive. On the table you can make out a cookbook. As if things weren't amazing enough already, you can even see a counter. On the counter you can see a red apple and a raw yellow potato, so there's that. You lean against the wall, inadvertently pressing a secret button. The wall opens up to reveal a stove. However, the stove, like an empty stove, has nothing on it.

There is a closed plain door leading north. There is a closed screen door leading south. You don't like doors? Why not try going east, that entranceway is not blocked by one.","You are carrying: a knife, a carrot, a white onion and a sliced red hot pepper.",4 of 17,0.23529411764705882,False,
80,,,"I need to gather the remaining ingredients: orange bell pepper and block of cheese, then follow the recipe steps starting with slicing and frying the red hot pepper I already have sliced.",take orange bell pepper from counter,,You can't see any such thing.,Kitchen,"You arrive in a kitchen. An usual kind of place. You begin to take stock of what's in the room.

You see a fridge. The fridge contains a red onion. A closed oven, which looks conventional, is right there by you. You see a table. You wonder idly who left that here. The table is massive. On the table you can make out a cookbook. As if things weren't amazing enough already, you can even see a counter. On the counter you can see a red apple and a raw yellow potato, so there's that. You lean against the wall, inadvertently pressing a secret button. The wall opens up to reveal a stove. However, the stove, like an empty stove, has nothing on it.

There is a closed plain door leading north. There is a closed screen door leading south. You don't like doors? Why not try going east, that entranceway is not blocked by one.","You are carrying: a knife, a carrot, a white onion and a sliced red hot pepper.",4 of 17,0.23529411764705882,False,
81,,,I should examine the cookbook on the table to find a recipe for a delicious meal.,examine cookbook,,"You open the copy of ""Cooking: A Modern Approach (3rd Ed.)"" and start reading:

Recipe #1
---------
Gather all following ingredients and follow the directions to prepare this tasty meal.

Ingredients:
red hot pepper
  orange bell pepper
  block of cheese
  carrot
  white onion

Directions:
slice the red hot pepper
  fry the red hot pepper
  slice the orange bell pepper
  roast the orange bell pepper
  chop the block of cheese
  grill the block of cheese
  slice the carrot
  roast the carrot
  slice the white onion
  roast the white onion
  prepare meal",Kitchen,"You arrive in a kitchen. An usual kind of place. You begin to take stock of what's in the room.

You see a fridge. The fridge contains a red onion. A closed oven, which looks conventional, is right there by you. You see a table. You wonder idly who left that here. The table is massive. On the table you can make out a cookbook. As if things weren't amazing enough already, you can even see a counter. On the counter you can see a red apple and a raw yellow potato, so there's that. You lean against the wall, inadvertently pressing a secret button. The wall opens up to reveal a stove. However, the stove, like an empty stove, has nothing on it.

There is a closed plain door leading north. There is a closed screen door leading south. You don't like doors? Why not try going east, that entranceway is not blocked by one.","You are carrying: a knife, a carrot, a white onion and a sliced red hot pepper.",4 of 17,0.23529411764705882,False,
82,,,"I need to gather the remaining ingredients: orange bell pepper and block of cheese. Then I will follow the recipe steps starting with slicing the red hot pepper, which I already have sliced.",take orange bell pepper from counter,,You can't see any such thing.,Kitchen,"You arrive in a kitchen. An usual kind of place. You begin to take stock of what's in the room.

You see a fridge. The fridge contains a red onion. A closed oven, which looks conventional, is right there by you. You see a table. You wonder idly who left that here. The table is massive. On the table you can make out a cookbook. As if things weren't amazing enough already, you can even see a counter. On the counter you can see a red apple and a raw yellow potato, so there's that. You lean against the wall, inadvertently pressing a secret button. The wall opens up to reveal a stove. However, the stove, like an empty stove, has nothing on it.

There is a closed plain door leading north. There is a closed screen door leading south. You don't like doors? Why not try going east, that entranceway is not blocked by one.","You are carrying: a knife, a carrot, a white onion and a sliced red hot pepper.",4 of 17,0.23529411764705882,False,
83,,,I should examine the cookbook on the table to check the recipe for a delicious meal.,examine cookbook,,"You open the copy of ""Cooking: A Modern Approach (3rd Ed.)"" and start reading:

Recipe #1
---------
Gather all following ingredients and follow the directions to prepare this tasty meal.

Ingredients:
red hot pepper
  orange bell pepper
  block of cheese
  carrot
  white onion

Directions:
slice the red hot pepper
  fry the red hot pepper
  slice the orange bell pepper
  roast the orange bell pepper
  chop the block of cheese
  grill the block of cheese
  slice the carrot
  roast the carrot
  slice the white onion
  roast the white onion
  prepare meal",Kitchen,"You arrive in a kitchen. An usual kind of place. You begin to take stock of what's in the room.

You see a fridge. The fridge contains a red onion. A closed oven, which looks conventional, is right there by you. You see a table. You wonder idly who left that here. The table is massive. On the table you can make out a cookbook. As if things weren't amazing enough already, you can even see a counter. On the counter you can see a red apple and a raw yellow potato, so there's that. You lean against the wall, inadvertently pressing a secret button. The wall opens up to reveal a stove. However, the stove, like an empty stove, has nothing on it.

There is a closed plain door leading north. There is a closed screen door leading south. You don't like doors? Why not try going east, that entranceway is not blocked by one.","You are carrying: a knife, a carrot, a white onion and a sliced red hot pepper.",4 of 17,0.23529411764705882,False,
84,,,I need to gather the remaining ingredients: orange bell pepper and block of cheese. Then I will follow the recipe steps starting with slicing and frying the red hot pepper which I already have sliced.,take orange bell pepper from counter,,You can't see any such thing.,Kitchen,"You arrive in a kitchen. An usual kind of place. You begin to take stock of what's in the room.

You see a fridge. The fridge contains a red onion. A closed oven, which looks conventional, is right there by you. You see a table. You wonder idly who left that here. The table is massive. On the table you can make out a cookbook. As if things weren't amazing enough already, you can even see a counter. On the counter you can see a red apple and a raw yellow potato, so there's that. You lean against the wall, inadvertently pressing a secret button. The wall opens up to reveal a stove. However, the stove, like an empty stove, has nothing on it.

There is a closed plain door leading north. There is a closed screen door leading south. You don't like doors? Why not try going east, that entranceway is not blocked by one.","You are carrying: a knife, a carrot, a white onion and a sliced red hot pepper.",4 of 17,0.23529411764705882,False,
85,,,I should examine the cookbook on the table to check the recipe for a delicious meal.,examine cookbook,,"You open the copy of ""Cooking: A Modern Approach (3rd Ed.)"" and start reading:

Recipe #1
---------
Gather all following ingredients and follow the directions to prepare this tasty meal.

Ingredients:
red hot pepper
  orange bell pepper
  block of cheese
  carrot
  white onion

Directions:
slice the red hot pepper
  fry the red hot pepper
  slice the orange bell pepper
  roast the orange bell pepper
  chop the block of cheese
  grill the block of cheese
  slice the carrot
  roast the carrot
  slice the white onion
  roast the white onion
  prepare meal",Kitchen,"You arrive in a kitchen. An usual kind of place. You begin to take stock of what's in the room.

You see a fridge. The fridge contains a red onion. A closed oven, which looks conventional, is right there by you. You see a table. You wonder idly who left that here. The table is massive. On the table you can make out a cookbook. As if things weren't amazing enough already, you can even see a counter. On the counter you can see a red apple and a raw yellow potato, so there's that. You lean against the wall, inadvertently pressing a secret button. The wall opens up to reveal a stove. However, the stove, like an empty stove, has nothing on it.

There is a closed plain door leading north. There is a closed screen door leading south. You don't like doors? Why not try going east, that entranceway is not blocked by one.","You are carrying: a knife, a carrot, a white onion and a sliced red hot pepper.",4 of 17,0.23529411764705882,False,
86,,,"I need to slice the orange bell pepper next, but I don't have it in my inventory or visible in the kitchen. I should look around the kitchen to find the orange bell pepper.",look,,"You arrive in a kitchen. An usual kind of place. You begin to take stock of what's in the room.

You see a fridge. The fridge contains a red onion. A closed oven, which looks conventional, is right there by you. You see a table. You wonder idly who left that here. The table is massive. On the table you can make out a cookbook. As if things weren't amazing enough already, you can even see a counter. On the counter you can see a red apple and a raw yellow potato, so there's that. You lean against the wall, inadvertently pressing a secret button. The wall opens up to reveal a stove. However, the stove, like an empty stove, has nothing on it.

There is a closed plain door leading north. There is a closed screen door leading south. You don't like doors? Why not try going east, that entranceway is not blocked by one.",Kitchen,"You arrive in a kitchen. An usual kind of place. You begin to take stock of what's in the room.

You see a fridge. The fridge contains a red onion. A closed oven, which looks conventional, is right there by you. You see a table. You wonder idly who left that here. The table is massive. On the table you can make out a cookbook. As if things weren't amazing enough already, you can even see a counter. On the counter you can see a red apple and a raw yellow potato, so there's that. You lean against the wall, inadvertently pressing a secret button. The wall opens up to reveal a stove. However, the stove, like an empty stove, has nothing on it.

There is a closed plain door leading north. There is a closed screen door leading south. You don't like doors? Why not try going east, that entranceway is not blocked by one.","You are carrying: a knife, a carrot, a white onion and a sliced red hot pepper.",4 of 17,0.23529411764705882,False,
87,,,I should examine the cookbook on the table to find a recipe for a delicious meal.,examine cookbook,,"You open the copy of ""Cooking: A Modern Approach (3rd Ed.)"" and start reading:

Recipe #1
---------
Gather all following ingredients and follow the directions to prepare this tasty meal.

Ingredients:
red hot pepper
  orange bell pepper
  block of cheese
  carrot
  white onion

Directions:
slice the red hot pepper
  fry the red hot pepper
  slice the orange bell pepper
  roast the orange bell pepper
  chop the block of cheese
  grill the block of cheese
  slice the carrot
  roast the carrot
  slice the white onion
  roast the white onion
  prepare meal",Kitchen,"You arrive in a kitchen. An usual kind of place. You begin to take stock of what's in the room.

You see a fridge. The fridge contains a red onion. A closed oven, which looks conventional, is right there by you. You see a table. You wonder idly who left that here. The table is massive. On the table you can make out a cookbook. As if things weren't amazing enough already, you can even see a counter. On the counter you can see a red apple and a raw yellow potato, so there's that. You lean against the wall, inadvertently pressing a secret button. The wall opens up to reveal a stove. However, the stove, like an empty stove, has nothing on it.

There is a closed plain door leading north. There is a closed screen door leading south. You don't like doors? Why not try going east, that entranceway is not blocked by one.","You are carrying: a knife, a carrot, a white onion and a sliced red hot pepper.",4 of 17,0.23529411764705882,False,
88,,,I need to gather the remaining ingredients from the recipe: orange bell pepper and block of cheese. Then I will follow the directions step-by-step to prepare the meal.,take orange bell pepper from counter,,You can't see any such thing.,Kitchen,"You arrive in a kitchen. An usual kind of place. You begin to take stock of what's in the room.

You see a fridge. The fridge contains a red onion. A closed oven, which looks conventional, is right there by you. You see a table. You wonder idly who left that here. The table is massive. On the table you can make out a cookbook. As if things weren't amazing enough already, you can even see a counter. On the counter you can see a red apple and a raw yellow potato, so there's that. You lean against the wall, inadvertently pressing a secret button. The wall opens up to reveal a stove. However, the stove, like an empty stove, has nothing on it.

There is a closed plain door leading north. There is a closed screen door leading south. You don't like doors? Why not try going east, that entranceway is not blocked by one.","You are carrying: a knife, a carrot, a white onion and a sliced red hot pepper.",4 of 17,0.23529411764705882,False,
89,,,I should examine the cookbook on the table to check the recipe for a delicious meal.,examine cookbook,,"You open the copy of ""Cooking: A Modern Approach (3rd Ed.)"" and start reading:

Recipe #1
---------
Gather all following ingredients and follow the directions to prepare this tasty meal.

Ingredients:
red hot pepper
  orange bell pepper
  block of cheese
  carrot
  white onion

Directions:
slice the red hot pepper
  fry the red hot pepper
  slice the orange bell pepper
  roast the orange bell pepper
  chop the block of cheese
  grill the block of cheese
  slice the carrot
  roast the carrot
  slice the white onion
  roast the white onion
  prepare meal",Kitchen,"You arrive in a kitchen. An usual kind of place. You begin to take stock of what's in the room.

You see a fridge. The fridge contains a red onion. A closed oven, which looks conventional, is right there by you. You see a table. You wonder idly who left that here. The table is massive. On the table you can make out a cookbook. As if things weren't amazing enough already, you can even see a counter. On the counter you can see a red apple and a raw yellow potato, so there's that. You lean against the wall, inadvertently pressing a secret button. The wall opens up to reveal a stove. However, the stove, like an empty stove, has nothing on it.

There is a closed plain door leading north. There is a closed screen door leading south. You don't like doors? Why not try going east, that entranceway is not blocked by one.","You are carrying: a knife, a carrot, a white onion and a sliced red hot pepper.",4 of 17,0.23529411764705882,False,
90,,,"I need to slice the orange bell pepper next, but I don't have it yet. I should look around the kitchen to find the orange bell pepper.",look,,"You arrive in a kitchen. An usual kind of place. You begin to take stock of what's in the room.

You see a fridge. The fridge contains a red onion. A closed oven, which looks conventional, is right there by you. You see a table. You wonder idly who left that here. The table is massive. On the table you can make out a cookbook. As if things weren't amazing enough already, you can even see a counter. On the counter you can see a red apple and a raw yellow potato, so there's that. You lean against the wall, inadvertently pressing a secret button. The wall opens up to reveal a stove. However, the stove, like an empty stove, has nothing on it.

There is a closed plain door leading north. There is a closed screen door leading south. You don't like doors? Why not try going east, that entranceway is not blocked by one.",Kitchen,"You arrive in a kitchen. An usual kind of place. You begin to take stock of what's in the room.

You see a fridge. The fridge contains a red onion. A closed oven, which looks conventional, is right there by you. You see a table. You wonder idly who left that here. The table is massive. On the table you can make out a cookbook. As if things weren't amazing enough already, you can even see a counter. On the counter you can see a red apple and a raw yellow potato, so there's that. You lean against the wall, inadvertently pressing a secret button. The wall opens up to reveal a stove. However, the stove, like an empty stove, has nothing on it.

There is a closed plain door leading north. There is a closed screen door leading south. You don't like doors? Why not try going east, that entranceway is not blocked by one.","You are carrying: a knife, a carrot, a white onion and a sliced red hot pepper.",4 of 17,0.23529411764705882,False,
91,,,I should examine the cookbook on the table to find the recipe for a delicious meal.,examine cookbook,,"You open the copy of ""Cooking: A Modern Approach (3rd Ed.)"" and start reading:

Recipe #1
---------
Gather all following ingredients and follow the directions to prepare this tasty meal.

Ingredients:
red hot pepper
  orange bell pepper
  block of cheese
  carrot
  white onion

Directions:
slice the red hot pepper
  fry the red hot pepper
  slice the orange bell pepper
  roast the orange bell pepper
  chop the block of cheese
  grill the block of cheese
  slice the carrot
  roast the carrot
  slice the white onion
  roast the white onion
  prepare meal",Kitchen,"You arrive in a kitchen. An usual kind of place. You begin to take stock of what's in the room.

You see a fridge. The fridge contains a red onion. A closed oven, which looks conventional, is right there by you. You see a table. You wonder idly who left that here. The table is massive. On the table you can make out a cookbook. As if things weren't amazing enough already, you can even see a counter. On the counter you can see a red apple and a raw yellow potato, so there's that. You lean against the wall, inadvertently pressing a secret button. The wall opens up to reveal a stove. However, the stove, like an empty stove, has nothing on it.

There is a closed plain door leading north. There is a closed screen door leading south. You don't like doors? Why not try going east, that entranceway is not blocked by one.","You are carrying: a knife, a carrot, a white onion and a sliced red hot pepper.",4 of 17,0.23529411764705882,False,
92,,,"I need to gather the remaining ingredients: orange bell pepper and block of cheese. Then I will follow the recipe steps starting with slicing and frying the red hot pepper, which I already have sliced.",take orange bell pepper from counter,,You can't see any such thing.,Kitchen,"You arrive in a kitchen. An usual kind of place. You begin to take stock of what's in the room.

You see a fridge. The fridge contains a red onion. A closed oven, which looks conventional, is right there by you. You see a table. You wonder idly who left that here. The table is massive. On the table you can make out a cookbook. As if things weren't amazing enough already, you can even see a counter. On the counter you can see a red apple and a raw yellow potato, so there's that. You lean against the wall, inadvertently pressing a secret button. The wall opens up to reveal a stove. However, the stove, like an empty stove, has nothing on it.

There is a closed plain door leading north. There is a closed screen door leading south. You don't like doors? Why not try going east, that entranceway is not blocked by one.","You are carrying: a knife, a carrot, a white onion and a sliced red hot pepper.",4 of 17,0.23529411764705882,False,
93,,,I should examine the cookbook on the table to find a recipe for a delicious meal.,examine cookbook,,"You open the copy of ""Cooking: A Modern Approach (3rd Ed.)"" and start reading:

Recipe #1
---------
Gather all following ingredients and follow the directions to prepare this tasty meal.

Ingredients:
red hot pepper
  orange bell pepper
  block of cheese
  carrot
  white onion

Directions:
slice the red hot pepper
  fry the red hot pepper
  slice the orange bell pepper
  roast the orange bell pepper
  chop the block of cheese
  grill the block of cheese
  slice the carrot
  roast the carrot
  slice the white onion
  roast the white onion
  prepare meal",Kitchen,"You arrive in a kitchen. An usual kind of place. You begin to take stock of what's in the room.

You see a fridge. The fridge contains a red onion. A closed oven, which looks conventional, is right there by you. You see a table. You wonder idly who left that here. The table is massive. On the table you can make out a cookbook. As if things weren't amazing enough already, you can even see a counter. On the counter you can see a red apple and a raw yellow potato, so there's that. You lean against the wall, inadvertently pressing a secret button. The wall opens up to reveal a stove. However, the stove, like an empty stove, has nothing on it.

There is a closed plain door leading north. There is a closed screen door leading south. You don't like doors? Why not try going east, that entranceway is not blocked by one.","You are carrying: a knife, a carrot, a white onion and a sliced red hot pepper.",4 of 17,0.23529411764705882,False,
94,,,"I need to gather the remaining ingredients: orange bell pepper and block of cheese, then follow the recipe steps starting with slicing and frying the red hot pepper I already have sliced.",take orange bell pepper from counter,,You can't see any such thing.,Kitchen,"You arrive in a kitchen. An usual kind of place. You begin to take stock of what's in the room.

You see a fridge. The fridge contains a red onion. A closed oven, which looks conventional, is right there by you. You see a table. You wonder idly who left that here. The table is massive. On the table you can make out a cookbook. As if things weren't amazing enough already, you can even see a counter. On the counter you can see a red apple and a raw yellow potato, so there's that. You lean against the wall, inadvertently pressing a secret button. The wall opens up to reveal a stove. However, the stove, like an empty stove, has nothing on it.

There is a closed plain door leading north. There is a closed screen door leading south. You don't like doors? Why not try going east, that entranceway is not blocked by one.","You are carrying: a knife, a carrot, a white onion and a sliced red hot pepper.",4 of 17,0.23529411764705882,False,
95,,,I should examine the cookbook on the table to check the recipe for a delicious meal.,examine cookbook,,"You open the copy of ""Cooking: A Modern Approach (3rd Ed.)"" and start reading:

Recipe #1
---------
Gather all following ingredients and follow the directions to prepare this tasty meal.

Ingredients:
red hot pepper
  orange bell pepper
  block of cheese
  carrot
  white onion

Directions:
slice the red hot pepper
  fry the red hot pepper
  slice the orange bell pepper
  roast the orange bell pepper
  chop the block of cheese
  grill the block of cheese
  slice the carrot
  roast the carrot
  slice the white onion
  roast the white onion
  prepare meal",Kitchen,"You arrive in a kitchen. An usual kind of place. You begin to take stock of what's in the room.

You see a fridge. The fridge contains a red onion. A closed oven, which looks conventional, is right there by you. You see a table. You wonder idly who left that here. The table is massive. On the table you can make out a cookbook. As if things weren't amazing enough already, you can even see a counter. On the counter you can see a red apple and a raw yellow potato, so there's that. You lean against the wall, inadvertently pressing a secret button. The wall opens up to reveal a stove. However, the stove, like an empty stove, has nothing on it.

There is a closed plain door leading north. There is a closed screen door leading south. You don't like doors? Why not try going east, that entranceway is not blocked by one.","You are carrying: a knife, a carrot, a white onion and a sliced red hot pepper.",4 of 17,0.23529411764705882,False,
96,,,"I need to slice the orange bell pepper next, but I don't have it in my inventory, so I should look around the kitchen to find it.",look,,"You arrive in a kitchen. An usual kind of place. You begin to take stock of what's in the room.

You see a fridge. The fridge contains a red onion. A closed oven, which looks conventional, is right there by you. You see a table. You wonder idly who left that here. The table is massive. On the table you can make out a cookbook. As if things weren't amazing enough already, you can even see a counter. On the counter you can see a red apple and a raw yellow potato, so there's that. You lean against the wall, inadvertently pressing a secret button. The wall opens up to reveal a stove. However, the stove, like an empty stove, has nothing on it.

There is a closed plain door leading north. There is a closed screen door leading south. You don't like doors? Why not try going east, that entranceway is not blocked by one.",Kitchen,"You arrive in a kitchen. An usual kind of place. You begin to take stock of what's in the room.

You see a fridge. The fridge contains a red onion. A closed oven, which looks conventional, is right there by you. You see a table. You wonder idly who left that here. The table is massive. On the table you can make out a cookbook. As if things weren't amazing enough already, you can even see a counter. On the counter you can see a red apple and a raw yellow potato, so there's that. You lean against the wall, inadvertently pressing a secret button. The wall opens up to reveal a stove. However, the stove, like an empty stove, has nothing on it.

There is a closed plain door leading north. There is a closed screen door leading south. You don't like doors? Why not try going east, that entranceway is not blocked by one.","You are carrying: a knife, a carrot, a white onion and a sliced red hot pepper.",4 of 17,0.23529411764705882,False,
97,,,I should examine the cookbook on the table to find a recipe for a delicious meal.,examine cookbook,,"You open the copy of ""Cooking: A Modern Approach (3rd Ed.)"" and start reading:

Recipe #1
---------
Gather all following ingredients and follow the directions to prepare this tasty meal.

Ingredients:
red hot pepper
  orange bell pepper
  block of cheese
  carrot
  white onion

Directions:
slice the red hot pepper
  fry the red hot pepper
  slice the orange bell pepper
  roast the orange bell pepper
  chop the block of cheese
  grill the block of cheese
  slice the carrot
  roast the carrot
  slice the white onion
  roast the white onion
  prepare meal",Kitchen,"You arrive in a kitchen. An usual kind of place. You begin to take stock of what's in the room.

You see a fridge. The fridge contains a red onion. A closed oven, which looks conventional, is right there by you. You see a table. You wonder idly who left that here. The table is massive. On the table you can make out a cookbook. As if things weren't amazing enough already, you can even see a counter. On the counter you can see a red apple and a raw yellow potato, so there's that. You lean against the wall, inadvertently pressing a secret button. The wall opens up to reveal a stove. However, the stove, like an empty stove, has nothing on it.

There is a closed plain door leading north. There is a closed screen door leading south. You don't like doors? Why not try going east, that entranceway is not blocked by one.","You are carrying: a knife, a carrot, a white onion and a sliced red hot pepper.",4 of 17,0.23529411764705882,False,
98,,,"I need to slice the orange bell pepper next, but I don't have it in my inventory, so I should look around the kitchen to find it.",look,,"You arrive in a kitchen. An usual kind of place. You begin to take stock of what's in the room.

You see a fridge. The fridge contains a red onion. A closed oven, which looks conventional, is right there by you. You see a table. You wonder idly who left that here. The table is massive. On the table you can make out a cookbook. As if things weren't amazing enough already, you can even see a counter. On the counter you can see a red apple and a raw yellow potato, so there's that. You lean against the wall, inadvertently pressing a secret button. The wall opens up to reveal a stove. However, the stove, like an empty stove, has nothing on it.

There is a closed plain door leading north. There is a closed screen door leading south. You don't like doors? Why not try going east, that entranceway is not blocked by one.",Kitchen,"You arrive in a kitchen. An usual kind of place. You begin to take stock of what's in the room.

You see a fridge. The fridge contains a red onion. A closed oven, which looks conventional, is right there by you. You see a table. You wonder idly who left that here. The table is massive. On the table you can make out a cookbook. As if things weren't amazing enough already, you can even see a counter. On the counter you can see a red apple and a raw yellow potato, so there's that. You lean against the wall, inadvertently pressing a secret button. The wall opens up to reveal a stove. However, the stove, like an empty stove, has nothing on it.

There is a closed plain door leading north. There is a closed screen door leading south. You don't like doors? Why not try going east, that entranceway is not blocked by one.","You are carrying: a knife, a carrot, a white onion and a sliced red hot pepper.",4 of 17,0.23529411764705882,False,
99,,,I should examine the cookbook on the table to check the recipe for a delicious meal.,examine cookbook,,"You open the copy of ""Cooking: A Modern Approach (3rd Ed.)"" and start reading:

Recipe #1
---------
Gather all following ingredients and follow the directions to prepare this tasty meal.

Ingredients:
red hot pepper
  orange bell pepper
  block of cheese
  carrot
  white onion

Directions:
slice the red hot pepper
  fry the red hot pepper
  slice the orange bell pepper
  roast the orange bell pepper
  chop the block of cheese
  grill the block of cheese
  slice the carrot
  roast the carrot
  slice the white onion
  roast the white onion
  prepare meal",Kitchen,"You arrive in a kitchen. An usual kind of place. You begin to take stock of what's in the room.

You see a fridge. The fridge contains a red onion. A closed oven, which looks conventional, is right there by you. You see a table. You wonder idly who left that here. The table is massive. On the table you can make out a cookbook. As if things weren't amazing enough already, you can even see a counter. On the counter you can see a red apple and a raw yellow potato, so there's that. You lean against the wall, inadvertently pressing a secret button. The wall opens up to reveal a stove. However, the stove, like an empty stove, has nothing on it.

There is a closed plain door leading north. There is a closed screen door leading south. You don't like doors? Why not try going east, that entranceway is not blocked by one.","You are carrying: a knife, a carrot, a white onion and a sliced red hot pepper.",4 of 17,0.23529411764705882,False,
100,,,"I need to gather the remaining ingredients: orange bell pepper and block of cheese. Then I will follow the recipe steps starting with slicing the red hot pepper, which I already have sliced, so I will proceed to fry it first.",take orange bell pepper from counter,,You can't see any such thing.,Kitchen,"You arrive in a kitchen. An usual kind of place. You begin to take stock of what's in the room.

You see a fridge. The fridge contains a red onion. A closed oven, which looks conventional, is right there by you. You see a table. You wonder idly who left that here. The table is massive. On the table you can make out a cookbook. As if things weren't amazing enough already, you can even see a counter. On the counter you can see a red apple and a raw yellow potato, so there's that. You lean against the wall, inadvertently pressing a secret button. The wall opens up to reveal a stove. However, the stove, like an empty stove, has nothing on it.

There is a closed plain door leading north. There is a closed screen door leading south. You don't like doors? Why not try going east, that entranceway is not blocked by one.","You are carrying: a knife, a carrot, a white onion and a sliced red hot pepper.",4 of 17,0.23529411764705882,True,
