step_id,plan,summary,thought,action,task,feedback,location,description,inventory,score,reward,is_done,error
0,,,,,"You are hungry! Let's cook a delicious meal. Check the cookbook in the kitchen for the recipe. Once done, enjoy your meal!",,Pantry,"You've just sauntered into a pantry.

You lean against the wall, inadvertently pressing a secret button. The wall opens up to reveal a shelf. The shelf is wooden. Unfortunately, there isn't a thing on it.

There is a closed frosted-glass door leading east.","You are carrying: a raw red potato, a yellow bell pepper, a red apple, an orange bell pepper, a red hot pepper and a raw yellow potato.",0 of 15,0.0,False,
1,,,I should go east through the frosted-glass door to reach the kitchen and check the cookbook for the recipe.,go east,,You have to open the frosted-glass door first.,Pantry,"You've just sauntered into a pantry.

You lean against the wall, inadvertently pressing a secret button. The wall opens up to reveal a shelf. The shelf is wooden. Unfortunately, there isn't a thing on it.

There is a closed frosted-glass door leading east.","You are carrying: a raw red potato, a yellow bell pepper, a red apple, an orange bell pepper, a red hot pepper and a raw yellow potato.",0 of 15,0.0,False,
2,,,I need to open the frosted-glass door to proceed and check the cookbook in the kitchen for the recipe.,open frosted-glass door,,You open frosted-glass door.,Pantry,"You've just sauntered into a pantry.

You lean against the wall, inadvertently pressing a secret button. The wall opens up to reveal a shelf. The shelf is wooden. Unfortunately, there isn't a thing on it.

There is an open frosted-glass door leading east.","You are carrying: a raw red potato, a yellow bell pepper, a red apple, an orange bell pepper, a red hot pepper and a raw yellow potato.",0 of 15,0.0,False,
3,,,I should go east through the open frosted-glass door to find the kitchen and check the cookbook for a recipe.,go east,,"I just think it's great that you've just entered a kitchen.

You can see a closed fridge. You can make out an oven. You see a table. On the table you can see a cookbook and a knife. You can make out a counter. The counter is vast. On the counter you see a raw purple potato. You scan the room for a stove, and you find a stove. You wonder idly who left that here. But the thing is empty, unfortunately.

There is an open frosted-glass door leading west. There is an exit to the east.",Kitchen,"I just think it's great that you've just entered a kitchen.

You can see a closed fridge. You can make out an oven. You see a table. On the table you can see a cookbook and a knife. You can make out a counter. The counter is vast. On the counter you see a raw purple potato. You scan the room for a stove, and you find a stove. You wonder idly who left that here. But the thing is empty, unfortunately.

There is an open frosted-glass door leading west. There is an exit to the east.","You are carrying: a raw red potato, a yellow bell pepper, a red apple, an orange bell pepper, a red hot pepper and a raw yellow potato.",0 of 15,0.0,False,
4,,,I should examine the cookbook on the table to find a recipe for a delicious meal.,examine cookbook,,"You open the copy of ""Cooking: A Modern Approach (3rd Ed.)"" and start reading:

Recipe #1
---------
Gather all following ingredients and follow the directions to prepare this tasty meal.

Ingredients:
yellow bell pepper
  purple potato
  red potato
  carrot
  pork chop

Directions:
slice the yellow bell pepper
  grill the yellow bell pepper
  dice the purple potato
  fry the purple potato
  slice the red potato
  fry the red potato
  slice the carrot
  roast the carrot
  dice the pork chop
  grill the pork chop
  prepare meal",Kitchen,"I just think it's great that you've just entered a kitchen.

You can see a closed fridge. You can make out an oven. You see a table. On the table you can see a cookbook and a knife. You can make out a counter. The counter is vast. On the counter you see a raw purple potato. You scan the room for a stove, and you find a stove. You wonder idly who left that here. But the thing is empty, unfortunately.

There is an open frosted-glass door leading west. There is an exit to the east.","You are carrying: a raw red potato, a yellow bell pepper, a red apple, an orange bell pepper, a red hot pepper and a raw yellow potato.",0 of 15,0.0,False,
5,,,"I need to gather the ingredients from the recipe: yellow bell pepper, purple potato, red potato, carrot, and pork chop. I already have a yellow bell pepper and a red potato, but I need to find the purple potato, carrot, and pork chop first. I will check the fridge for these ingredients.",open fridge,,"You open the fridge, revealing a raw pork chop and a block of cheese.",Kitchen,"I just think it's great that you've just entered a kitchen.

You can see an opened fridge. The fridge contains a raw pork chop and a block of cheese. You shudder, but continue examining the room. You can make out an oven. You see a table. On the table you can see a cookbook and a knife. You can make out a counter. The counter is vast. On the counter you see a raw purple potato. You scan the room for a stove, and you find a stove. You wonder idly who left that here. But the thing is empty, unfortunately.

There is an open frosted-glass door leading west. There is an exit to the east.","You are carrying: a raw red potato, a yellow bell pepper, a red apple, an orange bell pepper, a red hot pepper and a raw yellow potato.",0 of 15,0.0,False,
6,,,I should check the cookbook on the table to find a recipe for a delicious meal.,examine cookbook,,"You open the copy of ""Cooking: A Modern Approach (3rd Ed.)"" and start reading:

Recipe #1
---------
Gather all following ingredients and follow the directions to prepare this tasty meal.

Ingredients:
yellow bell pepper
  purple potato
  red potato
  carrot
  pork chop

Directions:
slice the yellow bell pepper
  grill the yellow bell pepper
  dice the purple potato
  fry the purple potato
  slice the red potato
  fry the red potato
  slice the carrot
  roast the carrot
  dice the pork chop
  grill the pork chop
  prepare meal",Kitchen,"I just think it's great that you've just entered a kitchen.

You can see an opened fridge. The fridge contains a raw pork chop and a block of cheese. You shudder, but continue examining the room. You can make out an oven. You see a table. On the table you can see a cookbook and a knife. You can make out a counter. The counter is vast. On the counter you see a raw purple potato. You scan the room for a stove, and you find a stove. You wonder idly who left that here. But the thing is empty, unfortunately.

There is an open frosted-glass door leading west. There is an exit to the east.","You are carrying: a raw red potato, a yellow bell pepper, a red apple, an orange bell pepper, a red hot pepper and a raw yellow potato.",0 of 15,0.0,False,
7,,,I need to gather all the ingredients from the recipe first. I already have a yellow bell pepper and a raw red potato. I need to take the purple potato and the pork chop from the fridge and also find a carrot.,take raw purple potato from counter,,You're carrying too many things already.,Kitchen,"I just think it's great that you've just entered a kitchen.

You can see an opened fridge. The fridge contains a raw pork chop and a block of cheese. You shudder, but continue examining the room. You can make out an oven. You see a table. On the table you can see a cookbook and a knife. You can make out a counter. The counter is vast. On the counter you see a raw purple potato. You scan the room for a stove, and you find a stove. You wonder idly who left that here. But the thing is empty, unfortunately.

There is an open frosted-glass door leading west. There is an exit to the east.","You are carrying: a raw red potato, a yellow bell pepper, a red apple, an orange bell pepper, a red hot pepper and a raw yellow potato.",0 of 15,0.0,False,
8,,,"I am carrying too many items, so I should put some down to free up space before checking the cookbook for the recipe.",drop raw red potato,,You drop the red potato on the ground.,Kitchen,"I just think it's great that you've just entered a kitchen.

You can see an opened fridge. The fridge contains a raw pork chop and a block of cheese. You shudder, but continue examining the room. You can make out an oven. You see a table. On the table you can see a cookbook and a knife. You can make out a counter. The counter is vast. On the counter you see a raw purple potato. You scan the room for a stove, and you find a stove. You wonder idly who left that here. But the thing is empty, unfortunately.

There is an open frosted-glass door leading west. There is an exit to the east.

There is a raw red potato on the floor.","You are carrying: a yellow bell pepper, a red apple, an orange bell pepper, a red hot pepper and a raw yellow potato.",0 of 15,0.0,False,
9,,,I should examine the cookbook on the table to find a recipe for a delicious meal.,examine cookbook,,"You open the copy of ""Cooking: A Modern Approach (3rd Ed.)"" and start reading:

Recipe #1
---------
Gather all following ingredients and follow the directions to prepare this tasty meal.

Ingredients:
yellow bell pepper
  purple potato
  red potato
  carrot
  pork chop

Directions:
slice the yellow bell pepper
  grill the yellow bell pepper
  dice the purple potato
  fry the purple potato
  slice the red potato
  fry the red potato
  slice the carrot
  roast the carrot
  dice the pork chop
  grill the pork chop
  prepare meal",Kitchen,"I just think it's great that you've just entered a kitchen.

You can see an opened fridge. The fridge contains a raw pork chop and a block of cheese. You shudder, but continue examining the room. You can make out an oven. You see a table. On the table you can see a cookbook and a knife. You can make out a counter. The counter is vast. On the counter you see a raw purple potato. You scan the room for a stove, and you find a stove. You wonder idly who left that here. But the thing is empty, unfortunately.

There is an open frosted-glass door leading west. There is an exit to the east.

There is a raw red potato on the floor.","You are carrying: a yellow bell pepper, a red apple, an orange bell pepper, a red hot pepper and a raw yellow potato.",0 of 15,0.0,False,
10,,,"I need to gather the ingredients from the recipe: yellow bell pepper, purple potato, red potato, carrot, and pork chop. I already have a yellow bell pepper, but I need to take the purple potato, red potato, carrot, and pork chop from the kitchen.",take raw purple potato from counter,,You're carrying too many things already.,Kitchen,"I just think it's great that you've just entered a kitchen.

You can see an opened fridge. The fridge contains a raw pork chop and a block of cheese. You shudder, but continue examining the room. You can make out an oven. You see a table. On the table you can see a cookbook and a knife. You can make out a counter. The counter is vast. On the counter you see a raw purple potato. You scan the room for a stove, and you find a stove. You wonder idly who left that here. But the thing is empty, unfortunately.

There is an open frosted-glass door leading west. There is an exit to the east.

There is a raw red potato on the floor.","You are carrying: a yellow bell pepper, a red apple, an orange bell pepper, a red hot pepper and a raw yellow potato.",0 of 15,0.0,False,
11,,,"I am carrying too many items, so I should drop some to free up space before taking the cookbook and knife to cook a meal.",drop red hot pepper,,You drop the red hot pepper on the ground.,Kitchen,"I just think it's great that you've just entered a kitchen.

You can see an opened fridge. The fridge contains a raw pork chop and a block of cheese. You shudder, but continue examining the room. You can make out an oven. You see a table. On the table you can see a cookbook and a knife. You can make out a counter. The counter is vast. On the counter you see a raw purple potato. You scan the room for a stove, and you find a stove. You wonder idly who left that here. But the thing is empty, unfortunately.

There is an open frosted-glass door leading west. There is an exit to the east.

There is a red hot pepper and a raw red potato on the floor.","You are carrying: a yellow bell pepper, a red apple, an orange bell pepper and a raw yellow potato.",0 of 15,0.0,False,
12,,,I should check the cookbook on the table to find a recipe for a delicious meal.,examine cookbook,,"You open the copy of ""Cooking: A Modern Approach (3rd Ed.)"" and start reading:

Recipe #1
---------
Gather all following ingredients and follow the directions to prepare this tasty meal.

Ingredients:
yellow bell pepper
  purple potato
  red potato
  carrot
  pork chop

Directions:
slice the yellow bell pepper
  grill the yellow bell pepper
  dice the purple potato
  fry the purple potato
  slice the red potato
  fry the red potato
  slice the carrot
  roast the carrot
  dice the pork chop
  grill the pork chop
  prepare meal",Kitchen,"I just think it's great that you've just entered a kitchen.

You can see an opened fridge. The fridge contains a raw pork chop and a block of cheese. You shudder, but continue examining the room. You can make out an oven. You see a table. On the table you can see a cookbook and a knife. You can make out a counter. The counter is vast. On the counter you see a raw purple potato. You scan the room for a stove, and you find a stove. You wonder idly who left that here. But the thing is empty, unfortunately.

There is an open frosted-glass door leading west. There is an exit to the east.

There is a red hot pepper and a raw red potato on the floor.","You are carrying: a yellow bell pepper, a red apple, an orange bell pepper and a raw yellow potato.",0 of 15,0.0,False,
13,,,"I need to gather all the ingredients listed in the recipe: yellow bell pepper, purple potato, red potato, carrot, and pork chop. I already have a yellow bell pepper, but I need to take the purple potato from the counter, the red potato from the floor, the pork chop from the fridge, and find a carrot.",take purple potato from counter,,"You take the purple potato from the counter.



Your score has just gone up by one point.",Kitchen,"I just think it's great that you've just entered a kitchen.

You can see an opened fridge. The fridge contains a raw pork chop and a block of cheese. You shudder, but continue examining the room. You can make out an oven. You see a table. On the table you can see a cookbook and a knife. You can make out a counter. The counter is vast. The counter appears to be empty. You scan the room for a stove, and you find a stove. You wonder idly who left that here. But the thing is empty, unfortunately.

There is an open frosted-glass door leading west. There is an exit to the east.

There is a red hot pepper and a raw red potato on the floor.","You are carrying: a raw purple potato, a yellow bell pepper, a red apple, an orange bell pepper and a raw yellow potato.",1 of 15,0.06666666666666667,False,
14,,,I should examine the cookbook on the table to find a recipe for a delicious meal.,examine cookbook,,"You open the copy of ""Cooking: A Modern Approach (3rd Ed.)"" and start reading:

Recipe #1
---------
Gather all following ingredients and follow the directions to prepare this tasty meal.

Ingredients:
yellow bell pepper
  purple potato
  red potato
  carrot
  pork chop

Directions:
slice the yellow bell pepper
  grill the yellow bell pepper
  dice the purple potato
  fry the purple potato
  slice the red potato
  fry the red potato
  slice the carrot
  roast the carrot
  dice the pork chop
  grill the pork chop
  prepare meal",Kitchen,"I just think it's great that you've just entered a kitchen.

You can see an opened fridge. The fridge contains a raw pork chop and a block of cheese. You shudder, but continue examining the room. You can make out an oven. You see a table. On the table you can see a cookbook and a knife. You can make out a counter. The counter is vast. The counter appears to be empty. You scan the room for a stove, and you find a stove. You wonder idly who left that here. But the thing is empty, unfortunately.

There is an open frosted-glass door leading west. There is an exit to the east.

There is a red hot pepper and a raw red potato on the floor.","You are carrying: a raw purple potato, a yellow bell pepper, a red apple, an orange bell pepper and a raw yellow potato.",1 of 15,0.06666666666666667,False,
15,,,"I need to gather the ingredients from the recipe: yellow bell pepper, purple potato, red potato, carrot, and pork chop. I already have a yellow bell pepper and a purple potato. I should take the red potato and pork chop from the floor and fridge, and then find a carrot.",take red potato from floor,,You're carrying too many things already.,Kitchen,"I just think it's great that you've just entered a kitchen.

You can see an opened fridge. The fridge contains a raw pork chop and a block of cheese. You shudder, but continue examining the room. You can make out an oven. You see a table. On the table you can see a cookbook and a knife. You can make out a counter. The counter is vast. The counter appears to be empty. You scan the room for a stove, and you find a stove. You wonder idly who left that here. But the thing is empty, unfortunately.

There is an open frosted-glass door leading west. There is an exit to the east.

There is a red hot pepper and a raw red potato on the floor.","You are carrying: a raw purple potato, a yellow bell pepper, a red apple, an orange bell pepper and a raw yellow potato.",1 of 15,0.06666666666666667,False,
16,,,"I am carrying too many items, so I should drop some to free up space before taking anything else. I will drop the red apple and the orange bell pepper to reduce my inventory.",drop red apple,,You drop the red apple on the ground.,Kitchen,"I just think it's great that you've just entered a kitchen.

You can see an opened fridge. The fridge contains a raw pork chop and a block of cheese. You shudder, but continue examining the room. You can make out an oven. You see a table. On the table you can see a cookbook and a knife. You can make out a counter. The counter is vast. The counter appears to be empty. You scan the room for a stove, and you find a stove. You wonder idly who left that here. But the thing is empty, unfortunately.

There is an open frosted-glass door leading west. There is an exit to the east.

There is a red apple, a red hot pepper and a raw red potato on the floor.","You are carrying: a raw purple potato, a yellow bell pepper, an orange bell pepper and a raw yellow potato.",1 of 15,0.06666666666666667,False,
17,,,I should check the cookbook on the table to find a recipe for a delicious meal.,examine cookbook,,"You open the copy of ""Cooking: A Modern Approach (3rd Ed.)"" and start reading:

Recipe #1
---------
Gather all following ingredients and follow the directions to prepare this tasty meal.

Ingredients:
yellow bell pepper
  purple potato
  red potato
  carrot
  pork chop

Directions:
slice the yellow bell pepper
  grill the yellow bell pepper
  dice the purple potato
  fry the purple potato
  slice the red potato
  fry the red potato
  slice the carrot
  roast the carrot
  dice the pork chop
  grill the pork chop
  prepare meal",Kitchen,"I just think it's great that you've just entered a kitchen.

You can see an opened fridge. The fridge contains a raw pork chop and a block of cheese. You shudder, but continue examining the room. You can make out an oven. You see a table. On the table you can see a cookbook and a knife. You can make out a counter. The counter is vast. The counter appears to be empty. You scan the room for a stove, and you find a stove. You wonder idly who left that here. But the thing is empty, unfortunately.

There is an open frosted-glass door leading west. There is an exit to the east.

There is a red apple, a red hot pepper and a raw red potato on the floor.","You are carrying: a raw purple potato, a yellow bell pepper, an orange bell pepper and a raw yellow potato.",1 of 15,0.06666666666666667,False,
18,,,"I need to gather the ingredients from the recipe that I don't have yet: a purple potato, a red potato, a carrot, and a pork chop. I already have a yellow bell pepper and a yellow potato, but I need to take the raw purple potato from my inventory and find the other ingredients in the kitchen.",take raw purple potato from inventory,,You can't see any such thing.,Kitchen,"I just think it's great that you've just entered a kitchen.

You can see an opened fridge. The fridge contains a raw pork chop and a block of cheese. You shudder, but continue examining the room. You can make out an oven. You see a table. On the table you can see a cookbook and a knife. You can make out a counter. The counter is vast. The counter appears to be empty. You scan the room for a stove, and you find a stove. You wonder idly who left that here. But the thing is empty, unfortunately.

There is an open frosted-glass door leading west. There is an exit to the east.

There is a red apple, a red hot pepper and a raw red potato on the floor.","You are carrying: a raw purple potato, a yellow bell pepper, an orange bell pepper and a raw yellow potato.",1 of 15,0.06666666666666667,False,
19,,,I should examine the cookbook on the table to find a recipe for a delicious meal.,examine cookbook,,"You open the copy of ""Cooking: A Modern Approach (3rd Ed.)"" and start reading:

Recipe #1
---------
Gather all following ingredients and follow the directions to prepare this tasty meal.

Ingredients:
yellow bell pepper
  purple potato
  red potato
  carrot
  pork chop

Directions:
slice the yellow bell pepper
  grill the yellow bell pepper
  dice the purple potato
  fry the purple potato
  slice the red potato
  fry the red potato
  slice the carrot
  roast the carrot
  dice the pork chop
  grill the pork chop
  prepare meal",Kitchen,"I just think it's great that you've just entered a kitchen.

You can see an opened fridge. The fridge contains a raw pork chop and a block of cheese. You shudder, but continue examining the room. You can make out an oven. You see a table. On the table you can see a cookbook and a knife. You can make out a counter. The counter is vast. The counter appears to be empty. You scan the room for a stove, and you find a stove. You wonder idly who left that here. But the thing is empty, unfortunately.

There is an open frosted-glass door leading west. There is an exit to the east.

There is a red apple, a red hot pepper and a raw red potato on the floor.","You are carrying: a raw purple potato, a yellow bell pepper, an orange bell pepper and a raw yellow potato.",1 of 15,0.06666666666666667,False,
20,,,"I need to gather all the ingredients from the recipe: yellow bell pepper, purple potato, red potato, carrot, and pork chop. I already have a yellow bell pepper and a purple potato. I should take the red potato and carrot from the floor or kitchen, and take the pork chop from the fridge.",take red potato from floor,,You pick up the red potato from the ground.,Kitchen,"I just think it's great that you've just entered a kitchen.

You can see an opened fridge. The fridge contains a raw pork chop and a block of cheese. You shudder, but continue examining the room. You can make out an oven. You see a table. On the table you can see a cookbook and a knife. You can make out a counter. The counter is vast. The counter appears to be empty. You scan the room for a stove, and you find a stove. You wonder idly who left that here. But the thing is empty, unfortunately.

There is an open frosted-glass door leading west. There is an exit to the east.

There is a red apple and a red hot pepper on the floor.","You are carrying: a raw red potato, a raw purple potato, a yellow bell pepper, an orange bell pepper and a raw yellow potato.",1 of 15,0.06666666666666667,False,
21,,,I should examine the cookbook on the table to find a recipe for a delicious meal.,examine cookbook,,"You open the copy of ""Cooking: A Modern Approach (3rd Ed.)"" and start reading:

Recipe #1
---------
Gather all following ingredients and follow the directions to prepare this tasty meal.

Ingredients:
yellow bell pepper
  purple potato
  red potato
  carrot
  pork chop

Directions:
slice the yellow bell pepper
  grill the yellow bell pepper
  dice the purple potato
  fry the purple potato
  slice the red potato
  fry the red potato
  slice the carrot
  roast the carrot
  dice the pork chop
  grill the pork chop
  prepare meal",Kitchen,"I just think it's great that you've just entered a kitchen.

You can see an opened fridge. The fridge contains a raw pork chop and a block of cheese. You shudder, but continue examining the room. You can make out an oven. You see a table. On the table you can see a cookbook and a knife. You can make out a counter. The counter is vast. The counter appears to be empty. You scan the room for a stove, and you find a stove. You wonder idly who left that here. But the thing is empty, unfortunately.

There is an open frosted-glass door leading west. There is an exit to the east.

There is a red apple and a red hot pepper on the floor.","You are carrying: a raw red potato, a raw purple potato, a yellow bell pepper, an orange bell pepper and a raw yellow potato.",1 of 15,0.06666666666666667,False,
22,,,"I need to gather all the ingredients from the recipe. I already have the yellow bell pepper, raw red potato, and raw purple potato. I need to get the carrot and pork chop from the fridge and also take the knife from the table to prepare the meal.",take carrot from fridge; take raw pork chop from fridge; take knife from table,,You can't see any such thing.,Kitchen,"I just think it's great that you've just entered a kitchen.

You can see an opened fridge. The fridge contains a raw pork chop and a block of cheese. You shudder, but continue examining the room. You can make out an oven. You see a table. On the table you can see a cookbook and a knife. You can make out a counter. The counter is vast. The counter appears to be empty. You scan the room for a stove, and you find a stove. You wonder idly who left that here. But the thing is empty, unfortunately.

There is an open frosted-glass door leading west. There is an exit to the east.

There is a red apple and a red hot pepper on the floor.","You are carrying: a raw red potato, a raw purple potato, a yellow bell pepper, an orange bell pepper and a raw yellow potato.",1 of 15,0.06666666666666667,False,
23,,,I should examine the cookbook on the table to find a recipe for a delicious meal.,examine cookbook,,"You open the copy of ""Cooking: A Modern Approach (3rd Ed.)"" and start reading:

Recipe #1
---------
Gather all following ingredients and follow the directions to prepare this tasty meal.

Ingredients:
yellow bell pepper
  purple potato
  red potato
  carrot
  pork chop

Directions:
slice the yellow bell pepper
  grill the yellow bell pepper
  dice the purple potato
  fry the purple potato
  slice the red potato
  fry the red potato
  slice the carrot
  roast the carrot
  dice the pork chop
  grill the pork chop
  prepare meal",Kitchen,"I just think it's great that you've just entered a kitchen.

You can see an opened fridge. The fridge contains a raw pork chop and a block of cheese. You shudder, but continue examining the room. You can make out an oven. You see a table. On the table you can see a cookbook and a knife. You can make out a counter. The counter is vast. The counter appears to be empty. You scan the room for a stove, and you find a stove. You wonder idly who left that here. But the thing is empty, unfortunately.

There is an open frosted-glass door leading west. There is an exit to the east.

There is a red apple and a red hot pepper on the floor.","You are carrying: a raw red potato, a raw purple potato, a yellow bell pepper, an orange bell pepper and a raw yellow potato.",1 of 15,0.06666666666666667,False,
24,,,I need to get the pork chop from the fridge to start preparing the meal according to the recipe.,take raw pork chop from fridge,,You're carrying too many things already.,Kitchen,"I just think it's great that you've just entered a kitchen.

You can see an opened fridge. The fridge contains a raw pork chop and a block of cheese. You shudder, but continue examining the room. You can make out an oven. You see a table. On the table you can see a cookbook and a knife. You can make out a counter. The counter is vast. The counter appears to be empty. You scan the room for a stove, and you find a stove. You wonder idly who left that here. But the thing is empty, unfortunately.

There is an open frosted-glass door leading west. There is an exit to the east.

There is a red apple and a red hot pepper on the floor.","You are carrying: a raw red potato, a raw purple potato, a yellow bell pepper, an orange bell pepper and a raw yellow potato.",1 of 15,0.06666666666666667,False,
25,,,"I am carrying too many items, so I should drop some to free up space before taking the cookbook and knife to cook a meal.",drop raw red potato,,You drop the red potato on the ground.,Kitchen,"I just think it's great that you've just entered a kitchen.

You can see an opened fridge. The fridge contains a raw pork chop and a block of cheese. You shudder, but continue examining the room. You can make out an oven. You see a table. On the table you can see a cookbook and a knife. You can make out a counter. The counter is vast. The counter appears to be empty. You scan the room for a stove, and you find a stove. You wonder idly who left that here. But the thing is empty, unfortunately.

There is an open frosted-glass door leading west. There is an exit to the east.

There is a raw red potato, a red apple and a red hot pepper on the floor.","You are carrying: a raw purple potato, a yellow bell pepper, an orange bell pepper and a raw yellow potato.",1 of 15,0.06666666666666667,False,
26,,,I should check the cookbook on the table to find a recipe for a delicious meal.,examine cookbook,,"You open the copy of ""Cooking: A Modern Approach (3rd Ed.)"" and start reading:

Recipe #1
---------
Gather all following ingredients and follow the directions to prepare this tasty meal.

Ingredients:
yellow bell pepper
  purple potato
  red potato
  carrot
  pork chop

Directions:
slice the yellow bell pepper
  grill the yellow bell pepper
  dice the purple potato
  fry the purple potato
  slice the red potato
  fry the red potato
  slice the carrot
  roast the carrot
  dice the pork chop
  grill the pork chop
  prepare meal",Kitchen,"I just think it's great that you've just entered a kitchen.

You can see an opened fridge. The fridge contains a raw pork chop and a block of cheese. You shudder, but continue examining the room. You can make out an oven. You see a table. On the table you can see a cookbook and a knife. You can make out a counter. The counter is vast. The counter appears to be empty. You scan the room for a stove, and you find a stove. You wonder idly who left that here. But the thing is empty, unfortunately.

There is an open frosted-glass door leading west. There is an exit to the east.

There is a raw red potato, a red apple and a red hot pepper on the floor.","You are carrying: a raw purple potato, a yellow bell pepper, an orange bell pepper and a raw yellow potato.",1 of 15,0.06666666666666667,False,
27,,,"I need to gather the ingredients from the recipe that I don't have yet: a carrot, a pork chop, and a red potato. I see a raw red potato on the floor and a raw pork chop in the fridge, so I should take those first.",take raw red potato from floor,,You pick up the red potato from the ground.,Kitchen,"I just think it's great that you've just entered a kitchen.

You can see an opened fridge. The fridge contains a raw pork chop and a block of cheese. You shudder, but continue examining the room. You can make out an oven. You see a table. On the table you can see a cookbook and a knife. You can make out a counter. The counter is vast. The counter appears to be empty. You scan the room for a stove, and you find a stove. You wonder idly who left that here. But the thing is empty, unfortunately.

There is an open frosted-glass door leading west. There is an exit to the east.

There is a red apple and a red hot pepper on the floor.","You are carrying: a raw red potato, a raw purple potato, a yellow bell pepper, an orange bell pepper and a raw yellow potato.",1 of 15,0.06666666666666667,False,
28,,,I should take the cookbook from the table to check the recipe for a delicious meal.,take cookbook from table,,You're carrying too many things already.,Kitchen,"I just think it's great that you've just entered a kitchen.

You can see an opened fridge. The fridge contains a raw pork chop and a block of cheese. You shudder, but continue examining the room. You can make out an oven. You see a table. On the table you can see a cookbook and a knife. You can make out a counter. The counter is vast. The counter appears to be empty. You scan the room for a stove, and you find a stove. You wonder idly who left that here. But the thing is empty, unfortunately.

There is an open frosted-glass door leading west. There is an exit to the east.

There is a red apple and a red hot pepper on the floor.","You are carrying: a raw red potato, a raw purple potato, a yellow bell pepper, an orange bell pepper and a raw yellow potato.",1 of 15,0.06666666666666667,False,
29,,,"I am carrying too many items, so I should drop some to free up space before taking anything else. I will drop the raw purple potato and the raw yellow potato to reduce the load.","drop raw purple potato, raw yellow potato",,"purple potato: You drop the purple potato on the ground.
yellow potato: You drop the yellow potato on the ground.",Kitchen,"I just think it's great that you've just entered a kitchen.

You can see an opened fridge. The fridge contains a raw pork chop and a block of cheese. You shudder, but continue examining the room. You can make out an oven. You see a table. On the table you can see a cookbook and a knife. You can make out a counter. The counter is vast. The counter appears to be empty. You scan the room for a stove, and you find a stove. You wonder idly who left that here. But the thing is empty, unfortunately.

There is an open frosted-glass door leading west. There is an exit to the east.

There is a raw yellow potato, a raw purple potato, a red apple and a red hot pepper on the floor.","You are carrying: a raw red potato, a yellow bell pepper and an orange bell pepper.",1 of 15,0.06666666666666667,False,
30,,,I should check the cookbook on the table to find a recipe for a delicious meal.,examine cookbook,,"You open the copy of ""Cooking: A Modern Approach (3rd Ed.)"" and start reading:

Recipe #1
---------
Gather all following ingredients and follow the directions to prepare this tasty meal.

Ingredients:
yellow bell pepper
  purple potato
  red potato
  carrot
  pork chop

Directions:
slice the yellow bell pepper
  grill the yellow bell pepper
  dice the purple potato
  fry the purple potato
  slice the red potato
  fry the red potato
  slice the carrot
  roast the carrot
  dice the pork chop
  grill the pork chop
  prepare meal",Kitchen,"I just think it's great that you've just entered a kitchen.

You can see an opened fridge. The fridge contains a raw pork chop and a block of cheese. You shudder, but continue examining the room. You can make out an oven. You see a table. On the table you can see a cookbook and a knife. You can make out a counter. The counter is vast. The counter appears to be empty. You scan the room for a stove, and you find a stove. You wonder idly who left that here. But the thing is empty, unfortunately.

There is an open frosted-glass door leading west. There is an exit to the east.

There is a raw yellow potato, a raw purple potato, a red apple and a red hot pepper on the floor.","You are carrying: a raw red potato, a yellow bell pepper and an orange bell pepper.",1 of 15,0.06666666666666667,False,
31,,,"I need to gather all the ingredients for the recipe: yellow bell pepper, purple potato, red potato, carrot, and pork chop. I already have a yellow bell pepper and a red potato in my inventory. I should take the purple potato and carrot from the floor or nearby, and take the pork chop from the fridge.",take purple potato from floor,,You pick up the purple potato from the ground.,Kitchen,"I just think it's great that you've just entered a kitchen.

You can see an opened fridge. The fridge contains a raw pork chop and a block of cheese. You shudder, but continue examining the room. You can make out an oven. You see a table. On the table you can see a cookbook and a knife. You can make out a counter. The counter is vast. The counter appears to be empty. You scan the room for a stove, and you find a stove. You wonder idly who left that here. But the thing is empty, unfortunately.

There is an open frosted-glass door leading west. There is an exit to the east.

There is a raw yellow potato, a red apple and a red hot pepper on the floor.","You are carrying: a raw purple potato, a raw red potato, a yellow bell pepper and an orange bell pepper.",1 of 15,0.06666666666666667,False,
32,,,I should examine the cookbook on the table to find a recipe for a delicious meal.,examine cookbook,,"You open the copy of ""Cooking: A Modern Approach (3rd Ed.)"" and start reading:

Recipe #1
---------
Gather all following ingredients and follow the directions to prepare this tasty meal.

Ingredients:
yellow bell pepper
  purple potato
  red potato
  carrot
  pork chop

Directions:
slice the yellow bell pepper
  grill the yellow bell pepper
  dice the purple potato
  fry the purple potato
  slice the red potato
  fry the red potato
  slice the carrot
  roast the carrot
  dice the pork chop
  grill the pork chop
  prepare meal",Kitchen,"I just think it's great that you've just entered a kitchen.

You can see an opened fridge. The fridge contains a raw pork chop and a block of cheese. You shudder, but continue examining the room. You can make out an oven. You see a table. On the table you can see a cookbook and a knife. You can make out a counter. The counter is vast. The counter appears to be empty. You scan the room for a stove, and you find a stove. You wonder idly who left that here. But the thing is empty, unfortunately.

There is an open frosted-glass door leading west. There is an exit to the east.

There is a raw yellow potato, a red apple and a red hot pepper on the floor.","You are carrying: a raw purple potato, a raw red potato, a yellow bell pepper and an orange bell pepper.",1 of 15,0.06666666666666667,False,
33,,,"I need to gather all the ingredients from the recipe: yellow bell pepper, purple potato, red potato, carrot, and pork chop. I already have the yellow bell pepper, purple potato, and red potato. I should take the pork chop from the fridge and find a carrot in the kitchen or nearby.",take raw pork chop from fridge,,"You take the pork chop from the fridge.



Your score has just gone up by one point.",Kitchen,"I just think it's great that you've just entered a kitchen.

You can see an opened fridge. The fridge contains a block of cheese. You shudder, but continue examining the room. You can make out an oven. You see a table. On the table you can see a cookbook and a knife. You can make out a counter. The counter is vast. The counter appears to be empty. You scan the room for a stove, and you find a stove. You wonder idly who left that here. But the thing is empty, unfortunately.

There is an open frosted-glass door leading west. There is an exit to the east.

There is a raw yellow potato, a red apple and a red hot pepper on the floor.","You are carrying: a raw pork chop, a raw purple potato, a raw red potato, a yellow bell pepper and an orange bell pepper.",2 of 15,0.13333333333333333,False,
34,,,I should check the cookbook on the table to find a recipe for cooking the pork chop and other ingredients.,examine cookbook,,"You open the copy of ""Cooking: A Modern Approach (3rd Ed.)"" and start reading:

Recipe #1
---------
Gather all following ingredients and follow the directions to prepare this tasty meal.

Ingredients:
yellow bell pepper
  purple potato
  red potato
  carrot
  pork chop

Directions:
slice the yellow bell pepper
  grill the yellow bell pepper
  dice the purple potato
  fry the purple potato
  slice the red potato
  fry the red potato
  slice the carrot
  roast the carrot
  dice the pork chop
  grill the pork chop
  prepare meal",Kitchen,"I just think it's great that you've just entered a kitchen.

You can see an opened fridge. The fridge contains a block of cheese. You shudder, but continue examining the room. You can make out an oven. You see a table. On the table you can see a cookbook and a knife. You can make out a counter. The counter is vast. The counter appears to be empty. You scan the room for a stove, and you find a stove. You wonder idly who left that here. But the thing is empty, unfortunately.

There is an open frosted-glass door leading west. There is an exit to the east.

There is a raw yellow potato, a red apple and a red hot pepper on the floor.","You are carrying: a raw pork chop, a raw purple potato, a raw red potato, a yellow bell pepper and an orange bell pepper.",2 of 15,0.13333333333333333,False,
35,,,I need to slice the yellow bell pepper first as per the recipe.,slice yellow bell pepper with knife,,You need to take the knife first.,Kitchen,"I just think it's great that you've just entered a kitchen.

You can see an opened fridge. The fridge contains a block of cheese. You shudder, but continue examining the room. You can make out an oven. You see a table. On the table you can see a cookbook and a knife. You can make out a counter. The counter is vast. The counter appears to be empty. You scan the room for a stove, and you find a stove. You wonder idly who left that here. But the thing is empty, unfortunately.

There is an open frosted-glass door leading west. There is an exit to the east.

There is a raw yellow potato, a red apple and a red hot pepper on the floor.","You are carrying: a raw pork chop, a raw purple potato, a raw red potato, a yellow bell pepper and an orange bell pepper.",2 of 15,0.13333333333333333,False,
36,,,I need to take the knife from the table first before I can proceed with cooking.,take knife from table,,You're carrying too many things already.,Kitchen,"I just think it's great that you've just entered a kitchen.

You can see an opened fridge. The fridge contains a block of cheese. You shudder, but continue examining the room. You can make out an oven. You see a table. On the table you can see a cookbook and a knife. You can make out a counter. The counter is vast. The counter appears to be empty. You scan the room for a stove, and you find a stove. You wonder idly who left that here. But the thing is empty, unfortunately.

There is an open frosted-glass door leading west. There is an exit to the east.

There is a raw yellow potato, a red apple and a red hot pepper on the floor.","You are carrying: a raw pork chop, a raw purple potato, a raw red potato, a yellow bell pepper and an orange bell pepper.",2 of 15,0.13333333333333333,False,
37,,,"I am carrying too many items, so I should drop some to free up space. I will drop the raw purple potato and the raw red potato on the floor to make room for other necessary items like the cookbook and knife to cook a meal.",drop raw purple potato; drop raw red potato,,I only understood you as far as wanting to drop the purple potato.,Kitchen,"I just think it's great that you've just entered a kitchen.

You can see an opened fridge. The fridge contains a block of cheese. You shudder, but continue examining the room. You can make out an oven. You see a table. On the table you can see a cookbook and a knife. You can make out a counter. The counter is vast. The counter appears to be empty. You scan the room for a stove, and you find a stove. You wonder idly who left that here. But the thing is empty, unfortunately.

There is an open frosted-glass door leading west. There is an exit to the east.

There is a raw yellow potato, a red apple and a red hot pepper on the floor.","You are carrying: a raw pork chop, a raw purple potato, a raw red potato, a yellow bell pepper and an orange bell pepper.",2 of 15,0.13333333333333333,False,
38,,,I should examine the cookbook on the table to find a recipe for a delicious meal.,examine cookbook,,"You open the copy of ""Cooking: A Modern Approach (3rd Ed.)"" and start reading:

Recipe #1
---------
Gather all following ingredients and follow the directions to prepare this tasty meal.

Ingredients:
yellow bell pepper
  purple potato
  red potato
  carrot
  pork chop

Directions:
slice the yellow bell pepper
  grill the yellow bell pepper
  dice the purple potato
  fry the purple potato
  slice the red potato
  fry the red potato
  slice the carrot
  roast the carrot
  dice the pork chop
  grill the pork chop
  prepare meal",Kitchen,"I just think it's great that you've just entered a kitchen.

You can see an opened fridge. The fridge contains a block of cheese. You shudder, but continue examining the room. You can make out an oven. You see a table. On the table you can see a cookbook and a knife. You can make out a counter. The counter is vast. The counter appears to be empty. You scan the room for a stove, and you find a stove. You wonder idly who left that here. But the thing is empty, unfortunately.

There is an open frosted-glass door leading west. There is an exit to the east.

There is a raw yellow potato, a red apple and a red hot pepper on the floor.","You are carrying: a raw pork chop, a raw purple potato, a raw red potato, a yellow bell pepper and an orange bell pepper.",2 of 15,0.13333333333333333,False,
39,,,I need to slice the yellow bell pepper first as per the recipe.,slice yellow bell pepper with knife,,You need to take the knife first.,Kitchen,"I just think it's great that you've just entered a kitchen.

You can see an opened fridge. The fridge contains a block of cheese. You shudder, but continue examining the room. You can make out an oven. You see a table. On the table you can see a cookbook and a knife. You can make out a counter. The counter is vast. The counter appears to be empty. You scan the room for a stove, and you find a stove. You wonder idly who left that here. But the thing is empty, unfortunately.

There is an open frosted-glass door leading west. There is an exit to the east.

There is a raw yellow potato, a red apple and a red hot pepper on the floor.","You are carrying: a raw pork chop, a raw purple potato, a raw red potato, a yellow bell pepper and an orange bell pepper.",2 of 15,0.13333333333333333,False,
40,,,I need to take the knife from the table first before I can proceed with cooking.,take knife from table,,You're carrying too many things already.,Kitchen,"I just think it's great that you've just entered a kitchen.

You can see an opened fridge. The fridge contains a block of cheese. You shudder, but continue examining the room. You can make out an oven. You see a table. On the table you can see a cookbook and a knife. You can make out a counter. The counter is vast. The counter appears to be empty. You scan the room for a stove, and you find a stove. You wonder idly who left that here. But the thing is empty, unfortunately.

There is an open frosted-glass door leading west. There is an exit to the east.

There is a raw yellow potato, a red apple and a red hot pepper on the floor.","You are carrying: a raw pork chop, a raw purple potato, a raw red potato, a yellow bell pepper and an orange bell pepper.",2 of 15,0.13333333333333333,False,
41,,,"I am carrying too many things, so I should drop some items to free up space before checking the cookbook for the recipe.",drop raw purple potato,,You drop the purple potato on the ground.,Kitchen,"I just think it's great that you've just entered a kitchen.

You can see an opened fridge. The fridge contains a block of cheese. You shudder, but continue examining the room. You can make out an oven. You see a table. On the table you can see a cookbook and a knife. You can make out a counter. The counter is vast. The counter appears to be empty. You scan the room for a stove, and you find a stove. You wonder idly who left that here. But the thing is empty, unfortunately.

There is an open frosted-glass door leading west. There is an exit to the east.

There is a raw purple potato, a raw yellow potato, a red apple and a red hot pepper on the floor.","You are carrying: a raw pork chop, a raw red potato, a yellow bell pepper and an orange bell pepper.",2 of 15,0.13333333333333333,False,
42,,,I should examine the cookbook on the table to find a recipe for a delicious meal.,examine cookbook,,"You open the copy of ""Cooking: A Modern Approach (3rd Ed.)"" and start reading:

Recipe #1
---------
Gather all following ingredients and follow the directions to prepare this tasty meal.

Ingredients:
yellow bell pepper
  purple potato
  red potato
  carrot
  pork chop

Directions:
slice the yellow bell pepper
  grill the yellow bell pepper
  dice the purple potato
  fry the purple potato
  slice the red potato
  fry the red potato
  slice the carrot
  roast the carrot
  dice the pork chop
  grill the pork chop
  prepare meal",Kitchen,"I just think it's great that you've just entered a kitchen.

You can see an opened fridge. The fridge contains a block of cheese. You shudder, but continue examining the room. You can make out an oven. You see a table. On the table you can see a cookbook and a knife. You can make out a counter. The counter is vast. The counter appears to be empty. You scan the room for a stove, and you find a stove. You wonder idly who left that here. But the thing is empty, unfortunately.

There is an open frosted-glass door leading west. There is an exit to the east.

There is a raw purple potato, a raw yellow potato, a red apple and a red hot pepper on the floor.","You are carrying: a raw pork chop, a raw red potato, a yellow bell pepper and an orange bell pepper.",2 of 15,0.13333333333333333,False,
43,,,"I need to gather the ingredients from the recipe: yellow bell pepper, purple potato, red potato, carrot, and pork chop. I already have a yellow bell pepper, a raw pork chop, and a raw red potato. I should take the purple potato and carrot from the floor or fridge if available, then start preparing the ingredients as per the recipe.",take raw purple potato from floor,,You pick up the purple potato from the ground.,Kitchen,"I just think it's great that you've just entered a kitchen.

You can see an opened fridge. The fridge contains a block of cheese. You shudder, but continue examining the room. You can make out an oven. You see a table. On the table you can see a cookbook and a knife. You can make out a counter. The counter is vast. The counter appears to be empty. You scan the room for a stove, and you find a stove. You wonder idly who left that here. But the thing is empty, unfortunately.

There is an open frosted-glass door leading west. There is an exit to the east.

There is a raw yellow potato, a red apple and a red hot pepper on the floor.","You are carrying: a raw purple potato, a raw pork chop, a raw red potato, a yellow bell pepper and an orange bell pepper.",2 of 15,0.13333333333333333,False,
44,,,I should check the cookbook on the table to find a recipe for a delicious meal.,examine cookbook,,"You open the copy of ""Cooking: A Modern Approach (3rd Ed.)"" and start reading:

Recipe #1
---------
Gather all following ingredients and follow the directions to prepare this tasty meal.

Ingredients:
yellow bell pepper
  purple potato
  red potato
  carrot
  pork chop

Directions:
slice the yellow bell pepper
  grill the yellow bell pepper
  dice the purple potato
  fry the purple potato
  slice the red potato
  fry the red potato
  slice the carrot
  roast the carrot
  dice the pork chop
  grill the pork chop
  prepare meal",Kitchen,"I just think it's great that you've just entered a kitchen.

You can see an opened fridge. The fridge contains a block of cheese. You shudder, but continue examining the room. You can make out an oven. You see a table. On the table you can see a cookbook and a knife. You can make out a counter. The counter is vast. The counter appears to be empty. You scan the room for a stove, and you find a stove. You wonder idly who left that here. But the thing is empty, unfortunately.

There is an open frosted-glass door leading west. There is an exit to the east.

There is a raw yellow potato, a red apple and a red hot pepper on the floor.","You are carrying: a raw purple potato, a raw pork chop, a raw red potato, a yellow bell pepper and an orange bell pepper.",2 of 15,0.13333333333333333,False,
45,,,I need to slice the yellow bell pepper first as per the recipe.,slice yellow bell pepper with knife,,You need to take the knife first.,Kitchen,"I just think it's great that you've just entered a kitchen.

You can see an opened fridge. The fridge contains a block of cheese. You shudder, but continue examining the room. You can make out an oven. You see a table. On the table you can see a cookbook and a knife. You can make out a counter. The counter is vast. The counter appears to be empty. You scan the room for a stove, and you find a stove. You wonder idly who left that here. But the thing is empty, unfortunately.

There is an open frosted-glass door leading west. There is an exit to the east.

There is a raw yellow potato, a red apple and a red hot pepper on the floor.","You are carrying: a raw purple potato, a raw pork chop, a raw red potato, a yellow bell pepper and an orange bell pepper.",2 of 15,0.13333333333333333,False,
46,,,I need to take the knife from the table first to be able to cook.,take knife from table,,You're carrying too many things already.,Kitchen,"I just think it's great that you've just entered a kitchen.

You can see an opened fridge. The fridge contains a block of cheese. You shudder, but continue examining the room. You can make out an oven. You see a table. On the table you can see a cookbook and a knife. You can make out a counter. The counter is vast. The counter appears to be empty. You scan the room for a stove, and you find a stove. You wonder idly who left that here. But the thing is empty, unfortunately.

There is an open frosted-glass door leading west. There is an exit to the east.

There is a raw yellow potato, a red apple and a red hot pepper on the floor.","You are carrying: a raw purple potato, a raw pork chop, a raw red potato, a yellow bell pepper and an orange bell pepper.",2 of 15,0.13333333333333333,False,
47,,,"I am carrying too many items, so I should drop one to free up space. I will drop the raw purple potato to make room for the cookbook and knife to check the recipe.",drop raw purple potato,,You drop the purple potato on the ground.,Kitchen,"I just think it's great that you've just entered a kitchen.

You can see an opened fridge. The fridge contains a block of cheese. You shudder, but continue examining the room. You can make out an oven. You see a table. On the table you can see a cookbook and a knife. You can make out a counter. The counter is vast. The counter appears to be empty. You scan the room for a stove, and you find a stove. You wonder idly who left that here. But the thing is empty, unfortunately.

There is an open frosted-glass door leading west. There is an exit to the east.

There is a raw purple potato, a raw yellow potato, a red apple and a red hot pepper on the floor.","You are carrying: a raw pork chop, a raw red potato, a yellow bell pepper and an orange bell pepper.",2 of 15,0.13333333333333333,False,
48,,,I should check the cookbook on the table to find a recipe for a delicious meal.,examine cookbook,,"You open the copy of ""Cooking: A Modern Approach (3rd Ed.)"" and start reading:

Recipe #1
---------
Gather all following ingredients and follow the directions to prepare this tasty meal.

Ingredients:
yellow bell pepper
  purple potato
  red potato
  carrot
  pork chop

Directions:
slice the yellow bell pepper
  grill the yellow bell pepper
  dice the purple potato
  fry the purple potato
  slice the red potato
  fry the red potato
  slice the carrot
  roast the carrot
  dice the pork chop
  grill the pork chop
  prepare meal",Kitchen,"I just think it's great that you've just entered a kitchen.

You can see an opened fridge. The fridge contains a block of cheese. You shudder, but continue examining the room. You can make out an oven. You see a table. On the table you can see a cookbook and a knife. You can make out a counter. The counter is vast. The counter appears to be empty. You scan the room for a stove, and you find a stove. You wonder idly who left that here. But the thing is empty, unfortunately.

There is an open frosted-glass door leading west. There is an exit to the east.

There is a raw purple potato, a raw yellow potato, a red apple and a red hot pepper on the floor.","You are carrying: a raw pork chop, a raw red potato, a yellow bell pepper and an orange bell pepper.",2 of 15,0.13333333333333333,False,
49,,,"I need to gather the ingredients from the recipe: yellow bell pepper, purple potato, red potato, carrot, and pork chop. I already have a yellow bell pepper, raw pork chop, and raw red potato. I need to take the purple potato and carrot from the floor or elsewhere in the kitchen.",take raw purple potato from floor,,You pick up the purple potato from the ground.,Kitchen,"I just think it's great that you've just entered a kitchen.

You can see an opened fridge. The fridge contains a block of cheese. You shudder, but continue examining the room. You can make out an oven. You see a table. On the table you can see a cookbook and a knife. You can make out a counter. The counter is vast. The counter appears to be empty. You scan the room for a stove, and you find a stove. You wonder idly who left that here. But the thing is empty, unfortunately.

There is an open frosted-glass door leading west. There is an exit to the east.

There is a raw yellow potato, a red apple and a red hot pepper on the floor.","You are carrying: a raw purple potato, a raw pork chop, a raw red potato, a yellow bell pepper and an orange bell pepper.",2 of 15,0.13333333333333333,False,
50,,,I should examine the cookbook on the table to find a recipe for a delicious meal.,examine cookbook,,"You open the copy of ""Cooking: A Modern Approach (3rd Ed.)"" and start reading:

Recipe #1
---------
Gather all following ingredients and follow the directions to prepare this tasty meal.

Ingredients:
yellow bell pepper
  purple potato
  red potato
  carrot
  pork chop

Directions:
slice the yellow bell pepper
  grill the yellow bell pepper
  dice the purple potato
  fry the purple potato
  slice the red potato
  fry the red potato
  slice the carrot
  roast the carrot
  dice the pork chop
  grill the pork chop
  prepare meal",Kitchen,"I just think it's great that you've just entered a kitchen.

You can see an opened fridge. The fridge contains a block of cheese. You shudder, but continue examining the room. You can make out an oven. You see a table. On the table you can see a cookbook and a knife. You can make out a counter. The counter is vast. The counter appears to be empty. You scan the room for a stove, and you find a stove. You wonder idly who left that here. But the thing is empty, unfortunately.

There is an open frosted-glass door leading west. There is an exit to the east.

There is a raw yellow potato, a red apple and a red hot pepper on the floor.","You are carrying: a raw purple potato, a raw pork chop, a raw red potato, a yellow bell pepper and an orange bell pepper.",2 of 15,0.13333333333333333,False,
51,,,I need to slice the yellow bell pepper first as per the recipe.,slice yellow bell pepper with knife,,You need to take the knife first.,Kitchen,"I just think it's great that you've just entered a kitchen.

You can see an opened fridge. The fridge contains a block of cheese. You shudder, but continue examining the room. You can make out an oven. You see a table. On the table you can see a cookbook and a knife. You can make out a counter. The counter is vast. The counter appears to be empty. You scan the room for a stove, and you find a stove. You wonder idly who left that here. But the thing is empty, unfortunately.

There is an open frosted-glass door leading west. There is an exit to the east.

There is a raw yellow potato, a red apple and a red hot pepper on the floor.","You are carrying: a raw purple potato, a raw pork chop, a raw red potato, a yellow bell pepper and an orange bell pepper.",2 of 15,0.13333333333333333,False,
52,,,I need to take the knife from the table first to be able to cook.,take knife from table,,You're carrying too many things already.,Kitchen,"I just think it's great that you've just entered a kitchen.

You can see an opened fridge. The fridge contains a block of cheese. You shudder, but continue examining the room. You can make out an oven. You see a table. On the table you can see a cookbook and a knife. You can make out a counter. The counter is vast. The counter appears to be empty. You scan the room for a stove, and you find a stove. You wonder idly who left that here. But the thing is empty, unfortunately.

There is an open frosted-glass door leading west. There is an exit to the east.

There is a raw yellow potato, a red apple and a red hot pepper on the floor.","You are carrying: a raw purple potato, a raw pork chop, a raw red potato, a yellow bell pepper and an orange bell pepper.",2 of 15,0.13333333333333333,False,
53,,,"I am carrying too many items, so I should drop one to be able to take the cookbook and the knife from the table to start cooking.",drop raw purple potato,,You drop the purple potato on the ground.,Kitchen,"I just think it's great that you've just entered a kitchen.

You can see an opened fridge. The fridge contains a block of cheese. You shudder, but continue examining the room. You can make out an oven. You see a table. On the table you can see a cookbook and a knife. You can make out a counter. The counter is vast. The counter appears to be empty. You scan the room for a stove, and you find a stove. You wonder idly who left that here. But the thing is empty, unfortunately.

There is an open frosted-glass door leading west. There is an exit to the east.

There is a raw purple potato, a raw yellow potato, a red apple and a red hot pepper on the floor.","You are carrying: a raw pork chop, a raw red potato, a yellow bell pepper and an orange bell pepper.",2 of 15,0.13333333333333333,False,
54,,,I should check the cookbook on the table to find a recipe for a delicious meal.,examine cookbook,,"You open the copy of ""Cooking: A Modern Approach (3rd Ed.)"" and start reading:

Recipe #1
---------
Gather all following ingredients and follow the directions to prepare this tasty meal.

Ingredients:
yellow bell pepper
  purple potato
  red potato
  carrot
  pork chop

Directions:
slice the yellow bell pepper
  grill the yellow bell pepper
  dice the purple potato
  fry the purple potato
  slice the red potato
  fry the red potato
  slice the carrot
  roast the carrot
  dice the pork chop
  grill the pork chop
  prepare meal",Kitchen,"I just think it's great that you've just entered a kitchen.

You can see an opened fridge. The fridge contains a block of cheese. You shudder, but continue examining the room. You can make out an oven. You see a table. On the table you can see a cookbook and a knife. You can make out a counter. The counter is vast. The counter appears to be empty. You scan the room for a stove, and you find a stove. You wonder idly who left that here. But the thing is empty, unfortunately.

There is an open frosted-glass door leading west. There is an exit to the east.

There is a raw purple potato, a raw yellow potato, a red apple and a red hot pepper on the floor.","You are carrying: a raw pork chop, a raw red potato, a yellow bell pepper and an orange bell pepper.",2 of 15,0.13333333333333333,False,
55,,,"I need to gather the ingredients from the recipe: yellow bell pepper, purple potato, red potato, carrot, and pork chop. I already have a yellow bell pepper, raw pork chop, and raw red potato. I need to take the purple potato and carrot from the floor or fridge if available.",take raw purple potato from floor,,You pick up the purple potato from the ground.,Kitchen,"I just think it's great that you've just entered a kitchen.

You can see an opened fridge. The fridge contains a block of cheese. You shudder, but continue examining the room. You can make out an oven. You see a table. On the table you can see a cookbook and a knife. You can make out a counter. The counter is vast. The counter appears to be empty. You scan the room for a stove, and you find a stove. You wonder idly who left that here. But the thing is empty, unfortunately.

There is an open frosted-glass door leading west. There is an exit to the east.

There is a raw yellow potato, a red apple and a red hot pepper on the floor.","You are carrying: a raw purple potato, a raw pork chop, a raw red potato, a yellow bell pepper and an orange bell pepper.",2 of 15,0.13333333333333333,False,
56,,,I should check the cookbook on the table to find a recipe for a delicious meal.,examine cookbook,,"You open the copy of ""Cooking: A Modern Approach (3rd Ed.)"" and start reading:

Recipe #1
---------
Gather all following ingredients and follow the directions to prepare this tasty meal.

Ingredients:
yellow bell pepper
  purple potato
  red potato
  carrot
  pork chop

Directions:
slice the yellow bell pepper
  grill the yellow bell pepper
  dice the purple potato
  fry the purple potato
  slice the red potato
  fry the red potato
  slice the carrot
  roast the carrot
  dice the pork chop
  grill the pork chop
  prepare meal",Kitchen,"I just think it's great that you've just entered a kitchen.

You can see an opened fridge. The fridge contains a block of cheese. You shudder, but continue examining the room. You can make out an oven. You see a table. On the table you can see a cookbook and a knife. You can make out a counter. The counter is vast. The counter appears to be empty. You scan the room for a stove, and you find a stove. You wonder idly who left that here. But the thing is empty, unfortunately.

There is an open frosted-glass door leading west. There is an exit to the east.

There is a raw yellow potato, a red apple and a red hot pepper on the floor.","You are carrying: a raw purple potato, a raw pork chop, a raw red potato, a yellow bell pepper and an orange bell pepper.",2 of 15,0.13333333333333333,False,
57,,,I need to slice the yellow bell pepper first as per the recipe.,slice yellow bell pepper with knife,,You need to take the knife first.,Kitchen,"I just think it's great that you've just entered a kitchen.

You can see an opened fridge. The fridge contains a block of cheese. You shudder, but continue examining the room. You can make out an oven. You see a table. On the table you can see a cookbook and a knife. You can make out a counter. The counter is vast. The counter appears to be empty. You scan the room for a stove, and you find a stove. You wonder idly who left that here. But the thing is empty, unfortunately.

There is an open frosted-glass door leading west. There is an exit to the east.

There is a raw yellow potato, a red apple and a red hot pepper on the floor.","You are carrying: a raw purple potato, a raw pork chop, a raw red potato, a yellow bell pepper and an orange bell pepper.",2 of 15,0.13333333333333333,False,
58,,,I need to take the knife from the table first to be able to prepare the meal.,take knife from table,,You're carrying too many things already.,Kitchen,"I just think it's great that you've just entered a kitchen.

You can see an opened fridge. The fridge contains a block of cheese. You shudder, but continue examining the room. You can make out an oven. You see a table. On the table you can see a cookbook and a knife. You can make out a counter. The counter is vast. The counter appears to be empty. You scan the room for a stove, and you find a stove. You wonder idly who left that here. But the thing is empty, unfortunately.

There is an open frosted-glass door leading west. There is an exit to the east.

There is a raw yellow potato, a red apple and a red hot pepper on the floor.","You are carrying: a raw purple potato, a raw pork chop, a raw red potato, a yellow bell pepper and an orange bell pepper.",2 of 15,0.13333333333333333,False,
59,,,"I am carrying too many items, so I should drop some to free up space before taking the cookbook and knife to check the recipe and prepare the meal.",drop raw purple potato,,You drop the purple potato on the ground.,Kitchen,"I just think it's great that you've just entered a kitchen.

You can see an opened fridge. The fridge contains a block of cheese. You shudder, but continue examining the room. You can make out an oven. You see a table. On the table you can see a cookbook and a knife. You can make out a counter. The counter is vast. The counter appears to be empty. You scan the room for a stove, and you find a stove. You wonder idly who left that here. But the thing is empty, unfortunately.

There is an open frosted-glass door leading west. There is an exit to the east.

There is a raw purple potato, a raw yellow potato, a red apple and a red hot pepper on the floor.","You are carrying: a raw pork chop, a raw red potato, a yellow bell pepper and an orange bell pepper.",2 of 15,0.13333333333333333,False,
60,,,I should check the cookbook on the table to find a recipe for a delicious meal.,examine cookbook,,"You open the copy of ""Cooking: A Modern Approach (3rd Ed.)"" and start reading:

Recipe #1
---------
Gather all following ingredients and follow the directions to prepare this tasty meal.

Ingredients:
yellow bell pepper
  purple potato
  red potato
  carrot
  pork chop

Directions:
slice the yellow bell pepper
  grill the yellow bell pepper
  dice the purple potato
  fry the purple potato
  slice the red potato
  fry the red potato
  slice the carrot
  roast the carrot
  dice the pork chop
  grill the pork chop
  prepare meal",Kitchen,"I just think it's great that you've just entered a kitchen.

You can see an opened fridge. The fridge contains a block of cheese. You shudder, but continue examining the room. You can make out an oven. You see a table. On the table you can see a cookbook and a knife. You can make out a counter. The counter is vast. The counter appears to be empty. You scan the room for a stove, and you find a stove. You wonder idly who left that here. But the thing is empty, unfortunately.

There is an open frosted-glass door leading west. There is an exit to the east.

There is a raw purple potato, a raw yellow potato, a red apple and a red hot pepper on the floor.","You are carrying: a raw pork chop, a raw red potato, a yellow bell pepper and an orange bell pepper.",2 of 15,0.13333333333333333,False,
61,,,I need to get the purple potato and the carrot from the floor and then slice the yellow bell pepper as the first step of the recipe.,take raw purple potato from floor,,You pick up the purple potato from the ground.,Kitchen,"I just think it's great that you've just entered a kitchen.

You can see an opened fridge. The fridge contains a block of cheese. You shudder, but continue examining the room. You can make out an oven. You see a table. On the table you can see a cookbook and a knife. You can make out a counter. The counter is vast. The counter appears to be empty. You scan the room for a stove, and you find a stove. You wonder idly who left that here. But the thing is empty, unfortunately.

There is an open frosted-glass door leading west. There is an exit to the east.

There is a raw yellow potato, a red apple and a red hot pepper on the floor.","You are carrying: a raw purple potato, a raw pork chop, a raw red potato, a yellow bell pepper and an orange bell pepper.",2 of 15,0.13333333333333333,False,
62,,,I should check the cookbook on the table to find a recipe for a delicious meal.,examine cookbook,,"You open the copy of ""Cooking: A Modern Approach (3rd Ed.)"" and start reading:

Recipe #1
---------
Gather all following ingredients and follow the directions to prepare this tasty meal.

Ingredients:
yellow bell pepper
  purple potato
  red potato
  carrot
  pork chop

Directions:
slice the yellow bell pepper
  grill the yellow bell pepper
  dice the purple potato
  fry the purple potato
  slice the red potato
  fry the red potato
  slice the carrot
  roast the carrot
  dice the pork chop
  grill the pork chop
  prepare meal",Kitchen,"I just think it's great that you've just entered a kitchen.

You can see an opened fridge. The fridge contains a block of cheese. You shudder, but continue examining the room. You can make out an oven. You see a table. On the table you can see a cookbook and a knife. You can make out a counter. The counter is vast. The counter appears to be empty. You scan the room for a stove, and you find a stove. You wonder idly who left that here. But the thing is empty, unfortunately.

There is an open frosted-glass door leading west. There is an exit to the east.

There is a raw yellow potato, a red apple and a red hot pepper on the floor.","You are carrying: a raw purple potato, a raw pork chop, a raw red potato, a yellow bell pepper and an orange bell pepper.",2 of 15,0.13333333333333333,False,
63,,,I need to slice the yellow bell pepper first as per the recipe.,slice yellow bell pepper with knife,,You need to take the knife first.,Kitchen,"I just think it's great that you've just entered a kitchen.

You can see an opened fridge. The fridge contains a block of cheese. You shudder, but continue examining the room. You can make out an oven. You see a table. On the table you can see a cookbook and a knife. You can make out a counter. The counter is vast. The counter appears to be empty. You scan the room for a stove, and you find a stove. You wonder idly who left that here. But the thing is empty, unfortunately.

There is an open frosted-glass door leading west. There is an exit to the east.

There is a raw yellow potato, a red apple and a red hot pepper on the floor.","You are carrying: a raw purple potato, a raw pork chop, a raw red potato, a yellow bell pepper and an orange bell pepper.",2 of 15,0.13333333333333333,False,
64,,,I need to take the knife from the table first to proceed with cooking.,take knife from table,,You're carrying too many things already.,Kitchen,"I just think it's great that you've just entered a kitchen.

You can see an opened fridge. The fridge contains a block of cheese. You shudder, but continue examining the room. You can make out an oven. You see a table. On the table you can see a cookbook and a knife. You can make out a counter. The counter is vast. The counter appears to be empty. You scan the room for a stove, and you find a stove. You wonder idly who left that here. But the thing is empty, unfortunately.

There is an open frosted-glass door leading west. There is an exit to the east.

There is a raw yellow potato, a red apple and a red hot pepper on the floor.","You are carrying: a raw purple potato, a raw pork chop, a raw red potato, a yellow bell pepper and an orange bell pepper.",2 of 15,0.13333333333333333,False,
65,,,"I am carrying too many items, so I should drop one to free up space before taking the cookbook to check the recipe.",drop raw purple potato,,You drop the purple potato on the ground.,Kitchen,"I just think it's great that you've just entered a kitchen.

You can see an opened fridge. The fridge contains a block of cheese. You shudder, but continue examining the room. You can make out an oven. You see a table. On the table you can see a cookbook and a knife. You can make out a counter. The counter is vast. The counter appears to be empty. You scan the room for a stove, and you find a stove. You wonder idly who left that here. But the thing is empty, unfortunately.

There is an open frosted-glass door leading west. There is an exit to the east.

There is a raw purple potato, a raw yellow potato, a red apple and a red hot pepper on the floor.","You are carrying: a raw pork chop, a raw red potato, a yellow bell pepper and an orange bell pepper.",2 of 15,0.13333333333333333,False,
66,,,I should take the cookbook from the table to check the recipe for a delicious meal.,take cookbook from table,,You take the cookbook from the table.,Kitchen,"I just think it's great that you've just entered a kitchen.

You can see an opened fridge. The fridge contains a block of cheese. You shudder, but continue examining the room. You can make out an oven. You see a table. On the table you can see a knife. You can make out a counter. The counter is vast. The counter appears to be empty. You scan the room for a stove, and you find a stove. You wonder idly who left that here. But the thing is empty, unfortunately.

There is an open frosted-glass door leading west. There is an exit to the east.

There is a raw purple potato, a raw yellow potato, a red apple and a red hot pepper on the floor.","You are carrying: a cookbook, a raw pork chop, a raw red potato, a yellow bell pepper and an orange bell pepper.",2 of 15,0.13333333333333333,False,
67,,,I should check the cookbook for a recipe to cook a delicious meal.,examine cookbook,,"You open the copy of ""Cooking: A Modern Approach (3rd Ed.)"" and start reading:

Recipe #1
---------
Gather all following ingredients and follow the directions to prepare this tasty meal.

Ingredients:
yellow bell pepper
  purple potato
  red potato
  carrot
  pork chop

Directions:
slice the yellow bell pepper
  grill the yellow bell pepper
  dice the purple potato
  fry the purple potato
  slice the red potato
  fry the red potato
  slice the carrot
  roast the carrot
  dice the pork chop
  grill the pork chop
  prepare meal",Kitchen,"I just think it's great that you've just entered a kitchen.

You can see an opened fridge. The fridge contains a block of cheese. You shudder, but continue examining the room. You can make out an oven. You see a table. On the table you can see a knife. You can make out a counter. The counter is vast. The counter appears to be empty. You scan the room for a stove, and you find a stove. You wonder idly who left that here. But the thing is empty, unfortunately.

There is an open frosted-glass door leading west. There is an exit to the east.

There is a raw purple potato, a raw yellow potato, a red apple and a red hot pepper on the floor.","You are carrying: a cookbook, a raw pork chop, a raw red potato, a yellow bell pepper and an orange bell pepper.",2 of 15,0.13333333333333333,False,
68,,,"I need to gather the ingredients from the recipe: yellow bell pepper, purple potato, red potato, carrot, and pork chop. I already have a yellow bell pepper, a raw pork chop, and a raw red potato. I should take the purple potato and carrot from the floor or fridge if available, then proceed with the recipe steps.",take raw purple potato from floor,,You're carrying too many things already.,Kitchen,"I just think it's great that you've just entered a kitchen.

You can see an opened fridge. The fridge contains a block of cheese. You shudder, but continue examining the room. You can make out an oven. You see a table. On the table you can see a knife. You can make out a counter. The counter is vast. The counter appears to be empty. You scan the room for a stove, and you find a stove. You wonder idly who left that here. But the thing is empty, unfortunately.

There is an open frosted-glass door leading west. There is an exit to the east.

There is a raw purple potato, a raw yellow potato, a red apple and a red hot pepper on the floor.","You are carrying: a cookbook, a raw pork chop, a raw red potato, a yellow bell pepper and an orange bell pepper.",2 of 15,0.13333333333333333,False,
69,,,"I am carrying too many items, so I should drop some to free up space before taking the knife and checking the cookbook for the recipe.",drop orange bell pepper,,You drop the orange bell pepper on the ground.,Kitchen,"I just think it's great that you've just entered a kitchen.

You can see an opened fridge. The fridge contains a block of cheese. You shudder, but continue examining the room. You can make out an oven. You see a table. On the table you can see a knife. You can make out a counter. The counter is vast. The counter appears to be empty. You scan the room for a stove, and you find a stove. You wonder idly who left that here. But the thing is empty, unfortunately.

There is an open frosted-glass door leading west. There is an exit to the east.

There is an orange bell pepper, a raw purple potato, a raw yellow potato, a red apple and a red hot pepper on the floor.","You are carrying: a cookbook, a raw pork chop, a raw red potato and a yellow bell pepper.",2 of 15,0.13333333333333333,False,
70,,,I should check the cookbook for a recipe to cook a delicious meal.,examine cookbook,,"You open the copy of ""Cooking: A Modern Approach (3rd Ed.)"" and start reading:

Recipe #1
---------
Gather all following ingredients and follow the directions to prepare this tasty meal.

Ingredients:
yellow bell pepper
  purple potato
  red potato
  carrot
  pork chop

Directions:
slice the yellow bell pepper
  grill the yellow bell pepper
  dice the purple potato
  fry the purple potato
  slice the red potato
  fry the red potato
  slice the carrot
  roast the carrot
  dice the pork chop
  grill the pork chop
  prepare meal",Kitchen,"I just think it's great that you've just entered a kitchen.

You can see an opened fridge. The fridge contains a block of cheese. You shudder, but continue examining the room. You can make out an oven. You see a table. On the table you can see a knife. You can make out a counter. The counter is vast. The counter appears to be empty. You scan the room for a stove, and you find a stove. You wonder idly who left that here. But the thing is empty, unfortunately.

There is an open frosted-glass door leading west. There is an exit to the east.

There is an orange bell pepper, a raw purple potato, a raw yellow potato, a red apple and a red hot pepper on the floor.","You are carrying: a cookbook, a raw pork chop, a raw red potato and a yellow bell pepper.",2 of 15,0.13333333333333333,False,
71,,,"I need to gather all the ingredients from the recipe. I already have a yellow bell pepper, a raw pork chop, and a raw red potato. I need to take the purple potato, carrot, and red potato from the floor and fridge if available.",take raw purple potato from floor,,You pick up the purple potato from the ground.,Kitchen,"I just think it's great that you've just entered a kitchen.

You can see an opened fridge. The fridge contains a block of cheese. You shudder, but continue examining the room. You can make out an oven. You see a table. On the table you can see a knife. You can make out a counter. The counter is vast. The counter appears to be empty. You scan the room for a stove, and you find a stove. You wonder idly who left that here. But the thing is empty, unfortunately.

There is an open frosted-glass door leading west. There is an exit to the east.

There is an orange bell pepper, a raw yellow potato, a red apple and a red hot pepper on the floor.","You are carrying: a raw purple potato, a cookbook, a raw pork chop, a raw red potato and a yellow bell pepper.",2 of 15,0.13333333333333333,False,
72,,,I should check the cookbook for a recipe to cook a delicious meal.,examine cookbook,,"You open the copy of ""Cooking: A Modern Approach (3rd Ed.)"" and start reading:

Recipe #1
---------
Gather all following ingredients and follow the directions to prepare this tasty meal.

Ingredients:
yellow bell pepper
  purple potato
  red potato
  carrot
  pork chop

Directions:
slice the yellow bell pepper
  grill the yellow bell pepper
  dice the purple potato
  fry the purple potato
  slice the red potato
  fry the red potato
  slice the carrot
  roast the carrot
  dice the pork chop
  grill the pork chop
  prepare meal",Kitchen,"I just think it's great that you've just entered a kitchen.

You can see an opened fridge. The fridge contains a block of cheese. You shudder, but continue examining the room. You can make out an oven. You see a table. On the table you can see a knife. You can make out a counter. The counter is vast. The counter appears to be empty. You scan the room for a stove, and you find a stove. You wonder idly who left that here. But the thing is empty, unfortunately.

There is an open frosted-glass door leading west. There is an exit to the east.

There is an orange bell pepper, a raw yellow potato, a red apple and a red hot pepper on the floor.","You are carrying: a raw purple potato, a cookbook, a raw pork chop, a raw red potato and a yellow bell pepper.",2 of 15,0.13333333333333333,False,
73,,,I need to slice the yellow bell pepper first as per the recipe.,slice yellow bell pepper with knife,,You need to take the knife first.,Kitchen,"I just think it's great that you've just entered a kitchen.

You can see an opened fridge. The fridge contains a block of cheese. You shudder, but continue examining the room. You can make out an oven. You see a table. On the table you can see a knife. You can make out a counter. The counter is vast. The counter appears to be empty. You scan the room for a stove, and you find a stove. You wonder idly who left that here. But the thing is empty, unfortunately.

There is an open frosted-glass door leading west. There is an exit to the east.

There is an orange bell pepper, a raw yellow potato, a red apple and a red hot pepper on the floor.","You are carrying: a raw purple potato, a cookbook, a raw pork chop, a raw red potato and a yellow bell pepper.",2 of 15,0.13333333333333333,False,
74,,,I need to take the knife from the table first to be able to cook.,take knife from table,,You're carrying too many things already.,Kitchen,"I just think it's great that you've just entered a kitchen.

You can see an opened fridge. The fridge contains a block of cheese. You shudder, but continue examining the room. You can make out an oven. You see a table. On the table you can see a knife. You can make out a counter. The counter is vast. The counter appears to be empty. You scan the room for a stove, and you find a stove. You wonder idly who left that here. But the thing is empty, unfortunately.

There is an open frosted-glass door leading west. There is an exit to the east.

There is an orange bell pepper, a raw yellow potato, a red apple and a red hot pepper on the floor.","You are carrying: a raw purple potato, a cookbook, a raw pork chop, a raw red potato and a yellow bell pepper.",2 of 15,0.13333333333333333,False,
75,,,"I am carrying too many items, so I should drop one to free up space before taking the knife from the table to prepare the meal.",drop raw purple potato,,You drop the purple potato on the ground.,Kitchen,"I just think it's great that you've just entered a kitchen.

You can see an opened fridge. The fridge contains a block of cheese. You shudder, but continue examining the room. You can make out an oven. You see a table. On the table you can see a knife. You can make out a counter. The counter is vast. The counter appears to be empty. You scan the room for a stove, and you find a stove. You wonder idly who left that here. But the thing is empty, unfortunately.

There is an open frosted-glass door leading west. There is an exit to the east.

There is a raw purple potato, an orange bell pepper, a raw yellow potato, a red apple and a red hot pepper on the floor.","You are carrying: a cookbook, a raw pork chop, a raw red potato and a yellow bell pepper.",2 of 15,0.13333333333333333,False,
76,,,I should check the cookbook to find a recipe for a delicious meal.,examine cookbook,,"You open the copy of ""Cooking: A Modern Approach (3rd Ed.)"" and start reading:

Recipe #1
---------
Gather all following ingredients and follow the directions to prepare this tasty meal.

Ingredients:
yellow bell pepper
  purple potato
  red potato
  carrot
  pork chop

Directions:
slice the yellow bell pepper
  grill the yellow bell pepper
  dice the purple potato
  fry the purple potato
  slice the red potato
  fry the red potato
  slice the carrot
  roast the carrot
  dice the pork chop
  grill the pork chop
  prepare meal",Kitchen,"I just think it's great that you've just entered a kitchen.

You can see an opened fridge. The fridge contains a block of cheese. You shudder, but continue examining the room. You can make out an oven. You see a table. On the table you can see a knife. You can make out a counter. The counter is vast. The counter appears to be empty. You scan the room for a stove, and you find a stove. You wonder idly who left that here. But the thing is empty, unfortunately.

There is an open frosted-glass door leading west. There is an exit to the east.

There is a raw purple potato, an orange bell pepper, a raw yellow potato, a red apple and a red hot pepper on the floor.","You are carrying: a cookbook, a raw pork chop, a raw red potato and a yellow bell pepper.",2 of 15,0.13333333333333333,False,
77,,,"I need to gather the ingredients from the recipe. I already have the yellow bell pepper, raw pork chop, and raw red potato. I need to take the purple potato, carrot, and red potato from the floor or fridge if available.",take raw purple potato from floor,,You pick up the purple potato from the ground.,Kitchen,"I just think it's great that you've just entered a kitchen.

You can see an opened fridge. The fridge contains a block of cheese. You shudder, but continue examining the room. You can make out an oven. You see a table. On the table you can see a knife. You can make out a counter. The counter is vast. The counter appears to be empty. You scan the room for a stove, and you find a stove. You wonder idly who left that here. But the thing is empty, unfortunately.

There is an open frosted-glass door leading west. There is an exit to the east.

There is an orange bell pepper, a raw yellow potato, a red apple and a red hot pepper on the floor.","You are carrying: a raw purple potato, a cookbook, a raw pork chop, a raw red potato and a yellow bell pepper.",2 of 15,0.13333333333333333,False,
78,,,I should take the knife from the table to prepare the meal.,take knife from table,,You're carrying too many things already.,Kitchen,"I just think it's great that you've just entered a kitchen.

You can see an opened fridge. The fridge contains a block of cheese. You shudder, but continue examining the room. You can make out an oven. You see a table. On the table you can see a knife. You can make out a counter. The counter is vast. The counter appears to be empty. You scan the room for a stove, and you find a stove. You wonder idly who left that here. But the thing is empty, unfortunately.

There is an open frosted-glass door leading west. There is an exit to the east.

There is an orange bell pepper, a raw yellow potato, a red apple and a red hot pepper on the floor.","You are carrying: a raw purple potato, a cookbook, a raw pork chop, a raw red potato and a yellow bell pepper.",2 of 15,0.13333333333333333,False,
79,,,"I am carrying too many items, so I should drop one to be able to take the cookbook and check the recipe for cooking a delicious meal.",drop raw purple potato,,You drop the purple potato on the ground.,Kitchen,"I just think it's great that you've just entered a kitchen.

You can see an opened fridge. The fridge contains a block of cheese. You shudder, but continue examining the room. You can make out an oven. You see a table. On the table you can see a knife. You can make out a counter. The counter is vast. The counter appears to be empty. You scan the room for a stove, and you find a stove. You wonder idly who left that here. But the thing is empty, unfortunately.

There is an open frosted-glass door leading west. There is an exit to the east.

There is a raw purple potato, an orange bell pepper, a raw yellow potato, a red apple and a red hot pepper on the floor.","You are carrying: a cookbook, a raw pork chop, a raw red potato and a yellow bell pepper.",2 of 15,0.13333333333333333,False,
80,,,I should check the cookbook for a recipe to cook a delicious meal.,examine cookbook,,"You open the copy of ""Cooking: A Modern Approach (3rd Ed.)"" and start reading:

Recipe #1
---------
Gather all following ingredients and follow the directions to prepare this tasty meal.

Ingredients:
yellow bell pepper
  purple potato
  red potato
  carrot
  pork chop

Directions:
slice the yellow bell pepper
  grill the yellow bell pepper
  dice the purple potato
  fry the purple potato
  slice the red potato
  fry the red potato
  slice the carrot
  roast the carrot
  dice the pork chop
  grill the pork chop
  prepare meal",Kitchen,"I just think it's great that you've just entered a kitchen.

You can see an opened fridge. The fridge contains a block of cheese. You shudder, but continue examining the room. You can make out an oven. You see a table. On the table you can see a knife. You can make out a counter. The counter is vast. The counter appears to be empty. You scan the room for a stove, and you find a stove. You wonder idly who left that here. But the thing is empty, unfortunately.

There is an open frosted-glass door leading west. There is an exit to the east.

There is a raw purple potato, an orange bell pepper, a raw yellow potato, a red apple and a red hot pepper on the floor.","You are carrying: a cookbook, a raw pork chop, a raw red potato and a yellow bell pepper.",2 of 15,0.13333333333333333,False,
81,,,"I need to gather the ingredients from the recipe. I already have the yellow bell pepper, raw pork chop, and raw red potato. I need to take the purple potato, carrot, and red potato from the floor to complete the ingredients list.",take raw purple potato from floor,,You pick up the purple potato from the ground.,Kitchen,"I just think it's great that you've just entered a kitchen.

You can see an opened fridge. The fridge contains a block of cheese. You shudder, but continue examining the room. You can make out an oven. You see a table. On the table you can see a knife. You can make out a counter. The counter is vast. The counter appears to be empty. You scan the room for a stove, and you find a stove. You wonder idly who left that here. But the thing is empty, unfortunately.

There is an open frosted-glass door leading west. There is an exit to the east.

There is an orange bell pepper, a raw yellow potato, a red apple and a red hot pepper on the floor.","You are carrying: a raw purple potato, a cookbook, a raw pork chop, a raw red potato and a yellow bell pepper.",2 of 15,0.13333333333333333,False,
82,,,I should check the cookbook for a recipe to cook a delicious meal.,examine cookbook,,"You open the copy of ""Cooking: A Modern Approach (3rd Ed.)"" and start reading:

Recipe #1
---------
Gather all following ingredients and follow the directions to prepare this tasty meal.

Ingredients:
yellow bell pepper
  purple potato
  red potato
  carrot
  pork chop

Directions:
slice the yellow bell pepper
  grill the yellow bell pepper
  dice the purple potato
  fry the purple potato
  slice the red potato
  fry the red potato
  slice the carrot
  roast the carrot
  dice the pork chop
  grill the pork chop
  prepare meal",Kitchen,"I just think it's great that you've just entered a kitchen.

You can see an opened fridge. The fridge contains a block of cheese. You shudder, but continue examining the room. You can make out an oven. You see a table. On the table you can see a knife. You can make out a counter. The counter is vast. The counter appears to be empty. You scan the room for a stove, and you find a stove. You wonder idly who left that here. But the thing is empty, unfortunately.

There is an open frosted-glass door leading west. There is an exit to the east.

There is an orange bell pepper, a raw yellow potato, a red apple and a red hot pepper on the floor.","You are carrying: a raw purple potato, a cookbook, a raw pork chop, a raw red potato and a yellow bell pepper.",2 of 15,0.13333333333333333,False,
83,,,I need to slice the yellow bell pepper first as per the recipe.,slice yellow bell pepper with knife,,You need to take the knife first.,Kitchen,"I just think it's great that you've just entered a kitchen.

You can see an opened fridge. The fridge contains a block of cheese. You shudder, but continue examining the room. You can make out an oven. You see a table. On the table you can see a knife. You can make out a counter. The counter is vast. The counter appears to be empty. You scan the room for a stove, and you find a stove. You wonder idly who left that here. But the thing is empty, unfortunately.

There is an open frosted-glass door leading west. There is an exit to the east.

There is an orange bell pepper, a raw yellow potato, a red apple and a red hot pepper on the floor.","You are carrying: a raw purple potato, a cookbook, a raw pork chop, a raw red potato and a yellow bell pepper.",2 of 15,0.13333333333333333,False,
84,,,I need to take the knife from the table first to be able to cook the meal.,take knife from table,,You're carrying too many things already.,Kitchen,"I just think it's great that you've just entered a kitchen.

You can see an opened fridge. The fridge contains a block of cheese. You shudder, but continue examining the room. You can make out an oven. You see a table. On the table you can see a knife. You can make out a counter. The counter is vast. The counter appears to be empty. You scan the room for a stove, and you find a stove. You wonder idly who left that here. But the thing is empty, unfortunately.

There is an open frosted-glass door leading west. There is an exit to the east.

There is an orange bell pepper, a raw yellow potato, a red apple and a red hot pepper on the floor.","You are carrying: a raw purple potato, a cookbook, a raw pork chop, a raw red potato and a yellow bell pepper.",2 of 15,0.13333333333333333,False,
85,,,"I am carrying too many items, so I should drop one to be able to take the knife from the table and check the cookbook for the recipe.",drop raw purple potato,,You drop the purple potato on the ground.,Kitchen,"I just think it's great that you've just entered a kitchen.

You can see an opened fridge. The fridge contains a block of cheese. You shudder, but continue examining the room. You can make out an oven. You see a table. On the table you can see a knife. You can make out a counter. The counter is vast. The counter appears to be empty. You scan the room for a stove, and you find a stove. You wonder idly who left that here. But the thing is empty, unfortunately.

There is an open frosted-glass door leading west. There is an exit to the east.

There is a raw purple potato, an orange bell pepper, a raw yellow potato, a red apple and a red hot pepper on the floor.","You are carrying: a cookbook, a raw pork chop, a raw red potato and a yellow bell pepper.",2 of 15,0.13333333333333333,False,
86,,,I should check the cookbook to find a recipe for a delicious meal.,examine cookbook,,"You open the copy of ""Cooking: A Modern Approach (3rd Ed.)"" and start reading:

Recipe #1
---------
Gather all following ingredients and follow the directions to prepare this tasty meal.

Ingredients:
yellow bell pepper
  purple potato
  red potato
  carrot
  pork chop

Directions:
slice the yellow bell pepper
  grill the yellow bell pepper
  dice the purple potato
  fry the purple potato
  slice the red potato
  fry the red potato
  slice the carrot
  roast the carrot
  dice the pork chop
  grill the pork chop
  prepare meal",Kitchen,"I just think it's great that you've just entered a kitchen.

You can see an opened fridge. The fridge contains a block of cheese. You shudder, but continue examining the room. You can make out an oven. You see a table. On the table you can see a knife. You can make out a counter. The counter is vast. The counter appears to be empty. You scan the room for a stove, and you find a stove. You wonder idly who left that here. But the thing is empty, unfortunately.

There is an open frosted-glass door leading west. There is an exit to the east.

There is a raw purple potato, an orange bell pepper, a raw yellow potato, a red apple and a red hot pepper on the floor.","You are carrying: a cookbook, a raw pork chop, a raw red potato and a yellow bell pepper.",2 of 15,0.13333333333333333,False,
87,,,I need to slice the yellow bell pepper first as per the recipe.,slice yellow bell pepper with knife,,You need to take the knife first.,Kitchen,"I just think it's great that you've just entered a kitchen.

You can see an opened fridge. The fridge contains a block of cheese. You shudder, but continue examining the room. You can make out an oven. You see a table. On the table you can see a knife. You can make out a counter. The counter is vast. The counter appears to be empty. You scan the room for a stove, and you find a stove. You wonder idly who left that here. But the thing is empty, unfortunately.

There is an open frosted-glass door leading west. There is an exit to the east.

There is a raw purple potato, an orange bell pepper, a raw yellow potato, a red apple and a red hot pepper on the floor.","You are carrying: a cookbook, a raw pork chop, a raw red potato and a yellow bell pepper.",2 of 15,0.13333333333333333,False,
88,,,I need to take the knife from the table first to be able to cook the meal.,take knife from table,,You take the knife from the table.,Kitchen,"I just think it's great that you've just entered a kitchen.

You can see an opened fridge. The fridge contains a block of cheese. You shudder, but continue examining the room. You can make out an oven. You see a table. However, the table, like an empty table, has nothing on it. You can make out a counter. The counter is vast. The counter appears to be empty. You scan the room for a stove, and you find a stove. You wonder idly who left that here. But the thing is empty, unfortunately.

There is an open frosted-glass door leading west. There is an exit to the east.

There is a raw purple potato, an orange bell pepper, a raw yellow potato, a red apple and a red hot pepper on the floor.","You are carrying: a knife, a cookbook, a raw pork chop, a raw red potato and a yellow bell pepper.",2 of 15,0.13333333333333333,False,
89,,,I should check the cookbook to find a recipe for a delicious meal.,examine cookbook,,"You open the copy of ""Cooking: A Modern Approach (3rd Ed.)"" and start reading:

Recipe #1
---------
Gather all following ingredients and follow the directions to prepare this tasty meal.

Ingredients:
yellow bell pepper
  purple potato
  red potato
  carrot
  pork chop

Directions:
slice the yellow bell pepper
  grill the yellow bell pepper
  dice the purple potato
  fry the purple potato
  slice the red potato
  fry the red potato
  slice the carrot
  roast the carrot
  dice the pork chop
  grill the pork chop
  prepare meal",Kitchen,"I just think it's great that you've just entered a kitchen.

You can see an opened fridge. The fridge contains a block of cheese. You shudder, but continue examining the room. You can make out an oven. You see a table. However, the table, like an empty table, has nothing on it. You can make out a counter. The counter is vast. The counter appears to be empty. You scan the room for a stove, and you find a stove. You wonder idly who left that here. But the thing is empty, unfortunately.

There is an open frosted-glass door leading west. There is an exit to the east.

There is a raw purple potato, an orange bell pepper, a raw yellow potato, a red apple and a red hot pepper on the floor.","You are carrying: a knife, a cookbook, a raw pork chop, a raw red potato and a yellow bell pepper.",2 of 15,0.13333333333333333,False,
90,,,"I need to gather the ingredients from the recipe. I already have a yellow bell pepper, a raw pork chop, and a raw red potato. I need to find a purple potato, a carrot, and a red potato. I see a raw purple potato on the floor, so I will take it first.",take raw purple potato from floor,,You're carrying too many things already.,Kitchen,"I just think it's great that you've just entered a kitchen.

You can see an opened fridge. The fridge contains a block of cheese. You shudder, but continue examining the room. You can make out an oven. You see a table. However, the table, like an empty table, has nothing on it. You can make out a counter. The counter is vast. The counter appears to be empty. You scan the room for a stove, and you find a stove. You wonder idly who left that here. But the thing is empty, unfortunately.

There is an open frosted-glass door leading west. There is an exit to the east.

There is a raw purple potato, an orange bell pepper, a raw yellow potato, a red apple and a red hot pepper on the floor.","You are carrying: a knife, a cookbook, a raw pork chop, a raw red potato and a yellow bell pepper.",2 of 15,0.13333333333333333,False,
91,,,"I am carrying too many items, so I should drop the raw red potato and the yellow bell pepper to free up space before checking the cookbook for the recipe.",drop raw red potato; drop yellow bell pepper,,You can't see any such thing.,Kitchen,"I just think it's great that you've just entered a kitchen.

You can see an opened fridge. The fridge contains a block of cheese. You shudder, but continue examining the room. You can make out an oven. You see a table. However, the table, like an empty table, has nothing on it. You can make out a counter. The counter is vast. The counter appears to be empty. You scan the room for a stove, and you find a stove. You wonder idly who left that here. But the thing is empty, unfortunately.

There is an open frosted-glass door leading west. There is an exit to the east.

There is a raw purple potato, an orange bell pepper, a raw yellow potato, a red apple and a red hot pepper on the floor.","You are carrying: a knife, a cookbook, a raw pork chop, a raw red potato and a yellow bell pepper.",2 of 15,0.13333333333333333,False,
92,,,I should check the cookbook for a recipe to cook a delicious meal.,examine cookbook,,"You open the copy of ""Cooking: A Modern Approach (3rd Ed.)"" and start reading:

Recipe #1
---------
Gather all following ingredients and follow the directions to prepare this tasty meal.

Ingredients:
yellow bell pepper
  purple potato
  red potato
  carrot
  pork chop

Directions:
slice the yellow bell pepper
  grill the yellow bell pepper
  dice the purple potato
  fry the purple potato
  slice the red potato
  fry the red potato
  slice the carrot
  roast the carrot
  dice the pork chop
  grill the pork chop
  prepare meal",Kitchen,"I just think it's great that you've just entered a kitchen.

You can see an opened fridge. The fridge contains a block of cheese. You shudder, but continue examining the room. You can make out an oven. You see a table. However, the table, like an empty table, has nothing on it. You can make out a counter. The counter is vast. The counter appears to be empty. You scan the room for a stove, and you find a stove. You wonder idly who left that here. But the thing is empty, unfortunately.

There is an open frosted-glass door leading west. There is an exit to the east.

There is a raw purple potato, an orange bell pepper, a raw yellow potato, a red apple and a red hot pepper on the floor.","You are carrying: a knife, a cookbook, a raw pork chop, a raw red potato and a yellow bell pepper.",2 of 15,0.13333333333333333,False,
93,,,"I need to gather the ingredients from the recipe: yellow bell pepper, purple potato, red potato, carrot, and pork chop. I already have the yellow bell pepper, raw pork chop, and red potato. I should take the purple potato and carrot from the floor to complete the ingredients.",take raw purple potato from floor,,You're carrying too many things already.,Kitchen,"I just think it's great that you've just entered a kitchen.

You can see an opened fridge. The fridge contains a block of cheese. You shudder, but continue examining the room. You can make out an oven. You see a table. However, the table, like an empty table, has nothing on it. You can make out a counter. The counter is vast. The counter appears to be empty. You scan the room for a stove, and you find a stove. You wonder idly who left that here. But the thing is empty, unfortunately.

There is an open frosted-glass door leading west. There is an exit to the east.

There is a raw purple potato, an orange bell pepper, a raw yellow potato, a red apple and a red hot pepper on the floor.","You are carrying: a knife, a cookbook, a raw pork chop, a raw red potato and a yellow bell pepper.",2 of 15,0.13333333333333333,False,
94,,,"I am carrying too many things, so I should drop the raw red potato and the yellow bell pepper to free up space before checking the cookbook for the recipe.",drop raw red potato; drop yellow bell pepper,,You can't see any such thing.,Kitchen,"I just think it's great that you've just entered a kitchen.

You can see an opened fridge. The fridge contains a block of cheese. You shudder, but continue examining the room. You can make out an oven. You see a table. However, the table, like an empty table, has nothing on it. You can make out a counter. The counter is vast. The counter appears to be empty. You scan the room for a stove, and you find a stove. You wonder idly who left that here. But the thing is empty, unfortunately.

There is an open frosted-glass door leading west. There is an exit to the east.

There is a raw purple potato, an orange bell pepper, a raw yellow potato, a red apple and a red hot pepper on the floor.","You are carrying: a knife, a cookbook, a raw pork chop, a raw red potato and a yellow bell pepper.",2 of 15,0.13333333333333333,False,
95,,,I should check the cookbook to find a recipe for a delicious meal.,examine cookbook,,"You open the copy of ""Cooking: A Modern Approach (3rd Ed.)"" and start reading:

Recipe #1
---------
Gather all following ingredients and follow the directions to prepare this tasty meal.

Ingredients:
yellow bell pepper
  purple potato
  red potato
  carrot
  pork chop

Directions:
slice the yellow bell pepper
  grill the yellow bell pepper
  dice the purple potato
  fry the purple potato
  slice the red potato
  fry the red potato
  slice the carrot
  roast the carrot
  dice the pork chop
  grill the pork chop
  prepare meal",Kitchen,"I just think it's great that you've just entered a kitchen.

You can see an opened fridge. The fridge contains a block of cheese. You shudder, but continue examining the room. You can make out an oven. You see a table. However, the table, like an empty table, has nothing on it. You can make out a counter. The counter is vast. The counter appears to be empty. You scan the room for a stove, and you find a stove. You wonder idly who left that here. But the thing is empty, unfortunately.

There is an open frosted-glass door leading west. There is an exit to the east.

There is a raw purple potato, an orange bell pepper, a raw yellow potato, a red apple and a red hot pepper on the floor.","You are carrying: a knife, a cookbook, a raw pork chop, a raw red potato and a yellow bell pepper.",2 of 15,0.13333333333333333,False,
96,,,"I need to gather the ingredients from the recipe. I already have a yellow bell pepper, a raw pork chop, and a raw red potato. I need to take the purple potato, carrot, and red potato from the floor to complete the ingredients list.",take raw purple potato from floor,,You're carrying too many things already.,Kitchen,"I just think it's great that you've just entered a kitchen.

You can see an opened fridge. The fridge contains a block of cheese. You shudder, but continue examining the room. You can make out an oven. You see a table. However, the table, like an empty table, has nothing on it. You can make out a counter. The counter is vast. The counter appears to be empty. You scan the room for a stove, and you find a stove. You wonder idly who left that here. But the thing is empty, unfortunately.

There is an open frosted-glass door leading west. There is an exit to the east.

There is a raw purple potato, an orange bell pepper, a raw yellow potato, a red apple and a red hot pepper on the floor.","You are carrying: a knife, a cookbook, a raw pork chop, a raw red potato and a yellow bell pepper.",2 of 15,0.13333333333333333,False,
97,,,"I am carrying too many items, so I should drop the raw red potato and the yellow bell pepper to free up space before checking the cookbook for the recipe.",drop raw red potato; drop yellow bell pepper,,You can't see any such thing.,Kitchen,"I just think it's great that you've just entered a kitchen.

You can see an opened fridge. The fridge contains a block of cheese. You shudder, but continue examining the room. You can make out an oven. You see a table. However, the table, like an empty table, has nothing on it. You can make out a counter. The counter is vast. The counter appears to be empty. You scan the room for a stove, and you find a stove. You wonder idly who left that here. But the thing is empty, unfortunately.

There is an open frosted-glass door leading west. There is an exit to the east.

There is a raw purple potato, an orange bell pepper, a raw yellow potato, a red apple and a red hot pepper on the floor.","You are carrying: a knife, a cookbook, a raw pork chop, a raw red potato and a yellow bell pepper.",2 of 15,0.13333333333333333,False,
98,,,I should check the cookbook to find a recipe for a delicious meal.,examine cookbook,,"You open the copy of ""Cooking: A Modern Approach (3rd Ed.)"" and start reading:

Recipe #1
---------
Gather all following ingredients and follow the directions to prepare this tasty meal.

Ingredients:
yellow bell pepper
  purple potato
  red potato
  carrot
  pork chop

Directions:
slice the yellow bell pepper
  grill the yellow bell pepper
  dice the purple potato
  fry the purple potato
  slice the red potato
  fry the red potato
  slice the carrot
  roast the carrot
  dice the pork chop
  grill the pork chop
  prepare meal",Kitchen,"I just think it's great that you've just entered a kitchen.

You can see an opened fridge. The fridge contains a block of cheese. You shudder, but continue examining the room. You can make out an oven. You see a table. However, the table, like an empty table, has nothing on it. You can make out a counter. The counter is vast. The counter appears to be empty. You scan the room for a stove, and you find a stove. You wonder idly who left that here. But the thing is empty, unfortunately.

There is an open frosted-glass door leading west. There is an exit to the east.

There is a raw purple potato, an orange bell pepper, a raw yellow potato, a red apple and a red hot pepper on the floor.","You are carrying: a knife, a cookbook, a raw pork chop, a raw red potato and a yellow bell pepper.",2 of 15,0.13333333333333333,False,
99,,,"I need to gather the ingredients from the recipe that I don't have yet. I already have a yellow bell pepper, a raw pork chop, and a raw red potato. I need to take the purple potato, carrot, and red potato from the floor to complete the ingredients list.",take raw purple potato from floor,,You're carrying too many things already.,Kitchen,"I just think it's great that you've just entered a kitchen.

You can see an opened fridge. The fridge contains a block of cheese. You shudder, but continue examining the room. You can make out an oven. You see a table. However, the table, like an empty table, has nothing on it. You can make out a counter. The counter is vast. The counter appears to be empty. You scan the room for a stove, and you find a stove. You wonder idly who left that here. But the thing is empty, unfortunately.

There is an open frosted-glass door leading west. There is an exit to the east.

There is a raw purple potato, an orange bell pepper, a raw yellow potato, a red apple and a red hot pepper on the floor.","You are carrying: a knife, a cookbook, a raw pork chop, a raw red potato and a yellow bell pepper.",2 of 15,0.13333333333333333,False,
100,,,"I am carrying too many items, so I should drop one to free up space before checking the cookbook for the recipe.",drop raw red potato,,You drop the red potato on the ground.,Kitchen,"I just think it's great that you've just entered a kitchen.

You can see an opened fridge. The fridge contains a block of cheese. You shudder, but continue examining the room. You can make out an oven. You see a table. However, the table, like an empty table, has nothing on it. You can make out a counter. The counter is vast. The counter appears to be empty. You scan the room for a stove, and you find a stove. You wonder idly who left that here. But the thing is empty, unfortunately.

There is an open frosted-glass door leading west. There is an exit to the east.

There is a raw red potato, a raw purple potato, an orange bell pepper, a raw yellow potato, a red apple and a red hot pepper on the floor.","You are carrying: a knife, a cookbook, a raw pork chop and a yellow bell pepper.",2 of 15,0.13333333333333333,True,
