step_id,plan,summary,thought,action,task,feedback,location,description,inventory,score,reward,is_done,error
0,,,,,"You are hungry! Let's cook a delicious meal. Check the cookbook in the kitchen for the recipe. Once done, enjoy your meal!",,Pantry,"You make another one of your grand eccentric entrances into a pantry.

You can see a shelf. Now why would someone leave that there? The shelf is wooden. But there isn't a thing on it.

There is a closed frosted-glass door leading west.","You are carrying: a red hot pepper, a white onion, a block of cheese, a raw pork chop, a red onion and an orange bell pepper.",0 of 14,0.0,False,
1,,,I should go west through the frosted-glass door to find the kitchen where the cookbook might be.,go west,,You have to open the frosted-glass door first.,Pantry,"You make another one of your grand eccentric entrances into a pantry.

You can see a shelf. Now why would someone leave that there? The shelf is wooden. But there isn't a thing on it.

There is a closed frosted-glass door leading west.","You are carrying: a red hot pepper, a white onion, a block of cheese, a raw pork chop, a red onion and an orange bell pepper.",0 of 14,0.0,False,
2,,,I need to open the frosted-glass door to proceed and check the cookbook in the kitchen for the recipe.,open frosted-glass door,,You open frosted-glass door.,Pantry,"You make another one of your grand eccentric entrances into a pantry.

You can see a shelf. Now why would someone leave that there? The shelf is wooden. But there isn't a thing on it.

There is an open frosted-glass door leading west.","You are carrying: a red hot pepper, a white onion, a block of cheese, a raw pork chop, a red onion and an orange bell pepper.",0 of 14,0.0,False,
3,,,I should go west to the kitchen to check the cookbook for the recipe.,go west,,"You've just walked into a kitchen. You start to take note of what's in the room.

You make out a fridge. Now that's what I call TextWorld! You see an oven. You can see a table. You shudder, but continue examining the table. The table is massive. On the table you see a knife. You make out a counter. You see a raw purple potato, a red apple and a cookbook on the counter. You see a stove. But the thing is empty.

There is an open frosted-glass door leading east. You don't like doors? Why not try going north, that entranceway is not blocked by one.",Kitchen,"You've just walked into a kitchen. You start to take note of what's in the room.

You make out a fridge. Now that's what I call TextWorld! You see an oven. You can see a table. You shudder, but continue examining the table. The table is massive. On the table you see a knife. You make out a counter. You see a raw purple potato, a red apple and a cookbook on the counter. You see a stove. But the thing is empty.

There is an open frosted-glass door leading east. You don't like doors? Why not try going north, that entranceway is not blocked by one.","You are carrying: a red hot pepper, a white onion, a block of cheese, a raw pork chop, a red onion and an orange bell pepper.",0 of 14,0.0,False,
4,,,I should examine the cookbook on the counter to find a recipe for a delicious meal.,examine cookbook,,"You open the copy of ""Cooking: A Modern Approach (3rd Ed.)"" and start reading:

Recipe #1
---------
Gather all following ingredients and follow the directions to prepare this tasty meal.

Ingredients:
yellow potato
  red hot pepper
  white onion
  block of cheese
  purple potato

Directions:
slice the yellow potato
  fry the yellow potato
  chop the red hot pepper
  grill the red hot pepper
  slice the white onion
  roast the white onion
  slice the block of cheese
  grill the block of cheese
  chop the purple potato
  fry the purple potato
  prepare meal",Kitchen,"You've just walked into a kitchen. You start to take note of what's in the room.

You make out a fridge. Now that's what I call TextWorld! You see an oven. You can see a table. You shudder, but continue examining the table. The table is massive. On the table you see a knife. You make out a counter. You see a raw purple potato, a red apple and a cookbook on the counter. You see a stove. But the thing is empty.

There is an open frosted-glass door leading east. You don't like doors? Why not try going north, that entranceway is not blocked by one.","You are carrying: a red hot pepper, a white onion, a block of cheese, a raw pork chop, a red onion and an orange bell pepper.",0 of 14,0.0,False,
5,,,"I need to gather the ingredients from the recipe that I don't have yet: yellow potato and purple potato. I see a raw purple potato on the counter, so I should take it. I also need to find a yellow potato, which might be in the fridge. I will check the fridge first to find the yellow potato.",open fridge,,You open the fridge.,Kitchen,"You've just walked into a kitchen. You start to take note of what's in the room.

You make out a fridge. Now that's what I call TextWorld! The fridge is empty! This is the worst thing that could possibly happen, ever! You see an oven. You can see a table. You shudder, but continue examining the table. The table is massive. On the table you see a knife. You make out a counter. You see a raw purple potato, a red apple and a cookbook on the counter. You see a stove. But the thing is empty.

There is an open frosted-glass door leading east. You don't like doors? Why not try going north, that entranceway is not blocked by one.","You are carrying: a red hot pepper, a white onion, a block of cheese, a raw pork chop, a red onion and an orange bell pepper.",0 of 14,0.0,False,
6,,,I should examine the cookbook on the counter to find a recipe for a delicious meal.,examine cookbook,,"You open the copy of ""Cooking: A Modern Approach (3rd Ed.)"" and start reading:

Recipe #1
---------
Gather all following ingredients and follow the directions to prepare this tasty meal.

Ingredients:
yellow potato
  red hot pepper
  white onion
  block of cheese
  purple potato

Directions:
slice the yellow potato
  fry the yellow potato
  chop the red hot pepper
  grill the red hot pepper
  slice the white onion
  roast the white onion
  slice the block of cheese
  grill the block of cheese
  chop the purple potato
  fry the purple potato
  prepare meal",Kitchen,"You've just walked into a kitchen. You start to take note of what's in the room.

You make out a fridge. Now that's what I call TextWorld! The fridge is empty! This is the worst thing that could possibly happen, ever! You see an oven. You can see a table. You shudder, but continue examining the table. The table is massive. On the table you see a knife. You make out a counter. You see a raw purple potato, a red apple and a cookbook on the counter. You see a stove. But the thing is empty.

There is an open frosted-glass door leading east. You don't like doors? Why not try going north, that entranceway is not blocked by one.","You are carrying: a red hot pepper, a white onion, a block of cheese, a raw pork chop, a red onion and an orange bell pepper.",0 of 14,0.0,False,
7,,,"I need to gather the ingredients from the recipe that I don't have yet, starting with the yellow potato and purple potato. I see a raw purple potato on the counter, so I should take it. Then I need to find a yellow potato, which might be in the fridge or elsewhere in the kitchen.",take raw purple potato from counter,,You're carrying too many things already.,Kitchen,"You've just walked into a kitchen. You start to take note of what's in the room.

You make out a fridge. Now that's what I call TextWorld! The fridge is empty! This is the worst thing that could possibly happen, ever! You see an oven. You can see a table. You shudder, but continue examining the table. The table is massive. On the table you see a knife. You make out a counter. You see a raw purple potato, a red apple and a cookbook on the counter. You see a stove. But the thing is empty.

There is an open frosted-glass door leading east. You don't like doors? Why not try going north, that entranceway is not blocked by one.","You are carrying: a red hot pepper, a white onion, a block of cheese, a raw pork chop, a red onion and an orange bell pepper.",0 of 14,0.0,False,
8,,,"I am carrying too many items, so I should drop some to free up space before taking the cookbook to check the recipe.",drop red hot pepper,,You drop the red hot pepper on the ground.,Kitchen,"You've just walked into a kitchen. You start to take note of what's in the room.

You make out a fridge. Now that's what I call TextWorld! The fridge is empty! This is the worst thing that could possibly happen, ever! You see an oven. You can see a table. You shudder, but continue examining the table. The table is massive. On the table you see a knife. You make out a counter. You see a raw purple potato, a red apple and a cookbook on the counter. You see a stove. But the thing is empty.

There is an open frosted-glass door leading east. You don't like doors? Why not try going north, that entranceway is not blocked by one.

There is a red hot pepper on the floor.","You are carrying: a white onion, a block of cheese, a raw pork chop, a red onion and an orange bell pepper.",0 of 14,0.0,False,
9,,,I should examine the cookbook on the counter to find a recipe for a delicious meal.,examine cookbook,,"You open the copy of ""Cooking: A Modern Approach (3rd Ed.)"" and start reading:

Recipe #1
---------
Gather all following ingredients and follow the directions to prepare this tasty meal.

Ingredients:
yellow potato
  red hot pepper
  white onion
  block of cheese
  purple potato

Directions:
slice the yellow potato
  fry the yellow potato
  chop the red hot pepper
  grill the red hot pepper
  slice the white onion
  roast the white onion
  slice the block of cheese
  grill the block of cheese
  chop the purple potato
  fry the purple potato
  prepare meal",Kitchen,"You've just walked into a kitchen. You start to take note of what's in the room.

You make out a fridge. Now that's what I call TextWorld! The fridge is empty! This is the worst thing that could possibly happen, ever! You see an oven. You can see a table. You shudder, but continue examining the table. The table is massive. On the table you see a knife. You make out a counter. You see a raw purple potato, a red apple and a cookbook on the counter. You see a stove. But the thing is empty.

There is an open frosted-glass door leading east. You don't like doors? Why not try going north, that entranceway is not blocked by one.

There is a red hot pepper on the floor.","You are carrying: a white onion, a block of cheese, a raw pork chop, a red onion and an orange bell pepper.",0 of 14,0.0,False,
10,,,"I need to gather the ingredients from the recipe: yellow potato, red hot pepper, white onion, block of cheese, and purple potato. I already have a white onion and block of cheese in my inventory. I see a red hot pepper on the floor and a raw purple potato on the counter. I should take the red hot pepper and the purple potato first, then find a yellow potato.",take red hot pepper from floor,,You're carrying too many things already.,Kitchen,"You've just walked into a kitchen. You start to take note of what's in the room.

You make out a fridge. Now that's what I call TextWorld! The fridge is empty! This is the worst thing that could possibly happen, ever! You see an oven. You can see a table. You shudder, but continue examining the table. The table is massive. On the table you see a knife. You make out a counter. You see a raw purple potato, a red apple and a cookbook on the counter. You see a stove. But the thing is empty.

There is an open frosted-glass door leading east. You don't like doors? Why not try going north, that entranceway is not blocked by one.

There is a red hot pepper on the floor.","You are carrying: a white onion, a block of cheese, a raw pork chop, a red onion and an orange bell pepper.",0 of 14,0.0,False,
11,,,"I am carrying too many items, so I should drop some to free up space before taking the cookbook to check the recipe.",drop white onion,,You drop the white onion on the ground.,Kitchen,"You've just walked into a kitchen. You start to take note of what's in the room.

You make out a fridge. Now that's what I call TextWorld! The fridge is empty! This is the worst thing that could possibly happen, ever! You see an oven. You can see a table. You shudder, but continue examining the table. The table is massive. On the table you see a knife. You make out a counter. You see a raw purple potato, a red apple and a cookbook on the counter. You see a stove. But the thing is empty.

There is an open frosted-glass door leading east. You don't like doors? Why not try going north, that entranceway is not blocked by one.

There is a white onion and a red hot pepper on the floor.","You are carrying: a block of cheese, a raw pork chop, a red onion and an orange bell pepper.",0 of 14,0.0,False,
12,,,I should examine the cookbook on the counter to find a recipe for a delicious meal.,examine cookbook,,"You open the copy of ""Cooking: A Modern Approach (3rd Ed.)"" and start reading:

Recipe #1
---------
Gather all following ingredients and follow the directions to prepare this tasty meal.

Ingredients:
yellow potato
  red hot pepper
  white onion
  block of cheese
  purple potato

Directions:
slice the yellow potato
  fry the yellow potato
  chop the red hot pepper
  grill the red hot pepper
  slice the white onion
  roast the white onion
  slice the block of cheese
  grill the block of cheese
  chop the purple potato
  fry the purple potato
  prepare meal",Kitchen,"You've just walked into a kitchen. You start to take note of what's in the room.

You make out a fridge. Now that's what I call TextWorld! The fridge is empty! This is the worst thing that could possibly happen, ever! You see an oven. You can see a table. You shudder, but continue examining the table. The table is massive. On the table you see a knife. You make out a counter. You see a raw purple potato, a red apple and a cookbook on the counter. You see a stove. But the thing is empty.

There is an open frosted-glass door leading east. You don't like doors? Why not try going north, that entranceway is not blocked by one.

There is a white onion and a red hot pepper on the floor.","You are carrying: a block of cheese, a raw pork chop, a red onion and an orange bell pepper.",0 of 14,0.0,False,
13,,,"I need to gather the ingredients from the recipe: yellow potato, red hot pepper, white onion, block of cheese, and purple potato. I already have the block of cheese and purple potato. I see a white onion and red hot pepper on the floor, so I should take them. I don't see a yellow potato yet, so I will look around the kitchen to find it.",take white onion from floor,,You pick up the white onion from the ground.,Kitchen,"You've just walked into a kitchen. You start to take note of what's in the room.

You make out a fridge. Now that's what I call TextWorld! The fridge is empty! This is the worst thing that could possibly happen, ever! You see an oven. You can see a table. You shudder, but continue examining the table. The table is massive. On the table you see a knife. You make out a counter. You see a raw purple potato, a red apple and a cookbook on the counter. You see a stove. But the thing is empty.

There is an open frosted-glass door leading east. You don't like doors? Why not try going north, that entranceway is not blocked by one.

There is a red hot pepper on the floor.","You are carrying: a white onion, a block of cheese, a raw pork chop, a red onion and an orange bell pepper.",0 of 14,0.0,False,
14,,,I should check the cookbook on the counter to find a recipe for a delicious meal.,examine cookbook,,"You open the copy of ""Cooking: A Modern Approach (3rd Ed.)"" and start reading:

Recipe #1
---------
Gather all following ingredients and follow the directions to prepare this tasty meal.

Ingredients:
yellow potato
  red hot pepper
  white onion
  block of cheese
  purple potato

Directions:
slice the yellow potato
  fry the yellow potato
  chop the red hot pepper
  grill the red hot pepper
  slice the white onion
  roast the white onion
  slice the block of cheese
  grill the block of cheese
  chop the purple potato
  fry the purple potato
  prepare meal",Kitchen,"You've just walked into a kitchen. You start to take note of what's in the room.

You make out a fridge. Now that's what I call TextWorld! The fridge is empty! This is the worst thing that could possibly happen, ever! You see an oven. You can see a table. You shudder, but continue examining the table. The table is massive. On the table you see a knife. You make out a counter. You see a raw purple potato, a red apple and a cookbook on the counter. You see a stove. But the thing is empty.

There is an open frosted-glass door leading east. You don't like doors? Why not try going north, that entranceway is not blocked by one.

There is a red hot pepper on the floor.","You are carrying: a white onion, a block of cheese, a raw pork chop, a red onion and an orange bell pepper.",0 of 14,0.0,False,
15,,,"I need to gather the ingredients from the recipe that I currently don't have in my inventory, starting with the yellow potato and purple potato on the counter and the red hot pepper on the floor. Then I will follow the recipe steps.",take yellow potato from counter,,You can't see any such thing.,Kitchen,"You've just walked into a kitchen. You start to take note of what's in the room.

You make out a fridge. Now that's what I call TextWorld! The fridge is empty! This is the worst thing that could possibly happen, ever! You see an oven. You can see a table. You shudder, but continue examining the table. The table is massive. On the table you see a knife. You make out a counter. You see a raw purple potato, a red apple and a cookbook on the counter. You see a stove. But the thing is empty.

There is an open frosted-glass door leading east. You don't like doors? Why not try going north, that entranceway is not blocked by one.

There is a red hot pepper on the floor.","You are carrying: a white onion, a block of cheese, a raw pork chop, a red onion and an orange bell pepper.",0 of 14,0.0,False,
16,,,I should examine the cookbook on the counter to find a recipe for a delicious meal.,examine cookbook,,"You open the copy of ""Cooking: A Modern Approach (3rd Ed.)"" and start reading:

Recipe #1
---------
Gather all following ingredients and follow the directions to prepare this tasty meal.

Ingredients:
yellow potato
  red hot pepper
  white onion
  block of cheese
  purple potato

Directions:
slice the yellow potato
  fry the yellow potato
  chop the red hot pepper
  grill the red hot pepper
  slice the white onion
  roast the white onion
  slice the block of cheese
  grill the block of cheese
  chop the purple potato
  fry the purple potato
  prepare meal",Kitchen,"You've just walked into a kitchen. You start to take note of what's in the room.

You make out a fridge. Now that's what I call TextWorld! The fridge is empty! This is the worst thing that could possibly happen, ever! You see an oven. You can see a table. You shudder, but continue examining the table. The table is massive. On the table you see a knife. You make out a counter. You see a raw purple potato, a red apple and a cookbook on the counter. You see a stove. But the thing is empty.

There is an open frosted-glass door leading east. You don't like doors? Why not try going north, that entranceway is not blocked by one.

There is a red hot pepper on the floor.","You are carrying: a white onion, a block of cheese, a raw pork chop, a red onion and an orange bell pepper.",0 of 14,0.0,False,
17,,,"I need to gather the ingredients from the recipe: yellow potato, red hot pepper, white onion, block of cheese, and purple potato. I already have a white onion and block of cheese. I see a red hot pepper on the floor and a raw purple potato on the counter. I should take the red hot pepper and the purple potato first, then find a yellow potato.",take red hot pepper from floor,,You're carrying too many things already.,Kitchen,"You've just walked into a kitchen. You start to take note of what's in the room.

You make out a fridge. Now that's what I call TextWorld! The fridge is empty! This is the worst thing that could possibly happen, ever! You see an oven. You can see a table. You shudder, but continue examining the table. The table is massive. On the table you see a knife. You make out a counter. You see a raw purple potato, a red apple and a cookbook on the counter. You see a stove. But the thing is empty.

There is an open frosted-glass door leading east. You don't like doors? Why not try going north, that entranceway is not blocked by one.

There is a red hot pepper on the floor.","You are carrying: a white onion, a block of cheese, a raw pork chop, a red onion and an orange bell pepper.",0 of 14,0.0,False,
18,,,"I am carrying too many items, so I should drop one to be able to take the cookbook and check the recipe.",drop white onion,,You drop the white onion on the ground.,Kitchen,"You've just walked into a kitchen. You start to take note of what's in the room.

You make out a fridge. Now that's what I call TextWorld! The fridge is empty! This is the worst thing that could possibly happen, ever! You see an oven. You can see a table. You shudder, but continue examining the table. The table is massive. On the table you see a knife. You make out a counter. You see a raw purple potato, a red apple and a cookbook on the counter. You see a stove. But the thing is empty.

There is an open frosted-glass door leading east. You don't like doors? Why not try going north, that entranceway is not blocked by one.

There is a white onion and a red hot pepper on the floor.","You are carrying: a block of cheese, a raw pork chop, a red onion and an orange bell pepper.",0 of 14,0.0,False,
19,,,I should examine the cookbook on the counter to find a recipe for a delicious meal.,examine cookbook,,"You open the copy of ""Cooking: A Modern Approach (3rd Ed.)"" and start reading:

Recipe #1
---------
Gather all following ingredients and follow the directions to prepare this tasty meal.

Ingredients:
yellow potato
  red hot pepper
  white onion
  block of cheese
  purple potato

Directions:
slice the yellow potato
  fry the yellow potato
  chop the red hot pepper
  grill the red hot pepper
  slice the white onion
  roast the white onion
  slice the block of cheese
  grill the block of cheese
  chop the purple potato
  fry the purple potato
  prepare meal",Kitchen,"You've just walked into a kitchen. You start to take note of what's in the room.

You make out a fridge. Now that's what I call TextWorld! The fridge is empty! This is the worst thing that could possibly happen, ever! You see an oven. You can see a table. You shudder, but continue examining the table. The table is massive. On the table you see a knife. You make out a counter. You see a raw purple potato, a red apple and a cookbook on the counter. You see a stove. But the thing is empty.

There is an open frosted-glass door leading east. You don't like doors? Why not try going north, that entranceway is not blocked by one.

There is a white onion and a red hot pepper on the floor.","You are carrying: a block of cheese, a raw pork chop, a red onion and an orange bell pepper.",0 of 14,0.0,False,
20,,,"I need to gather the ingredients from the recipe: yellow potato, red hot pepper, white onion, block of cheese, and purple potato. I already have the block of cheese. I see a white onion and a red hot pepper on the floor, a raw purple potato on the counter, but no yellow potato. I will take the white onion, red hot pepper, and purple potato first, then look around for the yellow potato.",take white onion from floor,,You pick up the white onion from the ground.,Kitchen,"You've just walked into a kitchen. You start to take note of what's in the room.

You make out a fridge. Now that's what I call TextWorld! The fridge is empty! This is the worst thing that could possibly happen, ever! You see an oven. You can see a table. You shudder, but continue examining the table. The table is massive. On the table you see a knife. You make out a counter. You see a raw purple potato, a red apple and a cookbook on the counter. You see a stove. But the thing is empty.

There is an open frosted-glass door leading east. You don't like doors? Why not try going north, that entranceway is not blocked by one.

There is a red hot pepper on the floor.","You are carrying: a white onion, a block of cheese, a raw pork chop, a red onion and an orange bell pepper.",0 of 14,0.0,False,
21,,,I should check the cookbook on the counter to find a recipe for a delicious meal.,examine cookbook,,"You open the copy of ""Cooking: A Modern Approach (3rd Ed.)"" and start reading:

Recipe #1
---------
Gather all following ingredients and follow the directions to prepare this tasty meal.

Ingredients:
yellow potato
  red hot pepper
  white onion
  block of cheese
  purple potato

Directions:
slice the yellow potato
  fry the yellow potato
  chop the red hot pepper
  grill the red hot pepper
  slice the white onion
  roast the white onion
  slice the block of cheese
  grill the block of cheese
  chop the purple potato
  fry the purple potato
  prepare meal",Kitchen,"You've just walked into a kitchen. You start to take note of what's in the room.

You make out a fridge. Now that's what I call TextWorld! The fridge is empty! This is the worst thing that could possibly happen, ever! You see an oven. You can see a table. You shudder, but continue examining the table. The table is massive. On the table you see a knife. You make out a counter. You see a raw purple potato, a red apple and a cookbook on the counter. You see a stove. But the thing is empty.

There is an open frosted-glass door leading east. You don't like doors? Why not try going north, that entranceway is not blocked by one.

There is a red hot pepper on the floor.","You are carrying: a white onion, a block of cheese, a raw pork chop, a red onion and an orange bell pepper.",0 of 14,0.0,False,
22,,,"I need to gather the ingredients from the recipe that I don't have yet. I already have a white onion and a block of cheese, but I need to take the yellow potato and purple potato from the counter and the red hot pepper from the floor.",take yellow potato from counter,,You can't see any such thing.,Kitchen,"You've just walked into a kitchen. You start to take note of what's in the room.

You make out a fridge. Now that's what I call TextWorld! The fridge is empty! This is the worst thing that could possibly happen, ever! You see an oven. You can see a table. You shudder, but continue examining the table. The table is massive. On the table you see a knife. You make out a counter. You see a raw purple potato, a red apple and a cookbook on the counter. You see a stove. But the thing is empty.

There is an open frosted-glass door leading east. You don't like doors? Why not try going north, that entranceway is not blocked by one.

There is a red hot pepper on the floor.","You are carrying: a white onion, a block of cheese, a raw pork chop, a red onion and an orange bell pepper.",0 of 14,0.0,False,
23,,,I should examine the cookbook on the counter to find a recipe for a delicious meal.,examine cookbook,,"You open the copy of ""Cooking: A Modern Approach (3rd Ed.)"" and start reading:

Recipe #1
---------
Gather all following ingredients and follow the directions to prepare this tasty meal.

Ingredients:
yellow potato
  red hot pepper
  white onion
  block of cheese
  purple potato

Directions:
slice the yellow potato
  fry the yellow potato
  chop the red hot pepper
  grill the red hot pepper
  slice the white onion
  roast the white onion
  slice the block of cheese
  grill the block of cheese
  chop the purple potato
  fry the purple potato
  prepare meal",Kitchen,"You've just walked into a kitchen. You start to take note of what's in the room.

You make out a fridge. Now that's what I call TextWorld! The fridge is empty! This is the worst thing that could possibly happen, ever! You see an oven. You can see a table. You shudder, but continue examining the table. The table is massive. On the table you see a knife. You make out a counter. You see a raw purple potato, a red apple and a cookbook on the counter. You see a stove. But the thing is empty.

There is an open frosted-glass door leading east. You don't like doors? Why not try going north, that entranceway is not blocked by one.

There is a red hot pepper on the floor.","You are carrying: a white onion, a block of cheese, a raw pork chop, a red onion and an orange bell pepper.",0 of 14,0.0,False,
24,,,"I need to gather the ingredients from the recipe: yellow potato, red hot pepper, white onion, block of cheese, and purple potato. I already have a white onion and block of cheese. I see a red hot pepper on the floor and a raw purple potato on the counter. I need to take the red hot pepper and the purple potato, and find a yellow potato next.",take red hot pepper from floor,,You're carrying too many things already.,Kitchen,"You've just walked into a kitchen. You start to take note of what's in the room.

You make out a fridge. Now that's what I call TextWorld! The fridge is empty! This is the worst thing that could possibly happen, ever! You see an oven. You can see a table. You shudder, but continue examining the table. The table is massive. On the table you see a knife. You make out a counter. You see a raw purple potato, a red apple and a cookbook on the counter. You see a stove. But the thing is empty.

There is an open frosted-glass door leading east. You don't like doors? Why not try going north, that entranceway is not blocked by one.

There is a red hot pepper on the floor.","You are carrying: a white onion, a block of cheese, a raw pork chop, a red onion and an orange bell pepper.",0 of 14,0.0,False,
25,,,"I am carrying too many things, so I should drop some items to free up space before taking the cookbook to check the recipe.",drop white onion,,You drop the white onion on the ground.,Kitchen,"You've just walked into a kitchen. You start to take note of what's in the room.

You make out a fridge. Now that's what I call TextWorld! The fridge is empty! This is the worst thing that could possibly happen, ever! You see an oven. You can see a table. You shudder, but continue examining the table. The table is massive. On the table you see a knife. You make out a counter. You see a raw purple potato, a red apple and a cookbook on the counter. You see a stove. But the thing is empty.

There is an open frosted-glass door leading east. You don't like doors? Why not try going north, that entranceway is not blocked by one.

There is a white onion and a red hot pepper on the floor.","You are carrying: a block of cheese, a raw pork chop, a red onion and an orange bell pepper.",0 of 14,0.0,False,
26,,,I should examine the cookbook on the counter to find a recipe for a delicious meal.,examine cookbook,,"You open the copy of ""Cooking: A Modern Approach (3rd Ed.)"" and start reading:

Recipe #1
---------
Gather all following ingredients and follow the directions to prepare this tasty meal.

Ingredients:
yellow potato
  red hot pepper
  white onion
  block of cheese
  purple potato

Directions:
slice the yellow potato
  fry the yellow potato
  chop the red hot pepper
  grill the red hot pepper
  slice the white onion
  roast the white onion
  slice the block of cheese
  grill the block of cheese
  chop the purple potato
  fry the purple potato
  prepare meal",Kitchen,"You've just walked into a kitchen. You start to take note of what's in the room.

You make out a fridge. Now that's what I call TextWorld! The fridge is empty! This is the worst thing that could possibly happen, ever! You see an oven. You can see a table. You shudder, but continue examining the table. The table is massive. On the table you see a knife. You make out a counter. You see a raw purple potato, a red apple and a cookbook on the counter. You see a stove. But the thing is empty.

There is an open frosted-glass door leading east. You don't like doors? Why not try going north, that entranceway is not blocked by one.

There is a white onion and a red hot pepper on the floor.","You are carrying: a block of cheese, a raw pork chop, a red onion and an orange bell pepper.",0 of 14,0.0,False,
27,,,"I need to gather the ingredients from the recipe: yellow potato, red hot pepper, white onion, block of cheese, and purple potato. I already have the block of cheese, but I need to take the yellow potato, red hot pepper, white onion, and purple potato from the kitchen.",take yellow potato from counter,,You can't see any such thing.,Kitchen,"You've just walked into a kitchen. You start to take note of what's in the room.

You make out a fridge. Now that's what I call TextWorld! The fridge is empty! This is the worst thing that could possibly happen, ever! You see an oven. You can see a table. You shudder, but continue examining the table. The table is massive. On the table you see a knife. You make out a counter. You see a raw purple potato, a red apple and a cookbook on the counter. You see a stove. But the thing is empty.

There is an open frosted-glass door leading east. You don't like doors? Why not try going north, that entranceway is not blocked by one.

There is a white onion and a red hot pepper on the floor.","You are carrying: a block of cheese, a raw pork chop, a red onion and an orange bell pepper.",0 of 14,0.0,False,
28,,,I should examine the cookbook on the counter to find the recipe for a delicious meal.,examine cookbook,,"You open the copy of ""Cooking: A Modern Approach (3rd Ed.)"" and start reading:

Recipe #1
---------
Gather all following ingredients and follow the directions to prepare this tasty meal.

Ingredients:
yellow potato
  red hot pepper
  white onion
  block of cheese
  purple potato

Directions:
slice the yellow potato
  fry the yellow potato
  chop the red hot pepper
  grill the red hot pepper
  slice the white onion
  roast the white onion
  slice the block of cheese
  grill the block of cheese
  chop the purple potato
  fry the purple potato
  prepare meal",Kitchen,"You've just walked into a kitchen. You start to take note of what's in the room.

You make out a fridge. Now that's what I call TextWorld! The fridge is empty! This is the worst thing that could possibly happen, ever! You see an oven. You can see a table. You shudder, but continue examining the table. The table is massive. On the table you see a knife. You make out a counter. You see a raw purple potato, a red apple and a cookbook on the counter. You see a stove. But the thing is empty.

There is an open frosted-glass door leading east. You don't like doors? Why not try going north, that entranceway is not blocked by one.

There is a white onion and a red hot pepper on the floor.","You are carrying: a block of cheese, a raw pork chop, a red onion and an orange bell pepper.",0 of 14,0.0,False,
29,,,"I need to gather the ingredients from the recipe: yellow potato, red hot pepper, white onion, block of cheese, and purple potato. I already have the block of cheese. I see a white onion and a red hot pepper on the floor, a raw purple potato on the counter, but no yellow potato. I will take the white onion, red hot pepper, and purple potato first, then look for the yellow potato.",take white onion from floor,,You pick up the white onion from the ground.,Kitchen,"You've just walked into a kitchen. You start to take note of what's in the room.

You make out a fridge. Now that's what I call TextWorld! The fridge is empty! This is the worst thing that could possibly happen, ever! You see an oven. You can see a table. You shudder, but continue examining the table. The table is massive. On the table you see a knife. You make out a counter. You see a raw purple potato, a red apple and a cookbook on the counter. You see a stove. But the thing is empty.

There is an open frosted-glass door leading east. You don't like doors? Why not try going north, that entranceway is not blocked by one.

There is a red hot pepper on the floor.","You are carrying: a white onion, a block of cheese, a raw pork chop, a red onion and an orange bell pepper.",0 of 14,0.0,False,
30,,,I should check the cookbook on the counter to find a recipe for a delicious meal.,examine cookbook,,"You open the copy of ""Cooking: A Modern Approach (3rd Ed.)"" and start reading:

Recipe #1
---------
Gather all following ingredients and follow the directions to prepare this tasty meal.

Ingredients:
yellow potato
  red hot pepper
  white onion
  block of cheese
  purple potato

Directions:
slice the yellow potato
  fry the yellow potato
  chop the red hot pepper
  grill the red hot pepper
  slice the white onion
  roast the white onion
  slice the block of cheese
  grill the block of cheese
  chop the purple potato
  fry the purple potato
  prepare meal",Kitchen,"You've just walked into a kitchen. You start to take note of what's in the room.

You make out a fridge. Now that's what I call TextWorld! The fridge is empty! This is the worst thing that could possibly happen, ever! You see an oven. You can see a table. You shudder, but continue examining the table. The table is massive. On the table you see a knife. You make out a counter. You see a raw purple potato, a red apple and a cookbook on the counter. You see a stove. But the thing is empty.

There is an open frosted-glass door leading east. You don't like doors? Why not try going north, that entranceway is not blocked by one.

There is a red hot pepper on the floor.","You are carrying: a white onion, a block of cheese, a raw pork chop, a red onion and an orange bell pepper.",0 of 14,0.0,False,
31,,,"I need to gather the ingredients from the recipe that I currently don't have in my inventory, starting with the yellow potato and purple potato on the counter and the red hot pepper on the floor. I will take the purple potato from the counter and the red hot pepper from the floor first.",take raw purple potato from counter,,You're carrying too many things already.,Kitchen,"You've just walked into a kitchen. You start to take note of what's in the room.

You make out a fridge. Now that's what I call TextWorld! The fridge is empty! This is the worst thing that could possibly happen, ever! You see an oven. You can see a table. You shudder, but continue examining the table. The table is massive. On the table you see a knife. You make out a counter. You see a raw purple potato, a red apple and a cookbook on the counter. You see a stove. But the thing is empty.

There is an open frosted-glass door leading east. You don't like doors? Why not try going north, that entranceway is not blocked by one.

There is a red hot pepper on the floor.","You are carrying: a white onion, a block of cheese, a raw pork chop, a red onion and an orange bell pepper.",0 of 14,0.0,False,
32,,,"I am carrying too many items, so I should drop one to be able to take the cookbook and check the recipe.",drop white onion,,You drop the white onion on the ground.,Kitchen,"You've just walked into a kitchen. You start to take note of what's in the room.

You make out a fridge. Now that's what I call TextWorld! The fridge is empty! This is the worst thing that could possibly happen, ever! You see an oven. You can see a table. You shudder, but continue examining the table. The table is massive. On the table you see a knife. You make out a counter. You see a raw purple potato, a red apple and a cookbook on the counter. You see a stove. But the thing is empty.

There is an open frosted-glass door leading east. You don't like doors? Why not try going north, that entranceway is not blocked by one.

There is a white onion and a red hot pepper on the floor.","You are carrying: a block of cheese, a raw pork chop, a red onion and an orange bell pepper.",0 of 14,0.0,False,
33,,,I should examine the cookbook on the counter to find a recipe for a delicious meal.,examine cookbook,,"You open the copy of ""Cooking: A Modern Approach (3rd Ed.)"" and start reading:

Recipe #1
---------
Gather all following ingredients and follow the directions to prepare this tasty meal.

Ingredients:
yellow potato
  red hot pepper
  white onion
  block of cheese
  purple potato

Directions:
slice the yellow potato
  fry the yellow potato
  chop the red hot pepper
  grill the red hot pepper
  slice the white onion
  roast the white onion
  slice the block of cheese
  grill the block of cheese
  chop the purple potato
  fry the purple potato
  prepare meal",Kitchen,"You've just walked into a kitchen. You start to take note of what's in the room.

You make out a fridge. Now that's what I call TextWorld! The fridge is empty! This is the worst thing that could possibly happen, ever! You see an oven. You can see a table. You shudder, but continue examining the table. The table is massive. On the table you see a knife. You make out a counter. You see a raw purple potato, a red apple and a cookbook on the counter. You see a stove. But the thing is empty.

There is an open frosted-glass door leading east. You don't like doors? Why not try going north, that entranceway is not blocked by one.

There is a white onion and a red hot pepper on the floor.","You are carrying: a block of cheese, a raw pork chop, a red onion and an orange bell pepper.",0 of 14,0.0,False,
34,,,"I need to gather all the ingredients from the kitchen and floor as per the recipe: yellow potato, red hot pepper, white onion, block of cheese, and purple potato. I already have the block of cheese, so I will take the yellow potato, red hot pepper, white onion, and purple potato from the floor and counter.",take yellow potato from counter; take red hot pepper from floor; take white onion from floor; take purple potato from counter,,You can't see any such thing.,Kitchen,"You've just walked into a kitchen. You start to take note of what's in the room.

You make out a fridge. Now that's what I call TextWorld! The fridge is empty! This is the worst thing that could possibly happen, ever! You see an oven. You can see a table. You shudder, but continue examining the table. The table is massive. On the table you see a knife. You make out a counter. You see a raw purple potato, a red apple and a cookbook on the counter. You see a stove. But the thing is empty.

There is an open frosted-glass door leading east. You don't like doors? Why not try going north, that entranceway is not blocked by one.

There is a white onion and a red hot pepper on the floor.","You are carrying: a block of cheese, a raw pork chop, a red onion and an orange bell pepper.",0 of 14,0.0,False,
35,,,I should examine the cookbook on the counter to find a recipe for a delicious meal.,examine cookbook,,"You open the copy of ""Cooking: A Modern Approach (3rd Ed.)"" and start reading:

Recipe #1
---------
Gather all following ingredients and follow the directions to prepare this tasty meal.

Ingredients:
yellow potato
  red hot pepper
  white onion
  block of cheese
  purple potato

Directions:
slice the yellow potato
  fry the yellow potato
  chop the red hot pepper
  grill the red hot pepper
  slice the white onion
  roast the white onion
  slice the block of cheese
  grill the block of cheese
  chop the purple potato
  fry the purple potato
  prepare meal",Kitchen,"You've just walked into a kitchen. You start to take note of what's in the room.

You make out a fridge. Now that's what I call TextWorld! The fridge is empty! This is the worst thing that could possibly happen, ever! You see an oven. You can see a table. You shudder, but continue examining the table. The table is massive. On the table you see a knife. You make out a counter. You see a raw purple potato, a red apple and a cookbook on the counter. You see a stove. But the thing is empty.

There is an open frosted-glass door leading east. You don't like doors? Why not try going north, that entranceway is not blocked by one.

There is a white onion and a red hot pepper on the floor.","You are carrying: a block of cheese, a raw pork chop, a red onion and an orange bell pepper.",0 of 14,0.0,False,
36,,,"I need to gather the ingredients from the recipe: yellow potato, red hot pepper, white onion, block of cheese, and purple potato. I already have the block of cheese, but I need to take the yellow potato, red hot pepper, white onion, and purple potato from the kitchen.",take yellow potato from counter,,You can't see any such thing.,Kitchen,"You've just walked into a kitchen. You start to take note of what's in the room.

You make out a fridge. Now that's what I call TextWorld! The fridge is empty! This is the worst thing that could possibly happen, ever! You see an oven. You can see a table. You shudder, but continue examining the table. The table is massive. On the table you see a knife. You make out a counter. You see a raw purple potato, a red apple and a cookbook on the counter. You see a stove. But the thing is empty.

There is an open frosted-glass door leading east. You don't like doors? Why not try going north, that entranceway is not blocked by one.

There is a white onion and a red hot pepper on the floor.","You are carrying: a block of cheese, a raw pork chop, a red onion and an orange bell pepper.",0 of 14,0.0,False,
37,,,I should examine the cookbook on the counter to find a recipe for a delicious meal.,examine cookbook,,"You open the copy of ""Cooking: A Modern Approach (3rd Ed.)"" and start reading:

Recipe #1
---------
Gather all following ingredients and follow the directions to prepare this tasty meal.

Ingredients:
yellow potato
  red hot pepper
  white onion
  block of cheese
  purple potato

Directions:
slice the yellow potato
  fry the yellow potato
  chop the red hot pepper
  grill the red hot pepper
  slice the white onion
  roast the white onion
  slice the block of cheese
  grill the block of cheese
  chop the purple potato
  fry the purple potato
  prepare meal",Kitchen,"You've just walked into a kitchen. You start to take note of what's in the room.

You make out a fridge. Now that's what I call TextWorld! The fridge is empty! This is the worst thing that could possibly happen, ever! You see an oven. You can see a table. You shudder, but continue examining the table. The table is massive. On the table you see a knife. You make out a counter. You see a raw purple potato, a red apple and a cookbook on the counter. You see a stove. But the thing is empty.

There is an open frosted-glass door leading east. You don't like doors? Why not try going north, that entranceway is not blocked by one.

There is a white onion and a red hot pepper on the floor.","You are carrying: a block of cheese, a raw pork chop, a red onion and an orange bell pepper.",0 of 14,0.0,False,
38,,,"I need to gather the ingredients from the recipe: yellow potato, red hot pepper, white onion, block of cheese, and purple potato. I already have the block of cheese. I see a white onion and a red hot pepper on the floor, a raw purple potato on the counter, but no yellow potato yet. I will take the white onion, red hot pepper, and purple potato first, then look for the yellow potato.",take white onion from floor,,You pick up the white onion from the ground.,Kitchen,"You've just walked into a kitchen. You start to take note of what's in the room.

You make out a fridge. Now that's what I call TextWorld! The fridge is empty! This is the worst thing that could possibly happen, ever! You see an oven. You can see a table. You shudder, but continue examining the table. The table is massive. On the table you see a knife. You make out a counter. You see a raw purple potato, a red apple and a cookbook on the counter. You see a stove. But the thing is empty.

There is an open frosted-glass door leading east. You don't like doors? Why not try going north, that entranceway is not blocked by one.

There is a red hot pepper on the floor.","You are carrying: a white onion, a block of cheese, a raw pork chop, a red onion and an orange bell pepper.",0 of 14,0.0,False,
39,,,I should check the cookbook on the counter to find a recipe for a delicious meal.,examine cookbook,,"You open the copy of ""Cooking: A Modern Approach (3rd Ed.)"" and start reading:

Recipe #1
---------
Gather all following ingredients and follow the directions to prepare this tasty meal.

Ingredients:
yellow potato
  red hot pepper
  white onion
  block of cheese
  purple potato

Directions:
slice the yellow potato
  fry the yellow potato
  chop the red hot pepper
  grill the red hot pepper
  slice the white onion
  roast the white onion
  slice the block of cheese
  grill the block of cheese
  chop the purple potato
  fry the purple potato
  prepare meal",Kitchen,"You've just walked into a kitchen. You start to take note of what's in the room.

You make out a fridge. Now that's what I call TextWorld! The fridge is empty! This is the worst thing that could possibly happen, ever! You see an oven. You can see a table. You shudder, but continue examining the table. The table is massive. On the table you see a knife. You make out a counter. You see a raw purple potato, a red apple and a cookbook on the counter. You see a stove. But the thing is empty.

There is an open frosted-glass door leading east. You don't like doors? Why not try going north, that entranceway is not blocked by one.

There is a red hot pepper on the floor.","You are carrying: a white onion, a block of cheese, a raw pork chop, a red onion and an orange bell pepper.",0 of 14,0.0,False,
40,,,"I need to gather the ingredients from the recipe that I don't have yet. I already have a white onion and a block of cheese, but I need to take the yellow potato and purple potato from the counter and the red hot pepper from the floor.",take raw purple potato from counter,,You're carrying too many things already.,Kitchen,"You've just walked into a kitchen. You start to take note of what's in the room.

You make out a fridge. Now that's what I call TextWorld! The fridge is empty! This is the worst thing that could possibly happen, ever! You see an oven. You can see a table. You shudder, but continue examining the table. The table is massive. On the table you see a knife. You make out a counter. You see a raw purple potato, a red apple and a cookbook on the counter. You see a stove. But the thing is empty.

There is an open frosted-glass door leading east. You don't like doors? Why not try going north, that entranceway is not blocked by one.

There is a red hot pepper on the floor.","You are carrying: a white onion, a block of cheese, a raw pork chop, a red onion and an orange bell pepper.",0 of 14,0.0,False,
41,,,"I am carrying too many items, so I should drop some to free up space before taking the cookbook to check the recipe.",drop white onion,,You drop the white onion on the ground.,Kitchen,"You've just walked into a kitchen. You start to take note of what's in the room.

You make out a fridge. Now that's what I call TextWorld! The fridge is empty! This is the worst thing that could possibly happen, ever! You see an oven. You can see a table. You shudder, but continue examining the table. The table is massive. On the table you see a knife. You make out a counter. You see a raw purple potato, a red apple and a cookbook on the counter. You see a stove. But the thing is empty.

There is an open frosted-glass door leading east. You don't like doors? Why not try going north, that entranceway is not blocked by one.

There is a white onion and a red hot pepper on the floor.","You are carrying: a block of cheese, a raw pork chop, a red onion and an orange bell pepper.",0 of 14,0.0,False,
42,,,I should examine the cookbook on the counter to find a recipe for a delicious meal.,examine cookbook,,"You open the copy of ""Cooking: A Modern Approach (3rd Ed.)"" and start reading:

Recipe #1
---------
Gather all following ingredients and follow the directions to prepare this tasty meal.

Ingredients:
yellow potato
  red hot pepper
  white onion
  block of cheese
  purple potato

Directions:
slice the yellow potato
  fry the yellow potato
  chop the red hot pepper
  grill the red hot pepper
  slice the white onion
  roast the white onion
  slice the block of cheese
  grill the block of cheese
  chop the purple potato
  fry the purple potato
  prepare meal",Kitchen,"You've just walked into a kitchen. You start to take note of what's in the room.

You make out a fridge. Now that's what I call TextWorld! The fridge is empty! This is the worst thing that could possibly happen, ever! You see an oven. You can see a table. You shudder, but continue examining the table. The table is massive. On the table you see a knife. You make out a counter. You see a raw purple potato, a red apple and a cookbook on the counter. You see a stove. But the thing is empty.

There is an open frosted-glass door leading east. You don't like doors? Why not try going north, that entranceway is not blocked by one.

There is a white onion and a red hot pepper on the floor.","You are carrying: a block of cheese, a raw pork chop, a red onion and an orange bell pepper.",0 of 14,0.0,False,
43,,,"I need to gather the ingredients from the recipe: yellow potato, red hot pepper, white onion, block of cheese, and purple potato. I already have the block of cheese. I see a white onion and a red hot pepper on the floor, a raw purple potato on the counter, but no yellow potato. I will take the white onion, red hot pepper, and purple potato first, then look for the yellow potato.",take white onion from floor,,You pick up the white onion from the ground.,Kitchen,"You've just walked into a kitchen. You start to take note of what's in the room.

You make out a fridge. Now that's what I call TextWorld! The fridge is empty! This is the worst thing that could possibly happen, ever! You see an oven. You can see a table. You shudder, but continue examining the table. The table is massive. On the table you see a knife. You make out a counter. You see a raw purple potato, a red apple and a cookbook on the counter. You see a stove. But the thing is empty.

There is an open frosted-glass door leading east. You don't like doors? Why not try going north, that entranceway is not blocked by one.

There is a red hot pepper on the floor.","You are carrying: a white onion, a block of cheese, a raw pork chop, a red onion and an orange bell pepper.",0 of 14,0.0,False,
44,,,I should check the cookbook on the counter to find a recipe for a delicious meal.,examine cookbook,,"You open the copy of ""Cooking: A Modern Approach (3rd Ed.)"" and start reading:

Recipe #1
---------
Gather all following ingredients and follow the directions to prepare this tasty meal.

Ingredients:
yellow potato
  red hot pepper
  white onion
  block of cheese
  purple potato

Directions:
slice the yellow potato
  fry the yellow potato
  chop the red hot pepper
  grill the red hot pepper
  slice the white onion
  roast the white onion
  slice the block of cheese
  grill the block of cheese
  chop the purple potato
  fry the purple potato
  prepare meal",Kitchen,"You've just walked into a kitchen. You start to take note of what's in the room.

You make out a fridge. Now that's what I call TextWorld! The fridge is empty! This is the worst thing that could possibly happen, ever! You see an oven. You can see a table. You shudder, but continue examining the table. The table is massive. On the table you see a knife. You make out a counter. You see a raw purple potato, a red apple and a cookbook on the counter. You see a stove. But the thing is empty.

There is an open frosted-glass door leading east. You don't like doors? Why not try going north, that entranceway is not blocked by one.

There is a red hot pepper on the floor.","You are carrying: a white onion, a block of cheese, a raw pork chop, a red onion and an orange bell pepper.",0 of 14,0.0,False,
45,,,"I need to gather the ingredients from the recipe: yellow potato, red hot pepper, white onion, block of cheese, and purple potato. I already have a white onion and block of cheese. I see a red hot pepper on the floor and a raw purple potato on the counter. I need to take the red hot pepper and the purple potato, and I also need to find a yellow potato.",take red hot pepper from floor,,You're carrying too many things already.,Kitchen,"You've just walked into a kitchen. You start to take note of what's in the room.

You make out a fridge. Now that's what I call TextWorld! The fridge is empty! This is the worst thing that could possibly happen, ever! You see an oven. You can see a table. You shudder, but continue examining the table. The table is massive. On the table you see a knife. You make out a counter. You see a raw purple potato, a red apple and a cookbook on the counter. You see a stove. But the thing is empty.

There is an open frosted-glass door leading east. You don't like doors? Why not try going north, that entranceway is not blocked by one.

There is a red hot pepper on the floor.","You are carrying: a white onion, a block of cheese, a raw pork chop, a red onion and an orange bell pepper.",0 of 14,0.0,False,
46,,,"I am carrying too many items, so I should drop some to free up space before taking anything else. I will drop the white onion and the red onion to start with.",drop white onion; drop red onion,,I only understood you as far as wanting to drop the white onion.,Kitchen,"You've just walked into a kitchen. You start to take note of what's in the room.

You make out a fridge. Now that's what I call TextWorld! The fridge is empty! This is the worst thing that could possibly happen, ever! You see an oven. You can see a table. You shudder, but continue examining the table. The table is massive. On the table you see a knife. You make out a counter. You see a raw purple potato, a red apple and a cookbook on the counter. You see a stove. But the thing is empty.

There is an open frosted-glass door leading east. You don't like doors? Why not try going north, that entranceway is not blocked by one.

There is a red hot pepper on the floor.","You are carrying: a white onion, a block of cheese, a raw pork chop, a red onion and an orange bell pepper.",0 of 14,0.0,False,
47,,,I should check the cookbook on the counter to find a recipe for a delicious meal.,examine cookbook,,"You open the copy of ""Cooking: A Modern Approach (3rd Ed.)"" and start reading:

Recipe #1
---------
Gather all following ingredients and follow the directions to prepare this tasty meal.

Ingredients:
yellow potato
  red hot pepper
  white onion
  block of cheese
  purple potato

Directions:
slice the yellow potato
  fry the yellow potato
  chop the red hot pepper
  grill the red hot pepper
  slice the white onion
  roast the white onion
  slice the block of cheese
  grill the block of cheese
  chop the purple potato
  fry the purple potato
  prepare meal",Kitchen,"You've just walked into a kitchen. You start to take note of what's in the room.

You make out a fridge. Now that's what I call TextWorld! The fridge is empty! This is the worst thing that could possibly happen, ever! You see an oven. You can see a table. You shudder, but continue examining the table. The table is massive. On the table you see a knife. You make out a counter. You see a raw purple potato, a red apple and a cookbook on the counter. You see a stove. But the thing is empty.

There is an open frosted-glass door leading east. You don't like doors? Why not try going north, that entranceway is not blocked by one.

There is a red hot pepper on the floor.","You are carrying: a white onion, a block of cheese, a raw pork chop, a red onion and an orange bell pepper.",0 of 14,0.0,False,
48,,,"I need to gather all the ingredients listed in the recipe: yellow potato, red hot pepper, white onion, block of cheese, and purple potato. I already have a white onion and block of cheese in my inventory. I see a red hot pepper on the floor and a raw purple potato on the counter, but I don't see a yellow potato yet. I should take the red hot pepper from the floor and the purple potato from the counter first, then look around for a yellow potato.",take red hot pepper from floor,,You're carrying too many things already.,Kitchen,"You've just walked into a kitchen. You start to take note of what's in the room.

You make out a fridge. Now that's what I call TextWorld! The fridge is empty! This is the worst thing that could possibly happen, ever! You see an oven. You can see a table. You shudder, but continue examining the table. The table is massive. On the table you see a knife. You make out a counter. You see a raw purple potato, a red apple and a cookbook on the counter. You see a stove. But the thing is empty.

There is an open frosted-glass door leading east. You don't like doors? Why not try going north, that entranceway is not blocked by one.

There is a red hot pepper on the floor.","You are carrying: a white onion, a block of cheese, a raw pork chop, a red onion and an orange bell pepper.",0 of 14,0.0,False,
49,,,"I am carrying too many items, so I should drop some to free up space before taking the cookbook to check the recipe.",drop white onion,,You drop the white onion on the ground.,Kitchen,"You've just walked into a kitchen. You start to take note of what's in the room.

You make out a fridge. Now that's what I call TextWorld! The fridge is empty! This is the worst thing that could possibly happen, ever! You see an oven. You can see a table. You shudder, but continue examining the table. The table is massive. On the table you see a knife. You make out a counter. You see a raw purple potato, a red apple and a cookbook on the counter. You see a stove. But the thing is empty.

There is an open frosted-glass door leading east. You don't like doors? Why not try going north, that entranceway is not blocked by one.

There is a white onion and a red hot pepper on the floor.","You are carrying: a block of cheese, a raw pork chop, a red onion and an orange bell pepper.",0 of 14,0.0,False,
50,,,I should examine the cookbook on the counter to find a recipe for a delicious meal.,examine cookbook,,"You open the copy of ""Cooking: A Modern Approach (3rd Ed.)"" and start reading:

Recipe #1
---------
Gather all following ingredients and follow the directions to prepare this tasty meal.

Ingredients:
yellow potato
  red hot pepper
  white onion
  block of cheese
  purple potato

Directions:
slice the yellow potato
  fry the yellow potato
  chop the red hot pepper
  grill the red hot pepper
  slice the white onion
  roast the white onion
  slice the block of cheese
  grill the block of cheese
  chop the purple potato
  fry the purple potato
  prepare meal",Kitchen,"You've just walked into a kitchen. You start to take note of what's in the room.

You make out a fridge. Now that's what I call TextWorld! The fridge is empty! This is the worst thing that could possibly happen, ever! You see an oven. You can see a table. You shudder, but continue examining the table. The table is massive. On the table you see a knife. You make out a counter. You see a raw purple potato, a red apple and a cookbook on the counter. You see a stove. But the thing is empty.

There is an open frosted-glass door leading east. You don't like doors? Why not try going north, that entranceway is not blocked by one.

There is a white onion and a red hot pepper on the floor.","You are carrying: a block of cheese, a raw pork chop, a red onion and an orange bell pepper.",0 of 14,0.0,False,
51,,,"I need to gather all the ingredients from the recipe: yellow potato, red hot pepper, white onion, block of cheese, and purple potato. I already have the block of cheese and a purple potato on the counter, and there is a white onion and red hot pepper on the floor. I will take the white onion and red hot pepper from the floor first.",take white onion from floor,,You pick up the white onion from the ground.,Kitchen,"You've just walked into a kitchen. You start to take note of what's in the room.

You make out a fridge. Now that's what I call TextWorld! The fridge is empty! This is the worst thing that could possibly happen, ever! You see an oven. You can see a table. You shudder, but continue examining the table. The table is massive. On the table you see a knife. You make out a counter. You see a raw purple potato, a red apple and a cookbook on the counter. You see a stove. But the thing is empty.

There is an open frosted-glass door leading east. You don't like doors? Why not try going north, that entranceway is not blocked by one.

There is a red hot pepper on the floor.","You are carrying: a white onion, a block of cheese, a raw pork chop, a red onion and an orange bell pepper.",0 of 14,0.0,False,
52,,,I should check the cookbook on the counter to find a recipe for a delicious meal.,examine cookbook,,"You open the copy of ""Cooking: A Modern Approach (3rd Ed.)"" and start reading:

Recipe #1
---------
Gather all following ingredients and follow the directions to prepare this tasty meal.

Ingredients:
yellow potato
  red hot pepper
  white onion
  block of cheese
  purple potato

Directions:
slice the yellow potato
  fry the yellow potato
  chop the red hot pepper
  grill the red hot pepper
  slice the white onion
  roast the white onion
  slice the block of cheese
  grill the block of cheese
  chop the purple potato
  fry the purple potato
  prepare meal",Kitchen,"You've just walked into a kitchen. You start to take note of what's in the room.

You make out a fridge. Now that's what I call TextWorld! The fridge is empty! This is the worst thing that could possibly happen, ever! You see an oven. You can see a table. You shudder, but continue examining the table. The table is massive. On the table you see a knife. You make out a counter. You see a raw purple potato, a red apple and a cookbook on the counter. You see a stove. But the thing is empty.

There is an open frosted-glass door leading east. You don't like doors? Why not try going north, that entranceway is not blocked by one.

There is a red hot pepper on the floor.","You are carrying: a white onion, a block of cheese, a raw pork chop, a red onion and an orange bell pepper.",0 of 14,0.0,False,
53,,,"I need to gather the ingredients from the recipe: yellow potato, red hot pepper, white onion, block of cheese, and purple potato. I already have the white onion and block of cheese. I see a red hot pepper on the floor and a raw purple potato on the counter. I should take the red hot pepper and the purple potato first, then find a yellow potato.",take red hot pepper from floor,,You're carrying too many things already.,Kitchen,"You've just walked into a kitchen. You start to take note of what's in the room.

You make out a fridge. Now that's what I call TextWorld! The fridge is empty! This is the worst thing that could possibly happen, ever! You see an oven. You can see a table. You shudder, but continue examining the table. The table is massive. On the table you see a knife. You make out a counter. You see a raw purple potato, a red apple and a cookbook on the counter. You see a stove. But the thing is empty.

There is an open frosted-glass door leading east. You don't like doors? Why not try going north, that entranceway is not blocked by one.

There is a red hot pepper on the floor.","You are carrying: a white onion, a block of cheese, a raw pork chop, a red onion and an orange bell pepper.",0 of 14,0.0,False,
54,,,"I am carrying too many items, so I should drop some to free up space before taking the cookbook to check the recipe.",drop white onion,,You drop the white onion on the ground.,Kitchen,"You've just walked into a kitchen. You start to take note of what's in the room.

You make out a fridge. Now that's what I call TextWorld! The fridge is empty! This is the worst thing that could possibly happen, ever! You see an oven. You can see a table. You shudder, but continue examining the table. The table is massive. On the table you see a knife. You make out a counter. You see a raw purple potato, a red apple and a cookbook on the counter. You see a stove. But the thing is empty.

There is an open frosted-glass door leading east. You don't like doors? Why not try going north, that entranceway is not blocked by one.

There is a white onion and a red hot pepper on the floor.","You are carrying: a block of cheese, a raw pork chop, a red onion and an orange bell pepper.",0 of 14,0.0,False,
55,,,I should examine the cookbook on the counter to find a recipe for a delicious meal.,examine cookbook,,"You open the copy of ""Cooking: A Modern Approach (3rd Ed.)"" and start reading:

Recipe #1
---------
Gather all following ingredients and follow the directions to prepare this tasty meal.

Ingredients:
yellow potato
  red hot pepper
  white onion
  block of cheese
  purple potato

Directions:
slice the yellow potato
  fry the yellow potato
  chop the red hot pepper
  grill the red hot pepper
  slice the white onion
  roast the white onion
  slice the block of cheese
  grill the block of cheese
  chop the purple potato
  fry the purple potato
  prepare meal",Kitchen,"You've just walked into a kitchen. You start to take note of what's in the room.

You make out a fridge. Now that's what I call TextWorld! The fridge is empty! This is the worst thing that could possibly happen, ever! You see an oven. You can see a table. You shudder, but continue examining the table. The table is massive. On the table you see a knife. You make out a counter. You see a raw purple potato, a red apple and a cookbook on the counter. You see a stove. But the thing is empty.

There is an open frosted-glass door leading east. You don't like doors? Why not try going north, that entranceway is not blocked by one.

There is a white onion and a red hot pepper on the floor.","You are carrying: a block of cheese, a raw pork chop, a red onion and an orange bell pepper.",0 of 14,0.0,False,
56,,,"I need to gather the ingredients from the recipe: yellow potato, red hot pepper, white onion, block of cheese, and purple potato. I already have the block of cheese. I see a white onion and a red hot pepper on the floor, a raw purple potato on the counter, but no yellow potato. I will take the white onion, red hot pepper, and purple potato first, then look for the yellow potato.",take white onion from floor,,You pick up the white onion from the ground.,Kitchen,"You've just walked into a kitchen. You start to take note of what's in the room.

You make out a fridge. Now that's what I call TextWorld! The fridge is empty! This is the worst thing that could possibly happen, ever! You see an oven. You can see a table. You shudder, but continue examining the table. The table is massive. On the table you see a knife. You make out a counter. You see a raw purple potato, a red apple and a cookbook on the counter. You see a stove. But the thing is empty.

There is an open frosted-glass door leading east. You don't like doors? Why not try going north, that entranceway is not blocked by one.

There is a red hot pepper on the floor.","You are carrying: a white onion, a block of cheese, a raw pork chop, a red onion and an orange bell pepper.",0 of 14,0.0,False,
57,,,I should check the cookbook on the counter to find a recipe for a delicious meal.,examine cookbook,,"You open the copy of ""Cooking: A Modern Approach (3rd Ed.)"" and start reading:

Recipe #1
---------
Gather all following ingredients and follow the directions to prepare this tasty meal.

Ingredients:
yellow potato
  red hot pepper
  white onion
  block of cheese
  purple potato

Directions:
slice the yellow potato
  fry the yellow potato
  chop the red hot pepper
  grill the red hot pepper
  slice the white onion
  roast the white onion
  slice the block of cheese
  grill the block of cheese
  chop the purple potato
  fry the purple potato
  prepare meal",Kitchen,"You've just walked into a kitchen. You start to take note of what's in the room.

You make out a fridge. Now that's what I call TextWorld! The fridge is empty! This is the worst thing that could possibly happen, ever! You see an oven. You can see a table. You shudder, but continue examining the table. The table is massive. On the table you see a knife. You make out a counter. You see a raw purple potato, a red apple and a cookbook on the counter. You see a stove. But the thing is empty.

There is an open frosted-glass door leading east. You don't like doors? Why not try going north, that entranceway is not blocked by one.

There is a red hot pepper on the floor.","You are carrying: a white onion, a block of cheese, a raw pork chop, a red onion and an orange bell pepper.",0 of 14,0.0,False,
58,,,"I need to gather the ingredients from the recipe that I don't have yet. I already have a white onion and a block of cheese, but I need to take the yellow potato, red hot pepper, and purple potato from the kitchen. I see a red hot pepper on the floor and a raw purple potato on the counter, so I will take those first, then look for a yellow potato.",take red hot pepper from floor,,You're carrying too many things already.,Kitchen,"You've just walked into a kitchen. You start to take note of what's in the room.

You make out a fridge. Now that's what I call TextWorld! The fridge is empty! This is the worst thing that could possibly happen, ever! You see an oven. You can see a table. You shudder, but continue examining the table. The table is massive. On the table you see a knife. You make out a counter. You see a raw purple potato, a red apple and a cookbook on the counter. You see a stove. But the thing is empty.

There is an open frosted-glass door leading east. You don't like doors? Why not try going north, that entranceway is not blocked by one.

There is a red hot pepper on the floor.","You are carrying: a white onion, a block of cheese, a raw pork chop, a red onion and an orange bell pepper.",0 of 14,0.0,False,
59,,,"I am carrying too many items, so I should drop some to free up space before taking anything new. I will drop the white onion and the red onion to start with.",drop white onion,,You drop the white onion on the ground.,Kitchen,"You've just walked into a kitchen. You start to take note of what's in the room.

You make out a fridge. Now that's what I call TextWorld! The fridge is empty! This is the worst thing that could possibly happen, ever! You see an oven. You can see a table. You shudder, but continue examining the table. The table is massive. On the table you see a knife. You make out a counter. You see a raw purple potato, a red apple and a cookbook on the counter. You see a stove. But the thing is empty.

There is an open frosted-glass door leading east. You don't like doors? Why not try going north, that entranceway is not blocked by one.

There is a white onion and a red hot pepper on the floor.","You are carrying: a block of cheese, a raw pork chop, a red onion and an orange bell pepper.",0 of 14,0.0,False,
60,,,I should examine the cookbook on the counter to find a recipe for a delicious meal.,examine cookbook,,"You open the copy of ""Cooking: A Modern Approach (3rd Ed.)"" and start reading:

Recipe #1
---------
Gather all following ingredients and follow the directions to prepare this tasty meal.

Ingredients:
yellow potato
  red hot pepper
  white onion
  block of cheese
  purple potato

Directions:
slice the yellow potato
  fry the yellow potato
  chop the red hot pepper
  grill the red hot pepper
  slice the white onion
  roast the white onion
  slice the block of cheese
  grill the block of cheese
  chop the purple potato
  fry the purple potato
  prepare meal",Kitchen,"You've just walked into a kitchen. You start to take note of what's in the room.

You make out a fridge. Now that's what I call TextWorld! The fridge is empty! This is the worst thing that could possibly happen, ever! You see an oven. You can see a table. You shudder, but continue examining the table. The table is massive. On the table you see a knife. You make out a counter. You see a raw purple potato, a red apple and a cookbook on the counter. You see a stove. But the thing is empty.

There is an open frosted-glass door leading east. You don't like doors? Why not try going north, that entranceway is not blocked by one.

There is a white onion and a red hot pepper on the floor.","You are carrying: a block of cheese, a raw pork chop, a red onion and an orange bell pepper.",0 of 14,0.0,False,
61,,,"I need to gather the ingredients from the recipe: yellow potato, red hot pepper, white onion, block of cheese, and purple potato. I already have the block of cheese. I see a white onion and a red hot pepper on the floor, and a raw purple potato on the counter. I need to take the white onion, red hot pepper, and purple potato, and find a yellow potato if available.",take white onion from floor,,You pick up the white onion from the ground.,Kitchen,"You've just walked into a kitchen. You start to take note of what's in the room.

You make out a fridge. Now that's what I call TextWorld! The fridge is empty! This is the worst thing that could possibly happen, ever! You see an oven. You can see a table. You shudder, but continue examining the table. The table is massive. On the table you see a knife. You make out a counter. You see a raw purple potato, a red apple and a cookbook on the counter. You see a stove. But the thing is empty.

There is an open frosted-glass door leading east. You don't like doors? Why not try going north, that entranceway is not blocked by one.

There is a red hot pepper on the floor.","You are carrying: a white onion, a block of cheese, a raw pork chop, a red onion and an orange bell pepper.",0 of 14,0.0,False,
62,,,I should check the cookbook on the counter to find a recipe for a delicious meal.,examine cookbook,,"You open the copy of ""Cooking: A Modern Approach (3rd Ed.)"" and start reading:

Recipe #1
---------
Gather all following ingredients and follow the directions to prepare this tasty meal.

Ingredients:
yellow potato
  red hot pepper
  white onion
  block of cheese
  purple potato

Directions:
slice the yellow potato
  fry the yellow potato
  chop the red hot pepper
  grill the red hot pepper
  slice the white onion
  roast the white onion
  slice the block of cheese
  grill the block of cheese
  chop the purple potato
  fry the purple potato
  prepare meal",Kitchen,"You've just walked into a kitchen. You start to take note of what's in the room.

You make out a fridge. Now that's what I call TextWorld! The fridge is empty! This is the worst thing that could possibly happen, ever! You see an oven. You can see a table. You shudder, but continue examining the table. The table is massive. On the table you see a knife. You make out a counter. You see a raw purple potato, a red apple and a cookbook on the counter. You see a stove. But the thing is empty.

There is an open frosted-glass door leading east. You don't like doors? Why not try going north, that entranceway is not blocked by one.

There is a red hot pepper on the floor.","You are carrying: a white onion, a block of cheese, a raw pork chop, a red onion and an orange bell pepper.",0 of 14,0.0,False,
63,,,"I need to gather the ingredients from the recipe: yellow potato, red hot pepper, white onion, block of cheese, and purple potato. I already have a white onion and block of cheese. I see a red hot pepper on the floor and a raw purple potato on the counter. I need to take the red hot pepper and the purple potato, and find a yellow potato if available.",take red hot pepper from floor,,You're carrying too many things already.,Kitchen,"You've just walked into a kitchen. You start to take note of what's in the room.

You make out a fridge. Now that's what I call TextWorld! The fridge is empty! This is the worst thing that could possibly happen, ever! You see an oven. You can see a table. You shudder, but continue examining the table. The table is massive. On the table you see a knife. You make out a counter. You see a raw purple potato, a red apple and a cookbook on the counter. You see a stove. But the thing is empty.

There is an open frosted-glass door leading east. You don't like doors? Why not try going north, that entranceway is not blocked by one.

There is a red hot pepper on the floor.","You are carrying: a white onion, a block of cheese, a raw pork chop, a red onion and an orange bell pepper.",0 of 14,0.0,False,
64,,,"I am carrying too many items, so I should drop some to free up space before taking the cookbook and checking the recipe.",drop white onion,,You drop the white onion on the ground.,Kitchen,"You've just walked into a kitchen. You start to take note of what's in the room.

You make out a fridge. Now that's what I call TextWorld! The fridge is empty! This is the worst thing that could possibly happen, ever! You see an oven. You can see a table. You shudder, but continue examining the table. The table is massive. On the table you see a knife. You make out a counter. You see a raw purple potato, a red apple and a cookbook on the counter. You see a stove. But the thing is empty.

There is an open frosted-glass door leading east. You don't like doors? Why not try going north, that entranceway is not blocked by one.

There is a white onion and a red hot pepper on the floor.","You are carrying: a block of cheese, a raw pork chop, a red onion and an orange bell pepper.",0 of 14,0.0,False,
65,,,I should examine the cookbook on the counter to find a recipe for a delicious meal.,examine cookbook,,"You open the copy of ""Cooking: A Modern Approach (3rd Ed.)"" and start reading:

Recipe #1
---------
Gather all following ingredients and follow the directions to prepare this tasty meal.

Ingredients:
yellow potato
  red hot pepper
  white onion
  block of cheese
  purple potato

Directions:
slice the yellow potato
  fry the yellow potato
  chop the red hot pepper
  grill the red hot pepper
  slice the white onion
  roast the white onion
  slice the block of cheese
  grill the block of cheese
  chop the purple potato
  fry the purple potato
  prepare meal",Kitchen,"You've just walked into a kitchen. You start to take note of what's in the room.

You make out a fridge. Now that's what I call TextWorld! The fridge is empty! This is the worst thing that could possibly happen, ever! You see an oven. You can see a table. You shudder, but continue examining the table. The table is massive. On the table you see a knife. You make out a counter. You see a raw purple potato, a red apple and a cookbook on the counter. You see a stove. But the thing is empty.

There is an open frosted-glass door leading east. You don't like doors? Why not try going north, that entranceway is not blocked by one.

There is a white onion and a red hot pepper on the floor.","You are carrying: a block of cheese, a raw pork chop, a red onion and an orange bell pepper.",0 of 14,0.0,False,
66,,,"I need to gather the ingredients from the recipe: yellow potato, red hot pepper, white onion, block of cheese, and purple potato. I already have the block of cheese. I see a white onion and a red hot pepper on the floor, and a raw purple potato on the counter. I need to find a yellow potato, which is not visible yet. I will take the white onion, red hot pepper, and purple potato first.","take white onion from floor, take red hot pepper from floor, take raw purple potato from counter",,You can't see any such thing.,Kitchen,"You've just walked into a kitchen. You start to take note of what's in the room.

You make out a fridge. Now that's what I call TextWorld! The fridge is empty! This is the worst thing that could possibly happen, ever! You see an oven. You can see a table. You shudder, but continue examining the table. The table is massive. On the table you see a knife. You make out a counter. You see a raw purple potato, a red apple and a cookbook on the counter. You see a stove. But the thing is empty.

There is an open frosted-glass door leading east. You don't like doors? Why not try going north, that entranceway is not blocked by one.

There is a white onion and a red hot pepper on the floor.","You are carrying: a block of cheese, a raw pork chop, a red onion and an orange bell pepper.",0 of 14,0.0,False,
67,,,I should examine the cookbook on the counter to find a recipe for a delicious meal.,examine cookbook,,"You open the copy of ""Cooking: A Modern Approach (3rd Ed.)"" and start reading:

Recipe #1
---------
Gather all following ingredients and follow the directions to prepare this tasty meal.

Ingredients:
yellow potato
  red hot pepper
  white onion
  block of cheese
  purple potato

Directions:
slice the yellow potato
  fry the yellow potato
  chop the red hot pepper
  grill the red hot pepper
  slice the white onion
  roast the white onion
  slice the block of cheese
  grill the block of cheese
  chop the purple potato
  fry the purple potato
  prepare meal",Kitchen,"You've just walked into a kitchen. You start to take note of what's in the room.

You make out a fridge. Now that's what I call TextWorld! The fridge is empty! This is the worst thing that could possibly happen, ever! You see an oven. You can see a table. You shudder, but continue examining the table. The table is massive. On the table you see a knife. You make out a counter. You see a raw purple potato, a red apple and a cookbook on the counter. You see a stove. But the thing is empty.

There is an open frosted-glass door leading east. You don't like doors? Why not try going north, that entranceway is not blocked by one.

There is a white onion and a red hot pepper on the floor.","You are carrying: a block of cheese, a raw pork chop, a red onion and an orange bell pepper.",0 of 14,0.0,False,
68,,,"I need to gather all the ingredients listed in the recipe: yellow potato, red hot pepper, white onion, block of cheese, and purple potato. I already have a block of cheese, but I need to take the yellow potato, red hot pepper, white onion, and purple potato from the kitchen. Then I will follow the recipe steps.",take yellow potato from counter,,You can't see any such thing.,Kitchen,"You've just walked into a kitchen. You start to take note of what's in the room.

You make out a fridge. Now that's what I call TextWorld! The fridge is empty! This is the worst thing that could possibly happen, ever! You see an oven. You can see a table. You shudder, but continue examining the table. The table is massive. On the table you see a knife. You make out a counter. You see a raw purple potato, a red apple and a cookbook on the counter. You see a stove. But the thing is empty.

There is an open frosted-glass door leading east. You don't like doors? Why not try going north, that entranceway is not blocked by one.

There is a white onion and a red hot pepper on the floor.","You are carrying: a block of cheese, a raw pork chop, a red onion and an orange bell pepper.",0 of 14,0.0,False,
69,,,I should examine the cookbook on the counter to find a recipe for a delicious meal.,examine cookbook,,"You open the copy of ""Cooking: A Modern Approach (3rd Ed.)"" and start reading:

Recipe #1
---------
Gather all following ingredients and follow the directions to prepare this tasty meal.

Ingredients:
yellow potato
  red hot pepper
  white onion
  block of cheese
  purple potato

Directions:
slice the yellow potato
  fry the yellow potato
  chop the red hot pepper
  grill the red hot pepper
  slice the white onion
  roast the white onion
  slice the block of cheese
  grill the block of cheese
  chop the purple potato
  fry the purple potato
  prepare meal",Kitchen,"You've just walked into a kitchen. You start to take note of what's in the room.

You make out a fridge. Now that's what I call TextWorld! The fridge is empty! This is the worst thing that could possibly happen, ever! You see an oven. You can see a table. You shudder, but continue examining the table. The table is massive. On the table you see a knife. You make out a counter. You see a raw purple potato, a red apple and a cookbook on the counter. You see a stove. But the thing is empty.

There is an open frosted-glass door leading east. You don't like doors? Why not try going north, that entranceway is not blocked by one.

There is a white onion and a red hot pepper on the floor.","You are carrying: a block of cheese, a raw pork chop, a red onion and an orange bell pepper.",0 of 14,0.0,False,
70,,,"I need to gather all the ingredients listed in the recipe: yellow potato, red hot pepper, white onion, block of cheese, and purple potato. I already have a block of cheese. I see a white onion and a red hot pepper on the floor, a raw purple potato on the counter, but no yellow potato. I will take the white onion, red hot pepper, and purple potato first, then look for the yellow potato.",take white onion from floor,,You pick up the white onion from the ground.,Kitchen,"You've just walked into a kitchen. You start to take note of what's in the room.

You make out a fridge. Now that's what I call TextWorld! The fridge is empty! This is the worst thing that could possibly happen, ever! You see an oven. You can see a table. You shudder, but continue examining the table. The table is massive. On the table you see a knife. You make out a counter. You see a raw purple potato, a red apple and a cookbook on the counter. You see a stove. But the thing is empty.

There is an open frosted-glass door leading east. You don't like doors? Why not try going north, that entranceway is not blocked by one.

There is a red hot pepper on the floor.","You are carrying: a white onion, a block of cheese, a raw pork chop, a red onion and an orange bell pepper.",0 of 14,0.0,False,
71,,,I should check the cookbook on the counter to find a recipe for a delicious meal.,examine cookbook,,"You open the copy of ""Cooking: A Modern Approach (3rd Ed.)"" and start reading:

Recipe #1
---------
Gather all following ingredients and follow the directions to prepare this tasty meal.

Ingredients:
yellow potato
  red hot pepper
  white onion
  block of cheese
  purple potato

Directions:
slice the yellow potato
  fry the yellow potato
  chop the red hot pepper
  grill the red hot pepper
  slice the white onion
  roast the white onion
  slice the block of cheese
  grill the block of cheese
  chop the purple potato
  fry the purple potato
  prepare meal",Kitchen,"You've just walked into a kitchen. You start to take note of what's in the room.

You make out a fridge. Now that's what I call TextWorld! The fridge is empty! This is the worst thing that could possibly happen, ever! You see an oven. You can see a table. You shudder, but continue examining the table. The table is massive. On the table you see a knife. You make out a counter. You see a raw purple potato, a red apple and a cookbook on the counter. You see a stove. But the thing is empty.

There is an open frosted-glass door leading east. You don't like doors? Why not try going north, that entranceway is not blocked by one.

There is a red hot pepper on the floor.","You are carrying: a white onion, a block of cheese, a raw pork chop, a red onion and an orange bell pepper.",0 of 14,0.0,False,
72,,,"I need to gather the ingredients from the recipe: yellow potato, red hot pepper, white onion, block of cheese, and purple potato. I already have the white onion and block of cheese in my inventory. I see a red hot pepper on the floor and a raw purple potato on the counter, so I should take those. I also need to find a yellow potato, which is not currently visible, so I will look around the kitchen to find it.",take red hot pepper from floor,,You're carrying too many things already.,Kitchen,"You've just walked into a kitchen. You start to take note of what's in the room.

You make out a fridge. Now that's what I call TextWorld! The fridge is empty! This is the worst thing that could possibly happen, ever! You see an oven. You can see a table. You shudder, but continue examining the table. The table is massive. On the table you see a knife. You make out a counter. You see a raw purple potato, a red apple and a cookbook on the counter. You see a stove. But the thing is empty.

There is an open frosted-glass door leading east. You don't like doors? Why not try going north, that entranceway is not blocked by one.

There is a red hot pepper on the floor.","You are carrying: a white onion, a block of cheese, a raw pork chop, a red onion and an orange bell pepper.",0 of 14,0.0,False,
73,,,"I am carrying too many items, so I should drop some to free up space before taking anything else. I will drop the block of cheese and the raw pork chop to lighten my load.",drop block of cheese; drop raw pork chop,,I only understood you as far as wanting to drop the block of cheese.,Kitchen,"You've just walked into a kitchen. You start to take note of what's in the room.

You make out a fridge. Now that's what I call TextWorld! The fridge is empty! This is the worst thing that could possibly happen, ever! You see an oven. You can see a table. You shudder, but continue examining the table. The table is massive. On the table you see a knife. You make out a counter. You see a raw purple potato, a red apple and a cookbook on the counter. You see a stove. But the thing is empty.

There is an open frosted-glass door leading east. You don't like doors? Why not try going north, that entranceway is not blocked by one.

There is a red hot pepper on the floor.","You are carrying: a white onion, a block of cheese, a raw pork chop, a red onion and an orange bell pepper.",0 of 14,0.0,False,
74,,,I should examine the cookbook on the counter to find a recipe for a delicious meal.,examine cookbook,,"You open the copy of ""Cooking: A Modern Approach (3rd Ed.)"" and start reading:

Recipe #1
---------
Gather all following ingredients and follow the directions to prepare this tasty meal.

Ingredients:
yellow potato
  red hot pepper
  white onion
  block of cheese
  purple potato

Directions:
slice the yellow potato
  fry the yellow potato
  chop the red hot pepper
  grill the red hot pepper
  slice the white onion
  roast the white onion
  slice the block of cheese
  grill the block of cheese
  chop the purple potato
  fry the purple potato
  prepare meal",Kitchen,"You've just walked into a kitchen. You start to take note of what's in the room.

You make out a fridge. Now that's what I call TextWorld! The fridge is empty! This is the worst thing that could possibly happen, ever! You see an oven. You can see a table. You shudder, but continue examining the table. The table is massive. On the table you see a knife. You make out a counter. You see a raw purple potato, a red apple and a cookbook on the counter. You see a stove. But the thing is empty.

There is an open frosted-glass door leading east. You don't like doors? Why not try going north, that entranceway is not blocked by one.

There is a red hot pepper on the floor.","You are carrying: a white onion, a block of cheese, a raw pork chop, a red onion and an orange bell pepper.",0 of 14,0.0,False,
75,,,"I need to gather the ingredients from the recipe: yellow potato, red hot pepper, white onion, block of cheese, and purple potato. I already have the white onion and block of cheese in my inventory. I see a red hot pepper on the floor and a raw purple potato on the counter. I should take the red hot pepper and the purple potato first, then find a yellow potato.",take red hot pepper from floor,,You're carrying too many things already.,Kitchen,"You've just walked into a kitchen. You start to take note of what's in the room.

You make out a fridge. Now that's what I call TextWorld! The fridge is empty! This is the worst thing that could possibly happen, ever! You see an oven. You can see a table. You shudder, but continue examining the table. The table is massive. On the table you see a knife. You make out a counter. You see a raw purple potato, a red apple and a cookbook on the counter. You see a stove. But the thing is empty.

There is an open frosted-glass door leading east. You don't like doors? Why not try going north, that entranceway is not blocked by one.

There is a red hot pepper on the floor.","You are carrying: a white onion, a block of cheese, a raw pork chop, a red onion and an orange bell pepper.",0 of 14,0.0,False,
76,,,"I am carrying too many items, so I should drop some to free up space before taking the cookbook and checking the recipe.",drop white onion,,You drop the white onion on the ground.,Kitchen,"You've just walked into a kitchen. You start to take note of what's in the room.

You make out a fridge. Now that's what I call TextWorld! The fridge is empty! This is the worst thing that could possibly happen, ever! You see an oven. You can see a table. You shudder, but continue examining the table. The table is massive. On the table you see a knife. You make out a counter. You see a raw purple potato, a red apple and a cookbook on the counter. You see a stove. But the thing is empty.

There is an open frosted-glass door leading east. You don't like doors? Why not try going north, that entranceway is not blocked by one.

There is a white onion and a red hot pepper on the floor.","You are carrying: a block of cheese, a raw pork chop, a red onion and an orange bell pepper.",0 of 14,0.0,False,
77,,,I should check the cookbook on the counter to find a recipe for a delicious meal.,examine cookbook,,"You open the copy of ""Cooking: A Modern Approach (3rd Ed.)"" and start reading:

Recipe #1
---------
Gather all following ingredients and follow the directions to prepare this tasty meal.

Ingredients:
yellow potato
  red hot pepper
  white onion
  block of cheese
  purple potato

Directions:
slice the yellow potato
  fry the yellow potato
  chop the red hot pepper
  grill the red hot pepper
  slice the white onion
  roast the white onion
  slice the block of cheese
  grill the block of cheese
  chop the purple potato
  fry the purple potato
  prepare meal",Kitchen,"You've just walked into a kitchen. You start to take note of what's in the room.

You make out a fridge. Now that's what I call TextWorld! The fridge is empty! This is the worst thing that could possibly happen, ever! You see an oven. You can see a table. You shudder, but continue examining the table. The table is massive. On the table you see a knife. You make out a counter. You see a raw purple potato, a red apple and a cookbook on the counter. You see a stove. But the thing is empty.

There is an open frosted-glass door leading east. You don't like doors? Why not try going north, that entranceway is not blocked by one.

There is a white onion and a red hot pepper on the floor.","You are carrying: a block of cheese, a raw pork chop, a red onion and an orange bell pepper.",0 of 14,0.0,False,
78,,,"I need to gather all the ingredients listed in the recipe: yellow potato, red hot pepper, white onion, block of cheese, and purple potato. I already have the block of cheese. I see a white onion and a red hot pepper on the floor, a raw purple potato on the counter, but I don't see a yellow potato. I will take the white onion, red hot pepper, and purple potato first, then look for the yellow potato.",take white onion from floor,,You pick up the white onion from the ground.,Kitchen,"You've just walked into a kitchen. You start to take note of what's in the room.

You make out a fridge. Now that's what I call TextWorld! The fridge is empty! This is the worst thing that could possibly happen, ever! You see an oven. You can see a table. You shudder, but continue examining the table. The table is massive. On the table you see a knife. You make out a counter. You see a raw purple potato, a red apple and a cookbook on the counter. You see a stove. But the thing is empty.

There is an open frosted-glass door leading east. You don't like doors? Why not try going north, that entranceway is not blocked by one.

There is a red hot pepper on the floor.","You are carrying: a white onion, a block of cheese, a raw pork chop, a red onion and an orange bell pepper.",0 of 14,0.0,False,
79,,,I should check the cookbook on the counter to find a recipe for a delicious meal.,examine cookbook,,"You open the copy of ""Cooking: A Modern Approach (3rd Ed.)"" and start reading:

Recipe #1
---------
Gather all following ingredients and follow the directions to prepare this tasty meal.

Ingredients:
yellow potato
  red hot pepper
  white onion
  block of cheese
  purple potato

Directions:
slice the yellow potato
  fry the yellow potato
  chop the red hot pepper
  grill the red hot pepper
  slice the white onion
  roast the white onion
  slice the block of cheese
  grill the block of cheese
  chop the purple potato
  fry the purple potato
  prepare meal",Kitchen,"You've just walked into a kitchen. You start to take note of what's in the room.

You make out a fridge. Now that's what I call TextWorld! The fridge is empty! This is the worst thing that could possibly happen, ever! You see an oven. You can see a table. You shudder, but continue examining the table. The table is massive. On the table you see a knife. You make out a counter. You see a raw purple potato, a red apple and a cookbook on the counter. You see a stove. But the thing is empty.

There is an open frosted-glass door leading east. You don't like doors? Why not try going north, that entranceway is not blocked by one.

There is a red hot pepper on the floor.","You are carrying: a white onion, a block of cheese, a raw pork chop, a red onion and an orange bell pepper.",0 of 14,0.0,False,
80,,,"I need to gather the ingredients from the recipe: yellow potato, red hot pepper, white onion, block of cheese, and purple potato. I already have the white onion and block of cheese in my inventory. I see a red hot pepper on the floor and a raw purple potato on the counter, so I should take those. I also need to find a yellow potato, which is not currently visible, so I will look around the kitchen to find it.",take red hot pepper from floor,,You're carrying too many things already.,Kitchen,"You've just walked into a kitchen. You start to take note of what's in the room.

You make out a fridge. Now that's what I call TextWorld! The fridge is empty! This is the worst thing that could possibly happen, ever! You see an oven. You can see a table. You shudder, but continue examining the table. The table is massive. On the table you see a knife. You make out a counter. You see a raw purple potato, a red apple and a cookbook on the counter. You see a stove. But the thing is empty.

There is an open frosted-glass door leading east. You don't like doors? Why not try going north, that entranceway is not blocked by one.

There is a red hot pepper on the floor.","You are carrying: a white onion, a block of cheese, a raw pork chop, a red onion and an orange bell pepper.",0 of 14,0.0,False,
81,,,"I am carrying too many items, so I should drop some to free up space before taking the cookbook to check the recipe.",drop white onion,,You drop the white onion on the ground.,Kitchen,"You've just walked into a kitchen. You start to take note of what's in the room.

You make out a fridge. Now that's what I call TextWorld! The fridge is empty! This is the worst thing that could possibly happen, ever! You see an oven. You can see a table. You shudder, but continue examining the table. The table is massive. On the table you see a knife. You make out a counter. You see a raw purple potato, a red apple and a cookbook on the counter. You see a stove. But the thing is empty.

There is an open frosted-glass door leading east. You don't like doors? Why not try going north, that entranceway is not blocked by one.

There is a white onion and a red hot pepper on the floor.","You are carrying: a block of cheese, a raw pork chop, a red onion and an orange bell pepper.",0 of 14,0.0,False,
82,,,I should examine the cookbook on the counter to find a recipe for a delicious meal.,examine cookbook,,"You open the copy of ""Cooking: A Modern Approach (3rd Ed.)"" and start reading:

Recipe #1
---------
Gather all following ingredients and follow the directions to prepare this tasty meal.

Ingredients:
yellow potato
  red hot pepper
  white onion
  block of cheese
  purple potato

Directions:
slice the yellow potato
  fry the yellow potato
  chop the red hot pepper
  grill the red hot pepper
  slice the white onion
  roast the white onion
  slice the block of cheese
  grill the block of cheese
  chop the purple potato
  fry the purple potato
  prepare meal",Kitchen,"You've just walked into a kitchen. You start to take note of what's in the room.

You make out a fridge. Now that's what I call TextWorld! The fridge is empty! This is the worst thing that could possibly happen, ever! You see an oven. You can see a table. You shudder, but continue examining the table. The table is massive. On the table you see a knife. You make out a counter. You see a raw purple potato, a red apple and a cookbook on the counter. You see a stove. But the thing is empty.

There is an open frosted-glass door leading east. You don't like doors? Why not try going north, that entranceway is not blocked by one.

There is a white onion and a red hot pepper on the floor.","You are carrying: a block of cheese, a raw pork chop, a red onion and an orange bell pepper.",0 of 14,0.0,False,
83,,,"I need to gather the ingredients from the recipe: yellow potato, red hot pepper, white onion, block of cheese, and purple potato. I already have the block of cheese. I see a white onion and a red hot pepper on the floor, a raw purple potato on the counter, but no yellow potato. I will take the white onion, red hot pepper, and purple potato first, then look for the yellow potato.",take white onion from floor,,You pick up the white onion from the ground.,Kitchen,"You've just walked into a kitchen. You start to take note of what's in the room.

You make out a fridge. Now that's what I call TextWorld! The fridge is empty! This is the worst thing that could possibly happen, ever! You see an oven. You can see a table. You shudder, but continue examining the table. The table is massive. On the table you see a knife. You make out a counter. You see a raw purple potato, a red apple and a cookbook on the counter. You see a stove. But the thing is empty.

There is an open frosted-glass door leading east. You don't like doors? Why not try going north, that entranceway is not blocked by one.

There is a red hot pepper on the floor.","You are carrying: a white onion, a block of cheese, a raw pork chop, a red onion and an orange bell pepper.",0 of 14,0.0,False,
84,,,I should check the cookbook on the counter to find a recipe for a delicious meal.,examine cookbook,,"You open the copy of ""Cooking: A Modern Approach (3rd Ed.)"" and start reading:

Recipe #1
---------
Gather all following ingredients and follow the directions to prepare this tasty meal.

Ingredients:
yellow potato
  red hot pepper
  white onion
  block of cheese
  purple potato

Directions:
slice the yellow potato
  fry the yellow potato
  chop the red hot pepper
  grill the red hot pepper
  slice the white onion
  roast the white onion
  slice the block of cheese
  grill the block of cheese
  chop the purple potato
  fry the purple potato
  prepare meal",Kitchen,"You've just walked into a kitchen. You start to take note of what's in the room.

You make out a fridge. Now that's what I call TextWorld! The fridge is empty! This is the worst thing that could possibly happen, ever! You see an oven. You can see a table. You shudder, but continue examining the table. The table is massive. On the table you see a knife. You make out a counter. You see a raw purple potato, a red apple and a cookbook on the counter. You see a stove. But the thing is empty.

There is an open frosted-glass door leading east. You don't like doors? Why not try going north, that entranceway is not blocked by one.

There is a red hot pepper on the floor.","You are carrying: a white onion, a block of cheese, a raw pork chop, a red onion and an orange bell pepper.",0 of 14,0.0,False,
85,,,"I need to gather the ingredients from the recipe: yellow potato, red hot pepper, white onion, block of cheese, and purple potato. I already have a white onion and block of cheese. I see a red hot pepper on the floor and a raw purple potato on the counter. I should take the red hot pepper and the purple potato first, then find a yellow potato.",take red hot pepper from floor,,You're carrying too many things already.,Kitchen,"You've just walked into a kitchen. You start to take note of what's in the room.

You make out a fridge. Now that's what I call TextWorld! The fridge is empty! This is the worst thing that could possibly happen, ever! You see an oven. You can see a table. You shudder, but continue examining the table. The table is massive. On the table you see a knife. You make out a counter. You see a raw purple potato, a red apple and a cookbook on the counter. You see a stove. But the thing is empty.

There is an open frosted-glass door leading east. You don't like doors? Why not try going north, that entranceway is not blocked by one.

There is a red hot pepper on the floor.","You are carrying: a white onion, a block of cheese, a raw pork chop, a red onion and an orange bell pepper.",0 of 14,0.0,False,
86,,,"I am carrying too many items, so I should drop some to free up space. I will drop the white onion and the red onion to start with.","drop white onion, drop red onion",,You can't see any such thing.,Kitchen,"You've just walked into a kitchen. You start to take note of what's in the room.

You make out a fridge. Now that's what I call TextWorld! The fridge is empty! This is the worst thing that could possibly happen, ever! You see an oven. You can see a table. You shudder, but continue examining the table. The table is massive. On the table you see a knife. You make out a counter. You see a raw purple potato, a red apple and a cookbook on the counter. You see a stove. But the thing is empty.

There is an open frosted-glass door leading east. You don't like doors? Why not try going north, that entranceway is not blocked by one.

There is a red hot pepper on the floor.","You are carrying: a white onion, a block of cheese, a raw pork chop, a red onion and an orange bell pepper.",0 of 14,0.0,False,
87,,,I should examine the cookbook on the counter to find a recipe for a delicious meal.,examine cookbook,,"You open the copy of ""Cooking: A Modern Approach (3rd Ed.)"" and start reading:

Recipe #1
---------
Gather all following ingredients and follow the directions to prepare this tasty meal.

Ingredients:
yellow potato
  red hot pepper
  white onion
  block of cheese
  purple potato

Directions:
slice the yellow potato
  fry the yellow potato
  chop the red hot pepper
  grill the red hot pepper
  slice the white onion
  roast the white onion
  slice the block of cheese
  grill the block of cheese
  chop the purple potato
  fry the purple potato
  prepare meal",Kitchen,"You've just walked into a kitchen. You start to take note of what's in the room.

You make out a fridge. Now that's what I call TextWorld! The fridge is empty! This is the worst thing that could possibly happen, ever! You see an oven. You can see a table. You shudder, but continue examining the table. The table is massive. On the table you see a knife. You make out a counter. You see a raw purple potato, a red apple and a cookbook on the counter. You see a stove. But the thing is empty.

There is an open frosted-glass door leading east. You don't like doors? Why not try going north, that entranceway is not blocked by one.

There is a red hot pepper on the floor.","You are carrying: a white onion, a block of cheese, a raw pork chop, a red onion and an orange bell pepper.",0 of 14,0.0,False,
88,,,"I need to gather the ingredients from the recipe: yellow potato, red hot pepper, white onion, block of cheese, and purple potato. I already have a white onion and block of cheese in my inventory. I see a red hot pepper on the floor and a raw purple potato on the counter, so I should take those. I also need to find a yellow potato, which is not currently visible, so I will look around the kitchen to find it.",take red hot pepper from floor,,You're carrying too many things already.,Kitchen,"You've just walked into a kitchen. You start to take note of what's in the room.

You make out a fridge. Now that's what I call TextWorld! The fridge is empty! This is the worst thing that could possibly happen, ever! You see an oven. You can see a table. You shudder, but continue examining the table. The table is massive. On the table you see a knife. You make out a counter. You see a raw purple potato, a red apple and a cookbook on the counter. You see a stove. But the thing is empty.

There is an open frosted-glass door leading east. You don't like doors? Why not try going north, that entranceway is not blocked by one.

There is a red hot pepper on the floor.","You are carrying: a white onion, a block of cheese, a raw pork chop, a red onion and an orange bell pepper.",0 of 14,0.0,False,
89,,,"I am carrying too many items, so I should drop some to free up space before taking the cookbook to check the recipe.",drop white onion,,You drop the white onion on the ground.,Kitchen,"You've just walked into a kitchen. You start to take note of what's in the room.

You make out a fridge. Now that's what I call TextWorld! The fridge is empty! This is the worst thing that could possibly happen, ever! You see an oven. You can see a table. You shudder, but continue examining the table. The table is massive. On the table you see a knife. You make out a counter. You see a raw purple potato, a red apple and a cookbook on the counter. You see a stove. But the thing is empty.

There is an open frosted-glass door leading east. You don't like doors? Why not try going north, that entranceway is not blocked by one.

There is a white onion and a red hot pepper on the floor.","You are carrying: a block of cheese, a raw pork chop, a red onion and an orange bell pepper.",0 of 14,0.0,False,
90,,,I should examine the cookbook on the counter to find a recipe for a delicious meal.,examine cookbook,,"You open the copy of ""Cooking: A Modern Approach (3rd Ed.)"" and start reading:

Recipe #1
---------
Gather all following ingredients and follow the directions to prepare this tasty meal.

Ingredients:
yellow potato
  red hot pepper
  white onion
  block of cheese
  purple potato

Directions:
slice the yellow potato
  fry the yellow potato
  chop the red hot pepper
  grill the red hot pepper
  slice the white onion
  roast the white onion
  slice the block of cheese
  grill the block of cheese
  chop the purple potato
  fry the purple potato
  prepare meal",Kitchen,"You've just walked into a kitchen. You start to take note of what's in the room.

You make out a fridge. Now that's what I call TextWorld! The fridge is empty! This is the worst thing that could possibly happen, ever! You see an oven. You can see a table. You shudder, but continue examining the table. The table is massive. On the table you see a knife. You make out a counter. You see a raw purple potato, a red apple and a cookbook on the counter. You see a stove. But the thing is empty.

There is an open frosted-glass door leading east. You don't like doors? Why not try going north, that entranceway is not blocked by one.

There is a white onion and a red hot pepper on the floor.","You are carrying: a block of cheese, a raw pork chop, a red onion and an orange bell pepper.",0 of 14,0.0,False,
91,,,"I need to gather all the ingredients from the kitchen and floor as per the recipe: yellow potato, red hot pepper, white onion, block of cheese, and purple potato. I already have the block of cheese. I will take the yellow potato, red hot pepper, white onion, and purple potato from the floor and counter.",take yellow potato from counter,,You can't see any such thing.,Kitchen,"You've just walked into a kitchen. You start to take note of what's in the room.

You make out a fridge. Now that's what I call TextWorld! The fridge is empty! This is the worst thing that could possibly happen, ever! You see an oven. You can see a table. You shudder, but continue examining the table. The table is massive. On the table you see a knife. You make out a counter. You see a raw purple potato, a red apple and a cookbook on the counter. You see a stove. But the thing is empty.

There is an open frosted-glass door leading east. You don't like doors? Why not try going north, that entranceway is not blocked by one.

There is a white onion and a red hot pepper on the floor.","You are carrying: a block of cheese, a raw pork chop, a red onion and an orange bell pepper.",0 of 14,0.0,False,
92,,,I should examine the cookbook on the counter to find a recipe for a delicious meal.,examine cookbook,,"You open the copy of ""Cooking: A Modern Approach (3rd Ed.)"" and start reading:

Recipe #1
---------
Gather all following ingredients and follow the directions to prepare this tasty meal.

Ingredients:
yellow potato
  red hot pepper
  white onion
  block of cheese
  purple potato

Directions:
slice the yellow potato
  fry the yellow potato
  chop the red hot pepper
  grill the red hot pepper
  slice the white onion
  roast the white onion
  slice the block of cheese
  grill the block of cheese
  chop the purple potato
  fry the purple potato
  prepare meal",Kitchen,"You've just walked into a kitchen. You start to take note of what's in the room.

You make out a fridge. Now that's what I call TextWorld! The fridge is empty! This is the worst thing that could possibly happen, ever! You see an oven. You can see a table. You shudder, but continue examining the table. The table is massive. On the table you see a knife. You make out a counter. You see a raw purple potato, a red apple and a cookbook on the counter. You see a stove. But the thing is empty.

There is an open frosted-glass door leading east. You don't like doors? Why not try going north, that entranceway is not blocked by one.

There is a white onion and a red hot pepper on the floor.","You are carrying: a block of cheese, a raw pork chop, a red onion and an orange bell pepper.",0 of 14,0.0,False,
93,,,"I need to gather the ingredients from the recipe: yellow potato, red hot pepper, white onion, block of cheese, and purple potato. I already have the block of cheese, but I need to take the yellow potato, red hot pepper, white onion, and purple potato from the kitchen. Then I will follow the recipe steps.",take yellow potato from counter,,You can't see any such thing.,Kitchen,"You've just walked into a kitchen. You start to take note of what's in the room.

You make out a fridge. Now that's what I call TextWorld! The fridge is empty! This is the worst thing that could possibly happen, ever! You see an oven. You can see a table. You shudder, but continue examining the table. The table is massive. On the table you see a knife. You make out a counter. You see a raw purple potato, a red apple and a cookbook on the counter. You see a stove. But the thing is empty.

There is an open frosted-glass door leading east. You don't like doors? Why not try going north, that entranceway is not blocked by one.

There is a white onion and a red hot pepper on the floor.","You are carrying: a block of cheese, a raw pork chop, a red onion and an orange bell pepper.",0 of 14,0.0,False,
94,,,I should examine the cookbook on the counter to find a recipe for a delicious meal.,examine cookbook,,"You open the copy of ""Cooking: A Modern Approach (3rd Ed.)"" and start reading:

Recipe #1
---------
Gather all following ingredients and follow the directions to prepare this tasty meal.

Ingredients:
yellow potato
  red hot pepper
  white onion
  block of cheese
  purple potato

Directions:
slice the yellow potato
  fry the yellow potato
  chop the red hot pepper
  grill the red hot pepper
  slice the white onion
  roast the white onion
  slice the block of cheese
  grill the block of cheese
  chop the purple potato
  fry the purple potato
  prepare meal",Kitchen,"You've just walked into a kitchen. You start to take note of what's in the room.

You make out a fridge. Now that's what I call TextWorld! The fridge is empty! This is the worst thing that could possibly happen, ever! You see an oven. You can see a table. You shudder, but continue examining the table. The table is massive. On the table you see a knife. You make out a counter. You see a raw purple potato, a red apple and a cookbook on the counter. You see a stove. But the thing is empty.

There is an open frosted-glass door leading east. You don't like doors? Why not try going north, that entranceway is not blocked by one.

There is a white onion and a red hot pepper on the floor.","You are carrying: a block of cheese, a raw pork chop, a red onion and an orange bell pepper.",0 of 14,0.0,False,
95,,,"I need to gather the ingredients from the recipe: yellow potato, red hot pepper, white onion, block of cheese, and purple potato. I already have the block of cheese. I see a white onion and a red hot pepper on the floor, a raw purple potato on the counter, but no yellow potato. I will take the white onion, red hot pepper, and purple potato first, then look around for the yellow potato.",take white onion from floor,,You pick up the white onion from the ground.,Kitchen,"You've just walked into a kitchen. You start to take note of what's in the room.

You make out a fridge. Now that's what I call TextWorld! The fridge is empty! This is the worst thing that could possibly happen, ever! You see an oven. You can see a table. You shudder, but continue examining the table. The table is massive. On the table you see a knife. You make out a counter. You see a raw purple potato, a red apple and a cookbook on the counter. You see a stove. But the thing is empty.

There is an open frosted-glass door leading east. You don't like doors? Why not try going north, that entranceway is not blocked by one.

There is a red hot pepper on the floor.","You are carrying: a white onion, a block of cheese, a raw pork chop, a red onion and an orange bell pepper.",0 of 14,0.0,False,
96,,,I should examine the cookbook on the counter to find a recipe for a delicious meal.,examine cookbook,,"You open the copy of ""Cooking: A Modern Approach (3rd Ed.)"" and start reading:

Recipe #1
---------
Gather all following ingredients and follow the directions to prepare this tasty meal.

Ingredients:
yellow potato
  red hot pepper
  white onion
  block of cheese
  purple potato

Directions:
slice the yellow potato
  fry the yellow potato
  chop the red hot pepper
  grill the red hot pepper
  slice the white onion
  roast the white onion
  slice the block of cheese
  grill the block of cheese
  chop the purple potato
  fry the purple potato
  prepare meal",Kitchen,"You've just walked into a kitchen. You start to take note of what's in the room.

You make out a fridge. Now that's what I call TextWorld! The fridge is empty! This is the worst thing that could possibly happen, ever! You see an oven. You can see a table. You shudder, but continue examining the table. The table is massive. On the table you see a knife. You make out a counter. You see a raw purple potato, a red apple and a cookbook on the counter. You see a stove. But the thing is empty.

There is an open frosted-glass door leading east. You don't like doors? Why not try going north, that entranceway is not blocked by one.

There is a red hot pepper on the floor.","You are carrying: a white onion, a block of cheese, a raw pork chop, a red onion and an orange bell pepper.",0 of 14,0.0,False,
97,,,"I need to gather the ingredients from the recipe that I don't have yet. I already have a white onion and a block of cheese, but I need to take the yellow potato and purple potato from the counter and the red hot pepper from the floor. Then I can start preparing the meal according to the recipe.",take yellow potato from counter,,You can't see any such thing.,Kitchen,"You've just walked into a kitchen. You start to take note of what's in the room.

You make out a fridge. Now that's what I call TextWorld! The fridge is empty! This is the worst thing that could possibly happen, ever! You see an oven. You can see a table. You shudder, but continue examining the table. The table is massive. On the table you see a knife. You make out a counter. You see a raw purple potato, a red apple and a cookbook on the counter. You see a stove. But the thing is empty.

There is an open frosted-glass door leading east. You don't like doors? Why not try going north, that entranceway is not blocked by one.

There is a red hot pepper on the floor.","You are carrying: a white onion, a block of cheese, a raw pork chop, a red onion and an orange bell pepper.",0 of 14,0.0,False,
98,,,I should examine the cookbook on the counter to find a recipe for a delicious meal.,examine cookbook,,"You open the copy of ""Cooking: A Modern Approach (3rd Ed.)"" and start reading:

Recipe #1
---------
Gather all following ingredients and follow the directions to prepare this tasty meal.

Ingredients:
yellow potato
  red hot pepper
  white onion
  block of cheese
  purple potato

Directions:
slice the yellow potato
  fry the yellow potato
  chop the red hot pepper
  grill the red hot pepper
  slice the white onion
  roast the white onion
  slice the block of cheese
  grill the block of cheese
  chop the purple potato
  fry the purple potato
  prepare meal",Kitchen,"You've just walked into a kitchen. You start to take note of what's in the room.

You make out a fridge. Now that's what I call TextWorld! The fridge is empty! This is the worst thing that could possibly happen, ever! You see an oven. You can see a table. You shudder, but continue examining the table. The table is massive. On the table you see a knife. You make out a counter. You see a raw purple potato, a red apple and a cookbook on the counter. You see a stove. But the thing is empty.

There is an open frosted-glass door leading east. You don't like doors? Why not try going north, that entranceway is not blocked by one.

There is a red hot pepper on the floor.","You are carrying: a white onion, a block of cheese, a raw pork chop, a red onion and an orange bell pepper.",0 of 14,0.0,False,
99,,,"I need to gather the ingredients from the recipe that I don't have yet. I already have a white onion and a block of cheese, but I need to take the yellow potato and purple potato from the counter and the red hot pepper from the floor. Then I can start preparing the meal according to the recipe.",take yellow potato from counter,,You can't see any such thing.,Kitchen,"You've just walked into a kitchen. You start to take note of what's in the room.

You make out a fridge. Now that's what I call TextWorld! The fridge is empty! This is the worst thing that could possibly happen, ever! You see an oven. You can see a table. You shudder, but continue examining the table. The table is massive. On the table you see a knife. You make out a counter. You see a raw purple potato, a red apple and a cookbook on the counter. You see a stove. But the thing is empty.

There is an open frosted-glass door leading east. You don't like doors? Why not try going north, that entranceway is not blocked by one.

There is a red hot pepper on the floor.","You are carrying: a white onion, a block of cheese, a raw pork chop, a red onion and an orange bell pepper.",0 of 14,0.0,False,
100,,,I should examine the cookbook on the counter to find a recipe for a delicious meal.,examine cookbook,,"You open the copy of ""Cooking: A Modern Approach (3rd Ed.)"" and start reading:

Recipe #1
---------
Gather all following ingredients and follow the directions to prepare this tasty meal.

Ingredients:
yellow potato
  red hot pepper
  white onion
  block of cheese
  purple potato

Directions:
slice the yellow potato
  fry the yellow potato
  chop the red hot pepper
  grill the red hot pepper
  slice the white onion
  roast the white onion
  slice the block of cheese
  grill the block of cheese
  chop the purple potato
  fry the purple potato
  prepare meal",Kitchen,"You've just walked into a kitchen. You start to take note of what's in the room.

You make out a fridge. Now that's what I call TextWorld! The fridge is empty! This is the worst thing that could possibly happen, ever! You see an oven. You can see a table. You shudder, but continue examining the table. The table is massive. On the table you see a knife. You make out a counter. You see a raw purple potato, a red apple and a cookbook on the counter. You see a stove. But the thing is empty.

There is an open frosted-glass door leading east. You don't like doors? Why not try going north, that entranceway is not blocked by one.

There is a red hot pepper on the floor.","You are carrying: a white onion, a block of cheese, a raw pork chop, a red onion and an orange bell pepper.",0 of 14,0.0,True,
