step_id,plan,summary,thought,action,task,feedback,location,description,inventory,score,reward,is_done,error
0,,,,,"You are hungry! Let's cook a delicious meal. Check the cookbook in the kitchen for the recipe. Once done, enjoy your meal!",,Livingroom,"Well I'll be, you are in the place we're calling the livingroom. Let's see what's in here.

You see a sofa. The sofa is comfy. But there isn't a thing on it.

You don't like doors? Why not try going east, that entranceway is not blocked by one. There is an exit to the west.","You are carrying: a red apple, a raw red potato, a white onion, a raw purple potato and a red onion.",0 of 16,0.0,False,
1,,,I should go east to the kitchen to check the cookbook for the recipe.,go east,,"You find yourself in a kitchen. A normal kind of place. You decide to start listing off everything you see in the room, as if you were in a text adventure.

Hey, want to see a fridge? Look over there, a fridge. You see an oven. Look out! It's a- oh, never mind, it's just a table. But the thing is empty. As if things weren't amazing enough already, you can even see a counter. The counter is vast. On the counter you see a banana, a raw yellow potato, a yellow bell pepper, a cookbook and a knife. Wow! Just like in the movies! You can make out a stove. But oh no! there's nothing on this piece of junk. What, you think everything in TextWorld should have stuff on it?

There is a closed plain door leading east. There is an exit to the west.",Kitchen,"You find yourself in a kitchen. A normal kind of place. You decide to start listing off everything you see in the room, as if you were in a text adventure.

Hey, want to see a fridge? Look over there, a fridge. You see an oven. Look out! It's a- oh, never mind, it's just a table. But the thing is empty. As if things weren't amazing enough already, you can even see a counter. The counter is vast. On the counter you see a banana, a raw yellow potato, a yellow bell pepper, a cookbook and a knife. Wow! Just like in the movies! You can make out a stove. But oh no! there's nothing on this piece of junk. What, you think everything in TextWorld should have stuff on it?

There is a closed plain door leading east. There is an exit to the west.","You are carrying: a red apple, a raw red potato, a white onion, a raw purple potato and a red onion.",0 of 16,0.0,False,
2,,,I should examine the cookbook on the counter to find a recipe for a delicious meal.,examine cookbook,,"You open the copy of ""Cooking: A Modern Approach (3rd Ed.)"" and start reading:

Recipe #1
---------
Gather all following ingredients and follow the directions to prepare this tasty meal.

Ingredients:
banana
  red apple
  block of cheese
  orange bell pepper
  pork chop

Directions:
chop the banana
  grill the banana
  slice the red apple
  roast the red apple
  dice the block of cheese
  grill the block of cheese
  chop the orange bell pepper
  grill the orange bell pepper
  dice the pork chop
  grill the pork chop
  prepare meal",Kitchen,"You find yourself in a kitchen. A normal kind of place. You decide to start listing off everything you see in the room, as if you were in a text adventure.

Hey, want to see a fridge? Look over there, a fridge. You see an oven. Look out! It's a- oh, never mind, it's just a table. But the thing is empty. As if things weren't amazing enough already, you can even see a counter. The counter is vast. On the counter you see a banana, a raw yellow potato, a yellow bell pepper, a cookbook and a knife. Wow! Just like in the movies! You can make out a stove. But oh no! there's nothing on this piece of junk. What, you think everything in TextWorld should have stuff on it?

There is a closed plain door leading east. There is an exit to the west.","You are carrying: a red apple, a raw red potato, a white onion, a raw purple potato and a red onion.",0 of 16,0.0,False,
3,,,"I need to gather the ingredients from the recipe: banana, red apple, block of cheese, orange bell pepper, and pork chop. I already have a red apple, so I should take the banana and orange bell pepper from the counter first.",take banana from counter,,You're carrying too many things already.,Kitchen,"You find yourself in a kitchen. A normal kind of place. You decide to start listing off everything you see in the room, as if you were in a text adventure.

Hey, want to see a fridge? Look over there, a fridge. You see an oven. Look out! It's a- oh, never mind, it's just a table. But the thing is empty. As if things weren't amazing enough already, you can even see a counter. The counter is vast. On the counter you see a banana, a raw yellow potato, a yellow bell pepper, a cookbook and a knife. Wow! Just like in the movies! You can make out a stove. But oh no! there's nothing on this piece of junk. What, you think everything in TextWorld should have stuff on it?

There is a closed plain door leading east. There is an exit to the west.","You are carrying: a red apple, a raw red potato, a white onion, a raw purple potato and a red onion.",0 of 16,0.0,False,
4,,,"I am carrying too many items already, so I should drop some items to free up space before taking the cookbook to check the recipe.",drop raw purple potato,,You drop the purple potato on the ground.,Kitchen,"You find yourself in a kitchen. A normal kind of place. You decide to start listing off everything you see in the room, as if you were in a text adventure.

Hey, want to see a fridge? Look over there, a fridge. You see an oven. Look out! It's a- oh, never mind, it's just a table. But the thing is empty. As if things weren't amazing enough already, you can even see a counter. The counter is vast. On the counter you see a banana, a raw yellow potato, a yellow bell pepper, a cookbook and a knife. Wow! Just like in the movies! You can make out a stove. But oh no! there's nothing on this piece of junk. What, you think everything in TextWorld should have stuff on it?

There is a closed plain door leading east. There is an exit to the west.

There is a raw purple potato on the floor.","You are carrying: a red apple, a raw red potato, a white onion and a red onion.",0 of 16,0.0,False,
5,,,I should examine the cookbook on the counter to find a recipe for a delicious meal.,examine cookbook,,"You open the copy of ""Cooking: A Modern Approach (3rd Ed.)"" and start reading:

Recipe #1
---------
Gather all following ingredients and follow the directions to prepare this tasty meal.

Ingredients:
banana
  red apple
  block of cheese
  orange bell pepper
  pork chop

Directions:
chop the banana
  grill the banana
  slice the red apple
  roast the red apple
  dice the block of cheese
  grill the block of cheese
  chop the orange bell pepper
  grill the orange bell pepper
  dice the pork chop
  grill the pork chop
  prepare meal",Kitchen,"You find yourself in a kitchen. A normal kind of place. You decide to start listing off everything you see in the room, as if you were in a text adventure.

Hey, want to see a fridge? Look over there, a fridge. You see an oven. Look out! It's a- oh, never mind, it's just a table. But the thing is empty. As if things weren't amazing enough already, you can even see a counter. The counter is vast. On the counter you see a banana, a raw yellow potato, a yellow bell pepper, a cookbook and a knife. Wow! Just like in the movies! You can make out a stove. But oh no! there's nothing on this piece of junk. What, you think everything in TextWorld should have stuff on it?

There is a closed plain door leading east. There is an exit to the west.

There is a raw purple potato on the floor.","You are carrying: a red apple, a raw red potato, a white onion and a red onion.",0 of 16,0.0,False,
6,,,"I need to gather the ingredients from the recipe: banana, red apple, block of cheese, orange bell pepper, and pork chop. I already have a red apple, so I should take the banana and orange bell pepper from the counter first.",take banana from counter,,"You take the banana from the counter.



Your score has just gone up by one point.",Kitchen,"You find yourself in a kitchen. A normal kind of place. You decide to start listing off everything you see in the room, as if you were in a text adventure.

Hey, want to see a fridge? Look over there, a fridge. You see an oven. Look out! It's a- oh, never mind, it's just a table. But the thing is empty. As if things weren't amazing enough already, you can even see a counter. The counter is vast. On the counter you see a raw yellow potato, a yellow bell pepper, a cookbook and a knife. Wow! Just like in the movies! You can make out a stove. But oh no! there's nothing on this piece of junk. What, you think everything in TextWorld should have stuff on it?

There is a closed plain door leading east. There is an exit to the west.

There is a raw purple potato on the floor.","You are carrying: a banana, a red apple, a raw red potato, a white onion and a red onion.",1 of 16,0.0625,False,
7,,,I should examine the cookbook to find a recipe for a delicious meal.,examine cookbook,,"You open the copy of ""Cooking: A Modern Approach (3rd Ed.)"" and start reading:

Recipe #1
---------
Gather all following ingredients and follow the directions to prepare this tasty meal.

Ingredients:
banana
  red apple
  block of cheese
  orange bell pepper
  pork chop

Directions:
chop the banana
  grill the banana
  slice the red apple
  roast the red apple
  dice the block of cheese
  grill the block of cheese
  chop the orange bell pepper
  grill the orange bell pepper
  dice the pork chop
  grill the pork chop
  prepare meal",Kitchen,"You find yourself in a kitchen. A normal kind of place. You decide to start listing off everything you see in the room, as if you were in a text adventure.

Hey, want to see a fridge? Look over there, a fridge. You see an oven. Look out! It's a- oh, never mind, it's just a table. But the thing is empty. As if things weren't amazing enough already, you can even see a counter. The counter is vast. On the counter you see a raw yellow potato, a yellow bell pepper, a cookbook and a knife. Wow! Just like in the movies! You can make out a stove. But oh no! there's nothing on this piece of junk. What, you think everything in TextWorld should have stuff on it?

There is a closed plain door leading east. There is an exit to the west.

There is a raw purple potato on the floor.","You are carrying: a banana, a red apple, a raw red potato, a white onion and a red onion.",1 of 16,0.0625,False,
8,,,"I need to gather the ingredients from the recipe: banana, red apple, block of cheese, orange bell pepper, and pork chop. I already have a banana and a red apple. I should look around the kitchen and check the fridge to find the block of cheese, orange bell pepper, and pork chop.",go east,,You have to open the plain door first.,Kitchen,"You find yourself in a kitchen. A normal kind of place. You decide to start listing off everything you see in the room, as if you were in a text adventure.

Hey, want to see a fridge? Look over there, a fridge. You see an oven. Look out! It's a- oh, never mind, it's just a table. But the thing is empty. As if things weren't amazing enough already, you can even see a counter. The counter is vast. On the counter you see a raw yellow potato, a yellow bell pepper, a cookbook and a knife. Wow! Just like in the movies! You can make out a stove. But oh no! there's nothing on this piece of junk. What, you think everything in TextWorld should have stuff on it?

There is a closed plain door leading east. There is an exit to the west.

There is a raw purple potato on the floor.","You are carrying: a banana, a red apple, a raw red potato, a white onion and a red onion.",1 of 16,0.0625,False,
9,,,I need to open the plain door leading east to proceed with checking the cookbook for the recipe.,open plain door,,You open plain door.,Kitchen,"You find yourself in a kitchen. A normal kind of place. You decide to start listing off everything you see in the room, as if you were in a text adventure.

Hey, want to see a fridge? Look over there, a fridge. You see an oven. Look out! It's a- oh, never mind, it's just a table. But the thing is empty. As if things weren't amazing enough already, you can even see a counter. The counter is vast. On the counter you see a raw yellow potato, a yellow bell pepper, a cookbook and a knife. Wow! Just like in the movies! You can make out a stove. But oh no! there's nothing on this piece of junk. What, you think everything in TextWorld should have stuff on it?

There is an open plain door leading east. There is an exit to the west.

There is a raw purple potato on the floor.","You are carrying: a banana, a red apple, a raw red potato, a white onion and a red onion.",1 of 16,0.0625,False,
10,,,I should examine the cookbook on the counter to find the recipe for a delicious meal.,examine cookbook,,"You open the copy of ""Cooking: A Modern Approach (3rd Ed.)"" and start reading:

Recipe #1
---------
Gather all following ingredients and follow the directions to prepare this tasty meal.

Ingredients:
banana
  red apple
  block of cheese
  orange bell pepper
  pork chop

Directions:
chop the banana
  grill the banana
  slice the red apple
  roast the red apple
  dice the block of cheese
  grill the block of cheese
  chop the orange bell pepper
  grill the orange bell pepper
  dice the pork chop
  grill the pork chop
  prepare meal",Kitchen,"You find yourself in a kitchen. A normal kind of place. You decide to start listing off everything you see in the room, as if you were in a text adventure.

Hey, want to see a fridge? Look over there, a fridge. You see an oven. Look out! It's a- oh, never mind, it's just a table. But the thing is empty. As if things weren't amazing enough already, you can even see a counter. The counter is vast. On the counter you see a raw yellow potato, a yellow bell pepper, a cookbook and a knife. Wow! Just like in the movies! You can make out a stove. But oh no! there's nothing on this piece of junk. What, you think everything in TextWorld should have stuff on it?

There is an open plain door leading east. There is an exit to the west.

There is a raw purple potato on the floor.","You are carrying: a banana, a red apple, a raw red potato, a white onion and a red onion.",1 of 16,0.0625,False,
11,,,"I need to gather the ingredients from the recipe: banana, red apple, block of cheese, orange bell pepper, and pork chop. I already have a banana and a red apple. I should look around the kitchen to find the block of cheese, orange bell pepper, and pork chop.",look around kitchen,,You can't see any such thing.,Kitchen,"You find yourself in a kitchen. A normal kind of place. You decide to start listing off everything you see in the room, as if you were in a text adventure.

Hey, want to see a fridge? Look over there, a fridge. You see an oven. Look out! It's a- oh, never mind, it's just a table. But the thing is empty. As if things weren't amazing enough already, you can even see a counter. The counter is vast. On the counter you see a raw yellow potato, a yellow bell pepper, a cookbook and a knife. Wow! Just like in the movies! You can make out a stove. But oh no! there's nothing on this piece of junk. What, you think everything in TextWorld should have stuff on it?

There is an open plain door leading east. There is an exit to the west.

There is a raw purple potato on the floor.","You are carrying: a banana, a red apple, a raw red potato, a white onion and a red onion.",1 of 16,0.0625,False,
12,,,I should examine the cookbook on the counter to check the recipe for a delicious meal.,examine cookbook,,"You open the copy of ""Cooking: A Modern Approach (3rd Ed.)"" and start reading:

Recipe #1
---------
Gather all following ingredients and follow the directions to prepare this tasty meal.

Ingredients:
banana
  red apple
  block of cheese
  orange bell pepper
  pork chop

Directions:
chop the banana
  grill the banana
  slice the red apple
  roast the red apple
  dice the block of cheese
  grill the block of cheese
  chop the orange bell pepper
  grill the orange bell pepper
  dice the pork chop
  grill the pork chop
  prepare meal",Kitchen,"You find yourself in a kitchen. A normal kind of place. You decide to start listing off everything you see in the room, as if you were in a text adventure.

Hey, want to see a fridge? Look over there, a fridge. You see an oven. Look out! It's a- oh, never mind, it's just a table. But the thing is empty. As if things weren't amazing enough already, you can even see a counter. The counter is vast. On the counter you see a raw yellow potato, a yellow bell pepper, a cookbook and a knife. Wow! Just like in the movies! You can make out a stove. But oh no! there's nothing on this piece of junk. What, you think everything in TextWorld should have stuff on it?

There is an open plain door leading east. There is an exit to the west.

There is a raw purple potato on the floor.","You are carrying: a banana, a red apple, a raw red potato, a white onion and a red onion.",1 of 16,0.0625,False,
13,,,"I need to gather the ingredients from the recipe: banana, red apple, block of cheese, orange bell pepper, and pork chop. I already have a banana and a red apple. I should look around the kitchen to find the block of cheese, orange bell pepper, and pork chop.",look around kitchen,,You can't see any such thing.,Kitchen,"You find yourself in a kitchen. A normal kind of place. You decide to start listing off everything you see in the room, as if you were in a text adventure.

Hey, want to see a fridge? Look over there, a fridge. You see an oven. Look out! It's a- oh, never mind, it's just a table. But the thing is empty. As if things weren't amazing enough already, you can even see a counter. The counter is vast. On the counter you see a raw yellow potato, a yellow bell pepper, a cookbook and a knife. Wow! Just like in the movies! You can make out a stove. But oh no! there's nothing on this piece of junk. What, you think everything in TextWorld should have stuff on it?

There is an open plain door leading east. There is an exit to the west.

There is a raw purple potato on the floor.","You are carrying: a banana, a red apple, a raw red potato, a white onion and a red onion.",1 of 16,0.0625,False,
14,,,I should examine the cookbook on the counter to check the recipe for a delicious meal.,examine cookbook,,"You open the copy of ""Cooking: A Modern Approach (3rd Ed.)"" and start reading:

Recipe #1
---------
Gather all following ingredients and follow the directions to prepare this tasty meal.

Ingredients:
banana
  red apple
  block of cheese
  orange bell pepper
  pork chop

Directions:
chop the banana
  grill the banana
  slice the red apple
  roast the red apple
  dice the block of cheese
  grill the block of cheese
  chop the orange bell pepper
  grill the orange bell pepper
  dice the pork chop
  grill the pork chop
  prepare meal",Kitchen,"You find yourself in a kitchen. A normal kind of place. You decide to start listing off everything you see in the room, as if you were in a text adventure.

Hey, want to see a fridge? Look over there, a fridge. You see an oven. Look out! It's a- oh, never mind, it's just a table. But the thing is empty. As if things weren't amazing enough already, you can even see a counter. The counter is vast. On the counter you see a raw yellow potato, a yellow bell pepper, a cookbook and a knife. Wow! Just like in the movies! You can make out a stove. But oh no! there's nothing on this piece of junk. What, you think everything in TextWorld should have stuff on it?

There is an open plain door leading east. There is an exit to the west.

There is a raw purple potato on the floor.","You are carrying: a banana, a red apple, a raw red potato, a white onion and a red onion.",1 of 16,0.0625,False,
15,,,"I need to gather the ingredients from the recipe: banana, red apple, block of cheese, orange bell pepper, and pork chop. I already have a banana and a red apple. I should look around the kitchen and check the fridge for the block of cheese, orange bell pepper, and pork chop.",open fridge,,"You open the fridge, revealing a raw pork chop, a block of cheese and a carrot.",Kitchen,"You find yourself in a kitchen. A normal kind of place. You decide to start listing off everything you see in the room, as if you were in a text adventure.

Hey, want to see a fridge? Look over there, a fridge. The fridge contains a raw pork chop, a block of cheese and a carrot. You see an oven. Look out! It's a- oh, never mind, it's just a table. But the thing is empty. As if things weren't amazing enough already, you can even see a counter. The counter is vast. On the counter you see a raw yellow potato, a yellow bell pepper, a cookbook and a knife. Wow! Just like in the movies! You can make out a stove. But oh no! there's nothing on this piece of junk. What, you think everything in TextWorld should have stuff on it?

There is an open plain door leading east. There is an exit to the west.

There is a raw purple potato on the floor.","You are carrying: a banana, a red apple, a raw red potato, a white onion and a red onion.",1 of 16,0.0625,False,
16,,,I should check the cookbook on the counter to find a recipe for a delicious meal.,examine cookbook,,"You open the copy of ""Cooking: A Modern Approach (3rd Ed.)"" and start reading:

Recipe #1
---------
Gather all following ingredients and follow the directions to prepare this tasty meal.

Ingredients:
banana
  red apple
  block of cheese
  orange bell pepper
  pork chop

Directions:
chop the banana
  grill the banana
  slice the red apple
  roast the red apple
  dice the block of cheese
  grill the block of cheese
  chop the orange bell pepper
  grill the orange bell pepper
  dice the pork chop
  grill the pork chop
  prepare meal",Kitchen,"You find yourself in a kitchen. A normal kind of place. You decide to start listing off everything you see in the room, as if you were in a text adventure.

Hey, want to see a fridge? Look over there, a fridge. The fridge contains a raw pork chop, a block of cheese and a carrot. You see an oven. Look out! It's a- oh, never mind, it's just a table. But the thing is empty. As if things weren't amazing enough already, you can even see a counter. The counter is vast. On the counter you see a raw yellow potato, a yellow bell pepper, a cookbook and a knife. Wow! Just like in the movies! You can make out a stove. But oh no! there's nothing on this piece of junk. What, you think everything in TextWorld should have stuff on it?

There is an open plain door leading east. There is an exit to the west.

There is a raw purple potato on the floor.","You are carrying: a banana, a red apple, a raw red potato, a white onion and a red onion.",1 of 16,0.0625,False,
17,,,"I need to gather the ingredients from the kitchen and fridge: banana, red apple, block of cheese, orange bell pepper, and pork chop. I already have the banana and red apple. I should take the block of cheese, orange bell pepper, and pork chop from the fridge and counter, then follow the recipe steps.",take block of cheese from fridge,,You're carrying too many things already.,Kitchen,"You find yourself in a kitchen. A normal kind of place. You decide to start listing off everything you see in the room, as if you were in a text adventure.

Hey, want to see a fridge? Look over there, a fridge. The fridge contains a raw pork chop, a block of cheese and a carrot. You see an oven. Look out! It's a- oh, never mind, it's just a table. But the thing is empty. As if things weren't amazing enough already, you can even see a counter. The counter is vast. On the counter you see a raw yellow potato, a yellow bell pepper, a cookbook and a knife. Wow! Just like in the movies! You can make out a stove. But oh no! there's nothing on this piece of junk. What, you think everything in TextWorld should have stuff on it?

There is an open plain door leading east. There is an exit to the west.

There is a raw purple potato on the floor.","You are carrying: a banana, a red apple, a raw red potato, a white onion and a red onion.",1 of 16,0.0625,False,
18,,,"I am carrying too many items, so I should drop some to free up space before taking ingredients or the cookbook.",drop banana,,You drop the banana on the ground.,Kitchen,"You find yourself in a kitchen. A normal kind of place. You decide to start listing off everything you see in the room, as if you were in a text adventure.

Hey, want to see a fridge? Look over there, a fridge. The fridge contains a raw pork chop, a block of cheese and a carrot. You see an oven. Look out! It's a- oh, never mind, it's just a table. But the thing is empty. As if things weren't amazing enough already, you can even see a counter. The counter is vast. On the counter you see a raw yellow potato, a yellow bell pepper, a cookbook and a knife. Wow! Just like in the movies! You can make out a stove. But oh no! there's nothing on this piece of junk. What, you think everything in TextWorld should have stuff on it?

There is an open plain door leading east. There is an exit to the west.

There is a banana and a raw purple potato on the floor.","You are carrying: a red apple, a raw red potato, a white onion and a red onion.",1 of 16,0.0625,False,
19,,,I should examine the cookbook on the counter to find a recipe for a delicious meal.,examine cookbook,,"You open the copy of ""Cooking: A Modern Approach (3rd Ed.)"" and start reading:

Recipe #1
---------
Gather all following ingredients and follow the directions to prepare this tasty meal.

Ingredients:
banana
  red apple
  block of cheese
  orange bell pepper
  pork chop

Directions:
chop the banana
  grill the banana
  slice the red apple
  roast the red apple
  dice the block of cheese
  grill the block of cheese
  chop the orange bell pepper
  grill the orange bell pepper
  dice the pork chop
  grill the pork chop
  prepare meal",Kitchen,"You find yourself in a kitchen. A normal kind of place. You decide to start listing off everything you see in the room, as if you were in a text adventure.

Hey, want to see a fridge? Look over there, a fridge. The fridge contains a raw pork chop, a block of cheese and a carrot. You see an oven. Look out! It's a- oh, never mind, it's just a table. But the thing is empty. As if things weren't amazing enough already, you can even see a counter. The counter is vast. On the counter you see a raw yellow potato, a yellow bell pepper, a cookbook and a knife. Wow! Just like in the movies! You can make out a stove. But oh no! there's nothing on this piece of junk. What, you think everything in TextWorld should have stuff on it?

There is an open plain door leading east. There is an exit to the west.

There is a banana and a raw purple potato on the floor.","You are carrying: a red apple, a raw red potato, a white onion and a red onion.",1 of 16,0.0625,False,
20,,,"I need to gather all the ingredients from the recipe: banana, red apple, block of cheese, orange bell pepper, and pork chop. I already have a red apple, so I should take the banana, block of cheese, orange bell pepper, and pork chop from the kitchen.",take banana from floor,,You pick up the banana from the ground.,Kitchen,"You find yourself in a kitchen. A normal kind of place. You decide to start listing off everything you see in the room, as if you were in a text adventure.

Hey, want to see a fridge? Look over there, a fridge. The fridge contains a raw pork chop, a block of cheese and a carrot. You see an oven. Look out! It's a- oh, never mind, it's just a table. But the thing is empty. As if things weren't amazing enough already, you can even see a counter. The counter is vast. On the counter you see a raw yellow potato, a yellow bell pepper, a cookbook and a knife. Wow! Just like in the movies! You can make out a stove. But oh no! there's nothing on this piece of junk. What, you think everything in TextWorld should have stuff on it?

There is an open plain door leading east. There is an exit to the west.

There is a raw purple potato on the floor.","You are carrying: a banana, a red apple, a raw red potato, a white onion and a red onion.",1 of 16,0.0625,False,
21,,,I should examine the cookbook on the counter to find a recipe for a delicious meal.,examine cookbook,,"You open the copy of ""Cooking: A Modern Approach (3rd Ed.)"" and start reading:

Recipe #1
---------
Gather all following ingredients and follow the directions to prepare this tasty meal.

Ingredients:
banana
  red apple
  block of cheese
  orange bell pepper
  pork chop

Directions:
chop the banana
  grill the banana
  slice the red apple
  roast the red apple
  dice the block of cheese
  grill the block of cheese
  chop the orange bell pepper
  grill the orange bell pepper
  dice the pork chop
  grill the pork chop
  prepare meal",Kitchen,"You find yourself in a kitchen. A normal kind of place. You decide to start listing off everything you see in the room, as if you were in a text adventure.

Hey, want to see a fridge? Look over there, a fridge. The fridge contains a raw pork chop, a block of cheese and a carrot. You see an oven. Look out! It's a- oh, never mind, it's just a table. But the thing is empty. As if things weren't amazing enough already, you can even see a counter. The counter is vast. On the counter you see a raw yellow potato, a yellow bell pepper, a cookbook and a knife. Wow! Just like in the movies! You can make out a stove. But oh no! there's nothing on this piece of junk. What, you think everything in TextWorld should have stuff on it?

There is an open plain door leading east. There is an exit to the west.

There is a raw purple potato on the floor.","You are carrying: a banana, a red apple, a raw red potato, a white onion and a red onion.",1 of 16,0.0625,False,
22,,,"I need to gather the ingredients from the fridge and counter first: block of cheese, orange bell pepper, and pork chop. Then I will follow the recipe steps to chop, slice, dice, grill, roast, and prepare the meal.",take block of cheese from fridge,,You're carrying too many things already.,Kitchen,"You find yourself in a kitchen. A normal kind of place. You decide to start listing off everything you see in the room, as if you were in a text adventure.

Hey, want to see a fridge? Look over there, a fridge. The fridge contains a raw pork chop, a block of cheese and a carrot. You see an oven. Look out! It's a- oh, never mind, it's just a table. But the thing is empty. As if things weren't amazing enough already, you can even see a counter. The counter is vast. On the counter you see a raw yellow potato, a yellow bell pepper, a cookbook and a knife. Wow! Just like in the movies! You can make out a stove. But oh no! there's nothing on this piece of junk. What, you think everything in TextWorld should have stuff on it?

There is an open plain door leading east. There is an exit to the west.

There is a raw purple potato on the floor.","You are carrying: a banana, a red apple, a raw red potato, a white onion and a red onion.",1 of 16,0.0625,False,
23,,,"I am carrying too many items already, so I should drop some items to free up space before taking anything new. I will drop the banana first.",drop banana,,You drop the banana on the ground.,Kitchen,"You find yourself in a kitchen. A normal kind of place. You decide to start listing off everything you see in the room, as if you were in a text adventure.

Hey, want to see a fridge? Look over there, a fridge. The fridge contains a raw pork chop, a block of cheese and a carrot. You see an oven. Look out! It's a- oh, never mind, it's just a table. But the thing is empty. As if things weren't amazing enough already, you can even see a counter. The counter is vast. On the counter you see a raw yellow potato, a yellow bell pepper, a cookbook and a knife. Wow! Just like in the movies! You can make out a stove. But oh no! there's nothing on this piece of junk. What, you think everything in TextWorld should have stuff on it?

There is an open plain door leading east. There is an exit to the west.

There is a banana and a raw purple potato on the floor.","You are carrying: a red apple, a raw red potato, a white onion and a red onion.",1 of 16,0.0625,False,
24,,,I should examine the cookbook on the counter to check the recipe for a delicious meal.,examine cookbook,,"You open the copy of ""Cooking: A Modern Approach (3rd Ed.)"" and start reading:

Recipe #1
---------
Gather all following ingredients and follow the directions to prepare this tasty meal.

Ingredients:
banana
  red apple
  block of cheese
  orange bell pepper
  pork chop

Directions:
chop the banana
  grill the banana
  slice the red apple
  roast the red apple
  dice the block of cheese
  grill the block of cheese
  chop the orange bell pepper
  grill the orange bell pepper
  dice the pork chop
  grill the pork chop
  prepare meal",Kitchen,"You find yourself in a kitchen. A normal kind of place. You decide to start listing off everything you see in the room, as if you were in a text adventure.

Hey, want to see a fridge? Look over there, a fridge. The fridge contains a raw pork chop, a block of cheese and a carrot. You see an oven. Look out! It's a- oh, never mind, it's just a table. But the thing is empty. As if things weren't amazing enough already, you can even see a counter. The counter is vast. On the counter you see a raw yellow potato, a yellow bell pepper, a cookbook and a knife. Wow! Just like in the movies! You can make out a stove. But oh no! there's nothing on this piece of junk. What, you think everything in TextWorld should have stuff on it?

There is an open plain door leading east. There is an exit to the west.

There is a banana and a raw purple potato on the floor.","You are carrying: a red apple, a raw red potato, a white onion and a red onion.",1 of 16,0.0625,False,
25,,,"I need to gather all the ingredients listed in the recipe: banana, red apple, block of cheese, orange bell pepper, and pork chop. I already have a red apple in my inventory. I should take the banana, block of cheese, orange bell pepper, and pork chop from the kitchen to proceed with the recipe.",take banana from floor,,You pick up the banana from the ground.,Kitchen,"You find yourself in a kitchen. A normal kind of place. You decide to start listing off everything you see in the room, as if you were in a text adventure.

Hey, want to see a fridge? Look over there, a fridge. The fridge contains a raw pork chop, a block of cheese and a carrot. You see an oven. Look out! It's a- oh, never mind, it's just a table. But the thing is empty. As if things weren't amazing enough already, you can even see a counter. The counter is vast. On the counter you see a raw yellow potato, a yellow bell pepper, a cookbook and a knife. Wow! Just like in the movies! You can make out a stove. But oh no! there's nothing on this piece of junk. What, you think everything in TextWorld should have stuff on it?

There is an open plain door leading east. There is an exit to the west.

There is a raw purple potato on the floor.","You are carrying: a banana, a red apple, a raw red potato, a white onion and a red onion.",1 of 16,0.0625,False,
26,,,I should check the cookbook on the counter to find a recipe for a delicious meal.,examine cookbook,,"You open the copy of ""Cooking: A Modern Approach (3rd Ed.)"" and start reading:

Recipe #1
---------
Gather all following ingredients and follow the directions to prepare this tasty meal.

Ingredients:
banana
  red apple
  block of cheese
  orange bell pepper
  pork chop

Directions:
chop the banana
  grill the banana
  slice the red apple
  roast the red apple
  dice the block of cheese
  grill the block of cheese
  chop the orange bell pepper
  grill the orange bell pepper
  dice the pork chop
  grill the pork chop
  prepare meal",Kitchen,"You find yourself in a kitchen. A normal kind of place. You decide to start listing off everything you see in the room, as if you were in a text adventure.

Hey, want to see a fridge? Look over there, a fridge. The fridge contains a raw pork chop, a block of cheese and a carrot. You see an oven. Look out! It's a- oh, never mind, it's just a table. But the thing is empty. As if things weren't amazing enough already, you can even see a counter. The counter is vast. On the counter you see a raw yellow potato, a yellow bell pepper, a cookbook and a knife. Wow! Just like in the movies! You can make out a stove. But oh no! there's nothing on this piece of junk. What, you think everything in TextWorld should have stuff on it?

There is an open plain door leading east. There is an exit to the west.

There is a raw purple potato on the floor.","You are carrying: a banana, a red apple, a raw red potato, a white onion and a red onion.",1 of 16,0.0625,False,
27,,,"I need to gather the remaining ingredients from the kitchen and fridge: block of cheese, orange bell pepper, and pork chop. Then I will follow the recipe steps to chop, slice, dice, grill, roast, and prepare the meal.",take block of cheese from fridge,,You're carrying too many things already.,Kitchen,"You find yourself in a kitchen. A normal kind of place. You decide to start listing off everything you see in the room, as if you were in a text adventure.

Hey, want to see a fridge? Look over there, a fridge. The fridge contains a raw pork chop, a block of cheese and a carrot. You see an oven. Look out! It's a- oh, never mind, it's just a table. But the thing is empty. As if things weren't amazing enough already, you can even see a counter. The counter is vast. On the counter you see a raw yellow potato, a yellow bell pepper, a cookbook and a knife. Wow! Just like in the movies! You can make out a stove. But oh no! there's nothing on this piece of junk. What, you think everything in TextWorld should have stuff on it?

There is an open plain door leading east. There is an exit to the west.

There is a raw purple potato on the floor.","You are carrying: a banana, a red apple, a raw red potato, a white onion and a red onion.",1 of 16,0.0625,False,
28,,,"I am carrying too many items, so I should drop some to free up space before taking ingredients for cooking.",drop banana,,You drop the banana on the ground.,Kitchen,"You find yourself in a kitchen. A normal kind of place. You decide to start listing off everything you see in the room, as if you were in a text adventure.

Hey, want to see a fridge? Look over there, a fridge. The fridge contains a raw pork chop, a block of cheese and a carrot. You see an oven. Look out! It's a- oh, never mind, it's just a table. But the thing is empty. As if things weren't amazing enough already, you can even see a counter. The counter is vast. On the counter you see a raw yellow potato, a yellow bell pepper, a cookbook and a knife. Wow! Just like in the movies! You can make out a stove. But oh no! there's nothing on this piece of junk. What, you think everything in TextWorld should have stuff on it?

There is an open plain door leading east. There is an exit to the west.

There is a banana and a raw purple potato on the floor.","You are carrying: a red apple, a raw red potato, a white onion and a red onion.",1 of 16,0.0625,False,
29,,,I should examine the cookbook on the counter to find a recipe for a delicious meal.,examine cookbook,,"You open the copy of ""Cooking: A Modern Approach (3rd Ed.)"" and start reading:

Recipe #1
---------
Gather all following ingredients and follow the directions to prepare this tasty meal.

Ingredients:
banana
  red apple
  block of cheese
  orange bell pepper
  pork chop

Directions:
chop the banana
  grill the banana
  slice the red apple
  roast the red apple
  dice the block of cheese
  grill the block of cheese
  chop the orange bell pepper
  grill the orange bell pepper
  dice the pork chop
  grill the pork chop
  prepare meal",Kitchen,"You find yourself in a kitchen. A normal kind of place. You decide to start listing off everything you see in the room, as if you were in a text adventure.

Hey, want to see a fridge? Look over there, a fridge. The fridge contains a raw pork chop, a block of cheese and a carrot. You see an oven. Look out! It's a- oh, never mind, it's just a table. But the thing is empty. As if things weren't amazing enough already, you can even see a counter. The counter is vast. On the counter you see a raw yellow potato, a yellow bell pepper, a cookbook and a knife. Wow! Just like in the movies! You can make out a stove. But oh no! there's nothing on this piece of junk. What, you think everything in TextWorld should have stuff on it?

There is an open plain door leading east. There is an exit to the west.

There is a banana and a raw purple potato on the floor.","You are carrying: a red apple, a raw red potato, a white onion and a red onion.",1 of 16,0.0625,False,
30,,,"I need to gather all the ingredients listed in the recipe: banana, red apple, block of cheese, orange bell pepper, and pork chop. I already have a red apple in my inventory. I should take the banana, block of cheese, orange bell pepper, and pork chop from the kitchen.",take banana from floor,,You pick up the banana from the ground.,Kitchen,"You find yourself in a kitchen. A normal kind of place. You decide to start listing off everything you see in the room, as if you were in a text adventure.

Hey, want to see a fridge? Look over there, a fridge. The fridge contains a raw pork chop, a block of cheese and a carrot. You see an oven. Look out! It's a- oh, never mind, it's just a table. But the thing is empty. As if things weren't amazing enough already, you can even see a counter. The counter is vast. On the counter you see a raw yellow potato, a yellow bell pepper, a cookbook and a knife. Wow! Just like in the movies! You can make out a stove. But oh no! there's nothing on this piece of junk. What, you think everything in TextWorld should have stuff on it?

There is an open plain door leading east. There is an exit to the west.

There is a raw purple potato on the floor.","You are carrying: a banana, a red apple, a raw red potato, a white onion and a red onion.",1 of 16,0.0625,False,
31,,,I should examine the cookbook on the counter to find a recipe for a delicious meal.,examine cookbook,,"You open the copy of ""Cooking: A Modern Approach (3rd Ed.)"" and start reading:

Recipe #1
---------
Gather all following ingredients and follow the directions to prepare this tasty meal.

Ingredients:
banana
  red apple
  block of cheese
  orange bell pepper
  pork chop

Directions:
chop the banana
  grill the banana
  slice the red apple
  roast the red apple
  dice the block of cheese
  grill the block of cheese
  chop the orange bell pepper
  grill the orange bell pepper
  dice the pork chop
  grill the pork chop
  prepare meal",Kitchen,"You find yourself in a kitchen. A normal kind of place. You decide to start listing off everything you see in the room, as if you were in a text adventure.

Hey, want to see a fridge? Look over there, a fridge. The fridge contains a raw pork chop, a block of cheese and a carrot. You see an oven. Look out! It's a- oh, never mind, it's just a table. But the thing is empty. As if things weren't amazing enough already, you can even see a counter. The counter is vast. On the counter you see a raw yellow potato, a yellow bell pepper, a cookbook and a knife. Wow! Just like in the movies! You can make out a stove. But oh no! there's nothing on this piece of junk. What, you think everything in TextWorld should have stuff on it?

There is an open plain door leading east. There is an exit to the west.

There is a raw purple potato on the floor.","You are carrying: a banana, a red apple, a raw red potato, a white onion and a red onion.",1 of 16,0.0625,False,
32,,,"I need to gather the remaining ingredients from the kitchen and fridge: block of cheese, orange bell pepper, and pork chop. Then I will follow the recipe steps to chop, slice, dice, grill, roast, and prepare the meal.",take block of cheese from fridge,,You're carrying too many things already.,Kitchen,"You find yourself in a kitchen. A normal kind of place. You decide to start listing off everything you see in the room, as if you were in a text adventure.

Hey, want to see a fridge? Look over there, a fridge. The fridge contains a raw pork chop, a block of cheese and a carrot. You see an oven. Look out! It's a- oh, never mind, it's just a table. But the thing is empty. As if things weren't amazing enough already, you can even see a counter. The counter is vast. On the counter you see a raw yellow potato, a yellow bell pepper, a cookbook and a knife. Wow! Just like in the movies! You can make out a stove. But oh no! there's nothing on this piece of junk. What, you think everything in TextWorld should have stuff on it?

There is an open plain door leading east. There is an exit to the west.

There is a raw purple potato on the floor.","You are carrying: a banana, a red apple, a raw red potato, a white onion and a red onion.",1 of 16,0.0625,False,
33,,,"I am carrying too many items already, so I should drop some to free up space before taking anything else. I will drop the banana first.",drop banana,,You drop the banana on the ground.,Kitchen,"You find yourself in a kitchen. A normal kind of place. You decide to start listing off everything you see in the room, as if you were in a text adventure.

Hey, want to see a fridge? Look over there, a fridge. The fridge contains a raw pork chop, a block of cheese and a carrot. You see an oven. Look out! It's a- oh, never mind, it's just a table. But the thing is empty. As if things weren't amazing enough already, you can even see a counter. The counter is vast. On the counter you see a raw yellow potato, a yellow bell pepper, a cookbook and a knife. Wow! Just like in the movies! You can make out a stove. But oh no! there's nothing on this piece of junk. What, you think everything in TextWorld should have stuff on it?

There is an open plain door leading east. There is an exit to the west.

There is a banana and a raw purple potato on the floor.","You are carrying: a red apple, a raw red potato, a white onion and a red onion.",1 of 16,0.0625,False,
34,,,I should examine the cookbook on the counter to check the recipe for a delicious meal.,examine cookbook,,"You open the copy of ""Cooking: A Modern Approach (3rd Ed.)"" and start reading:

Recipe #1
---------
Gather all following ingredients and follow the directions to prepare this tasty meal.

Ingredients:
banana
  red apple
  block of cheese
  orange bell pepper
  pork chop

Directions:
chop the banana
  grill the banana
  slice the red apple
  roast the red apple
  dice the block of cheese
  grill the block of cheese
  chop the orange bell pepper
  grill the orange bell pepper
  dice the pork chop
  grill the pork chop
  prepare meal",Kitchen,"You find yourself in a kitchen. A normal kind of place. You decide to start listing off everything you see in the room, as if you were in a text adventure.

Hey, want to see a fridge? Look over there, a fridge. The fridge contains a raw pork chop, a block of cheese and a carrot. You see an oven. Look out! It's a- oh, never mind, it's just a table. But the thing is empty. As if things weren't amazing enough already, you can even see a counter. The counter is vast. On the counter you see a raw yellow potato, a yellow bell pepper, a cookbook and a knife. Wow! Just like in the movies! You can make out a stove. But oh no! there's nothing on this piece of junk. What, you think everything in TextWorld should have stuff on it?

There is an open plain door leading east. There is an exit to the west.

There is a banana and a raw purple potato on the floor.","You are carrying: a red apple, a raw red potato, a white onion and a red onion.",1 of 16,0.0625,False,
35,,,"I need to gather all the ingredients from the recipe: banana, red apple, block of cheese, orange bell pepper, and pork chop. I already have a red apple in my inventory. I will take the banana from the floor, then take the block of cheese and pork chop from the fridge, and the orange bell pepper from the counter.",take banana from floor,,You pick up the banana from the ground.,Kitchen,"You find yourself in a kitchen. A normal kind of place. You decide to start listing off everything you see in the room, as if you were in a text adventure.

Hey, want to see a fridge? Look over there, a fridge. The fridge contains a raw pork chop, a block of cheese and a carrot. You see an oven. Look out! It's a- oh, never mind, it's just a table. But the thing is empty. As if things weren't amazing enough already, you can even see a counter. The counter is vast. On the counter you see a raw yellow potato, a yellow bell pepper, a cookbook and a knife. Wow! Just like in the movies! You can make out a stove. But oh no! there's nothing on this piece of junk. What, you think everything in TextWorld should have stuff on it?

There is an open plain door leading east. There is an exit to the west.

There is a raw purple potato on the floor.","You are carrying: a banana, a red apple, a raw red potato, a white onion and a red onion.",1 of 16,0.0625,False,
36,,,I should examine the cookbook on the counter to find a recipe for a delicious meal.,examine cookbook,,"You open the copy of ""Cooking: A Modern Approach (3rd Ed.)"" and start reading:

Recipe #1
---------
Gather all following ingredients and follow the directions to prepare this tasty meal.

Ingredients:
banana
  red apple
  block of cheese
  orange bell pepper
  pork chop

Directions:
chop the banana
  grill the banana
  slice the red apple
  roast the red apple
  dice the block of cheese
  grill the block of cheese
  chop the orange bell pepper
  grill the orange bell pepper
  dice the pork chop
  grill the pork chop
  prepare meal",Kitchen,"You find yourself in a kitchen. A normal kind of place. You decide to start listing off everything you see in the room, as if you were in a text adventure.

Hey, want to see a fridge? Look over there, a fridge. The fridge contains a raw pork chop, a block of cheese and a carrot. You see an oven. Look out! It's a- oh, never mind, it's just a table. But the thing is empty. As if things weren't amazing enough already, you can even see a counter. The counter is vast. On the counter you see a raw yellow potato, a yellow bell pepper, a cookbook and a knife. Wow! Just like in the movies! You can make out a stove. But oh no! there's nothing on this piece of junk. What, you think everything in TextWorld should have stuff on it?

There is an open plain door leading east. There is an exit to the west.

There is a raw purple potato on the floor.","You are carrying: a banana, a red apple, a raw red potato, a white onion and a red onion.",1 of 16,0.0625,False,
37,,,"I need to gather the remaining ingredients from the kitchen and fridge: block of cheese, orange bell pepper, and pork chop. Then I will follow the recipe steps to chop, slice, dice, grill, roast, and prepare the meal.",take block of cheese from fridge,,You're carrying too many things already.,Kitchen,"You find yourself in a kitchen. A normal kind of place. You decide to start listing off everything you see in the room, as if you were in a text adventure.

Hey, want to see a fridge? Look over there, a fridge. The fridge contains a raw pork chop, a block of cheese and a carrot. You see an oven. Look out! It's a- oh, never mind, it's just a table. But the thing is empty. As if things weren't amazing enough already, you can even see a counter. The counter is vast. On the counter you see a raw yellow potato, a yellow bell pepper, a cookbook and a knife. Wow! Just like in the movies! You can make out a stove. But oh no! there's nothing on this piece of junk. What, you think everything in TextWorld should have stuff on it?

There is an open plain door leading east. There is an exit to the west.

There is a raw purple potato on the floor.","You are carrying: a banana, a red apple, a raw red potato, a white onion and a red onion.",1 of 16,0.0625,False,
38,,,"I am carrying too many items already, so I should drop some to make space. I will drop the banana first to free up inventory space.",drop banana,,You drop the banana on the ground.,Kitchen,"You find yourself in a kitchen. A normal kind of place. You decide to start listing off everything you see in the room, as if you were in a text adventure.

Hey, want to see a fridge? Look over there, a fridge. The fridge contains a raw pork chop, a block of cheese and a carrot. You see an oven. Look out! It's a- oh, never mind, it's just a table. But the thing is empty. As if things weren't amazing enough already, you can even see a counter. The counter is vast. On the counter you see a raw yellow potato, a yellow bell pepper, a cookbook and a knife. Wow! Just like in the movies! You can make out a stove. But oh no! there's nothing on this piece of junk. What, you think everything in TextWorld should have stuff on it?

There is an open plain door leading east. There is an exit to the west.

There is a banana and a raw purple potato on the floor.","You are carrying: a red apple, a raw red potato, a white onion and a red onion.",1 of 16,0.0625,False,
39,,,I should examine the cookbook on the counter to find the recipe for a delicious meal.,examine cookbook,,"You open the copy of ""Cooking: A Modern Approach (3rd Ed.)"" and start reading:

Recipe #1
---------
Gather all following ingredients and follow the directions to prepare this tasty meal.

Ingredients:
banana
  red apple
  block of cheese
  orange bell pepper
  pork chop

Directions:
chop the banana
  grill the banana
  slice the red apple
  roast the red apple
  dice the block of cheese
  grill the block of cheese
  chop the orange bell pepper
  grill the orange bell pepper
  dice the pork chop
  grill the pork chop
  prepare meal",Kitchen,"You find yourself in a kitchen. A normal kind of place. You decide to start listing off everything you see in the room, as if you were in a text adventure.

Hey, want to see a fridge? Look over there, a fridge. The fridge contains a raw pork chop, a block of cheese and a carrot. You see an oven. Look out! It's a- oh, never mind, it's just a table. But the thing is empty. As if things weren't amazing enough already, you can even see a counter. The counter is vast. On the counter you see a raw yellow potato, a yellow bell pepper, a cookbook and a knife. Wow! Just like in the movies! You can make out a stove. But oh no! there's nothing on this piece of junk. What, you think everything in TextWorld should have stuff on it?

There is an open plain door leading east. There is an exit to the west.

There is a banana and a raw purple potato on the floor.","You are carrying: a red apple, a raw red potato, a white onion and a red onion.",1 of 16,0.0625,False,
40,,,"I need to gather all the ingredients listed in the recipe: banana, red apple, block of cheese, orange bell pepper, and pork chop. I already have a red apple in my inventory. I should take the banana from the floor, then take the block of cheese and pork chop from the fridge, and the orange bell pepper from the counter.",take banana from floor,,You pick up the banana from the ground.,Kitchen,"You find yourself in a kitchen. A normal kind of place. You decide to start listing off everything you see in the room, as if you were in a text adventure.

Hey, want to see a fridge? Look over there, a fridge. The fridge contains a raw pork chop, a block of cheese and a carrot. You see an oven. Look out! It's a- oh, never mind, it's just a table. But the thing is empty. As if things weren't amazing enough already, you can even see a counter. The counter is vast. On the counter you see a raw yellow potato, a yellow bell pepper, a cookbook and a knife. Wow! Just like in the movies! You can make out a stove. But oh no! there's nothing on this piece of junk. What, you think everything in TextWorld should have stuff on it?

There is an open plain door leading east. There is an exit to the west.

There is a raw purple potato on the floor.","You are carrying: a banana, a red apple, a raw red potato, a white onion and a red onion.",1 of 16,0.0625,False,
41,,,I should examine the cookbook on the counter to check the recipe for a delicious meal.,examine cookbook,,"You open the copy of ""Cooking: A Modern Approach (3rd Ed.)"" and start reading:

Recipe #1
---------
Gather all following ingredients and follow the directions to prepare this tasty meal.

Ingredients:
banana
  red apple
  block of cheese
  orange bell pepper
  pork chop

Directions:
chop the banana
  grill the banana
  slice the red apple
  roast the red apple
  dice the block of cheese
  grill the block of cheese
  chop the orange bell pepper
  grill the orange bell pepper
  dice the pork chop
  grill the pork chop
  prepare meal",Kitchen,"You find yourself in a kitchen. A normal kind of place. You decide to start listing off everything you see in the room, as if you were in a text adventure.

Hey, want to see a fridge? Look over there, a fridge. The fridge contains a raw pork chop, a block of cheese and a carrot. You see an oven. Look out! It's a- oh, never mind, it's just a table. But the thing is empty. As if things weren't amazing enough already, you can even see a counter. The counter is vast. On the counter you see a raw yellow potato, a yellow bell pepper, a cookbook and a knife. Wow! Just like in the movies! You can make out a stove. But oh no! there's nothing on this piece of junk. What, you think everything in TextWorld should have stuff on it?

There is an open plain door leading east. There is an exit to the west.

There is a raw purple potato on the floor.","You are carrying: a banana, a red apple, a raw red potato, a white onion and a red onion.",1 of 16,0.0625,False,
42,,,"I need to gather the ingredients from the recipe: banana, red apple, block of cheese, orange bell pepper, and pork chop. I already have the banana and red apple. I should take the block of cheese, orange bell pepper, and pork chop from the kitchen to start preparing the meal.",take block of cheese from fridge,,You're carrying too many things already.,Kitchen,"You find yourself in a kitchen. A normal kind of place. You decide to start listing off everything you see in the room, as if you were in a text adventure.

Hey, want to see a fridge? Look over there, a fridge. The fridge contains a raw pork chop, a block of cheese and a carrot. You see an oven. Look out! It's a- oh, never mind, it's just a table. But the thing is empty. As if things weren't amazing enough already, you can even see a counter. The counter is vast. On the counter you see a raw yellow potato, a yellow bell pepper, a cookbook and a knife. Wow! Just like in the movies! You can make out a stove. But oh no! there's nothing on this piece of junk. What, you think everything in TextWorld should have stuff on it?

There is an open plain door leading east. There is an exit to the west.

There is a raw purple potato on the floor.","You are carrying: a banana, a red apple, a raw red potato, a white onion and a red onion.",1 of 16,0.0625,False,
43,,,"I am carrying too many items already, so I should drop some to free up space before taking anything new. I will drop the banana first to make room for ingredients or tools needed for cooking.",drop banana,,You drop the banana on the ground.,Kitchen,"You find yourself in a kitchen. A normal kind of place. You decide to start listing off everything you see in the room, as if you were in a text adventure.

Hey, want to see a fridge? Look over there, a fridge. The fridge contains a raw pork chop, a block of cheese and a carrot. You see an oven. Look out! It's a- oh, never mind, it's just a table. But the thing is empty. As if things weren't amazing enough already, you can even see a counter. The counter is vast. On the counter you see a raw yellow potato, a yellow bell pepper, a cookbook and a knife. Wow! Just like in the movies! You can make out a stove. But oh no! there's nothing on this piece of junk. What, you think everything in TextWorld should have stuff on it?

There is an open plain door leading east. There is an exit to the west.

There is a banana and a raw purple potato on the floor.","You are carrying: a red apple, a raw red potato, a white onion and a red onion.",1 of 16,0.0625,False,
44,,,I should examine the cookbook on the counter to check the recipe for a delicious meal.,examine cookbook,,"You open the copy of ""Cooking: A Modern Approach (3rd Ed.)"" and start reading:

Recipe #1
---------
Gather all following ingredients and follow the directions to prepare this tasty meal.

Ingredients:
banana
  red apple
  block of cheese
  orange bell pepper
  pork chop

Directions:
chop the banana
  grill the banana
  slice the red apple
  roast the red apple
  dice the block of cheese
  grill the block of cheese
  chop the orange bell pepper
  grill the orange bell pepper
  dice the pork chop
  grill the pork chop
  prepare meal",Kitchen,"You find yourself in a kitchen. A normal kind of place. You decide to start listing off everything you see in the room, as if you were in a text adventure.

Hey, want to see a fridge? Look over there, a fridge. The fridge contains a raw pork chop, a block of cheese and a carrot. You see an oven. Look out! It's a- oh, never mind, it's just a table. But the thing is empty. As if things weren't amazing enough already, you can even see a counter. The counter is vast. On the counter you see a raw yellow potato, a yellow bell pepper, a cookbook and a knife. Wow! Just like in the movies! You can make out a stove. But oh no! there's nothing on this piece of junk. What, you think everything in TextWorld should have stuff on it?

There is an open plain door leading east. There is an exit to the west.

There is a banana and a raw purple potato on the floor.","You are carrying: a red apple, a raw red potato, a white onion and a red onion.",1 of 16,0.0625,False,
45,,,"I need to gather all the ingredients for the recipe: banana, red apple, block of cheese, orange bell pepper, and pork chop. I already have a red apple, so I should take the banana from the floor first.",take banana from floor,,You pick up the banana from the ground.,Kitchen,"You find yourself in a kitchen. A normal kind of place. You decide to start listing off everything you see in the room, as if you were in a text adventure.

Hey, want to see a fridge? Look over there, a fridge. The fridge contains a raw pork chop, a block of cheese and a carrot. You see an oven. Look out! It's a- oh, never mind, it's just a table. But the thing is empty. As if things weren't amazing enough already, you can even see a counter. The counter is vast. On the counter you see a raw yellow potato, a yellow bell pepper, a cookbook and a knife. Wow! Just like in the movies! You can make out a stove. But oh no! there's nothing on this piece of junk. What, you think everything in TextWorld should have stuff on it?

There is an open plain door leading east. There is an exit to the west.

There is a raw purple potato on the floor.","You are carrying: a banana, a red apple, a raw red potato, a white onion and a red onion.",1 of 16,0.0625,False,
46,,,I should examine the cookbook on the counter to find a recipe for a delicious meal.,examine cookbook,,"You open the copy of ""Cooking: A Modern Approach (3rd Ed.)"" and start reading:

Recipe #1
---------
Gather all following ingredients and follow the directions to prepare this tasty meal.

Ingredients:
banana
  red apple
  block of cheese
  orange bell pepper
  pork chop

Directions:
chop the banana
  grill the banana
  slice the red apple
  roast the red apple
  dice the block of cheese
  grill the block of cheese
  chop the orange bell pepper
  grill the orange bell pepper
  dice the pork chop
  grill the pork chop
  prepare meal",Kitchen,"You find yourself in a kitchen. A normal kind of place. You decide to start listing off everything you see in the room, as if you were in a text adventure.

Hey, want to see a fridge? Look over there, a fridge. The fridge contains a raw pork chop, a block of cheese and a carrot. You see an oven. Look out! It's a- oh, never mind, it's just a table. But the thing is empty. As if things weren't amazing enough already, you can even see a counter. The counter is vast. On the counter you see a raw yellow potato, a yellow bell pepper, a cookbook and a knife. Wow! Just like in the movies! You can make out a stove. But oh no! there's nothing on this piece of junk. What, you think everything in TextWorld should have stuff on it?

There is an open plain door leading east. There is an exit to the west.

There is a raw purple potato on the floor.","You are carrying: a banana, a red apple, a raw red potato, a white onion and a red onion.",1 of 16,0.0625,False,
47,,,"I need to gather the remaining ingredients from the kitchen and fridge: block of cheese, orange bell pepper, and pork chop. Then I will follow the recipe steps to chop, slice, dice, grill, roast, and prepare the meal.",take block of cheese from fridge,,You're carrying too many things already.,Kitchen,"You find yourself in a kitchen. A normal kind of place. You decide to start listing off everything you see in the room, as if you were in a text adventure.

Hey, want to see a fridge? Look over there, a fridge. The fridge contains a raw pork chop, a block of cheese and a carrot. You see an oven. Look out! It's a- oh, never mind, it's just a table. But the thing is empty. As if things weren't amazing enough already, you can even see a counter. The counter is vast. On the counter you see a raw yellow potato, a yellow bell pepper, a cookbook and a knife. Wow! Just like in the movies! You can make out a stove. But oh no! there's nothing on this piece of junk. What, you think everything in TextWorld should have stuff on it?

There is an open plain door leading east. There is an exit to the west.

There is a raw purple potato on the floor.","You are carrying: a banana, a red apple, a raw red potato, a white onion and a red onion.",1 of 16,0.0625,False,
48,,,"I am carrying too many items, so I should drop some to free up space before taking ingredients or the cookbook to cook a meal.",drop banana,,You drop the banana on the ground.,Kitchen,"You find yourself in a kitchen. A normal kind of place. You decide to start listing off everything you see in the room, as if you were in a text adventure.

Hey, want to see a fridge? Look over there, a fridge. The fridge contains a raw pork chop, a block of cheese and a carrot. You see an oven. Look out! It's a- oh, never mind, it's just a table. But the thing is empty. As if things weren't amazing enough already, you can even see a counter. The counter is vast. On the counter you see a raw yellow potato, a yellow bell pepper, a cookbook and a knife. Wow! Just like in the movies! You can make out a stove. But oh no! there's nothing on this piece of junk. What, you think everything in TextWorld should have stuff on it?

There is an open plain door leading east. There is an exit to the west.

There is a banana and a raw purple potato on the floor.","You are carrying: a red apple, a raw red potato, a white onion and a red onion.",1 of 16,0.0625,False,
49,,,I should examine the cookbook on the counter to check the recipe for a delicious meal.,examine cookbook,,"You open the copy of ""Cooking: A Modern Approach (3rd Ed.)"" and start reading:

Recipe #1
---------
Gather all following ingredients and follow the directions to prepare this tasty meal.

Ingredients:
banana
  red apple
  block of cheese
  orange bell pepper
  pork chop

Directions:
chop the banana
  grill the banana
  slice the red apple
  roast the red apple
  dice the block of cheese
  grill the block of cheese
  chop the orange bell pepper
  grill the orange bell pepper
  dice the pork chop
  grill the pork chop
  prepare meal",Kitchen,"You find yourself in a kitchen. A normal kind of place. You decide to start listing off everything you see in the room, as if you were in a text adventure.

Hey, want to see a fridge? Look over there, a fridge. The fridge contains a raw pork chop, a block of cheese and a carrot. You see an oven. Look out! It's a- oh, never mind, it's just a table. But the thing is empty. As if things weren't amazing enough already, you can even see a counter. The counter is vast. On the counter you see a raw yellow potato, a yellow bell pepper, a cookbook and a knife. Wow! Just like in the movies! You can make out a stove. But oh no! there's nothing on this piece of junk. What, you think everything in TextWorld should have stuff on it?

There is an open plain door leading east. There is an exit to the west.

There is a banana and a raw purple potato on the floor.","You are carrying: a red apple, a raw red potato, a white onion and a red onion.",1 of 16,0.0625,False,
50,,,"I need to gather all the ingredients listed in the recipe: banana, red apple, block of cheese, orange bell pepper, and pork chop. I already have a red apple, so I should take the banana, block of cheese, orange bell pepper, and pork chop from the kitchen.",take banana from floor,,You pick up the banana from the ground.,Kitchen,"You find yourself in a kitchen. A normal kind of place. You decide to start listing off everything you see in the room, as if you were in a text adventure.

Hey, want to see a fridge? Look over there, a fridge. The fridge contains a raw pork chop, a block of cheese and a carrot. You see an oven. Look out! It's a- oh, never mind, it's just a table. But the thing is empty. As if things weren't amazing enough already, you can even see a counter. The counter is vast. On the counter you see a raw yellow potato, a yellow bell pepper, a cookbook and a knife. Wow! Just like in the movies! You can make out a stove. But oh no! there's nothing on this piece of junk. What, you think everything in TextWorld should have stuff on it?

There is an open plain door leading east. There is an exit to the west.

There is a raw purple potato on the floor.","You are carrying: a banana, a red apple, a raw red potato, a white onion and a red onion.",1 of 16,0.0625,False,
51,,,I should examine the cookbook on the counter to find a recipe for a delicious meal.,examine cookbook,,"You open the copy of ""Cooking: A Modern Approach (3rd Ed.)"" and start reading:

Recipe #1
---------
Gather all following ingredients and follow the directions to prepare this tasty meal.

Ingredients:
banana
  red apple
  block of cheese
  orange bell pepper
  pork chop

Directions:
chop the banana
  grill the banana
  slice the red apple
  roast the red apple
  dice the block of cheese
  grill the block of cheese
  chop the orange bell pepper
  grill the orange bell pepper
  dice the pork chop
  grill the pork chop
  prepare meal",Kitchen,"You find yourself in a kitchen. A normal kind of place. You decide to start listing off everything you see in the room, as if you were in a text adventure.

Hey, want to see a fridge? Look over there, a fridge. The fridge contains a raw pork chop, a block of cheese and a carrot. You see an oven. Look out! It's a- oh, never mind, it's just a table. But the thing is empty. As if things weren't amazing enough already, you can even see a counter. The counter is vast. On the counter you see a raw yellow potato, a yellow bell pepper, a cookbook and a knife. Wow! Just like in the movies! You can make out a stove. But oh no! there's nothing on this piece of junk. What, you think everything in TextWorld should have stuff on it?

There is an open plain door leading east. There is an exit to the west.

There is a raw purple potato on the floor.","You are carrying: a banana, a red apple, a raw red potato, a white onion and a red onion.",1 of 16,0.0625,False,
52,,,"I need to gather the ingredients listed in the recipe: banana, red apple, block of cheese, orange bell pepper, and pork chop. I already have the banana and red apple in my inventory. I should take the block of cheese, orange bell pepper, and pork chop from the kitchen.",take block of cheese from fridge,,You're carrying too many things already.,Kitchen,"You find yourself in a kitchen. A normal kind of place. You decide to start listing off everything you see in the room, as if you were in a text adventure.

Hey, want to see a fridge? Look over there, a fridge. The fridge contains a raw pork chop, a block of cheese and a carrot. You see an oven. Look out! It's a- oh, never mind, it's just a table. But the thing is empty. As if things weren't amazing enough already, you can even see a counter. The counter is vast. On the counter you see a raw yellow potato, a yellow bell pepper, a cookbook and a knife. Wow! Just like in the movies! You can make out a stove. But oh no! there's nothing on this piece of junk. What, you think everything in TextWorld should have stuff on it?

There is an open plain door leading east. There is an exit to the west.

There is a raw purple potato on the floor.","You are carrying: a banana, a red apple, a raw red potato, a white onion and a red onion.",1 of 16,0.0625,False,
53,,,"I am carrying too many items already, so I should drop some items to free up space before taking anything new. I will drop the banana first to make room.",drop banana,,You drop the banana on the ground.,Kitchen,"You find yourself in a kitchen. A normal kind of place. You decide to start listing off everything you see in the room, as if you were in a text adventure.

Hey, want to see a fridge? Look over there, a fridge. The fridge contains a raw pork chop, a block of cheese and a carrot. You see an oven. Look out! It's a- oh, never mind, it's just a table. But the thing is empty. As if things weren't amazing enough already, you can even see a counter. The counter is vast. On the counter you see a raw yellow potato, a yellow bell pepper, a cookbook and a knife. Wow! Just like in the movies! You can make out a stove. But oh no! there's nothing on this piece of junk. What, you think everything in TextWorld should have stuff on it?

There is an open plain door leading east. There is an exit to the west.

There is a banana and a raw purple potato on the floor.","You are carrying: a red apple, a raw red potato, a white onion and a red onion.",1 of 16,0.0625,False,
54,,,I should examine the cookbook on the counter to find the recipe for a delicious meal.,examine cookbook,,"You open the copy of ""Cooking: A Modern Approach (3rd Ed.)"" and start reading:

Recipe #1
---------
Gather all following ingredients and follow the directions to prepare this tasty meal.

Ingredients:
banana
  red apple
  block of cheese
  orange bell pepper
  pork chop

Directions:
chop the banana
  grill the banana
  slice the red apple
  roast the red apple
  dice the block of cheese
  grill the block of cheese
  chop the orange bell pepper
  grill the orange bell pepper
  dice the pork chop
  grill the pork chop
  prepare meal",Kitchen,"You find yourself in a kitchen. A normal kind of place. You decide to start listing off everything you see in the room, as if you were in a text adventure.

Hey, want to see a fridge? Look over there, a fridge. The fridge contains a raw pork chop, a block of cheese and a carrot. You see an oven. Look out! It's a- oh, never mind, it's just a table. But the thing is empty. As if things weren't amazing enough already, you can even see a counter. The counter is vast. On the counter you see a raw yellow potato, a yellow bell pepper, a cookbook and a knife. Wow! Just like in the movies! You can make out a stove. But oh no! there's nothing on this piece of junk. What, you think everything in TextWorld should have stuff on it?

There is an open plain door leading east. There is an exit to the west.

There is a banana and a raw purple potato on the floor.","You are carrying: a red apple, a raw red potato, a white onion and a red onion.",1 of 16,0.0625,False,
55,,,"I need to gather all the ingredients listed in the recipe: banana, red apple, block of cheese, orange bell pepper, and pork chop. I already have a red apple, so I should take the banana, block of cheese, orange bell pepper, and pork chop from the kitchen.",take banana from floor,,You pick up the banana from the ground.,Kitchen,"You find yourself in a kitchen. A normal kind of place. You decide to start listing off everything you see in the room, as if you were in a text adventure.

Hey, want to see a fridge? Look over there, a fridge. The fridge contains a raw pork chop, a block of cheese and a carrot. You see an oven. Look out! It's a- oh, never mind, it's just a table. But the thing is empty. As if things weren't amazing enough already, you can even see a counter. The counter is vast. On the counter you see a raw yellow potato, a yellow bell pepper, a cookbook and a knife. Wow! Just like in the movies! You can make out a stove. But oh no! there's nothing on this piece of junk. What, you think everything in TextWorld should have stuff on it?

There is an open plain door leading east. There is an exit to the west.

There is a raw purple potato on the floor.","You are carrying: a banana, a red apple, a raw red potato, a white onion and a red onion.",1 of 16,0.0625,False,
56,,,I should examine the cookbook on the counter to find a recipe for a delicious meal.,examine cookbook,,"You open the copy of ""Cooking: A Modern Approach (3rd Ed.)"" and start reading:

Recipe #1
---------
Gather all following ingredients and follow the directions to prepare this tasty meal.

Ingredients:
banana
  red apple
  block of cheese
  orange bell pepper
  pork chop

Directions:
chop the banana
  grill the banana
  slice the red apple
  roast the red apple
  dice the block of cheese
  grill the block of cheese
  chop the orange bell pepper
  grill the orange bell pepper
  dice the pork chop
  grill the pork chop
  prepare meal",Kitchen,"You find yourself in a kitchen. A normal kind of place. You decide to start listing off everything you see in the room, as if you were in a text adventure.

Hey, want to see a fridge? Look over there, a fridge. The fridge contains a raw pork chop, a block of cheese and a carrot. You see an oven. Look out! It's a- oh, never mind, it's just a table. But the thing is empty. As if things weren't amazing enough already, you can even see a counter. The counter is vast. On the counter you see a raw yellow potato, a yellow bell pepper, a cookbook and a knife. Wow! Just like in the movies! You can make out a stove. But oh no! there's nothing on this piece of junk. What, you think everything in TextWorld should have stuff on it?

There is an open plain door leading east. There is an exit to the west.

There is a raw purple potato on the floor.","You are carrying: a banana, a red apple, a raw red potato, a white onion and a red onion.",1 of 16,0.0625,False,
57,,,"I need to gather the missing ingredients from the kitchen and fridge: block of cheese, orange bell pepper, and pork chop. Then I will follow the recipe steps to prepare the meal.",take block of cheese from fridge,,You're carrying too many things already.,Kitchen,"You find yourself in a kitchen. A normal kind of place. You decide to start listing off everything you see in the room, as if you were in a text adventure.

Hey, want to see a fridge? Look over there, a fridge. The fridge contains a raw pork chop, a block of cheese and a carrot. You see an oven. Look out! It's a- oh, never mind, it's just a table. But the thing is empty. As if things weren't amazing enough already, you can even see a counter. The counter is vast. On the counter you see a raw yellow potato, a yellow bell pepper, a cookbook and a knife. Wow! Just like in the movies! You can make out a stove. But oh no! there's nothing on this piece of junk. What, you think everything in TextWorld should have stuff on it?

There is an open plain door leading east. There is an exit to the west.

There is a raw purple potato on the floor.","You are carrying: a banana, a red apple, a raw red potato, a white onion and a red onion.",1 of 16,0.0625,False,
58,,,"I am carrying too many items, so I should drop some to free up space before taking ingredients from the kitchen to cook a meal.",drop banana,,You drop the banana on the ground.,Kitchen,"You find yourself in a kitchen. A normal kind of place. You decide to start listing off everything you see in the room, as if you were in a text adventure.

Hey, want to see a fridge? Look over there, a fridge. The fridge contains a raw pork chop, a block of cheese and a carrot. You see an oven. Look out! It's a- oh, never mind, it's just a table. But the thing is empty. As if things weren't amazing enough already, you can even see a counter. The counter is vast. On the counter you see a raw yellow potato, a yellow bell pepper, a cookbook and a knife. Wow! Just like in the movies! You can make out a stove. But oh no! there's nothing on this piece of junk. What, you think everything in TextWorld should have stuff on it?

There is an open plain door leading east. There is an exit to the west.

There is a banana and a raw purple potato on the floor.","You are carrying: a red apple, a raw red potato, a white onion and a red onion.",1 of 16,0.0625,False,
59,,,I should examine the cookbook on the counter to find a recipe for a delicious meal.,examine cookbook,,"You open the copy of ""Cooking: A Modern Approach (3rd Ed.)"" and start reading:

Recipe #1
---------
Gather all following ingredients and follow the directions to prepare this tasty meal.

Ingredients:
banana
  red apple
  block of cheese
  orange bell pepper
  pork chop

Directions:
chop the banana
  grill the banana
  slice the red apple
  roast the red apple
  dice the block of cheese
  grill the block of cheese
  chop the orange bell pepper
  grill the orange bell pepper
  dice the pork chop
  grill the pork chop
  prepare meal",Kitchen,"You find yourself in a kitchen. A normal kind of place. You decide to start listing off everything you see in the room, as if you were in a text adventure.

Hey, want to see a fridge? Look over there, a fridge. The fridge contains a raw pork chop, a block of cheese and a carrot. You see an oven. Look out! It's a- oh, never mind, it's just a table. But the thing is empty. As if things weren't amazing enough already, you can even see a counter. The counter is vast. On the counter you see a raw yellow potato, a yellow bell pepper, a cookbook and a knife. Wow! Just like in the movies! You can make out a stove. But oh no! there's nothing on this piece of junk. What, you think everything in TextWorld should have stuff on it?

There is an open plain door leading east. There is an exit to the west.

There is a banana and a raw purple potato on the floor.","You are carrying: a red apple, a raw red potato, a white onion and a red onion.",1 of 16,0.0625,False,
60,,,"I need to gather all the ingredients listed in the recipe: banana, red apple, block of cheese, orange bell pepper, and pork chop. I already have a red apple in my inventory. I see a banana on the floor, a block of cheese and a raw pork chop in the fridge, and an orange bell pepper on the counter. I will take the banana from the floor first.",take banana from floor,,You pick up the banana from the ground.,Kitchen,"You find yourself in a kitchen. A normal kind of place. You decide to start listing off everything you see in the room, as if you were in a text adventure.

Hey, want to see a fridge? Look over there, a fridge. The fridge contains a raw pork chop, a block of cheese and a carrot. You see an oven. Look out! It's a- oh, never mind, it's just a table. But the thing is empty. As if things weren't amazing enough already, you can even see a counter. The counter is vast. On the counter you see a raw yellow potato, a yellow bell pepper, a cookbook and a knife. Wow! Just like in the movies! You can make out a stove. But oh no! there's nothing on this piece of junk. What, you think everything in TextWorld should have stuff on it?

There is an open plain door leading east. There is an exit to the west.

There is a raw purple potato on the floor.","You are carrying: a banana, a red apple, a raw red potato, a white onion and a red onion.",1 of 16,0.0625,False,
61,,,I should examine the cookbook on the counter to find a recipe for a delicious meal.,examine cookbook,,"You open the copy of ""Cooking: A Modern Approach (3rd Ed.)"" and start reading:

Recipe #1
---------
Gather all following ingredients and follow the directions to prepare this tasty meal.

Ingredients:
banana
  red apple
  block of cheese
  orange bell pepper
  pork chop

Directions:
chop the banana
  grill the banana
  slice the red apple
  roast the red apple
  dice the block of cheese
  grill the block of cheese
  chop the orange bell pepper
  grill the orange bell pepper
  dice the pork chop
  grill the pork chop
  prepare meal",Kitchen,"You find yourself in a kitchen. A normal kind of place. You decide to start listing off everything you see in the room, as if you were in a text adventure.

Hey, want to see a fridge? Look over there, a fridge. The fridge contains a raw pork chop, a block of cheese and a carrot. You see an oven. Look out! It's a- oh, never mind, it's just a table. But the thing is empty. As if things weren't amazing enough already, you can even see a counter. The counter is vast. On the counter you see a raw yellow potato, a yellow bell pepper, a cookbook and a knife. Wow! Just like in the movies! You can make out a stove. But oh no! there's nothing on this piece of junk. What, you think everything in TextWorld should have stuff on it?

There is an open plain door leading east. There is an exit to the west.

There is a raw purple potato on the floor.","You are carrying: a banana, a red apple, a raw red potato, a white onion and a red onion.",1 of 16,0.0625,False,
62,,,"I need to gather the remaining ingredients from the kitchen and fridge: block of cheese, orange bell pepper, and pork chop. Then I will follow the recipe steps starting with chopping the banana.",take block of cheese from fridge,,You're carrying too many things already.,Kitchen,"You find yourself in a kitchen. A normal kind of place. You decide to start listing off everything you see in the room, as if you were in a text adventure.

Hey, want to see a fridge? Look over there, a fridge. The fridge contains a raw pork chop, a block of cheese and a carrot. You see an oven. Look out! It's a- oh, never mind, it's just a table. But the thing is empty. As if things weren't amazing enough already, you can even see a counter. The counter is vast. On the counter you see a raw yellow potato, a yellow bell pepper, a cookbook and a knife. Wow! Just like in the movies! You can make out a stove. But oh no! there's nothing on this piece of junk. What, you think everything in TextWorld should have stuff on it?

There is an open plain door leading east. There is an exit to the west.

There is a raw purple potato on the floor.","You are carrying: a banana, a red apple, a raw red potato, a white onion and a red onion.",1 of 16,0.0625,False,
63,,,"I am carrying too many items already, so I should drop some to make space. I will drop the banana first to free up inventory space.",drop banana,,You drop the banana on the ground.,Kitchen,"You find yourself in a kitchen. A normal kind of place. You decide to start listing off everything you see in the room, as if you were in a text adventure.

Hey, want to see a fridge? Look over there, a fridge. The fridge contains a raw pork chop, a block of cheese and a carrot. You see an oven. Look out! It's a- oh, never mind, it's just a table. But the thing is empty. As if things weren't amazing enough already, you can even see a counter. The counter is vast. On the counter you see a raw yellow potato, a yellow bell pepper, a cookbook and a knife. Wow! Just like in the movies! You can make out a stove. But oh no! there's nothing on this piece of junk. What, you think everything in TextWorld should have stuff on it?

There is an open plain door leading east. There is an exit to the west.

There is a banana and a raw purple potato on the floor.","You are carrying: a red apple, a raw red potato, a white onion and a red onion.",1 of 16,0.0625,False,
64,,,I should examine the cookbook on the counter to find a recipe for a delicious meal.,examine cookbook,,"You open the copy of ""Cooking: A Modern Approach (3rd Ed.)"" and start reading:

Recipe #1
---------
Gather all following ingredients and follow the directions to prepare this tasty meal.

Ingredients:
banana
  red apple
  block of cheese
  orange bell pepper
  pork chop

Directions:
chop the banana
  grill the banana
  slice the red apple
  roast the red apple
  dice the block of cheese
  grill the block of cheese
  chop the orange bell pepper
  grill the orange bell pepper
  dice the pork chop
  grill the pork chop
  prepare meal",Kitchen,"You find yourself in a kitchen. A normal kind of place. You decide to start listing off everything you see in the room, as if you were in a text adventure.

Hey, want to see a fridge? Look over there, a fridge. The fridge contains a raw pork chop, a block of cheese and a carrot. You see an oven. Look out! It's a- oh, never mind, it's just a table. But the thing is empty. As if things weren't amazing enough already, you can even see a counter. The counter is vast. On the counter you see a raw yellow potato, a yellow bell pepper, a cookbook and a knife. Wow! Just like in the movies! You can make out a stove. But oh no! there's nothing on this piece of junk. What, you think everything in TextWorld should have stuff on it?

There is an open plain door leading east. There is an exit to the west.

There is a banana and a raw purple potato on the floor.","You are carrying: a red apple, a raw red potato, a white onion and a red onion.",1 of 16,0.0625,False,
65,,,"I need to gather all the ingredients listed in the recipe: banana, red apple, block of cheese, orange bell pepper, and pork chop. I already have a red apple in my inventory. I should take the banana, block of cheese, orange bell pepper, and pork chop from the kitchen.",take banana from floor,,You pick up the banana from the ground.,Kitchen,"You find yourself in a kitchen. A normal kind of place. You decide to start listing off everything you see in the room, as if you were in a text adventure.

Hey, want to see a fridge? Look over there, a fridge. The fridge contains a raw pork chop, a block of cheese and a carrot. You see an oven. Look out! It's a- oh, never mind, it's just a table. But the thing is empty. As if things weren't amazing enough already, you can even see a counter. The counter is vast. On the counter you see a raw yellow potato, a yellow bell pepper, a cookbook and a knife. Wow! Just like in the movies! You can make out a stove. But oh no! there's nothing on this piece of junk. What, you think everything in TextWorld should have stuff on it?

There is an open plain door leading east. There is an exit to the west.

There is a raw purple potato on the floor.","You are carrying: a banana, a red apple, a raw red potato, a white onion and a red onion.",1 of 16,0.0625,False,
66,,,I should examine the cookbook on the counter to check the recipe for a delicious meal.,examine cookbook,,"You open the copy of ""Cooking: A Modern Approach (3rd Ed.)"" and start reading:

Recipe #1
---------
Gather all following ingredients and follow the directions to prepare this tasty meal.

Ingredients:
banana
  red apple
  block of cheese
  orange bell pepper
  pork chop

Directions:
chop the banana
  grill the banana
  slice the red apple
  roast the red apple
  dice the block of cheese
  grill the block of cheese
  chop the orange bell pepper
  grill the orange bell pepper
  dice the pork chop
  grill the pork chop
  prepare meal",Kitchen,"You find yourself in a kitchen. A normal kind of place. You decide to start listing off everything you see in the room, as if you were in a text adventure.

Hey, want to see a fridge? Look over there, a fridge. The fridge contains a raw pork chop, a block of cheese and a carrot. You see an oven. Look out! It's a- oh, never mind, it's just a table. But the thing is empty. As if things weren't amazing enough already, you can even see a counter. The counter is vast. On the counter you see a raw yellow potato, a yellow bell pepper, a cookbook and a knife. Wow! Just like in the movies! You can make out a stove. But oh no! there's nothing on this piece of junk. What, you think everything in TextWorld should have stuff on it?

There is an open plain door leading east. There is an exit to the west.

There is a raw purple potato on the floor.","You are carrying: a banana, a red apple, a raw red potato, a white onion and a red onion.",1 of 16,0.0625,False,
67,,,"I need to gather the remaining ingredients from the kitchen and fridge: block of cheese, orange bell pepper, and pork chop. Then I will follow the recipe steps to chop, slice, dice, grill, roast, and prepare the meal.",take block of cheese from fridge,,You're carrying too many things already.,Kitchen,"You find yourself in a kitchen. A normal kind of place. You decide to start listing off everything you see in the room, as if you were in a text adventure.

Hey, want to see a fridge? Look over there, a fridge. The fridge contains a raw pork chop, a block of cheese and a carrot. You see an oven. Look out! It's a- oh, never mind, it's just a table. But the thing is empty. As if things weren't amazing enough already, you can even see a counter. The counter is vast. On the counter you see a raw yellow potato, a yellow bell pepper, a cookbook and a knife. Wow! Just like in the movies! You can make out a stove. But oh no! there's nothing on this piece of junk. What, you think everything in TextWorld should have stuff on it?

There is an open plain door leading east. There is an exit to the west.

There is a raw purple potato on the floor.","You are carrying: a banana, a red apple, a raw red potato, a white onion and a red onion.",1 of 16,0.0625,False,
68,,,"I am carrying too many items already, so I should drop some items to free up space before taking ingredients or the cookbook. I will drop the banana and the red apple to reduce my inventory.",drop banana,,You drop the banana on the ground.,Kitchen,"You find yourself in a kitchen. A normal kind of place. You decide to start listing off everything you see in the room, as if you were in a text adventure.

Hey, want to see a fridge? Look over there, a fridge. The fridge contains a raw pork chop, a block of cheese and a carrot. You see an oven. Look out! It's a- oh, never mind, it's just a table. But the thing is empty. As if things weren't amazing enough already, you can even see a counter. The counter is vast. On the counter you see a raw yellow potato, a yellow bell pepper, a cookbook and a knife. Wow! Just like in the movies! You can make out a stove. But oh no! there's nothing on this piece of junk. What, you think everything in TextWorld should have stuff on it?

There is an open plain door leading east. There is an exit to the west.

There is a banana and a raw purple potato on the floor.","You are carrying: a red apple, a raw red potato, a white onion and a red onion.",1 of 16,0.0625,False,
69,,,I should examine the cookbook on the counter to check the recipe for a delicious meal.,examine cookbook,,"You open the copy of ""Cooking: A Modern Approach (3rd Ed.)"" and start reading:

Recipe #1
---------
Gather all following ingredients and follow the directions to prepare this tasty meal.

Ingredients:
banana
  red apple
  block of cheese
  orange bell pepper
  pork chop

Directions:
chop the banana
  grill the banana
  slice the red apple
  roast the red apple
  dice the block of cheese
  grill the block of cheese
  chop the orange bell pepper
  grill the orange bell pepper
  dice the pork chop
  grill the pork chop
  prepare meal",Kitchen,"You find yourself in a kitchen. A normal kind of place. You decide to start listing off everything you see in the room, as if you were in a text adventure.

Hey, want to see a fridge? Look over there, a fridge. The fridge contains a raw pork chop, a block of cheese and a carrot. You see an oven. Look out! It's a- oh, never mind, it's just a table. But the thing is empty. As if things weren't amazing enough already, you can even see a counter. The counter is vast. On the counter you see a raw yellow potato, a yellow bell pepper, a cookbook and a knife. Wow! Just like in the movies! You can make out a stove. But oh no! there's nothing on this piece of junk. What, you think everything in TextWorld should have stuff on it?

There is an open plain door leading east. There is an exit to the west.

There is a banana and a raw purple potato on the floor.","You are carrying: a red apple, a raw red potato, a white onion and a red onion.",1 of 16,0.0625,False,
70,,,"I need to gather all the ingredients listed in the recipe: banana, red apple, block of cheese, orange bell pepper, and pork chop. I already have a red apple in my inventory. I see a banana on the floor, a block of cheese and a raw pork chop in the fridge, and an orange bell pepper on the counter. I will take the banana from the floor first.",take banana from floor,,You pick up the banana from the ground.,Kitchen,"You find yourself in a kitchen. A normal kind of place. You decide to start listing off everything you see in the room, as if you were in a text adventure.

Hey, want to see a fridge? Look over there, a fridge. The fridge contains a raw pork chop, a block of cheese and a carrot. You see an oven. Look out! It's a- oh, never mind, it's just a table. But the thing is empty. As if things weren't amazing enough already, you can even see a counter. The counter is vast. On the counter you see a raw yellow potato, a yellow bell pepper, a cookbook and a knife. Wow! Just like in the movies! You can make out a stove. But oh no! there's nothing on this piece of junk. What, you think everything in TextWorld should have stuff on it?

There is an open plain door leading east. There is an exit to the west.

There is a raw purple potato on the floor.","You are carrying: a banana, a red apple, a raw red potato, a white onion and a red onion.",1 of 16,0.0625,False,
71,,,I should check the cookbook on the counter to find a recipe for a delicious meal.,examine cookbook,,"You open the copy of ""Cooking: A Modern Approach (3rd Ed.)"" and start reading:

Recipe #1
---------
Gather all following ingredients and follow the directions to prepare this tasty meal.

Ingredients:
banana
  red apple
  block of cheese
  orange bell pepper
  pork chop

Directions:
chop the banana
  grill the banana
  slice the red apple
  roast the red apple
  dice the block of cheese
  grill the block of cheese
  chop the orange bell pepper
  grill the orange bell pepper
  dice the pork chop
  grill the pork chop
  prepare meal",Kitchen,"You find yourself in a kitchen. A normal kind of place. You decide to start listing off everything you see in the room, as if you were in a text adventure.

Hey, want to see a fridge? Look over there, a fridge. The fridge contains a raw pork chop, a block of cheese and a carrot. You see an oven. Look out! It's a- oh, never mind, it's just a table. But the thing is empty. As if things weren't amazing enough already, you can even see a counter. The counter is vast. On the counter you see a raw yellow potato, a yellow bell pepper, a cookbook and a knife. Wow! Just like in the movies! You can make out a stove. But oh no! there's nothing on this piece of junk. What, you think everything in TextWorld should have stuff on it?

There is an open plain door leading east. There is an exit to the west.

There is a raw purple potato on the floor.","You are carrying: a banana, a red apple, a raw red potato, a white onion and a red onion.",1 of 16,0.0625,False,
72,,,"I need to gather the remaining ingredients from the kitchen: block of cheese, orange bell pepper, and pork chop. Then I will follow the recipe steps to chop, slice, dice, grill, roast, and finally prepare the meal.",take block of cheese from fridge,,You're carrying too many things already.,Kitchen,"You find yourself in a kitchen. A normal kind of place. You decide to start listing off everything you see in the room, as if you were in a text adventure.

Hey, want to see a fridge? Look over there, a fridge. The fridge contains a raw pork chop, a block of cheese and a carrot. You see an oven. Look out! It's a- oh, never mind, it's just a table. But the thing is empty. As if things weren't amazing enough already, you can even see a counter. The counter is vast. On the counter you see a raw yellow potato, a yellow bell pepper, a cookbook and a knife. Wow! Just like in the movies! You can make out a stove. But oh no! there's nothing on this piece of junk. What, you think everything in TextWorld should have stuff on it?

There is an open plain door leading east. There is an exit to the west.

There is a raw purple potato on the floor.","You are carrying: a banana, a red apple, a raw red potato, a white onion and a red onion.",1 of 16,0.0625,False,
73,,,"I am carrying too many items, so I should drop some to free up space before taking ingredients or the cookbook. I will drop the banana first to reduce my inventory load.",drop banana,,You drop the banana on the ground.,Kitchen,"You find yourself in a kitchen. A normal kind of place. You decide to start listing off everything you see in the room, as if you were in a text adventure.

Hey, want to see a fridge? Look over there, a fridge. The fridge contains a raw pork chop, a block of cheese and a carrot. You see an oven. Look out! It's a- oh, never mind, it's just a table. But the thing is empty. As if things weren't amazing enough already, you can even see a counter. The counter is vast. On the counter you see a raw yellow potato, a yellow bell pepper, a cookbook and a knife. Wow! Just like in the movies! You can make out a stove. But oh no! there's nothing on this piece of junk. What, you think everything in TextWorld should have stuff on it?

There is an open plain door leading east. There is an exit to the west.

There is a banana and a raw purple potato on the floor.","You are carrying: a red apple, a raw red potato, a white onion and a red onion.",1 of 16,0.0625,False,
74,,,I should examine the cookbook on the counter to find the recipe for a delicious meal.,examine cookbook,,"You open the copy of ""Cooking: A Modern Approach (3rd Ed.)"" and start reading:

Recipe #1
---------
Gather all following ingredients and follow the directions to prepare this tasty meal.

Ingredients:
banana
  red apple
  block of cheese
  orange bell pepper
  pork chop

Directions:
chop the banana
  grill the banana
  slice the red apple
  roast the red apple
  dice the block of cheese
  grill the block of cheese
  chop the orange bell pepper
  grill the orange bell pepper
  dice the pork chop
  grill the pork chop
  prepare meal",Kitchen,"You find yourself in a kitchen. A normal kind of place. You decide to start listing off everything you see in the room, as if you were in a text adventure.

Hey, want to see a fridge? Look over there, a fridge. The fridge contains a raw pork chop, a block of cheese and a carrot. You see an oven. Look out! It's a- oh, never mind, it's just a table. But the thing is empty. As if things weren't amazing enough already, you can even see a counter. The counter is vast. On the counter you see a raw yellow potato, a yellow bell pepper, a cookbook and a knife. Wow! Just like in the movies! You can make out a stove. But oh no! there's nothing on this piece of junk. What, you think everything in TextWorld should have stuff on it?

There is an open plain door leading east. There is an exit to the west.

There is a banana and a raw purple potato on the floor.","You are carrying: a red apple, a raw red potato, a white onion and a red onion.",1 of 16,0.0625,False,
75,,,"I need to gather all the ingredients from the kitchen and the floor: banana, red apple, block of cheese, orange bell pepper, and pork chop. I already have a red apple in my inventory, so I will take the banana, block of cheese, orange bell pepper, and pork chop from the kitchen and floor.",take banana from floor,,You pick up the banana from the ground.,Kitchen,"You find yourself in a kitchen. A normal kind of place. You decide to start listing off everything you see in the room, as if you were in a text adventure.

Hey, want to see a fridge? Look over there, a fridge. The fridge contains a raw pork chop, a block of cheese and a carrot. You see an oven. Look out! It's a- oh, never mind, it's just a table. But the thing is empty. As if things weren't amazing enough already, you can even see a counter. The counter is vast. On the counter you see a raw yellow potato, a yellow bell pepper, a cookbook and a knife. Wow! Just like in the movies! You can make out a stove. But oh no! there's nothing on this piece of junk. What, you think everything in TextWorld should have stuff on it?

There is an open plain door leading east. There is an exit to the west.

There is a raw purple potato on the floor.","You are carrying: a banana, a red apple, a raw red potato, a white onion and a red onion.",1 of 16,0.0625,False,
76,,,I should examine the cookbook on the counter to find the recipe for a delicious meal.,examine cookbook,,"You open the copy of ""Cooking: A Modern Approach (3rd Ed.)"" and start reading:

Recipe #1
---------
Gather all following ingredients and follow the directions to prepare this tasty meal.

Ingredients:
banana
  red apple
  block of cheese
  orange bell pepper
  pork chop

Directions:
chop the banana
  grill the banana
  slice the red apple
  roast the red apple
  dice the block of cheese
  grill the block of cheese
  chop the orange bell pepper
  grill the orange bell pepper
  dice the pork chop
  grill the pork chop
  prepare meal",Kitchen,"You find yourself in a kitchen. A normal kind of place. You decide to start listing off everything you see in the room, as if you were in a text adventure.

Hey, want to see a fridge? Look over there, a fridge. The fridge contains a raw pork chop, a block of cheese and a carrot. You see an oven. Look out! It's a- oh, never mind, it's just a table. But the thing is empty. As if things weren't amazing enough already, you can even see a counter. The counter is vast. On the counter you see a raw yellow potato, a yellow bell pepper, a cookbook and a knife. Wow! Just like in the movies! You can make out a stove. But oh no! there's nothing on this piece of junk. What, you think everything in TextWorld should have stuff on it?

There is an open plain door leading east. There is an exit to the west.

There is a raw purple potato on the floor.","You are carrying: a banana, a red apple, a raw red potato, a white onion and a red onion.",1 of 16,0.0625,False,
77,,,"I need to gather the ingredients from the kitchen and fridge: block of cheese, orange bell pepper, and pork chop. Then I will follow the recipe steps to chop, slice, dice, grill, roast, and prepare the meal.",take block of cheese from fridge,,You're carrying too many things already.,Kitchen,"You find yourself in a kitchen. A normal kind of place. You decide to start listing off everything you see in the room, as if you were in a text adventure.

Hey, want to see a fridge? Look over there, a fridge. The fridge contains a raw pork chop, a block of cheese and a carrot. You see an oven. Look out! It's a- oh, never mind, it's just a table. But the thing is empty. As if things weren't amazing enough already, you can even see a counter. The counter is vast. On the counter you see a raw yellow potato, a yellow bell pepper, a cookbook and a knife. Wow! Just like in the movies! You can make out a stove. But oh no! there's nothing on this piece of junk. What, you think everything in TextWorld should have stuff on it?

There is an open plain door leading east. There is an exit to the west.

There is a raw purple potato on the floor.","You are carrying: a banana, a red apple, a raw red potato, a white onion and a red onion.",1 of 16,0.0625,False,
78,,,"I am carrying too many items already, so I should drop some to free up space before taking the cookbook and knife to check the recipe and cook a meal.",drop banana,,You drop the banana on the ground.,Kitchen,"You find yourself in a kitchen. A normal kind of place. You decide to start listing off everything you see in the room, as if you were in a text adventure.

Hey, want to see a fridge? Look over there, a fridge. The fridge contains a raw pork chop, a block of cheese and a carrot. You see an oven. Look out! It's a- oh, never mind, it's just a table. But the thing is empty. As if things weren't amazing enough already, you can even see a counter. The counter is vast. On the counter you see a raw yellow potato, a yellow bell pepper, a cookbook and a knife. Wow! Just like in the movies! You can make out a stove. But oh no! there's nothing on this piece of junk. What, you think everything in TextWorld should have stuff on it?

There is an open plain door leading east. There is an exit to the west.

There is a banana and a raw purple potato on the floor.","You are carrying: a red apple, a raw red potato, a white onion and a red onion.",1 of 16,0.0625,False,
79,,,I should examine the cookbook on the counter to find a recipe for a delicious meal.,examine cookbook,,"You open the copy of ""Cooking: A Modern Approach (3rd Ed.)"" and start reading:

Recipe #1
---------
Gather all following ingredients and follow the directions to prepare this tasty meal.

Ingredients:
banana
  red apple
  block of cheese
  orange bell pepper
  pork chop

Directions:
chop the banana
  grill the banana
  slice the red apple
  roast the red apple
  dice the block of cheese
  grill the block of cheese
  chop the orange bell pepper
  grill the orange bell pepper
  dice the pork chop
  grill the pork chop
  prepare meal",Kitchen,"You find yourself in a kitchen. A normal kind of place. You decide to start listing off everything you see in the room, as if you were in a text adventure.

Hey, want to see a fridge? Look over there, a fridge. The fridge contains a raw pork chop, a block of cheese and a carrot. You see an oven. Look out! It's a- oh, never mind, it's just a table. But the thing is empty. As if things weren't amazing enough already, you can even see a counter. The counter is vast. On the counter you see a raw yellow potato, a yellow bell pepper, a cookbook and a knife. Wow! Just like in the movies! You can make out a stove. But oh no! there's nothing on this piece of junk. What, you think everything in TextWorld should have stuff on it?

There is an open plain door leading east. There is an exit to the west.

There is a banana and a raw purple potato on the floor.","You are carrying: a red apple, a raw red potato, a white onion and a red onion.",1 of 16,0.0625,False,
80,,,"I need to gather the ingredients listed in the recipe: banana, red apple, block of cheese, orange bell pepper, and pork chop. I already have a red apple in my inventory. I see a banana on the floor, a block of cheese and a raw pork chop in the fridge, and an orange bell pepper on the counter. I will take the banana from the floor first.",take banana from floor,,You pick up the banana from the ground.,Kitchen,"You find yourself in a kitchen. A normal kind of place. You decide to start listing off everything you see in the room, as if you were in a text adventure.

Hey, want to see a fridge? Look over there, a fridge. The fridge contains a raw pork chop, a block of cheese and a carrot. You see an oven. Look out! It's a- oh, never mind, it's just a table. But the thing is empty. As if things weren't amazing enough already, you can even see a counter. The counter is vast. On the counter you see a raw yellow potato, a yellow bell pepper, a cookbook and a knife. Wow! Just like in the movies! You can make out a stove. But oh no! there's nothing on this piece of junk. What, you think everything in TextWorld should have stuff on it?

There is an open plain door leading east. There is an exit to the west.

There is a raw purple potato on the floor.","You are carrying: a banana, a red apple, a raw red potato, a white onion and a red onion.",1 of 16,0.0625,False,
81,,,I should examine the cookbook on the counter to find a recipe for a delicious meal.,examine cookbook,,"You open the copy of ""Cooking: A Modern Approach (3rd Ed.)"" and start reading:

Recipe #1
---------
Gather all following ingredients and follow the directions to prepare this tasty meal.

Ingredients:
banana
  red apple
  block of cheese
  orange bell pepper
  pork chop

Directions:
chop the banana
  grill the banana
  slice the red apple
  roast the red apple
  dice the block of cheese
  grill the block of cheese
  chop the orange bell pepper
  grill the orange bell pepper
  dice the pork chop
  grill the pork chop
  prepare meal",Kitchen,"You find yourself in a kitchen. A normal kind of place. You decide to start listing off everything you see in the room, as if you were in a text adventure.

Hey, want to see a fridge? Look over there, a fridge. The fridge contains a raw pork chop, a block of cheese and a carrot. You see an oven. Look out! It's a- oh, never mind, it's just a table. But the thing is empty. As if things weren't amazing enough already, you can even see a counter. The counter is vast. On the counter you see a raw yellow potato, a yellow bell pepper, a cookbook and a knife. Wow! Just like in the movies! You can make out a stove. But oh no! there's nothing on this piece of junk. What, you think everything in TextWorld should have stuff on it?

There is an open plain door leading east. There is an exit to the west.

There is a raw purple potato on the floor.","You are carrying: a banana, a red apple, a raw red potato, a white onion and a red onion.",1 of 16,0.0625,False,
82,,,"I need to gather the ingredients from the recipe: banana, red apple, block of cheese, orange bell pepper, and pork chop. I already have the banana and red apple. I should take the block of cheese, orange bell pepper, and pork chop from the fridge and counter, then follow the recipe steps.",take block of cheese from fridge,,You're carrying too many things already.,Kitchen,"You find yourself in a kitchen. A normal kind of place. You decide to start listing off everything you see in the room, as if you were in a text adventure.

Hey, want to see a fridge? Look over there, a fridge. The fridge contains a raw pork chop, a block of cheese and a carrot. You see an oven. Look out! It's a- oh, never mind, it's just a table. But the thing is empty. As if things weren't amazing enough already, you can even see a counter. The counter is vast. On the counter you see a raw yellow potato, a yellow bell pepper, a cookbook and a knife. Wow! Just like in the movies! You can make out a stove. But oh no! there's nothing on this piece of junk. What, you think everything in TextWorld should have stuff on it?

There is an open plain door leading east. There is an exit to the west.

There is a raw purple potato on the floor.","You are carrying: a banana, a red apple, a raw red potato, a white onion and a red onion.",1 of 16,0.0625,False,
83,,,"I am carrying too many items, so I should drop one to free up space before taking the cookbook to check the recipe.",drop banana,,You drop the banana on the ground.,Kitchen,"You find yourself in a kitchen. A normal kind of place. You decide to start listing off everything you see in the room, as if you were in a text adventure.

Hey, want to see a fridge? Look over there, a fridge. The fridge contains a raw pork chop, a block of cheese and a carrot. You see an oven. Look out! It's a- oh, never mind, it's just a table. But the thing is empty. As if things weren't amazing enough already, you can even see a counter. The counter is vast. On the counter you see a raw yellow potato, a yellow bell pepper, a cookbook and a knife. Wow! Just like in the movies! You can make out a stove. But oh no! there's nothing on this piece of junk. What, you think everything in TextWorld should have stuff on it?

There is an open plain door leading east. There is an exit to the west.

There is a banana and a raw purple potato on the floor.","You are carrying: a red apple, a raw red potato, a white onion and a red onion.",1 of 16,0.0625,False,
84,,,I should examine the cookbook on the counter to find a recipe for a delicious meal.,examine cookbook,,"You open the copy of ""Cooking: A Modern Approach (3rd Ed.)"" and start reading:

Recipe #1
---------
Gather all following ingredients and follow the directions to prepare this tasty meal.

Ingredients:
banana
  red apple
  block of cheese
  orange bell pepper
  pork chop

Directions:
chop the banana
  grill the banana
  slice the red apple
  roast the red apple
  dice the block of cheese
  grill the block of cheese
  chop the orange bell pepper
  grill the orange bell pepper
  dice the pork chop
  grill the pork chop
  prepare meal",Kitchen,"You find yourself in a kitchen. A normal kind of place. You decide to start listing off everything you see in the room, as if you were in a text adventure.

Hey, want to see a fridge? Look over there, a fridge. The fridge contains a raw pork chop, a block of cheese and a carrot. You see an oven. Look out! It's a- oh, never mind, it's just a table. But the thing is empty. As if things weren't amazing enough already, you can even see a counter. The counter is vast. On the counter you see a raw yellow potato, a yellow bell pepper, a cookbook and a knife. Wow! Just like in the movies! You can make out a stove. But oh no! there's nothing on this piece of junk. What, you think everything in TextWorld should have stuff on it?

There is an open plain door leading east. There is an exit to the west.

There is a banana and a raw purple potato on the floor.","You are carrying: a red apple, a raw red potato, a white onion and a red onion.",1 of 16,0.0625,False,
85,,,"I need to gather all the ingredients listed in the recipe: banana, red apple, block of cheese, orange bell pepper, and pork chop. I already have a red apple, so I should take the banana from the floor, then take the block of cheese and the raw pork chop from the fridge, and finally take the orange bell pepper from the counter.",take banana from floor,,You pick up the banana from the ground.,Kitchen,"You find yourself in a kitchen. A normal kind of place. You decide to start listing off everything you see in the room, as if you were in a text adventure.

Hey, want to see a fridge? Look over there, a fridge. The fridge contains a raw pork chop, a block of cheese and a carrot. You see an oven. Look out! It's a- oh, never mind, it's just a table. But the thing is empty. As if things weren't amazing enough already, you can even see a counter. The counter is vast. On the counter you see a raw yellow potato, a yellow bell pepper, a cookbook and a knife. Wow! Just like in the movies! You can make out a stove. But oh no! there's nothing on this piece of junk. What, you think everything in TextWorld should have stuff on it?

There is an open plain door leading east. There is an exit to the west.

There is a raw purple potato on the floor.","You are carrying: a banana, a red apple, a raw red potato, a white onion and a red onion.",1 of 16,0.0625,False,
86,,,I should check the cookbook on the counter to find a recipe for a delicious meal.,examine cookbook,,"You open the copy of ""Cooking: A Modern Approach (3rd Ed.)"" and start reading:

Recipe #1
---------
Gather all following ingredients and follow the directions to prepare this tasty meal.

Ingredients:
banana
  red apple
  block of cheese
  orange bell pepper
  pork chop

Directions:
chop the banana
  grill the banana
  slice the red apple
  roast the red apple
  dice the block of cheese
  grill the block of cheese
  chop the orange bell pepper
  grill the orange bell pepper
  dice the pork chop
  grill the pork chop
  prepare meal",Kitchen,"You find yourself in a kitchen. A normal kind of place. You decide to start listing off everything you see in the room, as if you were in a text adventure.

Hey, want to see a fridge? Look over there, a fridge. The fridge contains a raw pork chop, a block of cheese and a carrot. You see an oven. Look out! It's a- oh, never mind, it's just a table. But the thing is empty. As if things weren't amazing enough already, you can even see a counter. The counter is vast. On the counter you see a raw yellow potato, a yellow bell pepper, a cookbook and a knife. Wow! Just like in the movies! You can make out a stove. But oh no! there's nothing on this piece of junk. What, you think everything in TextWorld should have stuff on it?

There is an open plain door leading east. There is an exit to the west.

There is a raw purple potato on the floor.","You are carrying: a banana, a red apple, a raw red potato, a white onion and a red onion.",1 of 16,0.0625,False,
87,,,"I need to gather the remaining ingredients from the kitchen: block of cheese, orange bell pepper, and pork chop. Then I will follow the recipe steps to chop, slice, dice, grill, roast, and prepare the meal.",take block of cheese from fridge,,You're carrying too many things already.,Kitchen,"You find yourself in a kitchen. A normal kind of place. You decide to start listing off everything you see in the room, as if you were in a text adventure.

Hey, want to see a fridge? Look over there, a fridge. The fridge contains a raw pork chop, a block of cheese and a carrot. You see an oven. Look out! It's a- oh, never mind, it's just a table. But the thing is empty. As if things weren't amazing enough already, you can even see a counter. The counter is vast. On the counter you see a raw yellow potato, a yellow bell pepper, a cookbook and a knife. Wow! Just like in the movies! You can make out a stove. But oh no! there's nothing on this piece of junk. What, you think everything in TextWorld should have stuff on it?

There is an open plain door leading east. There is an exit to the west.

There is a raw purple potato on the floor.","You are carrying: a banana, a red apple, a raw red potato, a white onion and a red onion.",1 of 16,0.0625,False,
88,,,"I am carrying too many items, so I should drop some to free up space before taking anything else. I will drop the banana first to reduce the load.",drop banana,,You drop the banana on the ground.,Kitchen,"You find yourself in a kitchen. A normal kind of place. You decide to start listing off everything you see in the room, as if you were in a text adventure.

Hey, want to see a fridge? Look over there, a fridge. The fridge contains a raw pork chop, a block of cheese and a carrot. You see an oven. Look out! It's a- oh, never mind, it's just a table. But the thing is empty. As if things weren't amazing enough already, you can even see a counter. The counter is vast. On the counter you see a raw yellow potato, a yellow bell pepper, a cookbook and a knife. Wow! Just like in the movies! You can make out a stove. But oh no! there's nothing on this piece of junk. What, you think everything in TextWorld should have stuff on it?

There is an open plain door leading east. There is an exit to the west.

There is a banana and a raw purple potato on the floor.","You are carrying: a red apple, a raw red potato, a white onion and a red onion.",1 of 16,0.0625,False,
89,,,I should examine the cookbook on the counter to find a recipe for a delicious meal.,examine cookbook,,"You open the copy of ""Cooking: A Modern Approach (3rd Ed.)"" and start reading:

Recipe #1
---------
Gather all following ingredients and follow the directions to prepare this tasty meal.

Ingredients:
banana
  red apple
  block of cheese
  orange bell pepper
  pork chop

Directions:
chop the banana
  grill the banana
  slice the red apple
  roast the red apple
  dice the block of cheese
  grill the block of cheese
  chop the orange bell pepper
  grill the orange bell pepper
  dice the pork chop
  grill the pork chop
  prepare meal",Kitchen,"You find yourself in a kitchen. A normal kind of place. You decide to start listing off everything you see in the room, as if you were in a text adventure.

Hey, want to see a fridge? Look over there, a fridge. The fridge contains a raw pork chop, a block of cheese and a carrot. You see an oven. Look out! It's a- oh, never mind, it's just a table. But the thing is empty. As if things weren't amazing enough already, you can even see a counter. The counter is vast. On the counter you see a raw yellow potato, a yellow bell pepper, a cookbook and a knife. Wow! Just like in the movies! You can make out a stove. But oh no! there's nothing on this piece of junk. What, you think everything in TextWorld should have stuff on it?

There is an open plain door leading east. There is an exit to the west.

There is a banana and a raw purple potato on the floor.","You are carrying: a red apple, a raw red potato, a white onion and a red onion.",1 of 16,0.0625,False,
90,,,"I need to gather all the ingredients from the recipe: banana, red apple, block of cheese, orange bell pepper, and pork chop. I already have a red apple in my inventory. I see a banana on the floor, a block of cheese and a raw pork chop in the fridge, and an orange bell pepper on the counter. I will take the banana from the floor first.",take banana from floor,,You pick up the banana from the ground.,Kitchen,"You find yourself in a kitchen. A normal kind of place. You decide to start listing off everything you see in the room, as if you were in a text adventure.

Hey, want to see a fridge? Look over there, a fridge. The fridge contains a raw pork chop, a block of cheese and a carrot. You see an oven. Look out! It's a- oh, never mind, it's just a table. But the thing is empty. As if things weren't amazing enough already, you can even see a counter. The counter is vast. On the counter you see a raw yellow potato, a yellow bell pepper, a cookbook and a knife. Wow! Just like in the movies! You can make out a stove. But oh no! there's nothing on this piece of junk. What, you think everything in TextWorld should have stuff on it?

There is an open plain door leading east. There is an exit to the west.

There is a raw purple potato on the floor.","You are carrying: a banana, a red apple, a raw red potato, a white onion and a red onion.",1 of 16,0.0625,False,
91,,,I should examine the cookbook on the counter to find a recipe for a delicious meal.,examine cookbook,,"You open the copy of ""Cooking: A Modern Approach (3rd Ed.)"" and start reading:

Recipe #1
---------
Gather all following ingredients and follow the directions to prepare this tasty meal.

Ingredients:
banana
  red apple
  block of cheese
  orange bell pepper
  pork chop

Directions:
chop the banana
  grill the banana
  slice the red apple
  roast the red apple
  dice the block of cheese
  grill the block of cheese
  chop the orange bell pepper
  grill the orange bell pepper
  dice the pork chop
  grill the pork chop
  prepare meal",Kitchen,"You find yourself in a kitchen. A normal kind of place. You decide to start listing off everything you see in the room, as if you were in a text adventure.

Hey, want to see a fridge? Look over there, a fridge. The fridge contains a raw pork chop, a block of cheese and a carrot. You see an oven. Look out! It's a- oh, never mind, it's just a table. But the thing is empty. As if things weren't amazing enough already, you can even see a counter. The counter is vast. On the counter you see a raw yellow potato, a yellow bell pepper, a cookbook and a knife. Wow! Just like in the movies! You can make out a stove. But oh no! there's nothing on this piece of junk. What, you think everything in TextWorld should have stuff on it?

There is an open plain door leading east. There is an exit to the west.

There is a raw purple potato on the floor.","You are carrying: a banana, a red apple, a raw red potato, a white onion and a red onion.",1 of 16,0.0625,False,
92,,,"I need to gather the ingredients from the kitchen and fridge: banana, red apple, block of cheese, orange bell pepper, and pork chop. I already have the banana and red apple in my inventory. I will take the block of cheese, orange bell pepper, and pork chop from the kitchen and fridge to proceed with the recipe.",take block of cheese from fridge,,You're carrying too many things already.,Kitchen,"You find yourself in a kitchen. A normal kind of place. You decide to start listing off everything you see in the room, as if you were in a text adventure.

Hey, want to see a fridge? Look over there, a fridge. The fridge contains a raw pork chop, a block of cheese and a carrot. You see an oven. Look out! It's a- oh, never mind, it's just a table. But the thing is empty. As if things weren't amazing enough already, you can even see a counter. The counter is vast. On the counter you see a raw yellow potato, a yellow bell pepper, a cookbook and a knife. Wow! Just like in the movies! You can make out a stove. But oh no! there's nothing on this piece of junk. What, you think everything in TextWorld should have stuff on it?

There is an open plain door leading east. There is an exit to the west.

There is a raw purple potato on the floor.","You are carrying: a banana, a red apple, a raw red potato, a white onion and a red onion.",1 of 16,0.0625,False,
93,,,"I am carrying too many items already, so I should drop some to make space. I will drop the banana first to free up inventory space.",drop banana,,You drop the banana on the ground.,Kitchen,"You find yourself in a kitchen. A normal kind of place. You decide to start listing off everything you see in the room, as if you were in a text adventure.

Hey, want to see a fridge? Look over there, a fridge. The fridge contains a raw pork chop, a block of cheese and a carrot. You see an oven. Look out! It's a- oh, never mind, it's just a table. But the thing is empty. As if things weren't amazing enough already, you can even see a counter. The counter is vast. On the counter you see a raw yellow potato, a yellow bell pepper, a cookbook and a knife. Wow! Just like in the movies! You can make out a stove. But oh no! there's nothing on this piece of junk. What, you think everything in TextWorld should have stuff on it?

There is an open plain door leading east. There is an exit to the west.

There is a banana and a raw purple potato on the floor.","You are carrying: a red apple, a raw red potato, a white onion and a red onion.",1 of 16,0.0625,False,
94,,,I should examine the cookbook on the counter to check the recipe for a delicious meal.,examine cookbook,,"You open the copy of ""Cooking: A Modern Approach (3rd Ed.)"" and start reading:

Recipe #1
---------
Gather all following ingredients and follow the directions to prepare this tasty meal.

Ingredients:
banana
  red apple
  block of cheese
  orange bell pepper
  pork chop

Directions:
chop the banana
  grill the banana
  slice the red apple
  roast the red apple
  dice the block of cheese
  grill the block of cheese
  chop the orange bell pepper
  grill the orange bell pepper
  dice the pork chop
  grill the pork chop
  prepare meal",Kitchen,"You find yourself in a kitchen. A normal kind of place. You decide to start listing off everything you see in the room, as if you were in a text adventure.

Hey, want to see a fridge? Look over there, a fridge. The fridge contains a raw pork chop, a block of cheese and a carrot. You see an oven. Look out! It's a- oh, never mind, it's just a table. But the thing is empty. As if things weren't amazing enough already, you can even see a counter. The counter is vast. On the counter you see a raw yellow potato, a yellow bell pepper, a cookbook and a knife. Wow! Just like in the movies! You can make out a stove. But oh no! there's nothing on this piece of junk. What, you think everything in TextWorld should have stuff on it?

There is an open plain door leading east. There is an exit to the west.

There is a banana and a raw purple potato on the floor.","You are carrying: a red apple, a raw red potato, a white onion and a red onion.",1 of 16,0.0625,False,
95,,,"I need to gather all the ingredients from the recipe: banana, red apple, block of cheese, orange bell pepper, and pork chop. I already have a red apple in my inventory. I see a banana on the floor, a block of cheese and a raw pork chop in the fridge, and an orange bell pepper on the counter. I will take the banana from the floor first.",take banana from floor,,You pick up the banana from the ground.,Kitchen,"You find yourself in a kitchen. A normal kind of place. You decide to start listing off everything you see in the room, as if you were in a text adventure.

Hey, want to see a fridge? Look over there, a fridge. The fridge contains a raw pork chop, a block of cheese and a carrot. You see an oven. Look out! It's a- oh, never mind, it's just a table. But the thing is empty. As if things weren't amazing enough already, you can even see a counter. The counter is vast. On the counter you see a raw yellow potato, a yellow bell pepper, a cookbook and a knife. Wow! Just like in the movies! You can make out a stove. But oh no! there's nothing on this piece of junk. What, you think everything in TextWorld should have stuff on it?

There is an open plain door leading east. There is an exit to the west.

There is a raw purple potato on the floor.","You are carrying: a banana, a red apple, a raw red potato, a white onion and a red onion.",1 of 16,0.0625,False,
96,,,I should examine the cookbook on the counter to find a recipe for a delicious meal.,examine cookbook,,"You open the copy of ""Cooking: A Modern Approach (3rd Ed.)"" and start reading:

Recipe #1
---------
Gather all following ingredients and follow the directions to prepare this tasty meal.

Ingredients:
banana
  red apple
  block of cheese
  orange bell pepper
  pork chop

Directions:
chop the banana
  grill the banana
  slice the red apple
  roast the red apple
  dice the block of cheese
  grill the block of cheese
  chop the orange bell pepper
  grill the orange bell pepper
  dice the pork chop
  grill the pork chop
  prepare meal",Kitchen,"You find yourself in a kitchen. A normal kind of place. You decide to start listing off everything you see in the room, as if you were in a text adventure.

Hey, want to see a fridge? Look over there, a fridge. The fridge contains a raw pork chop, a block of cheese and a carrot. You see an oven. Look out! It's a- oh, never mind, it's just a table. But the thing is empty. As if things weren't amazing enough already, you can even see a counter. The counter is vast. On the counter you see a raw yellow potato, a yellow bell pepper, a cookbook and a knife. Wow! Just like in the movies! You can make out a stove. But oh no! there's nothing on this piece of junk. What, you think everything in TextWorld should have stuff on it?

There is an open plain door leading east. There is an exit to the west.

There is a raw purple potato on the floor.","You are carrying: a banana, a red apple, a raw red potato, a white onion and a red onion.",1 of 16,0.0625,False,
97,,,"I need to gather the remaining ingredients from the kitchen and fridge: block of cheese, orange bell pepper, and pork chop. Then I will follow the recipe steps to chop, slice, dice, grill, roast, and prepare the meal.",take block of cheese from fridge,,You're carrying too many things already.,Kitchen,"You find yourself in a kitchen. A normal kind of place. You decide to start listing off everything you see in the room, as if you were in a text adventure.

Hey, want to see a fridge? Look over there, a fridge. The fridge contains a raw pork chop, a block of cheese and a carrot. You see an oven. Look out! It's a- oh, never mind, it's just a table. But the thing is empty. As if things weren't amazing enough already, you can even see a counter. The counter is vast. On the counter you see a raw yellow potato, a yellow bell pepper, a cookbook and a knife. Wow! Just like in the movies! You can make out a stove. But oh no! there's nothing on this piece of junk. What, you think everything in TextWorld should have stuff on it?

There is an open plain door leading east. There is an exit to the west.

There is a raw purple potato on the floor.","You are carrying: a banana, a red apple, a raw red potato, a white onion and a red onion.",1 of 16,0.0625,False,
98,,,"I am carrying too many items already, so I should drop some items to free up space before taking anything else. I will drop the banana first to reduce my inventory load.",drop banana,,You drop the banana on the ground.,Kitchen,"You find yourself in a kitchen. A normal kind of place. You decide to start listing off everything you see in the room, as if you were in a text adventure.

Hey, want to see a fridge? Look over there, a fridge. The fridge contains a raw pork chop, a block of cheese and a carrot. You see an oven. Look out! It's a- oh, never mind, it's just a table. But the thing is empty. As if things weren't amazing enough already, you can even see a counter. The counter is vast. On the counter you see a raw yellow potato, a yellow bell pepper, a cookbook and a knife. Wow! Just like in the movies! You can make out a stove. But oh no! there's nothing on this piece of junk. What, you think everything in TextWorld should have stuff on it?

There is an open plain door leading east. There is an exit to the west.

There is a banana and a raw purple potato on the floor.","You are carrying: a red apple, a raw red potato, a white onion and a red onion.",1 of 16,0.0625,False,
99,,,I should examine the cookbook on the counter to find a recipe for a delicious meal.,examine cookbook,,"You open the copy of ""Cooking: A Modern Approach (3rd Ed.)"" and start reading:

Recipe #1
---------
Gather all following ingredients and follow the directions to prepare this tasty meal.

Ingredients:
banana
  red apple
  block of cheese
  orange bell pepper
  pork chop

Directions:
chop the banana
  grill the banana
  slice the red apple
  roast the red apple
  dice the block of cheese
  grill the block of cheese
  chop the orange bell pepper
  grill the orange bell pepper
  dice the pork chop
  grill the pork chop
  prepare meal",Kitchen,"You find yourself in a kitchen. A normal kind of place. You decide to start listing off everything you see in the room, as if you were in a text adventure.

Hey, want to see a fridge? Look over there, a fridge. The fridge contains a raw pork chop, a block of cheese and a carrot. You see an oven. Look out! It's a- oh, never mind, it's just a table. But the thing is empty. As if things weren't amazing enough already, you can even see a counter. The counter is vast. On the counter you see a raw yellow potato, a yellow bell pepper, a cookbook and a knife. Wow! Just like in the movies! You can make out a stove. But oh no! there's nothing on this piece of junk. What, you think everything in TextWorld should have stuff on it?

There is an open plain door leading east. There is an exit to the west.

There is a banana and a raw purple potato on the floor.","You are carrying: a red apple, a raw red potato, a white onion and a red onion.",1 of 16,0.0625,False,
100,,,"I need to gather all the ingredients from the recipe: banana, red apple, block of cheese, orange bell pepper, and pork chop. I already have a red apple. I will take the banana from the floor, then take the block of cheese and pork chop from the fridge, and the orange bell pepper from the counter.",take banana from floor,,You pick up the banana from the ground.,Kitchen,"You find yourself in a kitchen. A normal kind of place. You decide to start listing off everything you see in the room, as if you were in a text adventure.

Hey, want to see a fridge? Look over there, a fridge. The fridge contains a raw pork chop, a block of cheese and a carrot. You see an oven. Look out! It's a- oh, never mind, it's just a table. But the thing is empty. As if things weren't amazing enough already, you can even see a counter. The counter is vast. On the counter you see a raw yellow potato, a yellow bell pepper, a cookbook and a knife. Wow! Just like in the movies! You can make out a stove. But oh no! there's nothing on this piece of junk. What, you think everything in TextWorld should have stuff on it?

There is an open plain door leading east. There is an exit to the west.

There is a raw purple potato on the floor.","You are carrying: a banana, a red apple, a raw red potato, a white onion and a red onion.",1 of 16,0.0625,True,
