step_id,plan,summary,thought,action,task,feedback,location,description,inventory,score,reward,is_done,error
0,,,,,"You are hungry! Let's cook a delicious meal. Check the cookbook in the kitchen for the recipe. Once done, enjoy your meal!",,Kitchen,"You are in a kitchen. A typical one.

You can make out a fridge. Oh wow! Is that what I think it is? It is! It's an oven. You can see a table. On the table you see a cookbook. Look out! It's a- oh, never mind, it's just a counter. You see a knife on the counter. Hmmm... what else, what else? Oh, great. Here's a stove. Looks like someone's already been here and taken everything off it, though.

There is a closed screen door leading east. There is a closed plain door leading north. You don't like doors? Why not try going west, that entranceway is not blocked by one.","You are carrying: a yellow bell pepper, a red onion, a red apple and a white onion.",0 of 16,0.0,False,
1,,,I should examine the cookbook on the table to find a recipe for a delicious meal.,examine cookbook,,"You open the copy of ""Cooking: A Modern Approach (3rd Ed.)"" and start reading:

Recipe #1
---------
Gather all following ingredients and follow the directions to prepare this tasty meal.

Ingredients:
red potato
  orange bell pepper
  pork chop
  carrot
  yellow bell pepper

Directions:
dice the red potato
  roast the red potato
  chop the orange bell pepper
  grill the orange bell pepper
  slice the pork chop
  roast the pork chop
  slice the carrot
  grill the carrot
  chop the yellow bell pepper
  fry the yellow bell pepper
  prepare meal",Kitchen,"You are in a kitchen. A typical one.

You can make out a fridge. Oh wow! Is that what I think it is? It is! It's an oven. You can see a table. On the table you see a cookbook. Look out! It's a- oh, never mind, it's just a counter. You see a knife on the counter. Hmmm... what else, what else? Oh, great. Here's a stove. Looks like someone's already been here and taken everything off it, though.

There is a closed screen door leading east. There is a closed plain door leading north. You don't like doors? Why not try going west, that entranceway is not blocked by one.","You are carrying: a yellow bell pepper, a red onion, a red apple and a white onion.",0 of 16,0.0,False,
2,,,"I need to gather the ingredients listed in the recipe: red potato, orange bell pepper, pork chop, carrot, and yellow bell pepper. I already have a yellow bell pepper, so I should look for the other ingredients in the kitchen or nearby.",look,,"You are in a kitchen. A typical one.

You can make out a fridge. Oh wow! Is that what I think it is? It is! It's an oven. You can see a table. On the table you see a cookbook. Look out! It's a- oh, never mind, it's just a counter. You see a knife on the counter. Hmmm... what else, what else? Oh, great. Here's a stove. Looks like someone's already been here and taken everything off it, though.

There is a closed screen door leading east. There is a closed plain door leading north. You don't like doors? Why not try going west, that entranceway is not blocked by one.",Kitchen,"You are in a kitchen. A typical one.

You can make out a fridge. Oh wow! Is that what I think it is? It is! It's an oven. You can see a table. On the table you see a cookbook. Look out! It's a- oh, never mind, it's just a counter. You see a knife on the counter. Hmmm... what else, what else? Oh, great. Here's a stove. Looks like someone's already been here and taken everything off it, though.

There is a closed screen door leading east. There is a closed plain door leading north. You don't like doors? Why not try going west, that entranceway is not blocked by one.","You are carrying: a yellow bell pepper, a red onion, a red apple and a white onion.",0 of 16,0.0,False,
3,,,I should examine the cookbook on the table to find a recipe for a delicious meal.,examine cookbook,,"You open the copy of ""Cooking: A Modern Approach (3rd Ed.)"" and start reading:

Recipe #1
---------
Gather all following ingredients and follow the directions to prepare this tasty meal.

Ingredients:
red potato
  orange bell pepper
  pork chop
  carrot
  yellow bell pepper

Directions:
dice the red potato
  roast the red potato
  chop the orange bell pepper
  grill the orange bell pepper
  slice the pork chop
  roast the pork chop
  slice the carrot
  grill the carrot
  chop the yellow bell pepper
  fry the yellow bell pepper
  prepare meal",Kitchen,"You are in a kitchen. A typical one.

You can make out a fridge. Oh wow! Is that what I think it is? It is! It's an oven. You can see a table. On the table you see a cookbook. Look out! It's a- oh, never mind, it's just a counter. You see a knife on the counter. Hmmm... what else, what else? Oh, great. Here's a stove. Looks like someone's already been here and taken everything off it, though.

There is a closed screen door leading east. There is a closed plain door leading north. You don't like doors? Why not try going west, that entranceway is not blocked by one.","You are carrying: a yellow bell pepper, a red onion, a red apple and a white onion.",0 of 16,0.0,False,
4,,,"I need to gather the ingredients listed in the recipe: red potato, orange bell pepper, pork chop, carrot, and yellow bell pepper. I already have a yellow bell pepper, so I should look for the other ingredients in the kitchen or nearby.",look,,"You are in a kitchen. A typical one.

You can make out a fridge. Oh wow! Is that what I think it is? It is! It's an oven. You can see a table. On the table you see a cookbook. Look out! It's a- oh, never mind, it's just a counter. You see a knife on the counter. Hmmm... what else, what else? Oh, great. Here's a stove. Looks like someone's already been here and taken everything off it, though.

There is a closed screen door leading east. There is a closed plain door leading north. You don't like doors? Why not try going west, that entranceway is not blocked by one.",Kitchen,"You are in a kitchen. A typical one.

You can make out a fridge. Oh wow! Is that what I think it is? It is! It's an oven. You can see a table. On the table you see a cookbook. Look out! It's a- oh, never mind, it's just a counter. You see a knife on the counter. Hmmm... what else, what else? Oh, great. Here's a stove. Looks like someone's already been here and taken everything off it, though.

There is a closed screen door leading east. There is a closed plain door leading north. You don't like doors? Why not try going west, that entranceway is not blocked by one.","You are carrying: a yellow bell pepper, a red onion, a red apple and a white onion.",0 of 16,0.0,False,
5,,,I should examine the cookbook on the table to find a recipe for a delicious meal.,examine cookbook,,"You open the copy of ""Cooking: A Modern Approach (3rd Ed.)"" and start reading:

Recipe #1
---------
Gather all following ingredients and follow the directions to prepare this tasty meal.

Ingredients:
red potato
  orange bell pepper
  pork chop
  carrot
  yellow bell pepper

Directions:
dice the red potato
  roast the red potato
  chop the orange bell pepper
  grill the orange bell pepper
  slice the pork chop
  roast the pork chop
  slice the carrot
  grill the carrot
  chop the yellow bell pepper
  fry the yellow bell pepper
  prepare meal",Kitchen,"You are in a kitchen. A typical one.

You can make out a fridge. Oh wow! Is that what I think it is? It is! It's an oven. You can see a table. On the table you see a cookbook. Look out! It's a- oh, never mind, it's just a counter. You see a knife on the counter. Hmmm... what else, what else? Oh, great. Here's a stove. Looks like someone's already been here and taken everything off it, though.

There is a closed screen door leading east. There is a closed plain door leading north. You don't like doors? Why not try going west, that entranceway is not blocked by one.","You are carrying: a yellow bell pepper, a red onion, a red apple and a white onion.",0 of 16,0.0,False,
6,,,"I need to gather the ingredients from the recipe: red potato, orange bell pepper, pork chop, carrot, and yellow bell pepper. I already have the yellow bell pepper, so I should look around the kitchen to find the other ingredients.",look,,"You are in a kitchen. A typical one.

You can make out a fridge. Oh wow! Is that what I think it is? It is! It's an oven. You can see a table. On the table you see a cookbook. Look out! It's a- oh, never mind, it's just a counter. You see a knife on the counter. Hmmm... what else, what else? Oh, great. Here's a stove. Looks like someone's already been here and taken everything off it, though.

There is a closed screen door leading east. There is a closed plain door leading north. You don't like doors? Why not try going west, that entranceway is not blocked by one.",Kitchen,"You are in a kitchen. A typical one.

You can make out a fridge. Oh wow! Is that what I think it is? It is! It's an oven. You can see a table. On the table you see a cookbook. Look out! It's a- oh, never mind, it's just a counter. You see a knife on the counter. Hmmm... what else, what else? Oh, great. Here's a stove. Looks like someone's already been here and taken everything off it, though.

There is a closed screen door leading east. There is a closed plain door leading north. You don't like doors? Why not try going west, that entranceway is not blocked by one.","You are carrying: a yellow bell pepper, a red onion, a red apple and a white onion.",0 of 16,0.0,False,
7,,,I should take the cookbook from the table to check the recipe for cooking a delicious meal.,take cookbook from table,,You take the cookbook from the table.,Kitchen,"You are in a kitchen. A typical one.

You can make out a fridge. Oh wow! Is that what I think it is? It is! It's an oven. You can see a table. Looks like someone's already been here and taken everything off it, though. Look out! It's a- oh, never mind, it's just a counter. You see a knife on the counter. Hmmm... what else, what else? Oh, great. Here's a stove. Looks like someone's already been here and taken everything off it, though.

There is a closed screen door leading east. There is a closed plain door leading north. You don't like doors? Why not try going west, that entranceway is not blocked by one.","You are carrying: a cookbook, a yellow bell pepper, a red onion, a red apple and a white onion.",0 of 16,0.0,False,
8,,,I should examine the cookbook to find a recipe for a delicious meal.,examine cookbook,,"You open the copy of ""Cooking: A Modern Approach (3rd Ed.)"" and start reading:

Recipe #1
---------
Gather all following ingredients and follow the directions to prepare this tasty meal.

Ingredients:
red potato
  orange bell pepper
  pork chop
  carrot
  yellow bell pepper

Directions:
dice the red potato
  roast the red potato
  chop the orange bell pepper
  grill the orange bell pepper
  slice the pork chop
  roast the pork chop
  slice the carrot
  grill the carrot
  chop the yellow bell pepper
  fry the yellow bell pepper
  prepare meal",Kitchen,"You are in a kitchen. A typical one.

You can make out a fridge. Oh wow! Is that what I think it is? It is! It's an oven. You can see a table. Looks like someone's already been here and taken everything off it, though. Look out! It's a- oh, never mind, it's just a counter. You see a knife on the counter. Hmmm... what else, what else? Oh, great. Here's a stove. Looks like someone's already been here and taken everything off it, though.

There is a closed screen door leading east. There is a closed plain door leading north. You don't like doors? Why not try going west, that entranceway is not blocked by one.","You are carrying: a cookbook, a yellow bell pepper, a red onion, a red apple and a white onion.",0 of 16,0.0,False,
9,,,"I need to gather the ingredients listed in the recipe, starting with the red potato, orange bell pepper, pork chop, and carrot, which I currently do not have. I should look around the kitchen to find these ingredients.",look,,"You are in a kitchen. A typical one.

You can make out a fridge. Oh wow! Is that what I think it is? It is! It's an oven. You can see a table. Looks like someone's already been here and taken everything off it, though. Look out! It's a- oh, never mind, it's just a counter. You see a knife on the counter. Hmmm... what else, what else? Oh, great. Here's a stove. Looks like someone's already been here and taken everything off it, though.

There is a closed screen door leading east. There is a closed plain door leading north. You don't like doors? Why not try going west, that entranceway is not blocked by one.",Kitchen,"You are in a kitchen. A typical one.

You can make out a fridge. Oh wow! Is that what I think it is? It is! It's an oven. You can see a table. Looks like someone's already been here and taken everything off it, though. Look out! It's a- oh, never mind, it's just a counter. You see a knife on the counter. Hmmm... what else, what else? Oh, great. Here's a stove. Looks like someone's already been here and taken everything off it, though.

There is a closed screen door leading east. There is a closed plain door leading north. You don't like doors? Why not try going west, that entranceway is not blocked by one.","You are carrying: a cookbook, a yellow bell pepper, a red onion, a red apple and a white onion.",0 of 16,0.0,False,
10,,,I should examine the cookbook to find a recipe for a delicious meal.,examine cookbook,,"You open the copy of ""Cooking: A Modern Approach (3rd Ed.)"" and start reading:

Recipe #1
---------
Gather all following ingredients and follow the directions to prepare this tasty meal.

Ingredients:
red potato
  orange bell pepper
  pork chop
  carrot
  yellow bell pepper

Directions:
dice the red potato
  roast the red potato
  chop the orange bell pepper
  grill the orange bell pepper
  slice the pork chop
  roast the pork chop
  slice the carrot
  grill the carrot
  chop the yellow bell pepper
  fry the yellow bell pepper
  prepare meal",Kitchen,"You are in a kitchen. A typical one.

You can make out a fridge. Oh wow! Is that what I think it is? It is! It's an oven. You can see a table. Looks like someone's already been here and taken everything off it, though. Look out! It's a- oh, never mind, it's just a counter. You see a knife on the counter. Hmmm... what else, what else? Oh, great. Here's a stove. Looks like someone's already been here and taken everything off it, though.

There is a closed screen door leading east. There is a closed plain door leading north. You don't like doors? Why not try going west, that entranceway is not blocked by one.","You are carrying: a cookbook, a yellow bell pepper, a red onion, a red apple and a white onion.",0 of 16,0.0,False,
11,,,"I need to gather the ingredients listed in the recipe: red potato, orange bell pepper, pork chop, carrot, and yellow bell pepper. I already have a yellow bell pepper, so I should look for the red potato, orange bell pepper, pork chop, and carrot in the kitchen or nearby.",look,,"You are in a kitchen. A typical one.

You can make out a fridge. Oh wow! Is that what I think it is? It is! It's an oven. You can see a table. Looks like someone's already been here and taken everything off it, though. Look out! It's a- oh, never mind, it's just a counter. You see a knife on the counter. Hmmm... what else, what else? Oh, great. Here's a stove. Looks like someone's already been here and taken everything off it, though.

There is a closed screen door leading east. There is a closed plain door leading north. You don't like doors? Why not try going west, that entranceway is not blocked by one.",Kitchen,"You are in a kitchen. A typical one.

You can make out a fridge. Oh wow! Is that what I think it is? It is! It's an oven. You can see a table. Looks like someone's already been here and taken everything off it, though. Look out! It's a- oh, never mind, it's just a counter. You see a knife on the counter. Hmmm... what else, what else? Oh, great. Here's a stove. Looks like someone's already been here and taken everything off it, though.

There is a closed screen door leading east. There is a closed plain door leading north. You don't like doors? Why not try going west, that entranceway is not blocked by one.","You are carrying: a cookbook, a yellow bell pepper, a red onion, a red apple and a white onion.",0 of 16,0.0,False,
12,,,I should examine the cookbook to find the recipe for a delicious meal.,examine cookbook,,"You open the copy of ""Cooking: A Modern Approach (3rd Ed.)"" and start reading:

Recipe #1
---------
Gather all following ingredients and follow the directions to prepare this tasty meal.

Ingredients:
red potato
  orange bell pepper
  pork chop
  carrot
  yellow bell pepper

Directions:
dice the red potato
  roast the red potato
  chop the orange bell pepper
  grill the orange bell pepper
  slice the pork chop
  roast the pork chop
  slice the carrot
  grill the carrot
  chop the yellow bell pepper
  fry the yellow bell pepper
  prepare meal",Kitchen,"You are in a kitchen. A typical one.

You can make out a fridge. Oh wow! Is that what I think it is? It is! It's an oven. You can see a table. Looks like someone's already been here and taken everything off it, though. Look out! It's a- oh, never mind, it's just a counter. You see a knife on the counter. Hmmm... what else, what else? Oh, great. Here's a stove. Looks like someone's already been here and taken everything off it, though.

There is a closed screen door leading east. There is a closed plain door leading north. You don't like doors? Why not try going west, that entranceway is not blocked by one.","You are carrying: a cookbook, a yellow bell pepper, a red onion, a red apple and a white onion.",0 of 16,0.0,False,
13,,,"I need to gather the ingredients listed in the recipe: red potato, orange bell pepper, pork chop, carrot, and yellow bell pepper. I already have a yellow bell pepper, so I should look for the red potato, orange bell pepper, pork chop, and carrot in the kitchen or nearby.",look,,"You are in a kitchen. A typical one.

You can make out a fridge. Oh wow! Is that what I think it is? It is! It's an oven. You can see a table. Looks like someone's already been here and taken everything off it, though. Look out! It's a- oh, never mind, it's just a counter. You see a knife on the counter. Hmmm... what else, what else? Oh, great. Here's a stove. Looks like someone's already been here and taken everything off it, though.

There is a closed screen door leading east. There is a closed plain door leading north. You don't like doors? Why not try going west, that entranceway is not blocked by one.",Kitchen,"You are in a kitchen. A typical one.

You can make out a fridge. Oh wow! Is that what I think it is? It is! It's an oven. You can see a table. Looks like someone's already been here and taken everything off it, though. Look out! It's a- oh, never mind, it's just a counter. You see a knife on the counter. Hmmm... what else, what else? Oh, great. Here's a stove. Looks like someone's already been here and taken everything off it, though.

There is a closed screen door leading east. There is a closed plain door leading north. You don't like doors? Why not try going west, that entranceway is not blocked by one.","You are carrying: a cookbook, a yellow bell pepper, a red onion, a red apple and a white onion.",0 of 16,0.0,False,
14,,,I should open the cookbook to check the recipe for a delicious meal.,examine cookbook,,"You open the copy of ""Cooking: A Modern Approach (3rd Ed.)"" and start reading:

Recipe #1
---------
Gather all following ingredients and follow the directions to prepare this tasty meal.

Ingredients:
red potato
  orange bell pepper
  pork chop
  carrot
  yellow bell pepper

Directions:
dice the red potato
  roast the red potato
  chop the orange bell pepper
  grill the orange bell pepper
  slice the pork chop
  roast the pork chop
  slice the carrot
  grill the carrot
  chop the yellow bell pepper
  fry the yellow bell pepper
  prepare meal",Kitchen,"You are in a kitchen. A typical one.

You can make out a fridge. Oh wow! Is that what I think it is? It is! It's an oven. You can see a table. Looks like someone's already been here and taken everything off it, though. Look out! It's a- oh, never mind, it's just a counter. You see a knife on the counter. Hmmm... what else, what else? Oh, great. Here's a stove. Looks like someone's already been here and taken everything off it, though.

There is a closed screen door leading east. There is a closed plain door leading north. You don't like doors? Why not try going west, that entranceway is not blocked by one.","You are carrying: a cookbook, a yellow bell pepper, a red onion, a red apple and a white onion.",0 of 16,0.0,False,
15,,,"I need to gather the ingredients from the recipe first. I already have a yellow bell pepper, but I need to find a red potato, orange bell pepper, pork chop, and carrot. I should look around the kitchen to find these ingredients.",look,,"You are in a kitchen. A typical one.

You can make out a fridge. Oh wow! Is that what I think it is? It is! It's an oven. You can see a table. Looks like someone's already been here and taken everything off it, though. Look out! It's a- oh, never mind, it's just a counter. You see a knife on the counter. Hmmm... what else, what else? Oh, great. Here's a stove. Looks like someone's already been here and taken everything off it, though.

There is a closed screen door leading east. There is a closed plain door leading north. You don't like doors? Why not try going west, that entranceway is not blocked by one.",Kitchen,"You are in a kitchen. A typical one.

You can make out a fridge. Oh wow! Is that what I think it is? It is! It's an oven. You can see a table. Looks like someone's already been here and taken everything off it, though. Look out! It's a- oh, never mind, it's just a counter. You see a knife on the counter. Hmmm... what else, what else? Oh, great. Here's a stove. Looks like someone's already been here and taken everything off it, though.

There is a closed screen door leading east. There is a closed plain door leading north. You don't like doors? Why not try going west, that entranceway is not blocked by one.","You are carrying: a cookbook, a yellow bell pepper, a red onion, a red apple and a white onion.",0 of 16,0.0,False,
16,,,I should examine the cookbook to find a recipe for a delicious meal.,examine cookbook,,"You open the copy of ""Cooking: A Modern Approach (3rd Ed.)"" and start reading:

Recipe #1
---------
Gather all following ingredients and follow the directions to prepare this tasty meal.

Ingredients:
red potato
  orange bell pepper
  pork chop
  carrot
  yellow bell pepper

Directions:
dice the red potato
  roast the red potato
  chop the orange bell pepper
  grill the orange bell pepper
  slice the pork chop
  roast the pork chop
  slice the carrot
  grill the carrot
  chop the yellow bell pepper
  fry the yellow bell pepper
  prepare meal",Kitchen,"You are in a kitchen. A typical one.

You can make out a fridge. Oh wow! Is that what I think it is? It is! It's an oven. You can see a table. Looks like someone's already been here and taken everything off it, though. Look out! It's a- oh, never mind, it's just a counter. You see a knife on the counter. Hmmm... what else, what else? Oh, great. Here's a stove. Looks like someone's already been here and taken everything off it, though.

There is a closed screen door leading east. There is a closed plain door leading north. You don't like doors? Why not try going west, that entranceway is not blocked by one.","You are carrying: a cookbook, a yellow bell pepper, a red onion, a red apple and a white onion.",0 of 16,0.0,False,
17,,,"I need to gather the ingredients listed in the recipe: red potato, orange bell pepper, pork chop, carrot, and yellow bell pepper. I already have a yellow bell pepper, so I should look for the red potato, orange bell pepper, pork chop, and carrot in the kitchen or nearby.",look,,"You are in a kitchen. A typical one.

You can make out a fridge. Oh wow! Is that what I think it is? It is! It's an oven. You can see a table. Looks like someone's already been here and taken everything off it, though. Look out! It's a- oh, never mind, it's just a counter. You see a knife on the counter. Hmmm... what else, what else? Oh, great. Here's a stove. Looks like someone's already been here and taken everything off it, though.

There is a closed screen door leading east. There is a closed plain door leading north. You don't like doors? Why not try going west, that entranceway is not blocked by one.",Kitchen,"You are in a kitchen. A typical one.

You can make out a fridge. Oh wow! Is that what I think it is? It is! It's an oven. You can see a table. Looks like someone's already been here and taken everything off it, though. Look out! It's a- oh, never mind, it's just a counter. You see a knife on the counter. Hmmm... what else, what else? Oh, great. Here's a stove. Looks like someone's already been here and taken everything off it, though.

There is a closed screen door leading east. There is a closed plain door leading north. You don't like doors? Why not try going west, that entranceway is not blocked by one.","You are carrying: a cookbook, a yellow bell pepper, a red onion, a red apple and a white onion.",0 of 16,0.0,False,
18,,,I should examine the cookbook to find the recipe for a delicious meal.,examine cookbook,,"You open the copy of ""Cooking: A Modern Approach (3rd Ed.)"" and start reading:

Recipe #1
---------
Gather all following ingredients and follow the directions to prepare this tasty meal.

Ingredients:
red potato
  orange bell pepper
  pork chop
  carrot
  yellow bell pepper

Directions:
dice the red potato
  roast the red potato
  chop the orange bell pepper
  grill the orange bell pepper
  slice the pork chop
  roast the pork chop
  slice the carrot
  grill the carrot
  chop the yellow bell pepper
  fry the yellow bell pepper
  prepare meal",Kitchen,"You are in a kitchen. A typical one.

You can make out a fridge. Oh wow! Is that what I think it is? It is! It's an oven. You can see a table. Looks like someone's already been here and taken everything off it, though. Look out! It's a- oh, never mind, it's just a counter. You see a knife on the counter. Hmmm... what else, what else? Oh, great. Here's a stove. Looks like someone's already been here and taken everything off it, though.

There is a closed screen door leading east. There is a closed plain door leading north. You don't like doors? Why not try going west, that entranceway is not blocked by one.","You are carrying: a cookbook, a yellow bell pepper, a red onion, a red apple and a white onion.",0 of 16,0.0,False,
19,,,"I need to gather the ingredients from the recipe first, starting with the red potato, orange bell pepper, pork chop, and carrot, which I currently do not have. I will look around the kitchen to find these ingredients.",look,,"You are in a kitchen. A typical one.

You can make out a fridge. Oh wow! Is that what I think it is? It is! It's an oven. You can see a table. Looks like someone's already been here and taken everything off it, though. Look out! It's a- oh, never mind, it's just a counter. You see a knife on the counter. Hmmm... what else, what else? Oh, great. Here's a stove. Looks like someone's already been here and taken everything off it, though.

There is a closed screen door leading east. There is a closed plain door leading north. You don't like doors? Why not try going west, that entranceway is not blocked by one.",Kitchen,"You are in a kitchen. A typical one.

You can make out a fridge. Oh wow! Is that what I think it is? It is! It's an oven. You can see a table. Looks like someone's already been here and taken everything off it, though. Look out! It's a- oh, never mind, it's just a counter. You see a knife on the counter. Hmmm... what else, what else? Oh, great. Here's a stove. Looks like someone's already been here and taken everything off it, though.

There is a closed screen door leading east. There is a closed plain door leading north. You don't like doors? Why not try going west, that entranceway is not blocked by one.","You are carrying: a cookbook, a yellow bell pepper, a red onion, a red apple and a white onion.",0 of 16,0.0,False,
20,,,I should examine the cookbook to find a recipe for a delicious meal.,examine cookbook,,"You open the copy of ""Cooking: A Modern Approach (3rd Ed.)"" and start reading:

Recipe #1
---------
Gather all following ingredients and follow the directions to prepare this tasty meal.

Ingredients:
red potato
  orange bell pepper
  pork chop
  carrot
  yellow bell pepper

Directions:
dice the red potato
  roast the red potato
  chop the orange bell pepper
  grill the orange bell pepper
  slice the pork chop
  roast the pork chop
  slice the carrot
  grill the carrot
  chop the yellow bell pepper
  fry the yellow bell pepper
  prepare meal",Kitchen,"You are in a kitchen. A typical one.

You can make out a fridge. Oh wow! Is that what I think it is? It is! It's an oven. You can see a table. Looks like someone's already been here and taken everything off it, though. Look out! It's a- oh, never mind, it's just a counter. You see a knife on the counter. Hmmm... what else, what else? Oh, great. Here's a stove. Looks like someone's already been here and taken everything off it, though.

There is a closed screen door leading east. There is a closed plain door leading north. You don't like doors? Why not try going west, that entranceway is not blocked by one.","You are carrying: a cookbook, a yellow bell pepper, a red onion, a red apple and a white onion.",0 of 16,0.0,False,
21,,,"I need to gather the ingredients listed in the recipe: red potato, orange bell pepper, pork chop, carrot, and yellow bell pepper. I already have a yellow bell pepper, so I should look for the red potato, orange bell pepper, pork chop, and carrot in the kitchen or nearby.",look,,"You are in a kitchen. A typical one.

You can make out a fridge. Oh wow! Is that what I think it is? It is! It's an oven. You can see a table. Looks like someone's already been here and taken everything off it, though. Look out! It's a- oh, never mind, it's just a counter. You see a knife on the counter. Hmmm... what else, what else? Oh, great. Here's a stove. Looks like someone's already been here and taken everything off it, though.

There is a closed screen door leading east. There is a closed plain door leading north. You don't like doors? Why not try going west, that entranceway is not blocked by one.",Kitchen,"You are in a kitchen. A typical one.

You can make out a fridge. Oh wow! Is that what I think it is? It is! It's an oven. You can see a table. Looks like someone's already been here and taken everything off it, though. Look out! It's a- oh, never mind, it's just a counter. You see a knife on the counter. Hmmm... what else, what else? Oh, great. Here's a stove. Looks like someone's already been here and taken everything off it, though.

There is a closed screen door leading east. There is a closed plain door leading north. You don't like doors? Why not try going west, that entranceway is not blocked by one.","You are carrying: a cookbook, a yellow bell pepper, a red onion, a red apple and a white onion.",0 of 16,0.0,False,
22,,,I should examine the cookbook to find a recipe for a delicious meal.,examine cookbook,,"You open the copy of ""Cooking: A Modern Approach (3rd Ed.)"" and start reading:

Recipe #1
---------
Gather all following ingredients and follow the directions to prepare this tasty meal.

Ingredients:
red potato
  orange bell pepper
  pork chop
  carrot
  yellow bell pepper

Directions:
dice the red potato
  roast the red potato
  chop the orange bell pepper
  grill the orange bell pepper
  slice the pork chop
  roast the pork chop
  slice the carrot
  grill the carrot
  chop the yellow bell pepper
  fry the yellow bell pepper
  prepare meal",Kitchen,"You are in a kitchen. A typical one.

You can make out a fridge. Oh wow! Is that what I think it is? It is! It's an oven. You can see a table. Looks like someone's already been here and taken everything off it, though. Look out! It's a- oh, never mind, it's just a counter. You see a knife on the counter. Hmmm... what else, what else? Oh, great. Here's a stove. Looks like someone's already been here and taken everything off it, though.

There is a closed screen door leading east. There is a closed plain door leading north. You don't like doors? Why not try going west, that entranceway is not blocked by one.","You are carrying: a cookbook, a yellow bell pepper, a red onion, a red apple and a white onion.",0 of 16,0.0,False,
23,,,"I need to gather the ingredients from the recipe first, starting with the red potato, orange bell pepper, pork chop, and carrot, which I currently do not have. I will look around the kitchen to find these ingredients.",look,,"You are in a kitchen. A typical one.

You can make out a fridge. Oh wow! Is that what I think it is? It is! It's an oven. You can see a table. Looks like someone's already been here and taken everything off it, though. Look out! It's a- oh, never mind, it's just a counter. You see a knife on the counter. Hmmm... what else, what else? Oh, great. Here's a stove. Looks like someone's already been here and taken everything off it, though.

There is a closed screen door leading east. There is a closed plain door leading north. You don't like doors? Why not try going west, that entranceway is not blocked by one.",Kitchen,"You are in a kitchen. A typical one.

You can make out a fridge. Oh wow! Is that what I think it is? It is! It's an oven. You can see a table. Looks like someone's already been here and taken everything off it, though. Look out! It's a- oh, never mind, it's just a counter. You see a knife on the counter. Hmmm... what else, what else? Oh, great. Here's a stove. Looks like someone's already been here and taken everything off it, though.

There is a closed screen door leading east. There is a closed plain door leading north. You don't like doors? Why not try going west, that entranceway is not blocked by one.","You are carrying: a cookbook, a yellow bell pepper, a red onion, a red apple and a white onion.",0 of 16,0.0,False,
24,,,I should open the cookbook to check the recipe for a delicious meal.,examine cookbook,,"You open the copy of ""Cooking: A Modern Approach (3rd Ed.)"" and start reading:

Recipe #1
---------
Gather all following ingredients and follow the directions to prepare this tasty meal.

Ingredients:
red potato
  orange bell pepper
  pork chop
  carrot
  yellow bell pepper

Directions:
dice the red potato
  roast the red potato
  chop the orange bell pepper
  grill the orange bell pepper
  slice the pork chop
  roast the pork chop
  slice the carrot
  grill the carrot
  chop the yellow bell pepper
  fry the yellow bell pepper
  prepare meal",Kitchen,"You are in a kitchen. A typical one.

You can make out a fridge. Oh wow! Is that what I think it is? It is! It's an oven. You can see a table. Looks like someone's already been here and taken everything off it, though. Look out! It's a- oh, never mind, it's just a counter. You see a knife on the counter. Hmmm... what else, what else? Oh, great. Here's a stove. Looks like someone's already been here and taken everything off it, though.

There is a closed screen door leading east. There is a closed plain door leading north. You don't like doors? Why not try going west, that entranceway is not blocked by one.","You are carrying: a cookbook, a yellow bell pepper, a red onion, a red apple and a white onion.",0 of 16,0.0,False,
25,,,"I need to gather the ingredients listed in the recipe: red potato, orange bell pepper, pork chop, carrot, and yellow bell pepper. I already have a yellow bell pepper, so I should look for the red potato, orange bell pepper, pork chop, and carrot in the kitchen or nearby.",look,,"You are in a kitchen. A typical one.

You can make out a fridge. Oh wow! Is that what I think it is? It is! It's an oven. You can see a table. Looks like someone's already been here and taken everything off it, though. Look out! It's a- oh, never mind, it's just a counter. You see a knife on the counter. Hmmm... what else, what else? Oh, great. Here's a stove. Looks like someone's already been here and taken everything off it, though.

There is a closed screen door leading east. There is a closed plain door leading north. You don't like doors? Why not try going west, that entranceway is not blocked by one.",Kitchen,"You are in a kitchen. A typical one.

You can make out a fridge. Oh wow! Is that what I think it is? It is! It's an oven. You can see a table. Looks like someone's already been here and taken everything off it, though. Look out! It's a- oh, never mind, it's just a counter. You see a knife on the counter. Hmmm... what else, what else? Oh, great. Here's a stove. Looks like someone's already been here and taken everything off it, though.

There is a closed screen door leading east. There is a closed plain door leading north. You don't like doors? Why not try going west, that entranceway is not blocked by one.","You are carrying: a cookbook, a yellow bell pepper, a red onion, a red apple and a white onion.",0 of 16,0.0,False,
26,,,I should examine the cookbook to find a recipe for a delicious meal.,examine cookbook,,"You open the copy of ""Cooking: A Modern Approach (3rd Ed.)"" and start reading:

Recipe #1
---------
Gather all following ingredients and follow the directions to prepare this tasty meal.

Ingredients:
red potato
  orange bell pepper
  pork chop
  carrot
  yellow bell pepper

Directions:
dice the red potato
  roast the red potato
  chop the orange bell pepper
  grill the orange bell pepper
  slice the pork chop
  roast the pork chop
  slice the carrot
  grill the carrot
  chop the yellow bell pepper
  fry the yellow bell pepper
  prepare meal",Kitchen,"You are in a kitchen. A typical one.

You can make out a fridge. Oh wow! Is that what I think it is? It is! It's an oven. You can see a table. Looks like someone's already been here and taken everything off it, though. Look out! It's a- oh, never mind, it's just a counter. You see a knife on the counter. Hmmm... what else, what else? Oh, great. Here's a stove. Looks like someone's already been here and taken everything off it, though.

There is a closed screen door leading east. There is a closed plain door leading north. You don't like doors? Why not try going west, that entranceway is not blocked by one.","You are carrying: a cookbook, a yellow bell pepper, a red onion, a red apple and a white onion.",0 of 16,0.0,False,
27,,,"I need to gather the ingredients listed in the recipe: red potato, orange bell pepper, pork chop, carrot, and yellow bell pepper. I already have a yellow bell pepper, so I should look for the red potato, orange bell pepper, pork chop, and carrot in the kitchen or nearby.",look,,"You are in a kitchen. A typical one.

You can make out a fridge. Oh wow! Is that what I think it is? It is! It's an oven. You can see a table. Looks like someone's already been here and taken everything off it, though. Look out! It's a- oh, never mind, it's just a counter. You see a knife on the counter. Hmmm... what else, what else? Oh, great. Here's a stove. Looks like someone's already been here and taken everything off it, though.

There is a closed screen door leading east. There is a closed plain door leading north. You don't like doors? Why not try going west, that entranceway is not blocked by one.",Kitchen,"You are in a kitchen. A typical one.

You can make out a fridge. Oh wow! Is that what I think it is? It is! It's an oven. You can see a table. Looks like someone's already been here and taken everything off it, though. Look out! It's a- oh, never mind, it's just a counter. You see a knife on the counter. Hmmm... what else, what else? Oh, great. Here's a stove. Looks like someone's already been here and taken everything off it, though.

There is a closed screen door leading east. There is a closed plain door leading north. You don't like doors? Why not try going west, that entranceway is not blocked by one.","You are carrying: a cookbook, a yellow bell pepper, a red onion, a red apple and a white onion.",0 of 16,0.0,False,
28,,,I should check the cookbook to find a recipe for a delicious meal.,examine cookbook,,"You open the copy of ""Cooking: A Modern Approach (3rd Ed.)"" and start reading:

Recipe #1
---------
Gather all following ingredients and follow the directions to prepare this tasty meal.

Ingredients:
red potato
  orange bell pepper
  pork chop
  carrot
  yellow bell pepper

Directions:
dice the red potato
  roast the red potato
  chop the orange bell pepper
  grill the orange bell pepper
  slice the pork chop
  roast the pork chop
  slice the carrot
  grill the carrot
  chop the yellow bell pepper
  fry the yellow bell pepper
  prepare meal",Kitchen,"You are in a kitchen. A typical one.

You can make out a fridge. Oh wow! Is that what I think it is? It is! It's an oven. You can see a table. Looks like someone's already been here and taken everything off it, though. Look out! It's a- oh, never mind, it's just a counter. You see a knife on the counter. Hmmm... what else, what else? Oh, great. Here's a stove. Looks like someone's already been here and taken everything off it, though.

There is a closed screen door leading east. There is a closed plain door leading north. You don't like doors? Why not try going west, that entranceway is not blocked by one.","You are carrying: a cookbook, a yellow bell pepper, a red onion, a red apple and a white onion.",0 of 16,0.0,False,
29,,,"I need to gather the ingredients listed in the recipe. I already have a yellow bell pepper, but I need to find a red potato, orange bell pepper, pork chop, and carrot. I will start by looking around the kitchen to find these ingredients.",look,,"You are in a kitchen. A typical one.

You can make out a fridge. Oh wow! Is that what I think it is? It is! It's an oven. You can see a table. Looks like someone's already been here and taken everything off it, though. Look out! It's a- oh, never mind, it's just a counter. You see a knife on the counter. Hmmm... what else, what else? Oh, great. Here's a stove. Looks like someone's already been here and taken everything off it, though.

There is a closed screen door leading east. There is a closed plain door leading north. You don't like doors? Why not try going west, that entranceway is not blocked by one.",Kitchen,"You are in a kitchen. A typical one.

You can make out a fridge. Oh wow! Is that what I think it is? It is! It's an oven. You can see a table. Looks like someone's already been here and taken everything off it, though. Look out! It's a- oh, never mind, it's just a counter. You see a knife on the counter. Hmmm... what else, what else? Oh, great. Here's a stove. Looks like someone's already been here and taken everything off it, though.

There is a closed screen door leading east. There is a closed plain door leading north. You don't like doors? Why not try going west, that entranceway is not blocked by one.","You are carrying: a cookbook, a yellow bell pepper, a red onion, a red apple and a white onion.",0 of 16,0.0,False,
30,,,I should examine the cookbook to find a recipe for a delicious meal.,examine cookbook,,"You open the copy of ""Cooking: A Modern Approach (3rd Ed.)"" and start reading:

Recipe #1
---------
Gather all following ingredients and follow the directions to prepare this tasty meal.

Ingredients:
red potato
  orange bell pepper
  pork chop
  carrot
  yellow bell pepper

Directions:
dice the red potato
  roast the red potato
  chop the orange bell pepper
  grill the orange bell pepper
  slice the pork chop
  roast the pork chop
  slice the carrot
  grill the carrot
  chop the yellow bell pepper
  fry the yellow bell pepper
  prepare meal",Kitchen,"You are in a kitchen. A typical one.

You can make out a fridge. Oh wow! Is that what I think it is? It is! It's an oven. You can see a table. Looks like someone's already been here and taken everything off it, though. Look out! It's a- oh, never mind, it's just a counter. You see a knife on the counter. Hmmm... what else, what else? Oh, great. Here's a stove. Looks like someone's already been here and taken everything off it, though.

There is a closed screen door leading east. There is a closed plain door leading north. You don't like doors? Why not try going west, that entranceway is not blocked by one.","You are carrying: a cookbook, a yellow bell pepper, a red onion, a red apple and a white onion.",0 of 16,0.0,False,
31,,,"I need to gather the ingredients listed in the recipe: red potato, orange bell pepper, pork chop, carrot, and yellow bell pepper. I already have a yellow bell pepper, so I should look for the red potato, orange bell pepper, pork chop, and carrot in the kitchen or nearby.",look,,"You are in a kitchen. A typical one.

You can make out a fridge. Oh wow! Is that what I think it is? It is! It's an oven. You can see a table. Looks like someone's already been here and taken everything off it, though. Look out! It's a- oh, never mind, it's just a counter. You see a knife on the counter. Hmmm... what else, what else? Oh, great. Here's a stove. Looks like someone's already been here and taken everything off it, though.

There is a closed screen door leading east. There is a closed plain door leading north. You don't like doors? Why not try going west, that entranceway is not blocked by one.",Kitchen,"You are in a kitchen. A typical one.

You can make out a fridge. Oh wow! Is that what I think it is? It is! It's an oven. You can see a table. Looks like someone's already been here and taken everything off it, though. Look out! It's a- oh, never mind, it's just a counter. You see a knife on the counter. Hmmm... what else, what else? Oh, great. Here's a stove. Looks like someone's already been here and taken everything off it, though.

There is a closed screen door leading east. There is a closed plain door leading north. You don't like doors? Why not try going west, that entranceway is not blocked by one.","You are carrying: a cookbook, a yellow bell pepper, a red onion, a red apple and a white onion.",0 of 16,0.0,False,
32,,,I should examine the cookbook to find a recipe for a delicious meal.,examine cookbook,,"You open the copy of ""Cooking: A Modern Approach (3rd Ed.)"" and start reading:

Recipe #1
---------
Gather all following ingredients and follow the directions to prepare this tasty meal.

Ingredients:
red potato
  orange bell pepper
  pork chop
  carrot
  yellow bell pepper

Directions:
dice the red potato
  roast the red potato
  chop the orange bell pepper
  grill the orange bell pepper
  slice the pork chop
  roast the pork chop
  slice the carrot
  grill the carrot
  chop the yellow bell pepper
  fry the yellow bell pepper
  prepare meal",Kitchen,"You are in a kitchen. A typical one.

You can make out a fridge. Oh wow! Is that what I think it is? It is! It's an oven. You can see a table. Looks like someone's already been here and taken everything off it, though. Look out! It's a- oh, never mind, it's just a counter. You see a knife on the counter. Hmmm... what else, what else? Oh, great. Here's a stove. Looks like someone's already been here and taken everything off it, though.

There is a closed screen door leading east. There is a closed plain door leading north. You don't like doors? Why not try going west, that entranceway is not blocked by one.","You are carrying: a cookbook, a yellow bell pepper, a red onion, a red apple and a white onion.",0 of 16,0.0,False,
33,,,"I need to gather the ingredients listed in the recipe: red potato, orange bell pepper, pork chop, carrot, and yellow bell pepper. I already have a yellow bell pepper, so I should look for the red potato, orange bell pepper, pork chop, and carrot in the kitchen or nearby.",look,,"You are in a kitchen. A typical one.

You can make out a fridge. Oh wow! Is that what I think it is? It is! It's an oven. You can see a table. Looks like someone's already been here and taken everything off it, though. Look out! It's a- oh, never mind, it's just a counter. You see a knife on the counter. Hmmm... what else, what else? Oh, great. Here's a stove. Looks like someone's already been here and taken everything off it, though.

There is a closed screen door leading east. There is a closed plain door leading north. You don't like doors? Why not try going west, that entranceway is not blocked by one.",Kitchen,"You are in a kitchen. A typical one.

You can make out a fridge. Oh wow! Is that what I think it is? It is! It's an oven. You can see a table. Looks like someone's already been here and taken everything off it, though. Look out! It's a- oh, never mind, it's just a counter. You see a knife on the counter. Hmmm... what else, what else? Oh, great. Here's a stove. Looks like someone's already been here and taken everything off it, though.

There is a closed screen door leading east. There is a closed plain door leading north. You don't like doors? Why not try going west, that entranceway is not blocked by one.","You are carrying: a cookbook, a yellow bell pepper, a red onion, a red apple and a white onion.",0 of 16,0.0,False,
34,,,I should examine the cookbook to find the recipe for a delicious meal.,examine cookbook,,"You open the copy of ""Cooking: A Modern Approach (3rd Ed.)"" and start reading:

Recipe #1
---------
Gather all following ingredients and follow the directions to prepare this tasty meal.

Ingredients:
red potato
  orange bell pepper
  pork chop
  carrot
  yellow bell pepper

Directions:
dice the red potato
  roast the red potato
  chop the orange bell pepper
  grill the orange bell pepper
  slice the pork chop
  roast the pork chop
  slice the carrot
  grill the carrot
  chop the yellow bell pepper
  fry the yellow bell pepper
  prepare meal",Kitchen,"You are in a kitchen. A typical one.

You can make out a fridge. Oh wow! Is that what I think it is? It is! It's an oven. You can see a table. Looks like someone's already been here and taken everything off it, though. Look out! It's a- oh, never mind, it's just a counter. You see a knife on the counter. Hmmm... what else, what else? Oh, great. Here's a stove. Looks like someone's already been here and taken everything off it, though.

There is a closed screen door leading east. There is a closed plain door leading north. You don't like doors? Why not try going west, that entranceway is not blocked by one.","You are carrying: a cookbook, a yellow bell pepper, a red onion, a red apple and a white onion.",0 of 16,0.0,False,
35,,,"I need to gather the ingredients from the recipe first. I already have a yellow bell pepper, but I need to find a red potato, orange bell pepper, pork chop, and carrot in the kitchen or nearby.",look,,"You are in a kitchen. A typical one.

You can make out a fridge. Oh wow! Is that what I think it is? It is! It's an oven. You can see a table. Looks like someone's already been here and taken everything off it, though. Look out! It's a- oh, never mind, it's just a counter. You see a knife on the counter. Hmmm... what else, what else? Oh, great. Here's a stove. Looks like someone's already been here and taken everything off it, though.

There is a closed screen door leading east. There is a closed plain door leading north. You don't like doors? Why not try going west, that entranceway is not blocked by one.",Kitchen,"You are in a kitchen. A typical one.

You can make out a fridge. Oh wow! Is that what I think it is? It is! It's an oven. You can see a table. Looks like someone's already been here and taken everything off it, though. Look out! It's a- oh, never mind, it's just a counter. You see a knife on the counter. Hmmm... what else, what else? Oh, great. Here's a stove. Looks like someone's already been here and taken everything off it, though.

There is a closed screen door leading east. There is a closed plain door leading north. You don't like doors? Why not try going west, that entranceway is not blocked by one.","You are carrying: a cookbook, a yellow bell pepper, a red onion, a red apple and a white onion.",0 of 16,0.0,False,
36,,,I should open the cookbook to check the recipe for a delicious meal.,examine cookbook,,"You open the copy of ""Cooking: A Modern Approach (3rd Ed.)"" and start reading:

Recipe #1
---------
Gather all following ingredients and follow the directions to prepare this tasty meal.

Ingredients:
red potato
  orange bell pepper
  pork chop
  carrot
  yellow bell pepper

Directions:
dice the red potato
  roast the red potato
  chop the orange bell pepper
  grill the orange bell pepper
  slice the pork chop
  roast the pork chop
  slice the carrot
  grill the carrot
  chop the yellow bell pepper
  fry the yellow bell pepper
  prepare meal",Kitchen,"You are in a kitchen. A typical one.

You can make out a fridge. Oh wow! Is that what I think it is? It is! It's an oven. You can see a table. Looks like someone's already been here and taken everything off it, though. Look out! It's a- oh, never mind, it's just a counter. You see a knife on the counter. Hmmm... what else, what else? Oh, great. Here's a stove. Looks like someone's already been here and taken everything off it, though.

There is a closed screen door leading east. There is a closed plain door leading north. You don't like doors? Why not try going west, that entranceway is not blocked by one.","You are carrying: a cookbook, a yellow bell pepper, a red onion, a red apple and a white onion.",0 of 16,0.0,False,
37,,,"I need to gather the ingredients listed in the recipe: red potato, orange bell pepper, pork chop, carrot, and yellow bell pepper. I already have a yellow bell pepper, so I should look for the red potato, orange bell pepper, pork chop, and carrot in the kitchen or nearby.",look,,"You are in a kitchen. A typical one.

You can make out a fridge. Oh wow! Is that what I think it is? It is! It's an oven. You can see a table. Looks like someone's already been here and taken everything off it, though. Look out! It's a- oh, never mind, it's just a counter. You see a knife on the counter. Hmmm... what else, what else? Oh, great. Here's a stove. Looks like someone's already been here and taken everything off it, though.

There is a closed screen door leading east. There is a closed plain door leading north. You don't like doors? Why not try going west, that entranceway is not blocked by one.",Kitchen,"You are in a kitchen. A typical one.

You can make out a fridge. Oh wow! Is that what I think it is? It is! It's an oven. You can see a table. Looks like someone's already been here and taken everything off it, though. Look out! It's a- oh, never mind, it's just a counter. You see a knife on the counter. Hmmm... what else, what else? Oh, great. Here's a stove. Looks like someone's already been here and taken everything off it, though.

There is a closed screen door leading east. There is a closed plain door leading north. You don't like doors? Why not try going west, that entranceway is not blocked by one.","You are carrying: a cookbook, a yellow bell pepper, a red onion, a red apple and a white onion.",0 of 16,0.0,False,
38,,,I should examine the cookbook to find a recipe for a delicious meal.,examine cookbook,,"You open the copy of ""Cooking: A Modern Approach (3rd Ed.)"" and start reading:

Recipe #1
---------
Gather all following ingredients and follow the directions to prepare this tasty meal.

Ingredients:
red potato
  orange bell pepper
  pork chop
  carrot
  yellow bell pepper

Directions:
dice the red potato
  roast the red potato
  chop the orange bell pepper
  grill the orange bell pepper
  slice the pork chop
  roast the pork chop
  slice the carrot
  grill the carrot
  chop the yellow bell pepper
  fry the yellow bell pepper
  prepare meal",Kitchen,"You are in a kitchen. A typical one.

You can make out a fridge. Oh wow! Is that what I think it is? It is! It's an oven. You can see a table. Looks like someone's already been here and taken everything off it, though. Look out! It's a- oh, never mind, it's just a counter. You see a knife on the counter. Hmmm... what else, what else? Oh, great. Here's a stove. Looks like someone's already been here and taken everything off it, though.

There is a closed screen door leading east. There is a closed plain door leading north. You don't like doors? Why not try going west, that entranceway is not blocked by one.","You are carrying: a cookbook, a yellow bell pepper, a red onion, a red apple and a white onion.",0 of 16,0.0,False,
39,,,"I need to gather the ingredients listed in the recipe: red potato, orange bell pepper, pork chop, carrot, and yellow bell pepper. I already have a yellow bell pepper, so I should look for the red potato, orange bell pepper, pork chop, and carrot in the kitchen or nearby.",look,,"You are in a kitchen. A typical one.

You can make out a fridge. Oh wow! Is that what I think it is? It is! It's an oven. You can see a table. Looks like someone's already been here and taken everything off it, though. Look out! It's a- oh, never mind, it's just a counter. You see a knife on the counter. Hmmm... what else, what else? Oh, great. Here's a stove. Looks like someone's already been here and taken everything off it, though.

There is a closed screen door leading east. There is a closed plain door leading north. You don't like doors? Why not try going west, that entranceway is not blocked by one.",Kitchen,"You are in a kitchen. A typical one.

You can make out a fridge. Oh wow! Is that what I think it is? It is! It's an oven. You can see a table. Looks like someone's already been here and taken everything off it, though. Look out! It's a- oh, never mind, it's just a counter. You see a knife on the counter. Hmmm... what else, what else? Oh, great. Here's a stove. Looks like someone's already been here and taken everything off it, though.

There is a closed screen door leading east. There is a closed plain door leading north. You don't like doors? Why not try going west, that entranceway is not blocked by one.","You are carrying: a cookbook, a yellow bell pepper, a red onion, a red apple and a white onion.",0 of 16,0.0,False,
40,,,I should examine the cookbook to find a recipe for a delicious meal.,examine cookbook,,"You open the copy of ""Cooking: A Modern Approach (3rd Ed.)"" and start reading:

Recipe #1
---------
Gather all following ingredients and follow the directions to prepare this tasty meal.

Ingredients:
red potato
  orange bell pepper
  pork chop
  carrot
  yellow bell pepper

Directions:
dice the red potato
  roast the red potato
  chop the orange bell pepper
  grill the orange bell pepper
  slice the pork chop
  roast the pork chop
  slice the carrot
  grill the carrot
  chop the yellow bell pepper
  fry the yellow bell pepper
  prepare meal",Kitchen,"You are in a kitchen. A typical one.

You can make out a fridge. Oh wow! Is that what I think it is? It is! It's an oven. You can see a table. Looks like someone's already been here and taken everything off it, though. Look out! It's a- oh, never mind, it's just a counter. You see a knife on the counter. Hmmm... what else, what else? Oh, great. Here's a stove. Looks like someone's already been here and taken everything off it, though.

There is a closed screen door leading east. There is a closed plain door leading north. You don't like doors? Why not try going west, that entranceway is not blocked by one.","You are carrying: a cookbook, a yellow bell pepper, a red onion, a red apple and a white onion.",0 of 16,0.0,False,
41,,,"I need to gather the ingredients listed in the recipe: red potato, orange bell pepper, pork chop, carrot, and yellow bell pepper. I already have a yellow bell pepper, so I should look for the red potato, orange bell pepper, pork chop, and carrot in the kitchen or nearby.",look,,"You are in a kitchen. A typical one.

You can make out a fridge. Oh wow! Is that what I think it is? It is! It's an oven. You can see a table. Looks like someone's already been here and taken everything off it, though. Look out! It's a- oh, never mind, it's just a counter. You see a knife on the counter. Hmmm... what else, what else? Oh, great. Here's a stove. Looks like someone's already been here and taken everything off it, though.

There is a closed screen door leading east. There is a closed plain door leading north. You don't like doors? Why not try going west, that entranceway is not blocked by one.",Kitchen,"You are in a kitchen. A typical one.

You can make out a fridge. Oh wow! Is that what I think it is? It is! It's an oven. You can see a table. Looks like someone's already been here and taken everything off it, though. Look out! It's a- oh, never mind, it's just a counter. You see a knife on the counter. Hmmm... what else, what else? Oh, great. Here's a stove. Looks like someone's already been here and taken everything off it, though.

There is a closed screen door leading east. There is a closed plain door leading north. You don't like doors? Why not try going west, that entranceway is not blocked by one.","You are carrying: a cookbook, a yellow bell pepper, a red onion, a red apple and a white onion.",0 of 16,0.0,False,
42,,,I should examine the cookbook to find a recipe for a delicious meal.,examine cookbook,,"You open the copy of ""Cooking: A Modern Approach (3rd Ed.)"" and start reading:

Recipe #1
---------
Gather all following ingredients and follow the directions to prepare this tasty meal.

Ingredients:
red potato
  orange bell pepper
  pork chop
  carrot
  yellow bell pepper

Directions:
dice the red potato
  roast the red potato
  chop the orange bell pepper
  grill the orange bell pepper
  slice the pork chop
  roast the pork chop
  slice the carrot
  grill the carrot
  chop the yellow bell pepper
  fry the yellow bell pepper
  prepare meal",Kitchen,"You are in a kitchen. A typical one.

You can make out a fridge. Oh wow! Is that what I think it is? It is! It's an oven. You can see a table. Looks like someone's already been here and taken everything off it, though. Look out! It's a- oh, never mind, it's just a counter. You see a knife on the counter. Hmmm... what else, what else? Oh, great. Here's a stove. Looks like someone's already been here and taken everything off it, though.

There is a closed screen door leading east. There is a closed plain door leading north. You don't like doors? Why not try going west, that entranceway is not blocked by one.","You are carrying: a cookbook, a yellow bell pepper, a red onion, a red apple and a white onion.",0 of 16,0.0,False,
43,,,"I need to gather the ingredients from the recipe. I already have a yellow bell pepper, but I need to find a red potato, orange bell pepper, pork chop, and carrot. I will start by looking around the kitchen to find these ingredients.",look,,"You are in a kitchen. A typical one.

You can make out a fridge. Oh wow! Is that what I think it is? It is! It's an oven. You can see a table. Looks like someone's already been here and taken everything off it, though. Look out! It's a- oh, never mind, it's just a counter. You see a knife on the counter. Hmmm... what else, what else? Oh, great. Here's a stove. Looks like someone's already been here and taken everything off it, though.

There is a closed screen door leading east. There is a closed plain door leading north. You don't like doors? Why not try going west, that entranceway is not blocked by one.",Kitchen,"You are in a kitchen. A typical one.

You can make out a fridge. Oh wow! Is that what I think it is? It is! It's an oven. You can see a table. Looks like someone's already been here and taken everything off it, though. Look out! It's a- oh, never mind, it's just a counter. You see a knife on the counter. Hmmm... what else, what else? Oh, great. Here's a stove. Looks like someone's already been here and taken everything off it, though.

There is a closed screen door leading east. There is a closed plain door leading north. You don't like doors? Why not try going west, that entranceway is not blocked by one.","You are carrying: a cookbook, a yellow bell pepper, a red onion, a red apple and a white onion.",0 of 16,0.0,False,
44,,,I should open the cookbook to check the recipe for a delicious meal.,examine cookbook,,"You open the copy of ""Cooking: A Modern Approach (3rd Ed.)"" and start reading:

Recipe #1
---------
Gather all following ingredients and follow the directions to prepare this tasty meal.

Ingredients:
red potato
  orange bell pepper
  pork chop
  carrot
  yellow bell pepper

Directions:
dice the red potato
  roast the red potato
  chop the orange bell pepper
  grill the orange bell pepper
  slice the pork chop
  roast the pork chop
  slice the carrot
  grill the carrot
  chop the yellow bell pepper
  fry the yellow bell pepper
  prepare meal",Kitchen,"You are in a kitchen. A typical one.

You can make out a fridge. Oh wow! Is that what I think it is? It is! It's an oven. You can see a table. Looks like someone's already been here and taken everything off it, though. Look out! It's a- oh, never mind, it's just a counter. You see a knife on the counter. Hmmm... what else, what else? Oh, great. Here's a stove. Looks like someone's already been here and taken everything off it, though.

There is a closed screen door leading east. There is a closed plain door leading north. You don't like doors? Why not try going west, that entranceway is not blocked by one.","You are carrying: a cookbook, a yellow bell pepper, a red onion, a red apple and a white onion.",0 of 16,0.0,False,
45,,,"I need to gather the ingredients listed in the recipe: red potato, orange bell pepper, pork chop, and carrot. I already have a yellow bell pepper. I should look around the kitchen to find the missing ingredients.",look,,"You are in a kitchen. A typical one.

You can make out a fridge. Oh wow! Is that what I think it is? It is! It's an oven. You can see a table. Looks like someone's already been here and taken everything off it, though. Look out! It's a- oh, never mind, it's just a counter. You see a knife on the counter. Hmmm... what else, what else? Oh, great. Here's a stove. Looks like someone's already been here and taken everything off it, though.

There is a closed screen door leading east. There is a closed plain door leading north. You don't like doors? Why not try going west, that entranceway is not blocked by one.",Kitchen,"You are in a kitchen. A typical one.

You can make out a fridge. Oh wow! Is that what I think it is? It is! It's an oven. You can see a table. Looks like someone's already been here and taken everything off it, though. Look out! It's a- oh, never mind, it's just a counter. You see a knife on the counter. Hmmm... what else, what else? Oh, great. Here's a stove. Looks like someone's already been here and taken everything off it, though.

There is a closed screen door leading east. There is a closed plain door leading north. You don't like doors? Why not try going west, that entranceway is not blocked by one.","You are carrying: a cookbook, a yellow bell pepper, a red onion, a red apple and a white onion.",0 of 16,0.0,False,
46,,,I should examine the cookbook to find a recipe for a delicious meal.,examine cookbook,,"You open the copy of ""Cooking: A Modern Approach (3rd Ed.)"" and start reading:

Recipe #1
---------
Gather all following ingredients and follow the directions to prepare this tasty meal.

Ingredients:
red potato
  orange bell pepper
  pork chop
  carrot
  yellow bell pepper

Directions:
dice the red potato
  roast the red potato
  chop the orange bell pepper
  grill the orange bell pepper
  slice the pork chop
  roast the pork chop
  slice the carrot
  grill the carrot
  chop the yellow bell pepper
  fry the yellow bell pepper
  prepare meal",Kitchen,"You are in a kitchen. A typical one.

You can make out a fridge. Oh wow! Is that what I think it is? It is! It's an oven. You can see a table. Looks like someone's already been here and taken everything off it, though. Look out! It's a- oh, never mind, it's just a counter. You see a knife on the counter. Hmmm... what else, what else? Oh, great. Here's a stove. Looks like someone's already been here and taken everything off it, though.

There is a closed screen door leading east. There is a closed plain door leading north. You don't like doors? Why not try going west, that entranceway is not blocked by one.","You are carrying: a cookbook, a yellow bell pepper, a red onion, a red apple and a white onion.",0 of 16,0.0,False,
47,,,"I need to gather the ingredients listed in the recipe: red potato, orange bell pepper, pork chop, carrot, and yellow bell pepper. I already have a yellow bell pepper, so I should look for the red potato, orange bell pepper, pork chop, and carrot in the kitchen or nearby.",look,,"You are in a kitchen. A typical one.

You can make out a fridge. Oh wow! Is that what I think it is? It is! It's an oven. You can see a table. Looks like someone's already been here and taken everything off it, though. Look out! It's a- oh, never mind, it's just a counter. You see a knife on the counter. Hmmm... what else, what else? Oh, great. Here's a stove. Looks like someone's already been here and taken everything off it, though.

There is a closed screen door leading east. There is a closed plain door leading north. You don't like doors? Why not try going west, that entranceway is not blocked by one.",Kitchen,"You are in a kitchen. A typical one.

You can make out a fridge. Oh wow! Is that what I think it is? It is! It's an oven. You can see a table. Looks like someone's already been here and taken everything off it, though. Look out! It's a- oh, never mind, it's just a counter. You see a knife on the counter. Hmmm... what else, what else? Oh, great. Here's a stove. Looks like someone's already been here and taken everything off it, though.

There is a closed screen door leading east. There is a closed plain door leading north. You don't like doors? Why not try going west, that entranceway is not blocked by one.","You are carrying: a cookbook, a yellow bell pepper, a red onion, a red apple and a white onion.",0 of 16,0.0,False,
48,,,I should open the cookbook to check the recipe for a delicious meal.,examine cookbook,,"You open the copy of ""Cooking: A Modern Approach (3rd Ed.)"" and start reading:

Recipe #1
---------
Gather all following ingredients and follow the directions to prepare this tasty meal.

Ingredients:
red potato
  orange bell pepper
  pork chop
  carrot
  yellow bell pepper

Directions:
dice the red potato
  roast the red potato
  chop the orange bell pepper
  grill the orange bell pepper
  slice the pork chop
  roast the pork chop
  slice the carrot
  grill the carrot
  chop the yellow bell pepper
  fry the yellow bell pepper
  prepare meal",Kitchen,"You are in a kitchen. A typical one.

You can make out a fridge. Oh wow! Is that what I think it is? It is! It's an oven. You can see a table. Looks like someone's already been here and taken everything off it, though. Look out! It's a- oh, never mind, it's just a counter. You see a knife on the counter. Hmmm... what else, what else? Oh, great. Here's a stove. Looks like someone's already been here and taken everything off it, though.

There is a closed screen door leading east. There is a closed plain door leading north. You don't like doors? Why not try going west, that entranceway is not blocked by one.","You are carrying: a cookbook, a yellow bell pepper, a red onion, a red apple and a white onion.",0 of 16,0.0,False,
49,,,"I need to gather the ingredients listed in the recipe: red potato, orange bell pepper, pork chop, carrot, and yellow bell pepper. I already have a yellow bell pepper, so I should look for the red potato, orange bell pepper, pork chop, and carrot in the kitchen or nearby.",look,,"You are in a kitchen. A typical one.

You can make out a fridge. Oh wow! Is that what I think it is? It is! It's an oven. You can see a table. Looks like someone's already been here and taken everything off it, though. Look out! It's a- oh, never mind, it's just a counter. You see a knife on the counter. Hmmm... what else, what else? Oh, great. Here's a stove. Looks like someone's already been here and taken everything off it, though.

There is a closed screen door leading east. There is a closed plain door leading north. You don't like doors? Why not try going west, that entranceway is not blocked by one.",Kitchen,"You are in a kitchen. A typical one.

You can make out a fridge. Oh wow! Is that what I think it is? It is! It's an oven. You can see a table. Looks like someone's already been here and taken everything off it, though. Look out! It's a- oh, never mind, it's just a counter. You see a knife on the counter. Hmmm... what else, what else? Oh, great. Here's a stove. Looks like someone's already been here and taken everything off it, though.

There is a closed screen door leading east. There is a closed plain door leading north. You don't like doors? Why not try going west, that entranceway is not blocked by one.","You are carrying: a cookbook, a yellow bell pepper, a red onion, a red apple and a white onion.",0 of 16,0.0,False,
50,,,I should open the cookbook to check the recipe for a delicious meal.,examine cookbook,,"You open the copy of ""Cooking: A Modern Approach (3rd Ed.)"" and start reading:

Recipe #1
---------
Gather all following ingredients and follow the directions to prepare this tasty meal.

Ingredients:
red potato
  orange bell pepper
  pork chop
  carrot
  yellow bell pepper

Directions:
dice the red potato
  roast the red potato
  chop the orange bell pepper
  grill the orange bell pepper
  slice the pork chop
  roast the pork chop
  slice the carrot
  grill the carrot
  chop the yellow bell pepper
  fry the yellow bell pepper
  prepare meal",Kitchen,"You are in a kitchen. A typical one.

You can make out a fridge. Oh wow! Is that what I think it is? It is! It's an oven. You can see a table. Looks like someone's already been here and taken everything off it, though. Look out! It's a- oh, never mind, it's just a counter. You see a knife on the counter. Hmmm... what else, what else? Oh, great. Here's a stove. Looks like someone's already been here and taken everything off it, though.

There is a closed screen door leading east. There is a closed plain door leading north. You don't like doors? Why not try going west, that entranceway is not blocked by one.","You are carrying: a cookbook, a yellow bell pepper, a red onion, a red apple and a white onion.",0 of 16,0.0,False,
51,,,"I need to gather the ingredients listed in the recipe: red potato, orange bell pepper, pork chop, carrot, and yellow bell pepper. I already have a yellow bell pepper, so I should look for the red potato, orange bell pepper, pork chop, and carrot in the kitchen or nearby.",look,,"You are in a kitchen. A typical one.

You can make out a fridge. Oh wow! Is that what I think it is? It is! It's an oven. You can see a table. Looks like someone's already been here and taken everything off it, though. Look out! It's a- oh, never mind, it's just a counter. You see a knife on the counter. Hmmm... what else, what else? Oh, great. Here's a stove. Looks like someone's already been here and taken everything off it, though.

There is a closed screen door leading east. There is a closed plain door leading north. You don't like doors? Why not try going west, that entranceway is not blocked by one.",Kitchen,"You are in a kitchen. A typical one.

You can make out a fridge. Oh wow! Is that what I think it is? It is! It's an oven. You can see a table. Looks like someone's already been here and taken everything off it, though. Look out! It's a- oh, never mind, it's just a counter. You see a knife on the counter. Hmmm... what else, what else? Oh, great. Here's a stove. Looks like someone's already been here and taken everything off it, though.

There is a closed screen door leading east. There is a closed plain door leading north. You don't like doors? Why not try going west, that entranceway is not blocked by one.","You are carrying: a cookbook, a yellow bell pepper, a red onion, a red apple and a white onion.",0 of 16,0.0,False,
52,,,I should examine the cookbook to find a recipe for a delicious meal.,examine cookbook,,"You open the copy of ""Cooking: A Modern Approach (3rd Ed.)"" and start reading:

Recipe #1
---------
Gather all following ingredients and follow the directions to prepare this tasty meal.

Ingredients:
red potato
  orange bell pepper
  pork chop
  carrot
  yellow bell pepper

Directions:
dice the red potato
  roast the red potato
  chop the orange bell pepper
  grill the orange bell pepper
  slice the pork chop
  roast the pork chop
  slice the carrot
  grill the carrot
  chop the yellow bell pepper
  fry the yellow bell pepper
  prepare meal",Kitchen,"You are in a kitchen. A typical one.

You can make out a fridge. Oh wow! Is that what I think it is? It is! It's an oven. You can see a table. Looks like someone's already been here and taken everything off it, though. Look out! It's a- oh, never mind, it's just a counter. You see a knife on the counter. Hmmm... what else, what else? Oh, great. Here's a stove. Looks like someone's already been here and taken everything off it, though.

There is a closed screen door leading east. There is a closed plain door leading north. You don't like doors? Why not try going west, that entranceway is not blocked by one.","You are carrying: a cookbook, a yellow bell pepper, a red onion, a red apple and a white onion.",0 of 16,0.0,False,
53,,,"I need to gather the ingredients listed in the recipe: red potato, orange bell pepper, pork chop, carrot, and yellow bell pepper. I already have a yellow bell pepper, so I should look for the red potato, orange bell pepper, pork chop, and carrot in the kitchen or nearby.",look,,"You are in a kitchen. A typical one.

You can make out a fridge. Oh wow! Is that what I think it is? It is! It's an oven. You can see a table. Looks like someone's already been here and taken everything off it, though. Look out! It's a- oh, never mind, it's just a counter. You see a knife on the counter. Hmmm... what else, what else? Oh, great. Here's a stove. Looks like someone's already been here and taken everything off it, though.

There is a closed screen door leading east. There is a closed plain door leading north. You don't like doors? Why not try going west, that entranceway is not blocked by one.",Kitchen,"You are in a kitchen. A typical one.

You can make out a fridge. Oh wow! Is that what I think it is? It is! It's an oven. You can see a table. Looks like someone's already been here and taken everything off it, though. Look out! It's a- oh, never mind, it's just a counter. You see a knife on the counter. Hmmm... what else, what else? Oh, great. Here's a stove. Looks like someone's already been here and taken everything off it, though.

There is a closed screen door leading east. There is a closed plain door leading north. You don't like doors? Why not try going west, that entranceway is not blocked by one.","You are carrying: a cookbook, a yellow bell pepper, a red onion, a red apple and a white onion.",0 of 16,0.0,False,
54,,,I should examine the cookbook to find a recipe for a delicious meal.,examine cookbook,,"You open the copy of ""Cooking: A Modern Approach (3rd Ed.)"" and start reading:

Recipe #1
---------
Gather all following ingredients and follow the directions to prepare this tasty meal.

Ingredients:
red potato
  orange bell pepper
  pork chop
  carrot
  yellow bell pepper

Directions:
dice the red potato
  roast the red potato
  chop the orange bell pepper
  grill the orange bell pepper
  slice the pork chop
  roast the pork chop
  slice the carrot
  grill the carrot
  chop the yellow bell pepper
  fry the yellow bell pepper
  prepare meal",Kitchen,"You are in a kitchen. A typical one.

You can make out a fridge. Oh wow! Is that what I think it is? It is! It's an oven. You can see a table. Looks like someone's already been here and taken everything off it, though. Look out! It's a- oh, never mind, it's just a counter. You see a knife on the counter. Hmmm... what else, what else? Oh, great. Here's a stove. Looks like someone's already been here and taken everything off it, though.

There is a closed screen door leading east. There is a closed plain door leading north. You don't like doors? Why not try going west, that entranceway is not blocked by one.","You are carrying: a cookbook, a yellow bell pepper, a red onion, a red apple and a white onion.",0 of 16,0.0,False,
55,,,"I need to gather the ingredients listed in the recipe: red potato, orange bell pepper, pork chop, carrot, and yellow bell pepper. I already have a yellow bell pepper, so I should look for the other ingredients in the kitchen or nearby.",go west,,"You arrive in a livingroom. An ordinary kind of place.

Were you looking for a sofa? Because look over there, it's a sofa. The sofa is comfy. But the thing hasn't got anything on it. Hm. Oh well

There is an exit to the east. Don't worry, there is no door. You need an exit without a door? You should try going north. You need an exit without a door? You should try going south.",Livingroom,"You arrive in a livingroom. An ordinary kind of place.

Were you looking for a sofa? Because look over there, it's a sofa. The sofa is comfy. But the thing hasn't got anything on it. Hm. Oh well

There is an exit to the east. Don't worry, there is no door. You need an exit without a door? You should try going north. You need an exit without a door? You should try going south.","You are carrying: a cookbook, a yellow bell pepper, a red onion, a red apple and a white onion.",0 of 16,0.0,False,
56,,,I should go east to find the kitchen where I can check the cookbook for the recipe and start cooking.,go east,,"You are in a kitchen. A typical one.

You can make out a fridge. Oh wow! Is that what I think it is? It is! It's an oven. You can see a table. Looks like someone's already been here and taken everything off it, though. Look out! It's a- oh, never mind, it's just a counter. You see a knife on the counter. Hmmm... what else, what else? Oh, great. Here's a stove. Looks like someone's already been here and taken everything off it, though.

There is a closed screen door leading east. There is a closed plain door leading north. You don't like doors? Why not try going west, that entranceway is not blocked by one.",Kitchen,"You are in a kitchen. A typical one.

You can make out a fridge. Oh wow! Is that what I think it is? It is! It's an oven. You can see a table. Looks like someone's already been here and taken everything off it, though. Look out! It's a- oh, never mind, it's just a counter. You see a knife on the counter. Hmmm... what else, what else? Oh, great. Here's a stove. Looks like someone's already been here and taken everything off it, though.

There is a closed screen door leading east. There is a closed plain door leading north. You don't like doors? Why not try going west, that entranceway is not blocked by one.","You are carrying: a cookbook, a yellow bell pepper, a red onion, a red apple and a white onion.",0 of 16,0.0,False,
57,,,I should open the cookbook to check the recipe for a delicious meal.,examine cookbook,,"You open the copy of ""Cooking: A Modern Approach (3rd Ed.)"" and start reading:

Recipe #1
---------
Gather all following ingredients and follow the directions to prepare this tasty meal.

Ingredients:
red potato
  orange bell pepper
  pork chop
  carrot
  yellow bell pepper

Directions:
dice the red potato
  roast the red potato
  chop the orange bell pepper
  grill the orange bell pepper
  slice the pork chop
  roast the pork chop
  slice the carrot
  grill the carrot
  chop the yellow bell pepper
  fry the yellow bell pepper
  prepare meal",Kitchen,"You are in a kitchen. A typical one.

You can make out a fridge. Oh wow! Is that what I think it is? It is! It's an oven. You can see a table. Looks like someone's already been here and taken everything off it, though. Look out! It's a- oh, never mind, it's just a counter. You see a knife on the counter. Hmmm... what else, what else? Oh, great. Here's a stove. Looks like someone's already been here and taken everything off it, though.

There is a closed screen door leading east. There is a closed plain door leading north. You don't like doors? Why not try going west, that entranceway is not blocked by one.","You are carrying: a cookbook, a yellow bell pepper, a red onion, a red apple and a white onion.",0 of 16,0.0,False,
58,,,"I need to gather the ingredients listed in the recipe: red potato, orange bell pepper, pork chop, carrot, and yellow bell pepper. I already have a yellow bell pepper, so I should look for the red potato, orange bell pepper, pork chop, and carrot in the kitchen or nearby.",look,,"You are in a kitchen. A typical one.

You can make out a fridge. Oh wow! Is that what I think it is? It is! It's an oven. You can see a table. Looks like someone's already been here and taken everything off it, though. Look out! It's a- oh, never mind, it's just a counter. You see a knife on the counter. Hmmm... what else, what else? Oh, great. Here's a stove. Looks like someone's already been here and taken everything off it, though.

There is a closed screen door leading east. There is a closed plain door leading north. You don't like doors? Why not try going west, that entranceway is not blocked by one.",Kitchen,"You are in a kitchen. A typical one.

You can make out a fridge. Oh wow! Is that what I think it is? It is! It's an oven. You can see a table. Looks like someone's already been here and taken everything off it, though. Look out! It's a- oh, never mind, it's just a counter. You see a knife on the counter. Hmmm... what else, what else? Oh, great. Here's a stove. Looks like someone's already been here and taken everything off it, though.

There is a closed screen door leading east. There is a closed plain door leading north. You don't like doors? Why not try going west, that entranceway is not blocked by one.","You are carrying: a cookbook, a yellow bell pepper, a red onion, a red apple and a white onion.",0 of 16,0.0,False,
59,,,I should open the cookbook to check the recipe for a delicious meal.,examine cookbook,,"You open the copy of ""Cooking: A Modern Approach (3rd Ed.)"" and start reading:

Recipe #1
---------
Gather all following ingredients and follow the directions to prepare this tasty meal.

Ingredients:
red potato
  orange bell pepper
  pork chop
  carrot
  yellow bell pepper

Directions:
dice the red potato
  roast the red potato
  chop the orange bell pepper
  grill the orange bell pepper
  slice the pork chop
  roast the pork chop
  slice the carrot
  grill the carrot
  chop the yellow bell pepper
  fry the yellow bell pepper
  prepare meal",Kitchen,"You are in a kitchen. A typical one.

You can make out a fridge. Oh wow! Is that what I think it is? It is! It's an oven. You can see a table. Looks like someone's already been here and taken everything off it, though. Look out! It's a- oh, never mind, it's just a counter. You see a knife on the counter. Hmmm... what else, what else? Oh, great. Here's a stove. Looks like someone's already been here and taken everything off it, though.

There is a closed screen door leading east. There is a closed plain door leading north. You don't like doors? Why not try going west, that entranceway is not blocked by one.","You are carrying: a cookbook, a yellow bell pepper, a red onion, a red apple and a white onion.",0 of 16,0.0,False,
60,,,"I need to gather the ingredients from the recipe first. I already have a yellow bell pepper, but I need to find a red potato, orange bell pepper, pork chop, and carrot. I should look around the kitchen to find these ingredients.",look,,"You are in a kitchen. A typical one.

You can make out a fridge. Oh wow! Is that what I think it is? It is! It's an oven. You can see a table. Looks like someone's already been here and taken everything off it, though. Look out! It's a- oh, never mind, it's just a counter. You see a knife on the counter. Hmmm... what else, what else? Oh, great. Here's a stove. Looks like someone's already been here and taken everything off it, though.

There is a closed screen door leading east. There is a closed plain door leading north. You don't like doors? Why not try going west, that entranceway is not blocked by one.",Kitchen,"You are in a kitchen. A typical one.

You can make out a fridge. Oh wow! Is that what I think it is? It is! It's an oven. You can see a table. Looks like someone's already been here and taken everything off it, though. Look out! It's a- oh, never mind, it's just a counter. You see a knife on the counter. Hmmm... what else, what else? Oh, great. Here's a stove. Looks like someone's already been here and taken everything off it, though.

There is a closed screen door leading east. There is a closed plain door leading north. You don't like doors? Why not try going west, that entranceway is not blocked by one.","You are carrying: a cookbook, a yellow bell pepper, a red onion, a red apple and a white onion.",0 of 16,0.0,False,
61,,,I should examine the cookbook to find a recipe for a delicious meal.,examine cookbook,,"You open the copy of ""Cooking: A Modern Approach (3rd Ed.)"" and start reading:

Recipe #1
---------
Gather all following ingredients and follow the directions to prepare this tasty meal.

Ingredients:
red potato
  orange bell pepper
  pork chop
  carrot
  yellow bell pepper

Directions:
dice the red potato
  roast the red potato
  chop the orange bell pepper
  grill the orange bell pepper
  slice the pork chop
  roast the pork chop
  slice the carrot
  grill the carrot
  chop the yellow bell pepper
  fry the yellow bell pepper
  prepare meal",Kitchen,"You are in a kitchen. A typical one.

You can make out a fridge. Oh wow! Is that what I think it is? It is! It's an oven. You can see a table. Looks like someone's already been here and taken everything off it, though. Look out! It's a- oh, never mind, it's just a counter. You see a knife on the counter. Hmmm... what else, what else? Oh, great. Here's a stove. Looks like someone's already been here and taken everything off it, though.

There is a closed screen door leading east. There is a closed plain door leading north. You don't like doors? Why not try going west, that entranceway is not blocked by one.","You are carrying: a cookbook, a yellow bell pepper, a red onion, a red apple and a white onion.",0 of 16,0.0,False,
62,,,"I need to gather the ingredients listed in the recipe: red potato, orange bell pepper, pork chop, carrot, and yellow bell pepper. I already have a yellow bell pepper, so I should look for the other ingredients in the kitchen or nearby.",look,,"You are in a kitchen. A typical one.

You can make out a fridge. Oh wow! Is that what I think it is? It is! It's an oven. You can see a table. Looks like someone's already been here and taken everything off it, though. Look out! It's a- oh, never mind, it's just a counter. You see a knife on the counter. Hmmm... what else, what else? Oh, great. Here's a stove. Looks like someone's already been here and taken everything off it, though.

There is a closed screen door leading east. There is a closed plain door leading north. You don't like doors? Why not try going west, that entranceway is not blocked by one.",Kitchen,"You are in a kitchen. A typical one.

You can make out a fridge. Oh wow! Is that what I think it is? It is! It's an oven. You can see a table. Looks like someone's already been here and taken everything off it, though. Look out! It's a- oh, never mind, it's just a counter. You see a knife on the counter. Hmmm... what else, what else? Oh, great. Here's a stove. Looks like someone's already been here and taken everything off it, though.

There is a closed screen door leading east. There is a closed plain door leading north. You don't like doors? Why not try going west, that entranceway is not blocked by one.","You are carrying: a cookbook, a yellow bell pepper, a red onion, a red apple and a white onion.",0 of 16,0.0,False,
63,,,I should examine the cookbook to find a recipe for a delicious meal.,examine cookbook,,"You open the copy of ""Cooking: A Modern Approach (3rd Ed.)"" and start reading:

Recipe #1
---------
Gather all following ingredients and follow the directions to prepare this tasty meal.

Ingredients:
red potato
  orange bell pepper
  pork chop
  carrot
  yellow bell pepper

Directions:
dice the red potato
  roast the red potato
  chop the orange bell pepper
  grill the orange bell pepper
  slice the pork chop
  roast the pork chop
  slice the carrot
  grill the carrot
  chop the yellow bell pepper
  fry the yellow bell pepper
  prepare meal",Kitchen,"You are in a kitchen. A typical one.

You can make out a fridge. Oh wow! Is that what I think it is? It is! It's an oven. You can see a table. Looks like someone's already been here and taken everything off it, though. Look out! It's a- oh, never mind, it's just a counter. You see a knife on the counter. Hmmm... what else, what else? Oh, great. Here's a stove. Looks like someone's already been here and taken everything off it, though.

There is a closed screen door leading east. There is a closed plain door leading north. You don't like doors? Why not try going west, that entranceway is not blocked by one.","You are carrying: a cookbook, a yellow bell pepper, a red onion, a red apple and a white onion.",0 of 16,0.0,False,
64,,,"I need to gather the ingredients from the recipe first, starting with the red potato, orange bell pepper, pork chop, carrot, and yellow bell pepper. I already have the yellow bell pepper, so I should look for the red potato next.",go west,,"You arrive in a livingroom. An ordinary kind of place.

Were you looking for a sofa? Because look over there, it's a sofa. The sofa is comfy. But the thing hasn't got anything on it. Hm. Oh well

There is an exit to the east. Don't worry, there is no door. You need an exit without a door? You should try going north. You need an exit without a door? You should try going south.",Livingroom,"You arrive in a livingroom. An ordinary kind of place.

Were you looking for a sofa? Because look over there, it's a sofa. The sofa is comfy. But the thing hasn't got anything on it. Hm. Oh well

There is an exit to the east. Don't worry, there is no door. You need an exit without a door? You should try going north. You need an exit without a door? You should try going south.","You are carrying: a cookbook, a yellow bell pepper, a red onion, a red apple and a white onion.",0 of 16,0.0,False,
65,,,I should go east to find the kitchen where I can check the cookbook for the recipe and cook a meal.,go east,,"You are in a kitchen. A typical one.

You can make out a fridge. Oh wow! Is that what I think it is? It is! It's an oven. You can see a table. Looks like someone's already been here and taken everything off it, though. Look out! It's a- oh, never mind, it's just a counter. You see a knife on the counter. Hmmm... what else, what else? Oh, great. Here's a stove. Looks like someone's already been here and taken everything off it, though.

There is a closed screen door leading east. There is a closed plain door leading north. You don't like doors? Why not try going west, that entranceway is not blocked by one.",Kitchen,"You are in a kitchen. A typical one.

You can make out a fridge. Oh wow! Is that what I think it is? It is! It's an oven. You can see a table. Looks like someone's already been here and taken everything off it, though. Look out! It's a- oh, never mind, it's just a counter. You see a knife on the counter. Hmmm... what else, what else? Oh, great. Here's a stove. Looks like someone's already been here and taken everything off it, though.

There is a closed screen door leading east. There is a closed plain door leading north. You don't like doors? Why not try going west, that entranceway is not blocked by one.","You are carrying: a cookbook, a yellow bell pepper, a red onion, a red apple and a white onion.",0 of 16,0.0,False,
66,,,I should examine the cookbook to find a recipe for a delicious meal.,examine cookbook,,"You open the copy of ""Cooking: A Modern Approach (3rd Ed.)"" and start reading:

Recipe #1
---------
Gather all following ingredients and follow the directions to prepare this tasty meal.

Ingredients:
red potato
  orange bell pepper
  pork chop
  carrot
  yellow bell pepper

Directions:
dice the red potato
  roast the red potato
  chop the orange bell pepper
  grill the orange bell pepper
  slice the pork chop
  roast the pork chop
  slice the carrot
  grill the carrot
  chop the yellow bell pepper
  fry the yellow bell pepper
  prepare meal",Kitchen,"You are in a kitchen. A typical one.

You can make out a fridge. Oh wow! Is that what I think it is? It is! It's an oven. You can see a table. Looks like someone's already been here and taken everything off it, though. Look out! It's a- oh, never mind, it's just a counter. You see a knife on the counter. Hmmm... what else, what else? Oh, great. Here's a stove. Looks like someone's already been here and taken everything off it, though.

There is a closed screen door leading east. There is a closed plain door leading north. You don't like doors? Why not try going west, that entranceway is not blocked by one.","You are carrying: a cookbook, a yellow bell pepper, a red onion, a red apple and a white onion.",0 of 16,0.0,False,
67,,,"I need to gather the ingredients listed in the recipe: red potato, orange bell pepper, pork chop, carrot, and yellow bell pepper. I already have a yellow bell pepper, so I should look for the red potato, orange bell pepper, pork chop, and carrot in the kitchen or nearby.",look,,"You are in a kitchen. A typical one.

You can make out a fridge. Oh wow! Is that what I think it is? It is! It's an oven. You can see a table. Looks like someone's already been here and taken everything off it, though. Look out! It's a- oh, never mind, it's just a counter. You see a knife on the counter. Hmmm... what else, what else? Oh, great. Here's a stove. Looks like someone's already been here and taken everything off it, though.

There is a closed screen door leading east. There is a closed plain door leading north. You don't like doors? Why not try going west, that entranceway is not blocked by one.",Kitchen,"You are in a kitchen. A typical one.

You can make out a fridge. Oh wow! Is that what I think it is? It is! It's an oven. You can see a table. Looks like someone's already been here and taken everything off it, though. Look out! It's a- oh, never mind, it's just a counter. You see a knife on the counter. Hmmm... what else, what else? Oh, great. Here's a stove. Looks like someone's already been here and taken everything off it, though.

There is a closed screen door leading east. There is a closed plain door leading north. You don't like doors? Why not try going west, that entranceway is not blocked by one.","You are carrying: a cookbook, a yellow bell pepper, a red onion, a red apple and a white onion.",0 of 16,0.0,False,
68,,,I should open the cookbook to check the recipe for a delicious meal.,examine cookbook,,"You open the copy of ""Cooking: A Modern Approach (3rd Ed.)"" and start reading:

Recipe #1
---------
Gather all following ingredients and follow the directions to prepare this tasty meal.

Ingredients:
red potato
  orange bell pepper
  pork chop
  carrot
  yellow bell pepper

Directions:
dice the red potato
  roast the red potato
  chop the orange bell pepper
  grill the orange bell pepper
  slice the pork chop
  roast the pork chop
  slice the carrot
  grill the carrot
  chop the yellow bell pepper
  fry the yellow bell pepper
  prepare meal",Kitchen,"You are in a kitchen. A typical one.

You can make out a fridge. Oh wow! Is that what I think it is? It is! It's an oven. You can see a table. Looks like someone's already been here and taken everything off it, though. Look out! It's a- oh, never mind, it's just a counter. You see a knife on the counter. Hmmm... what else, what else? Oh, great. Here's a stove. Looks like someone's already been here and taken everything off it, though.

There is a closed screen door leading east. There is a closed plain door leading north. You don't like doors? Why not try going west, that entranceway is not blocked by one.","You are carrying: a cookbook, a yellow bell pepper, a red onion, a red apple and a white onion.",0 of 16,0.0,False,
69,,,"I need to gather the ingredients listed in the recipe: red potato, orange bell pepper, pork chop, carrot, and yellow bell pepper. I already have a yellow bell pepper, so I should look for the red potato, orange bell pepper, pork chop, and carrot in the kitchen or nearby.",look,,"You are in a kitchen. A typical one.

You can make out a fridge. Oh wow! Is that what I think it is? It is! It's an oven. You can see a table. Looks like someone's already been here and taken everything off it, though. Look out! It's a- oh, never mind, it's just a counter. You see a knife on the counter. Hmmm... what else, what else? Oh, great. Here's a stove. Looks like someone's already been here and taken everything off it, though.

There is a closed screen door leading east. There is a closed plain door leading north. You don't like doors? Why not try going west, that entranceway is not blocked by one.",Kitchen,"You are in a kitchen. A typical one.

You can make out a fridge. Oh wow! Is that what I think it is? It is! It's an oven. You can see a table. Looks like someone's already been here and taken everything off it, though. Look out! It's a- oh, never mind, it's just a counter. You see a knife on the counter. Hmmm... what else, what else? Oh, great. Here's a stove. Looks like someone's already been here and taken everything off it, though.

There is a closed screen door leading east. There is a closed plain door leading north. You don't like doors? Why not try going west, that entranceway is not blocked by one.","You are carrying: a cookbook, a yellow bell pepper, a red onion, a red apple and a white onion.",0 of 16,0.0,False,
70,,,I should examine the cookbook to find a recipe for a delicious meal.,examine cookbook,,"You open the copy of ""Cooking: A Modern Approach (3rd Ed.)"" and start reading:

Recipe #1
---------
Gather all following ingredients and follow the directions to prepare this tasty meal.

Ingredients:
red potato
  orange bell pepper
  pork chop
  carrot
  yellow bell pepper

Directions:
dice the red potato
  roast the red potato
  chop the orange bell pepper
  grill the orange bell pepper
  slice the pork chop
  roast the pork chop
  slice the carrot
  grill the carrot
  chop the yellow bell pepper
  fry the yellow bell pepper
  prepare meal",Kitchen,"You are in a kitchen. A typical one.

You can make out a fridge. Oh wow! Is that what I think it is? It is! It's an oven. You can see a table. Looks like someone's already been here and taken everything off it, though. Look out! It's a- oh, never mind, it's just a counter. You see a knife on the counter. Hmmm... what else, what else? Oh, great. Here's a stove. Looks like someone's already been here and taken everything off it, though.

There is a closed screen door leading east. There is a closed plain door leading north. You don't like doors? Why not try going west, that entranceway is not blocked by one.","You are carrying: a cookbook, a yellow bell pepper, a red onion, a red apple and a white onion.",0 of 16,0.0,False,
71,,,"I need to gather the ingredients from the recipe first. I already have a yellow bell pepper, but I need to find a red potato, orange bell pepper, pork chop, and carrot. I should look around the kitchen to find these ingredients.",look,,"You are in a kitchen. A typical one.

You can make out a fridge. Oh wow! Is that what I think it is? It is! It's an oven. You can see a table. Looks like someone's already been here and taken everything off it, though. Look out! It's a- oh, never mind, it's just a counter. You see a knife on the counter. Hmmm... what else, what else? Oh, great. Here's a stove. Looks like someone's already been here and taken everything off it, though.

There is a closed screen door leading east. There is a closed plain door leading north. You don't like doors? Why not try going west, that entranceway is not blocked by one.",Kitchen,"You are in a kitchen. A typical one.

You can make out a fridge. Oh wow! Is that what I think it is? It is! It's an oven. You can see a table. Looks like someone's already been here and taken everything off it, though. Look out! It's a- oh, never mind, it's just a counter. You see a knife on the counter. Hmmm... what else, what else? Oh, great. Here's a stove. Looks like someone's already been here and taken everything off it, though.

There is a closed screen door leading east. There is a closed plain door leading north. You don't like doors? Why not try going west, that entranceway is not blocked by one.","You are carrying: a cookbook, a yellow bell pepper, a red onion, a red apple and a white onion.",0 of 16,0.0,False,
72,,,I should open the cookbook to check the recipe for a delicious meal.,examine cookbook,,"You open the copy of ""Cooking: A Modern Approach (3rd Ed.)"" and start reading:

Recipe #1
---------
Gather all following ingredients and follow the directions to prepare this tasty meal.

Ingredients:
red potato
  orange bell pepper
  pork chop
  carrot
  yellow bell pepper

Directions:
dice the red potato
  roast the red potato
  chop the orange bell pepper
  grill the orange bell pepper
  slice the pork chop
  roast the pork chop
  slice the carrot
  grill the carrot
  chop the yellow bell pepper
  fry the yellow bell pepper
  prepare meal",Kitchen,"You are in a kitchen. A typical one.

You can make out a fridge. Oh wow! Is that what I think it is? It is! It's an oven. You can see a table. Looks like someone's already been here and taken everything off it, though. Look out! It's a- oh, never mind, it's just a counter. You see a knife on the counter. Hmmm... what else, what else? Oh, great. Here's a stove. Looks like someone's already been here and taken everything off it, though.

There is a closed screen door leading east. There is a closed plain door leading north. You don't like doors? Why not try going west, that entranceway is not blocked by one.","You are carrying: a cookbook, a yellow bell pepper, a red onion, a red apple and a white onion.",0 of 16,0.0,False,
73,,,"I need to gather the ingredients listed in the recipe: red potato, orange bell pepper, pork chop, carrot, and yellow bell pepper. I already have a yellow bell pepper, so I should look for the other ingredients in the kitchen or nearby.",look,,"You are in a kitchen. A typical one.

You can make out a fridge. Oh wow! Is that what I think it is? It is! It's an oven. You can see a table. Looks like someone's already been here and taken everything off it, though. Look out! It's a- oh, never mind, it's just a counter. You see a knife on the counter. Hmmm... what else, what else? Oh, great. Here's a stove. Looks like someone's already been here and taken everything off it, though.

There is a closed screen door leading east. There is a closed plain door leading north. You don't like doors? Why not try going west, that entranceway is not blocked by one.",Kitchen,"You are in a kitchen. A typical one.

You can make out a fridge. Oh wow! Is that what I think it is? It is! It's an oven. You can see a table. Looks like someone's already been here and taken everything off it, though. Look out! It's a- oh, never mind, it's just a counter. You see a knife on the counter. Hmmm... what else, what else? Oh, great. Here's a stove. Looks like someone's already been here and taken everything off it, though.

There is a closed screen door leading east. There is a closed plain door leading north. You don't like doors? Why not try going west, that entranceway is not blocked by one.","You are carrying: a cookbook, a yellow bell pepper, a red onion, a red apple and a white onion.",0 of 16,0.0,False,
74,,,I should examine the cookbook to find a recipe for a delicious meal.,examine cookbook,,"You open the copy of ""Cooking: A Modern Approach (3rd Ed.)"" and start reading:

Recipe #1
---------
Gather all following ingredients and follow the directions to prepare this tasty meal.

Ingredients:
red potato
  orange bell pepper
  pork chop
  carrot
  yellow bell pepper

Directions:
dice the red potato
  roast the red potato
  chop the orange bell pepper
  grill the orange bell pepper
  slice the pork chop
  roast the pork chop
  slice the carrot
  grill the carrot
  chop the yellow bell pepper
  fry the yellow bell pepper
  prepare meal",Kitchen,"You are in a kitchen. A typical one.

You can make out a fridge. Oh wow! Is that what I think it is? It is! It's an oven. You can see a table. Looks like someone's already been here and taken everything off it, though. Look out! It's a- oh, never mind, it's just a counter. You see a knife on the counter. Hmmm... what else, what else? Oh, great. Here's a stove. Looks like someone's already been here and taken everything off it, though.

There is a closed screen door leading east. There is a closed plain door leading north. You don't like doors? Why not try going west, that entranceway is not blocked by one.","You are carrying: a cookbook, a yellow bell pepper, a red onion, a red apple and a white onion.",0 of 16,0.0,False,
75,,,"I need to gather the ingredients listed in the recipe: red potato, orange bell pepper, pork chop, carrot, and yellow bell pepper. I already have a yellow bell pepper, so I should look for the red potato, orange bell pepper, pork chop, and carrot in the kitchen or nearby.",look,,"You are in a kitchen. A typical one.

You can make out a fridge. Oh wow! Is that what I think it is? It is! It's an oven. You can see a table. Looks like someone's already been here and taken everything off it, though. Look out! It's a- oh, never mind, it's just a counter. You see a knife on the counter. Hmmm... what else, what else? Oh, great. Here's a stove. Looks like someone's already been here and taken everything off it, though.

There is a closed screen door leading east. There is a closed plain door leading north. You don't like doors? Why not try going west, that entranceway is not blocked by one.",Kitchen,"You are in a kitchen. A typical one.

You can make out a fridge. Oh wow! Is that what I think it is? It is! It's an oven. You can see a table. Looks like someone's already been here and taken everything off it, though. Look out! It's a- oh, never mind, it's just a counter. You see a knife on the counter. Hmmm... what else, what else? Oh, great. Here's a stove. Looks like someone's already been here and taken everything off it, though.

There is a closed screen door leading east. There is a closed plain door leading north. You don't like doors? Why not try going west, that entranceway is not blocked by one.","You are carrying: a cookbook, a yellow bell pepper, a red onion, a red apple and a white onion.",0 of 16,0.0,False,
76,,,I should check the cookbook to find a recipe for a delicious meal.,examine cookbook,,"You open the copy of ""Cooking: A Modern Approach (3rd Ed.)"" and start reading:

Recipe #1
---------
Gather all following ingredients and follow the directions to prepare this tasty meal.

Ingredients:
red potato
  orange bell pepper
  pork chop
  carrot
  yellow bell pepper

Directions:
dice the red potato
  roast the red potato
  chop the orange bell pepper
  grill the orange bell pepper
  slice the pork chop
  roast the pork chop
  slice the carrot
  grill the carrot
  chop the yellow bell pepper
  fry the yellow bell pepper
  prepare meal",Kitchen,"You are in a kitchen. A typical one.

You can make out a fridge. Oh wow! Is that what I think it is? It is! It's an oven. You can see a table. Looks like someone's already been here and taken everything off it, though. Look out! It's a- oh, never mind, it's just a counter. You see a knife on the counter. Hmmm... what else, what else? Oh, great. Here's a stove. Looks like someone's already been here and taken everything off it, though.

There is a closed screen door leading east. There is a closed plain door leading north. You don't like doors? Why not try going west, that entranceway is not blocked by one.","You are carrying: a cookbook, a yellow bell pepper, a red onion, a red apple and a white onion.",0 of 16,0.0,False,
77,,,"I need to gather the ingredients listed in the recipe: red potato, orange bell pepper, pork chop, carrot, and yellow bell pepper. I already have a yellow bell pepper, so I should look for the other ingredients in the kitchen or nearby.",look,,"You are in a kitchen. A typical one.

You can make out a fridge. Oh wow! Is that what I think it is? It is! It's an oven. You can see a table. Looks like someone's already been here and taken everything off it, though. Look out! It's a- oh, never mind, it's just a counter. You see a knife on the counter. Hmmm... what else, what else? Oh, great. Here's a stove. Looks like someone's already been here and taken everything off it, though.

There is a closed screen door leading east. There is a closed plain door leading north. You don't like doors? Why not try going west, that entranceway is not blocked by one.",Kitchen,"You are in a kitchen. A typical one.

You can make out a fridge. Oh wow! Is that what I think it is? It is! It's an oven. You can see a table. Looks like someone's already been here and taken everything off it, though. Look out! It's a- oh, never mind, it's just a counter. You see a knife on the counter. Hmmm... what else, what else? Oh, great. Here's a stove. Looks like someone's already been here and taken everything off it, though.

There is a closed screen door leading east. There is a closed plain door leading north. You don't like doors? Why not try going west, that entranceway is not blocked by one.","You are carrying: a cookbook, a yellow bell pepper, a red onion, a red apple and a white onion.",0 of 16,0.0,False,
78,,,I should open the cookbook to check the recipe for a delicious meal.,examine cookbook,,"You open the copy of ""Cooking: A Modern Approach (3rd Ed.)"" and start reading:

Recipe #1
---------
Gather all following ingredients and follow the directions to prepare this tasty meal.

Ingredients:
red potato
  orange bell pepper
  pork chop
  carrot
  yellow bell pepper

Directions:
dice the red potato
  roast the red potato
  chop the orange bell pepper
  grill the orange bell pepper
  slice the pork chop
  roast the pork chop
  slice the carrot
  grill the carrot
  chop the yellow bell pepper
  fry the yellow bell pepper
  prepare meal",Kitchen,"You are in a kitchen. A typical one.

You can make out a fridge. Oh wow! Is that what I think it is? It is! It's an oven. You can see a table. Looks like someone's already been here and taken everything off it, though. Look out! It's a- oh, never mind, it's just a counter. You see a knife on the counter. Hmmm... what else, what else? Oh, great. Here's a stove. Looks like someone's already been here and taken everything off it, though.

There is a closed screen door leading east. There is a closed plain door leading north. You don't like doors? Why not try going west, that entranceway is not blocked by one.","You are carrying: a cookbook, a yellow bell pepper, a red onion, a red apple and a white onion.",0 of 16,0.0,False,
79,,,"I need to gather the ingredients listed in the recipe: red potato, orange bell pepper, pork chop, carrot, and yellow bell pepper. I already have a yellow bell pepper, so I should look for the red potato, orange bell pepper, pork chop, and carrot in the kitchen or nearby.",look,,"You are in a kitchen. A typical one.

You can make out a fridge. Oh wow! Is that what I think it is? It is! It's an oven. You can see a table. Looks like someone's already been here and taken everything off it, though. Look out! It's a- oh, never mind, it's just a counter. You see a knife on the counter. Hmmm... what else, what else? Oh, great. Here's a stove. Looks like someone's already been here and taken everything off it, though.

There is a closed screen door leading east. There is a closed plain door leading north. You don't like doors? Why not try going west, that entranceway is not blocked by one.",Kitchen,"You are in a kitchen. A typical one.

You can make out a fridge. Oh wow! Is that what I think it is? It is! It's an oven. You can see a table. Looks like someone's already been here and taken everything off it, though. Look out! It's a- oh, never mind, it's just a counter. You see a knife on the counter. Hmmm... what else, what else? Oh, great. Here's a stove. Looks like someone's already been here and taken everything off it, though.

There is a closed screen door leading east. There is a closed plain door leading north. You don't like doors? Why not try going west, that entranceway is not blocked by one.","You are carrying: a cookbook, a yellow bell pepper, a red onion, a red apple and a white onion.",0 of 16,0.0,False,
80,,,I should open the cookbook to check the recipe for a delicious meal.,examine cookbook,,"You open the copy of ""Cooking: A Modern Approach (3rd Ed.)"" and start reading:

Recipe #1
---------
Gather all following ingredients and follow the directions to prepare this tasty meal.

Ingredients:
red potato
  orange bell pepper
  pork chop
  carrot
  yellow bell pepper

Directions:
dice the red potato
  roast the red potato
  chop the orange bell pepper
  grill the orange bell pepper
  slice the pork chop
  roast the pork chop
  slice the carrot
  grill the carrot
  chop the yellow bell pepper
  fry the yellow bell pepper
  prepare meal",Kitchen,"You are in a kitchen. A typical one.

You can make out a fridge. Oh wow! Is that what I think it is? It is! It's an oven. You can see a table. Looks like someone's already been here and taken everything off it, though. Look out! It's a- oh, never mind, it's just a counter. You see a knife on the counter. Hmmm... what else, what else? Oh, great. Here's a stove. Looks like someone's already been here and taken everything off it, though.

There is a closed screen door leading east. There is a closed plain door leading north. You don't like doors? Why not try going west, that entranceway is not blocked by one.","You are carrying: a cookbook, a yellow bell pepper, a red onion, a red apple and a white onion.",0 of 16,0.0,False,
81,,,"I need to gather the ingredients listed in the recipe, starting with the red potato, orange bell pepper, pork chop, and carrot, which I currently do not have. I will first go west to explore and find these ingredients.",go west,,"You arrive in a livingroom. An ordinary kind of place.

Were you looking for a sofa? Because look over there, it's a sofa. The sofa is comfy. But the thing hasn't got anything on it. Hm. Oh well

There is an exit to the east. Don't worry, there is no door. You need an exit without a door? You should try going north. You need an exit without a door? You should try going south.",Livingroom,"You arrive in a livingroom. An ordinary kind of place.

Were you looking for a sofa? Because look over there, it's a sofa. The sofa is comfy. But the thing hasn't got anything on it. Hm. Oh well

There is an exit to the east. Don't worry, there is no door. You need an exit without a door? You should try going north. You need an exit without a door? You should try going south.","You are carrying: a cookbook, a yellow bell pepper, a red onion, a red apple and a white onion.",0 of 16,0.0,False,
82,,,I should go east to find the kitchen where I can check the cookbook for the recipe and start cooking.,go east,,"You are in a kitchen. A typical one.

You can make out a fridge. Oh wow! Is that what I think it is? It is! It's an oven. You can see a table. Looks like someone's already been here and taken everything off it, though. Look out! It's a- oh, never mind, it's just a counter. You see a knife on the counter. Hmmm... what else, what else? Oh, great. Here's a stove. Looks like someone's already been here and taken everything off it, though.

There is a closed screen door leading east. There is a closed plain door leading north. You don't like doors? Why not try going west, that entranceway is not blocked by one.",Kitchen,"You are in a kitchen. A typical one.

You can make out a fridge. Oh wow! Is that what I think it is? It is! It's an oven. You can see a table. Looks like someone's already been here and taken everything off it, though. Look out! It's a- oh, never mind, it's just a counter. You see a knife on the counter. Hmmm... what else, what else? Oh, great. Here's a stove. Looks like someone's already been here and taken everything off it, though.

There is a closed screen door leading east. There is a closed plain door leading north. You don't like doors? Why not try going west, that entranceway is not blocked by one.","You are carrying: a cookbook, a yellow bell pepper, a red onion, a red apple and a white onion.",0 of 16,0.0,False,
83,,,I should examine the cookbook to find a recipe for a delicious meal.,examine cookbook,,"You open the copy of ""Cooking: A Modern Approach (3rd Ed.)"" and start reading:

Recipe #1
---------
Gather all following ingredients and follow the directions to prepare this tasty meal.

Ingredients:
red potato
  orange bell pepper
  pork chop
  carrot
  yellow bell pepper

Directions:
dice the red potato
  roast the red potato
  chop the orange bell pepper
  grill the orange bell pepper
  slice the pork chop
  roast the pork chop
  slice the carrot
  grill the carrot
  chop the yellow bell pepper
  fry the yellow bell pepper
  prepare meal",Kitchen,"You are in a kitchen. A typical one.

You can make out a fridge. Oh wow! Is that what I think it is? It is! It's an oven. You can see a table. Looks like someone's already been here and taken everything off it, though. Look out! It's a- oh, never mind, it's just a counter. You see a knife on the counter. Hmmm... what else, what else? Oh, great. Here's a stove. Looks like someone's already been here and taken everything off it, though.

There is a closed screen door leading east. There is a closed plain door leading north. You don't like doors? Why not try going west, that entranceway is not blocked by one.","You are carrying: a cookbook, a yellow bell pepper, a red onion, a red apple and a white onion.",0 of 16,0.0,False,
84,,,"I need to gather the ingredients listed in the recipe: red potato, orange bell pepper, pork chop, carrot, and yellow bell pepper. I already have a yellow bell pepper, so I should look for the red potato, orange bell pepper, pork chop, and carrot in the kitchen or nearby.",look,,"You are in a kitchen. A typical one.

You can make out a fridge. Oh wow! Is that what I think it is? It is! It's an oven. You can see a table. Looks like someone's already been here and taken everything off it, though. Look out! It's a- oh, never mind, it's just a counter. You see a knife on the counter. Hmmm... what else, what else? Oh, great. Here's a stove. Looks like someone's already been here and taken everything off it, though.

There is a closed screen door leading east. There is a closed plain door leading north. You don't like doors? Why not try going west, that entranceway is not blocked by one.",Kitchen,"You are in a kitchen. A typical one.

You can make out a fridge. Oh wow! Is that what I think it is? It is! It's an oven. You can see a table. Looks like someone's already been here and taken everything off it, though. Look out! It's a- oh, never mind, it's just a counter. You see a knife on the counter. Hmmm... what else, what else? Oh, great. Here's a stove. Looks like someone's already been here and taken everything off it, though.

There is a closed screen door leading east. There is a closed plain door leading north. You don't like doors? Why not try going west, that entranceway is not blocked by one.","You are carrying: a cookbook, a yellow bell pepper, a red onion, a red apple and a white onion.",0 of 16,0.0,False,
85,,,I should examine the cookbook to find a recipe for a delicious meal.,examine cookbook,,"You open the copy of ""Cooking: A Modern Approach (3rd Ed.)"" and start reading:

Recipe #1
---------
Gather all following ingredients and follow the directions to prepare this tasty meal.

Ingredients:
red potato
  orange bell pepper
  pork chop
  carrot
  yellow bell pepper

Directions:
dice the red potato
  roast the red potato
  chop the orange bell pepper
  grill the orange bell pepper
  slice the pork chop
  roast the pork chop
  slice the carrot
  grill the carrot
  chop the yellow bell pepper
  fry the yellow bell pepper
  prepare meal",Kitchen,"You are in a kitchen. A typical one.

You can make out a fridge. Oh wow! Is that what I think it is? It is! It's an oven. You can see a table. Looks like someone's already been here and taken everything off it, though. Look out! It's a- oh, never mind, it's just a counter. You see a knife on the counter. Hmmm... what else, what else? Oh, great. Here's a stove. Looks like someone's already been here and taken everything off it, though.

There is a closed screen door leading east. There is a closed plain door leading north. You don't like doors? Why not try going west, that entranceway is not blocked by one.","You are carrying: a cookbook, a yellow bell pepper, a red onion, a red apple and a white onion.",0 of 16,0.0,True,
