step_id,plan,summary,thought,action,task,feedback,location,description,inventory,score,reward,is_done,error
0,,,,,"You are hungry! Let's cook a delicious meal. Check the cookbook in the kitchen for the recipe. Once done, enjoy your meal!",,Kitchen,"You find yourself in a kitchen. An ordinary kind of place. You begin to take stock of what's in the room.

You make out a fridge. You see an oven. Is this it? Is this what you came to TextWorld to see? an oven? You can see a table. But the thing is empty. Were you looking for a counter? Because look over there, it's a counter. On the counter you make out a raw yellow potato, a red apple, a cookbook and a knife. You make out a stove. The stove is conventional. However, the stove, like an empty stove, has nothing on it.

There is a closed frosted-glass door leading east. There is a closed screen door leading south. There is an exit to the west. Don't worry, there is no door.","You are carrying: a raw red potato, a banana, a red hot pepper and a raw purple potato.",0 of 15,0.0,False,
1,,,I should examine the cookbook to find a recipe for a delicious meal.,examine cookbook,,"You open the copy of ""Cooking: A Modern Approach (3rd Ed.)"" and start reading:

Recipe #1
---------
Gather all following ingredients and follow the directions to prepare this tasty meal.

Ingredients:
red potato
  block of cheese
  banana
  white onion
  red onion

Directions:
chop the red potato
  fry the red potato
  chop the block of cheese
  roast the block of cheese
  slice the banana
  grill the banana
  chop the white onion
  grill the white onion
  dice the red onion
  fry the red onion
  prepare meal",Kitchen,"You find yourself in a kitchen. An ordinary kind of place. You begin to take stock of what's in the room.

You make out a fridge. You see an oven. Is this it? Is this what you came to TextWorld to see? an oven? You can see a table. But the thing is empty. Were you looking for a counter? Because look over there, it's a counter. On the counter you make out a raw yellow potato, a red apple, a cookbook and a knife. You make out a stove. The stove is conventional. However, the stove, like an empty stove, has nothing on it.

There is a closed frosted-glass door leading east. There is a closed screen door leading south. There is an exit to the west. Don't worry, there is no door.","You are carrying: a raw red potato, a banana, a red hot pepper and a raw purple potato.",0 of 15,0.0,False,
2,,,"I need to gather the ingredients from the recipe. I already have a raw red potato and a banana. I need to find a block of cheese, a white onion, and a red onion in the kitchen or nearby.",look around kitchen,,You can't see any such thing.,Kitchen,"You find yourself in a kitchen. An ordinary kind of place. You begin to take stock of what's in the room.

You make out a fridge. You see an oven. Is this it? Is this what you came to TextWorld to see? an oven? You can see a table. But the thing is empty. Were you looking for a counter? Because look over there, it's a counter. On the counter you make out a raw yellow potato, a red apple, a cookbook and a knife. You make out a stove. The stove is conventional. However, the stove, like an empty stove, has nothing on it.

There is a closed frosted-glass door leading east. There is a closed screen door leading south. There is an exit to the west. Don't worry, there is no door.","You are carrying: a raw red potato, a banana, a red hot pepper and a raw purple potato.",0 of 15,0.0,False,
3,,,I should examine the cookbook on the counter to find the recipe for a delicious meal.,examine cookbook,,"You open the copy of ""Cooking: A Modern Approach (3rd Ed.)"" and start reading:

Recipe #1
---------
Gather all following ingredients and follow the directions to prepare this tasty meal.

Ingredients:
red potato
  block of cheese
  banana
  white onion
  red onion

Directions:
chop the red potato
  fry the red potato
  chop the block of cheese
  roast the block of cheese
  slice the banana
  grill the banana
  chop the white onion
  grill the white onion
  dice the red onion
  fry the red onion
  prepare meal",Kitchen,"You find yourself in a kitchen. An ordinary kind of place. You begin to take stock of what's in the room.

You make out a fridge. You see an oven. Is this it? Is this what you came to TextWorld to see? an oven? You can see a table. But the thing is empty. Were you looking for a counter? Because look over there, it's a counter. On the counter you make out a raw yellow potato, a red apple, a cookbook and a knife. You make out a stove. The stove is conventional. However, the stove, like an empty stove, has nothing on it.

There is a closed frosted-glass door leading east. There is a closed screen door leading south. There is an exit to the west. Don't worry, there is no door.","You are carrying: a raw red potato, a banana, a red hot pepper and a raw purple potato.",0 of 15,0.0,False,
4,,,"I need to gather the ingredients from the recipe. I already have a raw red potato and a banana. I need to find a block of cheese, a white onion, and a red onion in the kitchen or nearby.",look around kitchen,,You can't see any such thing.,Kitchen,"You find yourself in a kitchen. An ordinary kind of place. You begin to take stock of what's in the room.

You make out a fridge. You see an oven. Is this it? Is this what you came to TextWorld to see? an oven? You can see a table. But the thing is empty. Were you looking for a counter? Because look over there, it's a counter. On the counter you make out a raw yellow potato, a red apple, a cookbook and a knife. You make out a stove. The stove is conventional. However, the stove, like an empty stove, has nothing on it.

There is a closed frosted-glass door leading east. There is a closed screen door leading south. There is an exit to the west. Don't worry, there is no door.","You are carrying: a raw red potato, a banana, a red hot pepper and a raw purple potato.",0 of 15,0.0,False,
5,,,I should examine the cookbook on the counter to find a recipe for a delicious meal.,examine cookbook,,"You open the copy of ""Cooking: A Modern Approach (3rd Ed.)"" and start reading:

Recipe #1
---------
Gather all following ingredients and follow the directions to prepare this tasty meal.

Ingredients:
red potato
  block of cheese
  banana
  white onion
  red onion

Directions:
chop the red potato
  fry the red potato
  chop the block of cheese
  roast the block of cheese
  slice the banana
  grill the banana
  chop the white onion
  grill the white onion
  dice the red onion
  fry the red onion
  prepare meal",Kitchen,"You find yourself in a kitchen. An ordinary kind of place. You begin to take stock of what's in the room.

You make out a fridge. You see an oven. Is this it? Is this what you came to TextWorld to see? an oven? You can see a table. But the thing is empty. Were you looking for a counter? Because look over there, it's a counter. On the counter you make out a raw yellow potato, a red apple, a cookbook and a knife. You make out a stove. The stove is conventional. However, the stove, like an empty stove, has nothing on it.

There is a closed frosted-glass door leading east. There is a closed screen door leading south. There is an exit to the west. Don't worry, there is no door.","You are carrying: a raw red potato, a banana, a red hot pepper and a raw purple potato.",0 of 15,0.0,False,
6,,,"I need to gather the ingredients from the recipe: red potato, block of cheese, banana, white onion, and red onion. I already have a red potato and a banana, but I need to find the block of cheese, white onion, and red onion in the kitchen.",look around kitchen,,You can't see any such thing.,Kitchen,"You find yourself in a kitchen. An ordinary kind of place. You begin to take stock of what's in the room.

You make out a fridge. You see an oven. Is this it? Is this what you came to TextWorld to see? an oven? You can see a table. But the thing is empty. Were you looking for a counter? Because look over there, it's a counter. On the counter you make out a raw yellow potato, a red apple, a cookbook and a knife. You make out a stove. The stove is conventional. However, the stove, like an empty stove, has nothing on it.

There is a closed frosted-glass door leading east. There is a closed screen door leading south. There is an exit to the west. Don't worry, there is no door.","You are carrying: a raw red potato, a banana, a red hot pepper and a raw purple potato.",0 of 15,0.0,False,
7,,,I should examine the cookbook on the counter to find the recipe for a delicious meal.,examine cookbook,,"You open the copy of ""Cooking: A Modern Approach (3rd Ed.)"" and start reading:

Recipe #1
---------
Gather all following ingredients and follow the directions to prepare this tasty meal.

Ingredients:
red potato
  block of cheese
  banana
  white onion
  red onion

Directions:
chop the red potato
  fry the red potato
  chop the block of cheese
  roast the block of cheese
  slice the banana
  grill the banana
  chop the white onion
  grill the white onion
  dice the red onion
  fry the red onion
  prepare meal",Kitchen,"You find yourself in a kitchen. An ordinary kind of place. You begin to take stock of what's in the room.

You make out a fridge. You see an oven. Is this it? Is this what you came to TextWorld to see? an oven? You can see a table. But the thing is empty. Were you looking for a counter? Because look over there, it's a counter. On the counter you make out a raw yellow potato, a red apple, a cookbook and a knife. You make out a stove. The stove is conventional. However, the stove, like an empty stove, has nothing on it.

There is a closed frosted-glass door leading east. There is a closed screen door leading south. There is an exit to the west. Don't worry, there is no door.","You are carrying: a raw red potato, a banana, a red hot pepper and a raw purple potato.",0 of 15,0.0,False,
8,,,"I need to gather the ingredients from the recipe first. I already have a raw red potato and a banana. I need to find a block of cheese, a white onion, and a red onion in the kitchen or fridge.",open fridge,,"You open the fridge, revealing a block of cheese, a red onion, a white onion, a yellow bell pepper, an orange bell pepper and a raw pork chop.",Kitchen,"You find yourself in a kitchen. An ordinary kind of place. You begin to take stock of what's in the room.

You make out a fridge. The fridge contains a block of cheese, a red onion, a white onion, a yellow bell pepper, an orange bell pepper and a raw pork chop. You see an oven. Is this it? Is this what you came to TextWorld to see? an oven? You can see a table. But the thing is empty. Were you looking for a counter? Because look over there, it's a counter. On the counter you make out a raw yellow potato, a red apple, a cookbook and a knife. You make out a stove. The stove is conventional. However, the stove, like an empty stove, has nothing on it.

There is a closed frosted-glass door leading east. There is a closed screen door leading south. There is an exit to the west. Don't worry, there is no door.","You are carrying: a raw red potato, a banana, a red hot pepper and a raw purple potato.",0 of 15,0.0,False,
9,,,I should examine the cookbook on the counter to find a recipe for a delicious meal.,examine cookbook,,"You open the copy of ""Cooking: A Modern Approach (3rd Ed.)"" and start reading:

Recipe #1
---------
Gather all following ingredients and follow the directions to prepare this tasty meal.

Ingredients:
red potato
  block of cheese
  banana
  white onion
  red onion

Directions:
chop the red potato
  fry the red potato
  chop the block of cheese
  roast the block of cheese
  slice the banana
  grill the banana
  chop the white onion
  grill the white onion
  dice the red onion
  fry the red onion
  prepare meal",Kitchen,"You find yourself in a kitchen. An ordinary kind of place. You begin to take stock of what's in the room.

You make out a fridge. The fridge contains a block of cheese, a red onion, a white onion, a yellow bell pepper, an orange bell pepper and a raw pork chop. You see an oven. Is this it? Is this what you came to TextWorld to see? an oven? You can see a table. But the thing is empty. Were you looking for a counter? Because look over there, it's a counter. On the counter you make out a raw yellow potato, a red apple, a cookbook and a knife. You make out a stove. The stove is conventional. However, the stove, like an empty stove, has nothing on it.

There is a closed frosted-glass door leading east. There is a closed screen door leading south. There is an exit to the west. Don't worry, there is no door.","You are carrying: a raw red potato, a banana, a red hot pepper and a raw purple potato.",0 of 15,0.0,False,
10,,,"I need to gather the ingredients from the fridge and counter to follow the recipe. I will take the block of cheese, white onion, and red onion from the fridge first.",take block of cheese from fridge,,"You take the block of cheese from the fridge.



Your score has just gone up by one point.",Kitchen,"You find yourself in a kitchen. An ordinary kind of place. You begin to take stock of what's in the room.

You make out a fridge. The fridge contains a red onion, a white onion, a yellow bell pepper, an orange bell pepper and a raw pork chop. You see an oven. Is this it? Is this what you came to TextWorld to see? an oven? You can see a table. But the thing is empty. Were you looking for a counter? Because look over there, it's a counter. On the counter you make out a raw yellow potato, a red apple, a cookbook and a knife. You make out a stove. The stove is conventional. However, the stove, like an empty stove, has nothing on it.

There is a closed frosted-glass door leading east. There is a closed screen door leading south. There is an exit to the west. Don't worry, there is no door.","You are carrying: a block of cheese, a raw red potato, a banana, a red hot pepper and a raw purple potato.",1 of 15,0.06666666666666667,False,
11,,,I should examine the cookbook on the counter to find a recipe for a delicious meal.,examine cookbook,,"You open the copy of ""Cooking: A Modern Approach (3rd Ed.)"" and start reading:

Recipe #1
---------
Gather all following ingredients and follow the directions to prepare this tasty meal.

Ingredients:
red potato
  block of cheese
  banana
  white onion
  red onion

Directions:
chop the red potato
  fry the red potato
  chop the block of cheese
  roast the block of cheese
  slice the banana
  grill the banana
  chop the white onion
  grill the white onion
  dice the red onion
  fry the red onion
  prepare meal",Kitchen,"You find yourself in a kitchen. An ordinary kind of place. You begin to take stock of what's in the room.

You make out a fridge. The fridge contains a red onion, a white onion, a yellow bell pepper, an orange bell pepper and a raw pork chop. You see an oven. Is this it? Is this what you came to TextWorld to see? an oven? You can see a table. But the thing is empty. Were you looking for a counter? Because look over there, it's a counter. On the counter you make out a raw yellow potato, a red apple, a cookbook and a knife. You make out a stove. The stove is conventional. However, the stove, like an empty stove, has nothing on it.

There is a closed frosted-glass door leading east. There is a closed screen door leading south. There is an exit to the west. Don't worry, there is no door.","You are carrying: a block of cheese, a raw red potato, a banana, a red hot pepper and a raw purple potato.",1 of 15,0.06666666666666667,False,
12,,,"I need to gather the ingredients from the recipe that I don't have yet. I already have a block of cheese, a raw red potato, and a banana. I need to get a white onion and a red onion from the fridge.",take white onion from fridge,,You're carrying too many things already.,Kitchen,"You find yourself in a kitchen. An ordinary kind of place. You begin to take stock of what's in the room.

You make out a fridge. The fridge contains a red onion, a white onion, a yellow bell pepper, an orange bell pepper and a raw pork chop. You see an oven. Is this it? Is this what you came to TextWorld to see? an oven? You can see a table. But the thing is empty. Were you looking for a counter? Because look over there, it's a counter. On the counter you make out a raw yellow potato, a red apple, a cookbook and a knife. You make out a stove. The stove is conventional. However, the stove, like an empty stove, has nothing on it.

There is a closed frosted-glass door leading east. There is a closed screen door leading south. There is an exit to the west. Don't worry, there is no door.","You are carrying: a block of cheese, a raw red potato, a banana, a red hot pepper and a raw purple potato.",1 of 15,0.06666666666666667,False,
13,,,"I am carrying too many items, so I should drop some to free up space before taking the cookbook to check the recipe.",drop banana,,You drop the banana on the ground.,Kitchen,"You find yourself in a kitchen. An ordinary kind of place. You begin to take stock of what's in the room.

You make out a fridge. The fridge contains a red onion, a white onion, a yellow bell pepper, an orange bell pepper and a raw pork chop. You see an oven. Is this it? Is this what you came to TextWorld to see? an oven? You can see a table. But the thing is empty. Were you looking for a counter? Because look over there, it's a counter. On the counter you make out a raw yellow potato, a red apple, a cookbook and a knife. You make out a stove. The stove is conventional. However, the stove, like an empty stove, has nothing on it.

There is a closed frosted-glass door leading east. There is a closed screen door leading south. There is an exit to the west. Don't worry, there is no door.

There is a banana on the floor.","You are carrying: a block of cheese, a raw red potato, a red hot pepper and a raw purple potato.",1 of 15,0.06666666666666667,False,
14,,,I should examine the cookbook on the counter to find a recipe for a delicious meal.,examine cookbook,,"You open the copy of ""Cooking: A Modern Approach (3rd Ed.)"" and start reading:

Recipe #1
---------
Gather all following ingredients and follow the directions to prepare this tasty meal.

Ingredients:
red potato
  block of cheese
  banana
  white onion
  red onion

Directions:
chop the red potato
  fry the red potato
  chop the block of cheese
  roast the block of cheese
  slice the banana
  grill the banana
  chop the white onion
  grill the white onion
  dice the red onion
  fry the red onion
  prepare meal",Kitchen,"You find yourself in a kitchen. An ordinary kind of place. You begin to take stock of what's in the room.

You make out a fridge. The fridge contains a red onion, a white onion, a yellow bell pepper, an orange bell pepper and a raw pork chop. You see an oven. Is this it? Is this what you came to TextWorld to see? an oven? You can see a table. But the thing is empty. Were you looking for a counter? Because look over there, it's a counter. On the counter you make out a raw yellow potato, a red apple, a cookbook and a knife. You make out a stove. The stove is conventional. However, the stove, like an empty stove, has nothing on it.

There is a closed frosted-glass door leading east. There is a closed screen door leading south. There is an exit to the west. Don't worry, there is no door.

There is a banana on the floor.","You are carrying: a block of cheese, a raw red potato, a red hot pepper and a raw purple potato.",1 of 15,0.06666666666666667,False,
15,,,"I need to gather all the ingredients from the recipe: red potato, block of cheese, banana, white onion, and red onion. I already have a block of cheese and a raw red potato. I should take the banana from the floor and take the red onion and white onion from the fridge.",take banana from floor,,You pick up the banana from the ground.,Kitchen,"You find yourself in a kitchen. An ordinary kind of place. You begin to take stock of what's in the room.

You make out a fridge. The fridge contains a red onion, a white onion, a yellow bell pepper, an orange bell pepper and a raw pork chop. You see an oven. Is this it? Is this what you came to TextWorld to see? an oven? You can see a table. But the thing is empty. Were you looking for a counter? Because look over there, it's a counter. On the counter you make out a raw yellow potato, a red apple, a cookbook and a knife. You make out a stove. The stove is conventional. However, the stove, like an empty stove, has nothing on it.

There is a closed frosted-glass door leading east. There is a closed screen door leading south. There is an exit to the west. Don't worry, there is no door.","You are carrying: a banana, a block of cheese, a raw red potato, a red hot pepper and a raw purple potato.",1 of 15,0.06666666666666667,False,
16,,,I should examine the cookbook on the counter to find a recipe for a delicious meal.,examine cookbook,,"You open the copy of ""Cooking: A Modern Approach (3rd Ed.)"" and start reading:

Recipe #1
---------
Gather all following ingredients and follow the directions to prepare this tasty meal.

Ingredients:
red potato
  block of cheese
  banana
  white onion
  red onion

Directions:
chop the red potato
  fry the red potato
  chop the block of cheese
  roast the block of cheese
  slice the banana
  grill the banana
  chop the white onion
  grill the white onion
  dice the red onion
  fry the red onion
  prepare meal",Kitchen,"You find yourself in a kitchen. An ordinary kind of place. You begin to take stock of what's in the room.

You make out a fridge. The fridge contains a red onion, a white onion, a yellow bell pepper, an orange bell pepper and a raw pork chop. You see an oven. Is this it? Is this what you came to TextWorld to see? an oven? You can see a table. But the thing is empty. Were you looking for a counter? Because look over there, it's a counter. On the counter you make out a raw yellow potato, a red apple, a cookbook and a knife. You make out a stove. The stove is conventional. However, the stove, like an empty stove, has nothing on it.

There is a closed frosted-glass door leading east. There is a closed screen door leading south. There is an exit to the west. Don't worry, there is no door.","You are carrying: a banana, a block of cheese, a raw red potato, a red hot pepper and a raw purple potato.",1 of 15,0.06666666666666667,False,
17,,,"I need to gather the ingredients from the fridge and counter, then follow the recipe steps: chop and fry the red potato, chop and roast the block of cheese, slice and grill the banana, chop and grill the white onion, dice and fry the red onion, and finally prepare the meal.",take red onion from fridge,,You're carrying too many things already.,Kitchen,"You find yourself in a kitchen. An ordinary kind of place. You begin to take stock of what's in the room.

You make out a fridge. The fridge contains a red onion, a white onion, a yellow bell pepper, an orange bell pepper and a raw pork chop. You see an oven. Is this it? Is this what you came to TextWorld to see? an oven? You can see a table. But the thing is empty. Were you looking for a counter? Because look over there, it's a counter. On the counter you make out a raw yellow potato, a red apple, a cookbook and a knife. You make out a stove. The stove is conventional. However, the stove, like an empty stove, has nothing on it.

There is a closed frosted-glass door leading east. There is a closed screen door leading south. There is an exit to the west. Don't worry, there is no door.","You are carrying: a banana, a block of cheese, a raw red potato, a red hot pepper and a raw purple potato.",1 of 15,0.06666666666666667,False,
18,,,"I am carrying too many items, so I should drop some to free up space before taking the cookbook to check the recipe.",drop banana,,You drop the banana on the ground.,Kitchen,"You find yourself in a kitchen. An ordinary kind of place. You begin to take stock of what's in the room.

You make out a fridge. The fridge contains a red onion, a white onion, a yellow bell pepper, an orange bell pepper and a raw pork chop. You see an oven. Is this it? Is this what you came to TextWorld to see? an oven? You can see a table. But the thing is empty. Were you looking for a counter? Because look over there, it's a counter. On the counter you make out a raw yellow potato, a red apple, a cookbook and a knife. You make out a stove. The stove is conventional. However, the stove, like an empty stove, has nothing on it.

There is a closed frosted-glass door leading east. There is a closed screen door leading south. There is an exit to the west. Don't worry, there is no door.

There is a banana on the floor.","You are carrying: a block of cheese, a raw red potato, a red hot pepper and a raw purple potato.",1 of 15,0.06666666666666667,False,
19,,,I should examine the cookbook on the counter to find the recipe for a delicious meal.,examine cookbook,,"You open the copy of ""Cooking: A Modern Approach (3rd Ed.)"" and start reading:

Recipe #1
---------
Gather all following ingredients and follow the directions to prepare this tasty meal.

Ingredients:
red potato
  block of cheese
  banana
  white onion
  red onion

Directions:
chop the red potato
  fry the red potato
  chop the block of cheese
  roast the block of cheese
  slice the banana
  grill the banana
  chop the white onion
  grill the white onion
  dice the red onion
  fry the red onion
  prepare meal",Kitchen,"You find yourself in a kitchen. An ordinary kind of place. You begin to take stock of what's in the room.

You make out a fridge. The fridge contains a red onion, a white onion, a yellow bell pepper, an orange bell pepper and a raw pork chop. You see an oven. Is this it? Is this what you came to TextWorld to see? an oven? You can see a table. But the thing is empty. Were you looking for a counter? Because look over there, it's a counter. On the counter you make out a raw yellow potato, a red apple, a cookbook and a knife. You make out a stove. The stove is conventional. However, the stove, like an empty stove, has nothing on it.

There is a closed frosted-glass door leading east. There is a closed screen door leading south. There is an exit to the west. Don't worry, there is no door.

There is a banana on the floor.","You are carrying: a block of cheese, a raw red potato, a red hot pepper and a raw purple potato.",1 of 15,0.06666666666666667,False,
20,,,"I need to gather the ingredients from the recipe: red potato, block of cheese, banana, white onion, and red onion. I already have a block of cheese and a raw red potato in my inventory. I see a banana on the floor and onions in the fridge, so I should take the banana from the floor and then take the white onion and red onion from the fridge.",take banana from floor,,You pick up the banana from the ground.,Kitchen,"You find yourself in a kitchen. An ordinary kind of place. You begin to take stock of what's in the room.

You make out a fridge. The fridge contains a red onion, a white onion, a yellow bell pepper, an orange bell pepper and a raw pork chop. You see an oven. Is this it? Is this what you came to TextWorld to see? an oven? You can see a table. But the thing is empty. Were you looking for a counter? Because look over there, it's a counter. On the counter you make out a raw yellow potato, a red apple, a cookbook and a knife. You make out a stove. The stove is conventional. However, the stove, like an empty stove, has nothing on it.

There is a closed frosted-glass door leading east. There is a closed screen door leading south. There is an exit to the west. Don't worry, there is no door.","You are carrying: a banana, a block of cheese, a raw red potato, a red hot pepper and a raw purple potato.",1 of 15,0.06666666666666667,False,
21,,,I should examine the cookbook on the counter to find a recipe for a delicious meal.,examine cookbook,,"You open the copy of ""Cooking: A Modern Approach (3rd Ed.)"" and start reading:

Recipe #1
---------
Gather all following ingredients and follow the directions to prepare this tasty meal.

Ingredients:
red potato
  block of cheese
  banana
  white onion
  red onion

Directions:
chop the red potato
  fry the red potato
  chop the block of cheese
  roast the block of cheese
  slice the banana
  grill the banana
  chop the white onion
  grill the white onion
  dice the red onion
  fry the red onion
  prepare meal",Kitchen,"You find yourself in a kitchen. An ordinary kind of place. You begin to take stock of what's in the room.

You make out a fridge. The fridge contains a red onion, a white onion, a yellow bell pepper, an orange bell pepper and a raw pork chop. You see an oven. Is this it? Is this what you came to TextWorld to see? an oven? You can see a table. But the thing is empty. Were you looking for a counter? Because look over there, it's a counter. On the counter you make out a raw yellow potato, a red apple, a cookbook and a knife. You make out a stove. The stove is conventional. However, the stove, like an empty stove, has nothing on it.

There is a closed frosted-glass door leading east. There is a closed screen door leading south. There is an exit to the west. Don't worry, there is no door.","You are carrying: a banana, a block of cheese, a raw red potato, a red hot pepper and a raw purple potato.",1 of 15,0.06666666666666667,False,
22,,,"I need to gather the ingredients from the recipe: red potato, block of cheese, banana, white onion, and red onion. I already have a banana, block of cheese, and raw red potato. I should take the white onion and red onion from the fridge next.",take white onion from fridge,,You're carrying too many things already.,Kitchen,"You find yourself in a kitchen. An ordinary kind of place. You begin to take stock of what's in the room.

You make out a fridge. The fridge contains a red onion, a white onion, a yellow bell pepper, an orange bell pepper and a raw pork chop. You see an oven. Is this it? Is this what you came to TextWorld to see? an oven? You can see a table. But the thing is empty. Were you looking for a counter? Because look over there, it's a counter. On the counter you make out a raw yellow potato, a red apple, a cookbook and a knife. You make out a stove. The stove is conventional. However, the stove, like an empty stove, has nothing on it.

There is a closed frosted-glass door leading east. There is a closed screen door leading south. There is an exit to the west. Don't worry, there is no door.","You are carrying: a banana, a block of cheese, a raw red potato, a red hot pepper and a raw purple potato.",1 of 15,0.06666666666666667,False,
23,,,"I am carrying too many items, so I should drop some to free up space before taking the cookbook to check the recipe.",drop banana,,You drop the banana on the ground.,Kitchen,"You find yourself in a kitchen. An ordinary kind of place. You begin to take stock of what's in the room.

You make out a fridge. The fridge contains a red onion, a white onion, a yellow bell pepper, an orange bell pepper and a raw pork chop. You see an oven. Is this it? Is this what you came to TextWorld to see? an oven? You can see a table. But the thing is empty. Were you looking for a counter? Because look over there, it's a counter. On the counter you make out a raw yellow potato, a red apple, a cookbook and a knife. You make out a stove. The stove is conventional. However, the stove, like an empty stove, has nothing on it.

There is a closed frosted-glass door leading east. There is a closed screen door leading south. There is an exit to the west. Don't worry, there is no door.

There is a banana on the floor.","You are carrying: a block of cheese, a raw red potato, a red hot pepper and a raw purple potato.",1 of 15,0.06666666666666667,False,
24,,,I should examine the cookbook on the counter to find a recipe for a delicious meal.,examine cookbook,,"You open the copy of ""Cooking: A Modern Approach (3rd Ed.)"" and start reading:

Recipe #1
---------
Gather all following ingredients and follow the directions to prepare this tasty meal.

Ingredients:
red potato
  block of cheese
  banana
  white onion
  red onion

Directions:
chop the red potato
  fry the red potato
  chop the block of cheese
  roast the block of cheese
  slice the banana
  grill the banana
  chop the white onion
  grill the white onion
  dice the red onion
  fry the red onion
  prepare meal",Kitchen,"You find yourself in a kitchen. An ordinary kind of place. You begin to take stock of what's in the room.

You make out a fridge. The fridge contains a red onion, a white onion, a yellow bell pepper, an orange bell pepper and a raw pork chop. You see an oven. Is this it? Is this what you came to TextWorld to see? an oven? You can see a table. But the thing is empty. Were you looking for a counter? Because look over there, it's a counter. On the counter you make out a raw yellow potato, a red apple, a cookbook and a knife. You make out a stove. The stove is conventional. However, the stove, like an empty stove, has nothing on it.

There is a closed frosted-glass door leading east. There is a closed screen door leading south. There is an exit to the west. Don't worry, there is no door.

There is a banana on the floor.","You are carrying: a block of cheese, a raw red potato, a red hot pepper and a raw purple potato.",1 of 15,0.06666666666666667,False,
25,,,"I need to gather the ingredients from the recipe: red potato, block of cheese, banana, white onion, and red onion. I already have a block of cheese and a raw red potato. I see a banana on the floor and onions in the fridge, so I should take the banana and then get the onions from the fridge.",take banana from floor,,You pick up the banana from the ground.,Kitchen,"You find yourself in a kitchen. An ordinary kind of place. You begin to take stock of what's in the room.

You make out a fridge. The fridge contains a red onion, a white onion, a yellow bell pepper, an orange bell pepper and a raw pork chop. You see an oven. Is this it? Is this what you came to TextWorld to see? an oven? You can see a table. But the thing is empty. Were you looking for a counter? Because look over there, it's a counter. On the counter you make out a raw yellow potato, a red apple, a cookbook and a knife. You make out a stove. The stove is conventional. However, the stove, like an empty stove, has nothing on it.

There is a closed frosted-glass door leading east. There is a closed screen door leading south. There is an exit to the west. Don't worry, there is no door.","You are carrying: a banana, a block of cheese, a raw red potato, a red hot pepper and a raw purple potato.",1 of 15,0.06666666666666667,False,
26,,,I should examine the cookbook on the counter to find a recipe for a delicious meal.,examine cookbook,,"You open the copy of ""Cooking: A Modern Approach (3rd Ed.)"" and start reading:

Recipe #1
---------
Gather all following ingredients and follow the directions to prepare this tasty meal.

Ingredients:
red potato
  block of cheese
  banana
  white onion
  red onion

Directions:
chop the red potato
  fry the red potato
  chop the block of cheese
  roast the block of cheese
  slice the banana
  grill the banana
  chop the white onion
  grill the white onion
  dice the red onion
  fry the red onion
  prepare meal",Kitchen,"You find yourself in a kitchen. An ordinary kind of place. You begin to take stock of what's in the room.

You make out a fridge. The fridge contains a red onion, a white onion, a yellow bell pepper, an orange bell pepper and a raw pork chop. You see an oven. Is this it? Is this what you came to TextWorld to see? an oven? You can see a table. But the thing is empty. Were you looking for a counter? Because look over there, it's a counter. On the counter you make out a raw yellow potato, a red apple, a cookbook and a knife. You make out a stove. The stove is conventional. However, the stove, like an empty stove, has nothing on it.

There is a closed frosted-glass door leading east. There is a closed screen door leading south. There is an exit to the west. Don't worry, there is no door.","You are carrying: a banana, a block of cheese, a raw red potato, a red hot pepper and a raw purple potato.",1 of 15,0.06666666666666667,False,
27,,,"I need to gather the ingredients from the fridge and counter, then follow the recipe steps: chop and fry the red potato, chop and roast the block of cheese, slice and grill the banana, chop and grill the white onion, dice and fry the red onion, and finally prepare the meal. First, I will take the red onion and white onion from the fridge.",take red onion from fridge,,You're carrying too many things already.,Kitchen,"You find yourself in a kitchen. An ordinary kind of place. You begin to take stock of what's in the room.

You make out a fridge. The fridge contains a red onion, a white onion, a yellow bell pepper, an orange bell pepper and a raw pork chop. You see an oven. Is this it? Is this what you came to TextWorld to see? an oven? You can see a table. But the thing is empty. Were you looking for a counter? Because look over there, it's a counter. On the counter you make out a raw yellow potato, a red apple, a cookbook and a knife. You make out a stove. The stove is conventional. However, the stove, like an empty stove, has nothing on it.

There is a closed frosted-glass door leading east. There is a closed screen door leading south. There is an exit to the west. Don't worry, there is no door.","You are carrying: a banana, a block of cheese, a raw red potato, a red hot pepper and a raw purple potato.",1 of 15,0.06666666666666667,False,
28,,,"I am carrying too many items, so I should drop some to free up space before taking the cookbook to check the recipe.",drop banana,,You drop the banana on the ground.,Kitchen,"You find yourself in a kitchen. An ordinary kind of place. You begin to take stock of what's in the room.

You make out a fridge. The fridge contains a red onion, a white onion, a yellow bell pepper, an orange bell pepper and a raw pork chop. You see an oven. Is this it? Is this what you came to TextWorld to see? an oven? You can see a table. But the thing is empty. Were you looking for a counter? Because look over there, it's a counter. On the counter you make out a raw yellow potato, a red apple, a cookbook and a knife. You make out a stove. The stove is conventional. However, the stove, like an empty stove, has nothing on it.

There is a closed frosted-glass door leading east. There is a closed screen door leading south. There is an exit to the west. Don't worry, there is no door.

There is a banana on the floor.","You are carrying: a block of cheese, a raw red potato, a red hot pepper and a raw purple potato.",1 of 15,0.06666666666666667,False,
29,,,I should examine the cookbook on the counter to find the recipe for a delicious meal.,examine cookbook,,"You open the copy of ""Cooking: A Modern Approach (3rd Ed.)"" and start reading:

Recipe #1
---------
Gather all following ingredients and follow the directions to prepare this tasty meal.

Ingredients:
red potato
  block of cheese
  banana
  white onion
  red onion

Directions:
chop the red potato
  fry the red potato
  chop the block of cheese
  roast the block of cheese
  slice the banana
  grill the banana
  chop the white onion
  grill the white onion
  dice the red onion
  fry the red onion
  prepare meal",Kitchen,"You find yourself in a kitchen. An ordinary kind of place. You begin to take stock of what's in the room.

You make out a fridge. The fridge contains a red onion, a white onion, a yellow bell pepper, an orange bell pepper and a raw pork chop. You see an oven. Is this it? Is this what you came to TextWorld to see? an oven? You can see a table. But the thing is empty. Were you looking for a counter? Because look over there, it's a counter. On the counter you make out a raw yellow potato, a red apple, a cookbook and a knife. You make out a stove. The stove is conventional. However, the stove, like an empty stove, has nothing on it.

There is a closed frosted-glass door leading east. There is a closed screen door leading south. There is an exit to the west. Don't worry, there is no door.

There is a banana on the floor.","You are carrying: a block of cheese, a raw red potato, a red hot pepper and a raw purple potato.",1 of 15,0.06666666666666667,False,
30,,,"I need to gather all the ingredients from the recipe: red potato, block of cheese, banana, white onion, and red onion. I already have a block of cheese and a raw red potato. I should take the banana from the floor and take the white onion and red onion from the fridge.",take banana from floor,,You pick up the banana from the ground.,Kitchen,"You find yourself in a kitchen. An ordinary kind of place. You begin to take stock of what's in the room.

You make out a fridge. The fridge contains a red onion, a white onion, a yellow bell pepper, an orange bell pepper and a raw pork chop. You see an oven. Is this it? Is this what you came to TextWorld to see? an oven? You can see a table. But the thing is empty. Were you looking for a counter? Because look over there, it's a counter. On the counter you make out a raw yellow potato, a red apple, a cookbook and a knife. You make out a stove. The stove is conventional. However, the stove, like an empty stove, has nothing on it.

There is a closed frosted-glass door leading east. There is a closed screen door leading south. There is an exit to the west. Don't worry, there is no door.","You are carrying: a banana, a block of cheese, a raw red potato, a red hot pepper and a raw purple potato.",1 of 15,0.06666666666666667,False,
31,,,I should examine the cookbook on the counter to find a recipe for a delicious meal.,examine cookbook,,"You open the copy of ""Cooking: A Modern Approach (3rd Ed.)"" and start reading:

Recipe #1
---------
Gather all following ingredients and follow the directions to prepare this tasty meal.

Ingredients:
red potato
  block of cheese
  banana
  white onion
  red onion

Directions:
chop the red potato
  fry the red potato
  chop the block of cheese
  roast the block of cheese
  slice the banana
  grill the banana
  chop the white onion
  grill the white onion
  dice the red onion
  fry the red onion
  prepare meal",Kitchen,"You find yourself in a kitchen. An ordinary kind of place. You begin to take stock of what's in the room.

You make out a fridge. The fridge contains a red onion, a white onion, a yellow bell pepper, an orange bell pepper and a raw pork chop. You see an oven. Is this it? Is this what you came to TextWorld to see? an oven? You can see a table. But the thing is empty. Were you looking for a counter? Because look over there, it's a counter. On the counter you make out a raw yellow potato, a red apple, a cookbook and a knife. You make out a stove. The stove is conventional. However, the stove, like an empty stove, has nothing on it.

There is a closed frosted-glass door leading east. There is a closed screen door leading south. There is an exit to the west. Don't worry, there is no door.","You are carrying: a banana, a block of cheese, a raw red potato, a red hot pepper and a raw purple potato.",1 of 15,0.06666666666666667,False,
32,,,"I need to gather the ingredients from the recipe and prepare them step by step. First, I will chop the red potato I have in my inventory.",chop raw red potato with knife,,You need to take the knife first.,Kitchen,"You find yourself in a kitchen. An ordinary kind of place. You begin to take stock of what's in the room.

You make out a fridge. The fridge contains a red onion, a white onion, a yellow bell pepper, an orange bell pepper and a raw pork chop. You see an oven. Is this it? Is this what you came to TextWorld to see? an oven? You can see a table. But the thing is empty. Were you looking for a counter? Because look over there, it's a counter. On the counter you make out a raw yellow potato, a red apple, a cookbook and a knife. You make out a stove. The stove is conventional. However, the stove, like an empty stove, has nothing on it.

There is a closed frosted-glass door leading east. There is a closed screen door leading south. There is an exit to the west. Don't worry, there is no door.","You are carrying: a banana, a block of cheese, a raw red potato, a red hot pepper and a raw purple potato.",1 of 15,0.06666666666666667,False,
33,,,I need to take the knife from the counter first to be able to prepare the meal.,take knife from counter,,You're carrying too many things already.,Kitchen,"You find yourself in a kitchen. An ordinary kind of place. You begin to take stock of what's in the room.

You make out a fridge. The fridge contains a red onion, a white onion, a yellow bell pepper, an orange bell pepper and a raw pork chop. You see an oven. Is this it? Is this what you came to TextWorld to see? an oven? You can see a table. But the thing is empty. Were you looking for a counter? Because look over there, it's a counter. On the counter you make out a raw yellow potato, a red apple, a cookbook and a knife. You make out a stove. The stove is conventional. However, the stove, like an empty stove, has nothing on it.

There is a closed frosted-glass door leading east. There is a closed screen door leading south. There is an exit to the west. Don't worry, there is no door.","You are carrying: a banana, a block of cheese, a raw red potato, a red hot pepper and a raw purple potato.",1 of 15,0.06666666666666667,False,
34,,,"I am carrying too many items, so I should drop some to free up space before taking the cookbook to check the recipe.",drop banana,,You drop the banana on the ground.,Kitchen,"You find yourself in a kitchen. An ordinary kind of place. You begin to take stock of what's in the room.

You make out a fridge. The fridge contains a red onion, a white onion, a yellow bell pepper, an orange bell pepper and a raw pork chop. You see an oven. Is this it? Is this what you came to TextWorld to see? an oven? You can see a table. But the thing is empty. Were you looking for a counter? Because look over there, it's a counter. On the counter you make out a raw yellow potato, a red apple, a cookbook and a knife. You make out a stove. The stove is conventional. However, the stove, like an empty stove, has nothing on it.

There is a closed frosted-glass door leading east. There is a closed screen door leading south. There is an exit to the west. Don't worry, there is no door.

There is a banana on the floor.","You are carrying: a block of cheese, a raw red potato, a red hot pepper and a raw purple potato.",1 of 15,0.06666666666666667,False,
35,,,I should examine the cookbook on the counter to find a recipe for a delicious meal.,examine cookbook,,"You open the copy of ""Cooking: A Modern Approach (3rd Ed.)"" and start reading:

Recipe #1
---------
Gather all following ingredients and follow the directions to prepare this tasty meal.

Ingredients:
red potato
  block of cheese
  banana
  white onion
  red onion

Directions:
chop the red potato
  fry the red potato
  chop the block of cheese
  roast the block of cheese
  slice the banana
  grill the banana
  chop the white onion
  grill the white onion
  dice the red onion
  fry the red onion
  prepare meal",Kitchen,"You find yourself in a kitchen. An ordinary kind of place. You begin to take stock of what's in the room.

You make out a fridge. The fridge contains a red onion, a white onion, a yellow bell pepper, an orange bell pepper and a raw pork chop. You see an oven. Is this it? Is this what you came to TextWorld to see? an oven? You can see a table. But the thing is empty. Were you looking for a counter? Because look over there, it's a counter. On the counter you make out a raw yellow potato, a red apple, a cookbook and a knife. You make out a stove. The stove is conventional. However, the stove, like an empty stove, has nothing on it.

There is a closed frosted-glass door leading east. There is a closed screen door leading south. There is an exit to the west. Don't worry, there is no door.

There is a banana on the floor.","You are carrying: a block of cheese, a raw red potato, a red hot pepper and a raw purple potato.",1 of 15,0.06666666666666667,False,
36,,,"I need to gather the ingredients from the recipe: red potato, block of cheese, banana, white onion, and red onion. I already have a block of cheese and a raw red potato. I should take the banana from the floor and the white onion and red onion from the fridge.",take banana from floor,,You pick up the banana from the ground.,Kitchen,"You find yourself in a kitchen. An ordinary kind of place. You begin to take stock of what's in the room.

You make out a fridge. The fridge contains a red onion, a white onion, a yellow bell pepper, an orange bell pepper and a raw pork chop. You see an oven. Is this it? Is this what you came to TextWorld to see? an oven? You can see a table. But the thing is empty. Were you looking for a counter? Because look over there, it's a counter. On the counter you make out a raw yellow potato, a red apple, a cookbook and a knife. You make out a stove. The stove is conventional. However, the stove, like an empty stove, has nothing on it.

There is a closed frosted-glass door leading east. There is a closed screen door leading south. There is an exit to the west. Don't worry, there is no door.","You are carrying: a banana, a block of cheese, a raw red potato, a red hot pepper and a raw purple potato.",1 of 15,0.06666666666666667,False,
37,,,I should examine the cookbook on the counter to find a recipe for a delicious meal.,examine cookbook,,"You open the copy of ""Cooking: A Modern Approach (3rd Ed.)"" and start reading:

Recipe #1
---------
Gather all following ingredients and follow the directions to prepare this tasty meal.

Ingredients:
red potato
  block of cheese
  banana
  white onion
  red onion

Directions:
chop the red potato
  fry the red potato
  chop the block of cheese
  roast the block of cheese
  slice the banana
  grill the banana
  chop the white onion
  grill the white onion
  dice the red onion
  fry the red onion
  prepare meal",Kitchen,"You find yourself in a kitchen. An ordinary kind of place. You begin to take stock of what's in the room.

You make out a fridge. The fridge contains a red onion, a white onion, a yellow bell pepper, an orange bell pepper and a raw pork chop. You see an oven. Is this it? Is this what you came to TextWorld to see? an oven? You can see a table. But the thing is empty. Were you looking for a counter? Because look over there, it's a counter. On the counter you make out a raw yellow potato, a red apple, a cookbook and a knife. You make out a stove. The stove is conventional. However, the stove, like an empty stove, has nothing on it.

There is a closed frosted-glass door leading east. There is a closed screen door leading south. There is an exit to the west. Don't worry, there is no door.","You are carrying: a banana, a block of cheese, a raw red potato, a red hot pepper and a raw purple potato.",1 of 15,0.06666666666666667,False,
38,,,"I need to gather the ingredients from the recipe that I don't have yet, specifically the red onion and white onion from the fridge, and then start chopping the red potato as the first step in the recipe.",take red onion from fridge,,You're carrying too many things already.,Kitchen,"You find yourself in a kitchen. An ordinary kind of place. You begin to take stock of what's in the room.

You make out a fridge. The fridge contains a red onion, a white onion, a yellow bell pepper, an orange bell pepper and a raw pork chop. You see an oven. Is this it? Is this what you came to TextWorld to see? an oven? You can see a table. But the thing is empty. Were you looking for a counter? Because look over there, it's a counter. On the counter you make out a raw yellow potato, a red apple, a cookbook and a knife. You make out a stove. The stove is conventional. However, the stove, like an empty stove, has nothing on it.

There is a closed frosted-glass door leading east. There is a closed screen door leading south. There is an exit to the west. Don't worry, there is no door.","You are carrying: a banana, a block of cheese, a raw red potato, a red hot pepper and a raw purple potato.",1 of 15,0.06666666666666667,False,
39,,,"I am carrying too many items, so I should drop some to free up space before taking the cookbook to check the recipe.",drop banana,,You drop the banana on the ground.,Kitchen,"You find yourself in a kitchen. An ordinary kind of place. You begin to take stock of what's in the room.

You make out a fridge. The fridge contains a red onion, a white onion, a yellow bell pepper, an orange bell pepper and a raw pork chop. You see an oven. Is this it? Is this what you came to TextWorld to see? an oven? You can see a table. But the thing is empty. Were you looking for a counter? Because look over there, it's a counter. On the counter you make out a raw yellow potato, a red apple, a cookbook and a knife. You make out a stove. The stove is conventional. However, the stove, like an empty stove, has nothing on it.

There is a closed frosted-glass door leading east. There is a closed screen door leading south. There is an exit to the west. Don't worry, there is no door.

There is a banana on the floor.","You are carrying: a block of cheese, a raw red potato, a red hot pepper and a raw purple potato.",1 of 15,0.06666666666666667,False,
40,,,I should examine the cookbook on the counter to find the recipe for a delicious meal.,examine cookbook,,"You open the copy of ""Cooking: A Modern Approach (3rd Ed.)"" and start reading:

Recipe #1
---------
Gather all following ingredients and follow the directions to prepare this tasty meal.

Ingredients:
red potato
  block of cheese
  banana
  white onion
  red onion

Directions:
chop the red potato
  fry the red potato
  chop the block of cheese
  roast the block of cheese
  slice the banana
  grill the banana
  chop the white onion
  grill the white onion
  dice the red onion
  fry the red onion
  prepare meal",Kitchen,"You find yourself in a kitchen. An ordinary kind of place. You begin to take stock of what's in the room.

You make out a fridge. The fridge contains a red onion, a white onion, a yellow bell pepper, an orange bell pepper and a raw pork chop. You see an oven. Is this it? Is this what you came to TextWorld to see? an oven? You can see a table. But the thing is empty. Were you looking for a counter? Because look over there, it's a counter. On the counter you make out a raw yellow potato, a red apple, a cookbook and a knife. You make out a stove. The stove is conventional. However, the stove, like an empty stove, has nothing on it.

There is a closed frosted-glass door leading east. There is a closed screen door leading south. There is an exit to the west. Don't worry, there is no door.

There is a banana on the floor.","You are carrying: a block of cheese, a raw red potato, a red hot pepper and a raw purple potato.",1 of 15,0.06666666666666667,False,
41,,,"I need to gather all the ingredients from the recipe: red potato, block of cheese, banana, white onion, and red onion. I already have a block of cheese and a raw red potato. I should take the banana from the floor and the white onion and red onion from the fridge.",take banana from floor,,You pick up the banana from the ground.,Kitchen,"You find yourself in a kitchen. An ordinary kind of place. You begin to take stock of what's in the room.

You make out a fridge. The fridge contains a red onion, a white onion, a yellow bell pepper, an orange bell pepper and a raw pork chop. You see an oven. Is this it? Is this what you came to TextWorld to see? an oven? You can see a table. But the thing is empty. Were you looking for a counter? Because look over there, it's a counter. On the counter you make out a raw yellow potato, a red apple, a cookbook and a knife. You make out a stove. The stove is conventional. However, the stove, like an empty stove, has nothing on it.

There is a closed frosted-glass door leading east. There is a closed screen door leading south. There is an exit to the west. Don't worry, there is no door.","You are carrying: a banana, a block of cheese, a raw red potato, a red hot pepper and a raw purple potato.",1 of 15,0.06666666666666667,False,
42,,,I should examine the cookbook on the counter to find a recipe for a delicious meal.,examine cookbook,,"You open the copy of ""Cooking: A Modern Approach (3rd Ed.)"" and start reading:

Recipe #1
---------
Gather all following ingredients and follow the directions to prepare this tasty meal.

Ingredients:
red potato
  block of cheese
  banana
  white onion
  red onion

Directions:
chop the red potato
  fry the red potato
  chop the block of cheese
  roast the block of cheese
  slice the banana
  grill the banana
  chop the white onion
  grill the white onion
  dice the red onion
  fry the red onion
  prepare meal",Kitchen,"You find yourself in a kitchen. An ordinary kind of place. You begin to take stock of what's in the room.

You make out a fridge. The fridge contains a red onion, a white onion, a yellow bell pepper, an orange bell pepper and a raw pork chop. You see an oven. Is this it? Is this what you came to TextWorld to see? an oven? You can see a table. But the thing is empty. Were you looking for a counter? Because look over there, it's a counter. On the counter you make out a raw yellow potato, a red apple, a cookbook and a knife. You make out a stove. The stove is conventional. However, the stove, like an empty stove, has nothing on it.

There is a closed frosted-glass door leading east. There is a closed screen door leading south. There is an exit to the west. Don't worry, there is no door.","You are carrying: a banana, a block of cheese, a raw red potato, a red hot pepper and a raw purple potato.",1 of 15,0.06666666666666667,False,
43,,,"I need to gather the ingredients from the recipe that I have and prepare them step by step. First, I will chop the red potato I have in my inventory.",chop raw red potato with knife,,You need to take the knife first.,Kitchen,"You find yourself in a kitchen. An ordinary kind of place. You begin to take stock of what's in the room.

You make out a fridge. The fridge contains a red onion, a white onion, a yellow bell pepper, an orange bell pepper and a raw pork chop. You see an oven. Is this it? Is this what you came to TextWorld to see? an oven? You can see a table. But the thing is empty. Were you looking for a counter? Because look over there, it's a counter. On the counter you make out a raw yellow potato, a red apple, a cookbook and a knife. You make out a stove. The stove is conventional. However, the stove, like an empty stove, has nothing on it.

There is a closed frosted-glass door leading east. There is a closed screen door leading south. There is an exit to the west. Don't worry, there is no door.","You are carrying: a banana, a block of cheese, a raw red potato, a red hot pepper and a raw purple potato.",1 of 15,0.06666666666666667,False,
44,,,I need to take the knife from the counter first to be able to prepare the meal.,take knife from counter,,You're carrying too many things already.,Kitchen,"You find yourself in a kitchen. An ordinary kind of place. You begin to take stock of what's in the room.

You make out a fridge. The fridge contains a red onion, a white onion, a yellow bell pepper, an orange bell pepper and a raw pork chop. You see an oven. Is this it? Is this what you came to TextWorld to see? an oven? You can see a table. But the thing is empty. Were you looking for a counter? Because look over there, it's a counter. On the counter you make out a raw yellow potato, a red apple, a cookbook and a knife. You make out a stove. The stove is conventional. However, the stove, like an empty stove, has nothing on it.

There is a closed frosted-glass door leading east. There is a closed screen door leading south. There is an exit to the west. Don't worry, there is no door.","You are carrying: a banana, a block of cheese, a raw red potato, a red hot pepper and a raw purple potato.",1 of 15,0.06666666666666667,False,
45,,,"I am carrying too many items, so I should drop some to free up space. Then, I will take the cookbook to check the recipe for cooking a delicious meal.",drop banana; drop block of cheese; drop raw red potato; drop red hot pepper; drop raw purple potato; take cookbook from counter,,You can't see any such thing.,Kitchen,"You find yourself in a kitchen. An ordinary kind of place. You begin to take stock of what's in the room.

You make out a fridge. The fridge contains a red onion, a white onion, a yellow bell pepper, an orange bell pepper and a raw pork chop. You see an oven. Is this it? Is this what you came to TextWorld to see? an oven? You can see a table. But the thing is empty. Were you looking for a counter? Because look over there, it's a counter. On the counter you make out a raw yellow potato, a red apple, a cookbook and a knife. You make out a stove. The stove is conventional. However, the stove, like an empty stove, has nothing on it.

There is a closed frosted-glass door leading east. There is a closed screen door leading south. There is an exit to the west. Don't worry, there is no door.","You are carrying: a banana, a block of cheese, a raw red potato, a red hot pepper and a raw purple potato.",1 of 15,0.06666666666666667,False,
46,,,I should examine the cookbook on the counter to check the recipe for cooking a delicious meal.,examine cookbook,,"You open the copy of ""Cooking: A Modern Approach (3rd Ed.)"" and start reading:

Recipe #1
---------
Gather all following ingredients and follow the directions to prepare this tasty meal.

Ingredients:
red potato
  block of cheese
  banana
  white onion
  red onion

Directions:
chop the red potato
  fry the red potato
  chop the block of cheese
  roast the block of cheese
  slice the banana
  grill the banana
  chop the white onion
  grill the white onion
  dice the red onion
  fry the red onion
  prepare meal",Kitchen,"You find yourself in a kitchen. An ordinary kind of place. You begin to take stock of what's in the room.

You make out a fridge. The fridge contains a red onion, a white onion, a yellow bell pepper, an orange bell pepper and a raw pork chop. You see an oven. Is this it? Is this what you came to TextWorld to see? an oven? You can see a table. But the thing is empty. Were you looking for a counter? Because look over there, it's a counter. On the counter you make out a raw yellow potato, a red apple, a cookbook and a knife. You make out a stove. The stove is conventional. However, the stove, like an empty stove, has nothing on it.

There is a closed frosted-glass door leading east. There is a closed screen door leading south. There is an exit to the west. Don't worry, there is no door.","You are carrying: a banana, a block of cheese, a raw red potato, a red hot pepper and a raw purple potato.",1 of 15,0.06666666666666667,False,
47,,,"I need to gather the ingredients from the fridge and counter, then follow the recipe steps starting with chopping the red potato.",take red onion from fridge,,You're carrying too many things already.,Kitchen,"You find yourself in a kitchen. An ordinary kind of place. You begin to take stock of what's in the room.

You make out a fridge. The fridge contains a red onion, a white onion, a yellow bell pepper, an orange bell pepper and a raw pork chop. You see an oven. Is this it? Is this what you came to TextWorld to see? an oven? You can see a table. But the thing is empty. Were you looking for a counter? Because look over there, it's a counter. On the counter you make out a raw yellow potato, a red apple, a cookbook and a knife. You make out a stove. The stove is conventional. However, the stove, like an empty stove, has nothing on it.

There is a closed frosted-glass door leading east. There is a closed screen door leading south. There is an exit to the west. Don't worry, there is no door.","You are carrying: a banana, a block of cheese, a raw red potato, a red hot pepper and a raw purple potato.",1 of 15,0.06666666666666667,False,
48,,,"I am carrying too many items, so I should drop some to free up space before taking the cookbook to check the recipe.",drop banana,,You drop the banana on the ground.,Kitchen,"You find yourself in a kitchen. An ordinary kind of place. You begin to take stock of what's in the room.

You make out a fridge. The fridge contains a red onion, a white onion, a yellow bell pepper, an orange bell pepper and a raw pork chop. You see an oven. Is this it? Is this what you came to TextWorld to see? an oven? You can see a table. But the thing is empty. Were you looking for a counter? Because look over there, it's a counter. On the counter you make out a raw yellow potato, a red apple, a cookbook and a knife. You make out a stove. The stove is conventional. However, the stove, like an empty stove, has nothing on it.

There is a closed frosted-glass door leading east. There is a closed screen door leading south. There is an exit to the west. Don't worry, there is no door.

There is a banana on the floor.","You are carrying: a block of cheese, a raw red potato, a red hot pepper and a raw purple potato.",1 of 15,0.06666666666666667,False,
49,,,I should examine the cookbook on the counter to find the recipe for a delicious meal.,examine cookbook,,"You open the copy of ""Cooking: A Modern Approach (3rd Ed.)"" and start reading:

Recipe #1
---------
Gather all following ingredients and follow the directions to prepare this tasty meal.

Ingredients:
red potato
  block of cheese
  banana
  white onion
  red onion

Directions:
chop the red potato
  fry the red potato
  chop the block of cheese
  roast the block of cheese
  slice the banana
  grill the banana
  chop the white onion
  grill the white onion
  dice the red onion
  fry the red onion
  prepare meal",Kitchen,"You find yourself in a kitchen. An ordinary kind of place. You begin to take stock of what's in the room.

You make out a fridge. The fridge contains a red onion, a white onion, a yellow bell pepper, an orange bell pepper and a raw pork chop. You see an oven. Is this it? Is this what you came to TextWorld to see? an oven? You can see a table. But the thing is empty. Were you looking for a counter? Because look over there, it's a counter. On the counter you make out a raw yellow potato, a red apple, a cookbook and a knife. You make out a stove. The stove is conventional. However, the stove, like an empty stove, has nothing on it.

There is a closed frosted-glass door leading east. There is a closed screen door leading south. There is an exit to the west. Don't worry, there is no door.

There is a banana on the floor.","You are carrying: a block of cheese, a raw red potato, a red hot pepper and a raw purple potato.",1 of 15,0.06666666666666667,False,
50,,,"I need to gather the ingredients from the kitchen and follow the recipe steps. I already have the block of cheese and a raw red potato. I should take the banana from the floor, then take the white onion and red onion from the fridge.",take banana from floor,,You pick up the banana from the ground.,Kitchen,"You find yourself in a kitchen. An ordinary kind of place. You begin to take stock of what's in the room.

You make out a fridge. The fridge contains a red onion, a white onion, a yellow bell pepper, an orange bell pepper and a raw pork chop. You see an oven. Is this it? Is this what you came to TextWorld to see? an oven? You can see a table. But the thing is empty. Were you looking for a counter? Because look over there, it's a counter. On the counter you make out a raw yellow potato, a red apple, a cookbook and a knife. You make out a stove. The stove is conventional. However, the stove, like an empty stove, has nothing on it.

There is a closed frosted-glass door leading east. There is a closed screen door leading south. There is an exit to the west. Don't worry, there is no door.","You are carrying: a banana, a block of cheese, a raw red potato, a red hot pepper and a raw purple potato.",1 of 15,0.06666666666666667,False,
51,,,I should examine the cookbook on the counter to find a recipe for a delicious meal.,examine cookbook,,"You open the copy of ""Cooking: A Modern Approach (3rd Ed.)"" and start reading:

Recipe #1
---------
Gather all following ingredients and follow the directions to prepare this tasty meal.

Ingredients:
red potato
  block of cheese
  banana
  white onion
  red onion

Directions:
chop the red potato
  fry the red potato
  chop the block of cheese
  roast the block of cheese
  slice the banana
  grill the banana
  chop the white onion
  grill the white onion
  dice the red onion
  fry the red onion
  prepare meal",Kitchen,"You find yourself in a kitchen. An ordinary kind of place. You begin to take stock of what's in the room.

You make out a fridge. The fridge contains a red onion, a white onion, a yellow bell pepper, an orange bell pepper and a raw pork chop. You see an oven. Is this it? Is this what you came to TextWorld to see? an oven? You can see a table. But the thing is empty. Were you looking for a counter? Because look over there, it's a counter. On the counter you make out a raw yellow potato, a red apple, a cookbook and a knife. You make out a stove. The stove is conventional. However, the stove, like an empty stove, has nothing on it.

There is a closed frosted-glass door leading east. There is a closed screen door leading south. There is an exit to the west. Don't worry, there is no door.","You are carrying: a banana, a block of cheese, a raw red potato, a red hot pepper and a raw purple potato.",1 of 15,0.06666666666666667,False,
52,,,"I need to gather the ingredients from the recipe that I don't have yet. I already have a banana, block of cheese, and raw red potato. I need to get a white onion and a red onion from the fridge. I will go to the fridge and take the white onion and red onion.",take white onion from fridge,,You're carrying too many things already.,Kitchen,"You find yourself in a kitchen. An ordinary kind of place. You begin to take stock of what's in the room.

You make out a fridge. The fridge contains a red onion, a white onion, a yellow bell pepper, an orange bell pepper and a raw pork chop. You see an oven. Is this it? Is this what you came to TextWorld to see? an oven? You can see a table. But the thing is empty. Were you looking for a counter? Because look over there, it's a counter. On the counter you make out a raw yellow potato, a red apple, a cookbook and a knife. You make out a stove. The stove is conventional. However, the stove, like an empty stove, has nothing on it.

There is a closed frosted-glass door leading east. There is a closed screen door leading south. There is an exit to the west. Don't worry, there is no door.","You are carrying: a banana, a block of cheese, a raw red potato, a red hot pepper and a raw purple potato.",1 of 15,0.06666666666666667,False,
53,,,"I am carrying too many items, so I should drop some to free up space. Then, I will take the cookbook to check the recipe for cooking a delicious meal.",drop banana; drop block of cheese; drop raw red potato; drop raw purple potato; drop red hot pepper; take cookbook from counter,,You can't see any such thing.,Kitchen,"You find yourself in a kitchen. An ordinary kind of place. You begin to take stock of what's in the room.

You make out a fridge. The fridge contains a red onion, a white onion, a yellow bell pepper, an orange bell pepper and a raw pork chop. You see an oven. Is this it? Is this what you came to TextWorld to see? an oven? You can see a table. But the thing is empty. Were you looking for a counter? Because look over there, it's a counter. On the counter you make out a raw yellow potato, a red apple, a cookbook and a knife. You make out a stove. The stove is conventional. However, the stove, like an empty stove, has nothing on it.

There is a closed frosted-glass door leading east. There is a closed screen door leading south. There is an exit to the west. Don't worry, there is no door.","You are carrying: a banana, a block of cheese, a raw red potato, a red hot pepper and a raw purple potato.",1 of 15,0.06666666666666667,False,
54,,,I should examine the cookbook on the counter to check the recipe for a delicious meal.,examine cookbook,,"You open the copy of ""Cooking: A Modern Approach (3rd Ed.)"" and start reading:

Recipe #1
---------
Gather all following ingredients and follow the directions to prepare this tasty meal.

Ingredients:
red potato
  block of cheese
  banana
  white onion
  red onion

Directions:
chop the red potato
  fry the red potato
  chop the block of cheese
  roast the block of cheese
  slice the banana
  grill the banana
  chop the white onion
  grill the white onion
  dice the red onion
  fry the red onion
  prepare meal",Kitchen,"You find yourself in a kitchen. An ordinary kind of place. You begin to take stock of what's in the room.

You make out a fridge. The fridge contains a red onion, a white onion, a yellow bell pepper, an orange bell pepper and a raw pork chop. You see an oven. Is this it? Is this what you came to TextWorld to see? an oven? You can see a table. But the thing is empty. Were you looking for a counter? Because look over there, it's a counter. On the counter you make out a raw yellow potato, a red apple, a cookbook and a knife. You make out a stove. The stove is conventional. However, the stove, like an empty stove, has nothing on it.

There is a closed frosted-glass door leading east. There is a closed screen door leading south. There is an exit to the west. Don't worry, there is no door.","You are carrying: a banana, a block of cheese, a raw red potato, a red hot pepper and a raw purple potato.",1 of 15,0.06666666666666667,False,
55,,,"I need to gather the ingredients from the fridge and counter, then follow the recipe steps: chop and fry the red potato, chop and roast the block of cheese, slice and grill the banana, chop and grill the white onion, dice and fry the red onion, and finally prepare the meal.",take red onion from fridge,,You're carrying too many things already.,Kitchen,"You find yourself in a kitchen. An ordinary kind of place. You begin to take stock of what's in the room.

You make out a fridge. The fridge contains a red onion, a white onion, a yellow bell pepper, an orange bell pepper and a raw pork chop. You see an oven. Is this it? Is this what you came to TextWorld to see? an oven? You can see a table. But the thing is empty. Were you looking for a counter? Because look over there, it's a counter. On the counter you make out a raw yellow potato, a red apple, a cookbook and a knife. You make out a stove. The stove is conventional. However, the stove, like an empty stove, has nothing on it.

There is a closed frosted-glass door leading east. There is a closed screen door leading south. There is an exit to the west. Don't worry, there is no door.","You are carrying: a banana, a block of cheese, a raw red potato, a red hot pepper and a raw purple potato.",1 of 15,0.06666666666666667,False,
56,,,"I am carrying too many items, so I should drop some to free up space before taking the cookbook to check the recipe.",drop banana,,You drop the banana on the ground.,Kitchen,"You find yourself in a kitchen. An ordinary kind of place. You begin to take stock of what's in the room.

You make out a fridge. The fridge contains a red onion, a white onion, a yellow bell pepper, an orange bell pepper and a raw pork chop. You see an oven. Is this it? Is this what you came to TextWorld to see? an oven? You can see a table. But the thing is empty. Were you looking for a counter? Because look over there, it's a counter. On the counter you make out a raw yellow potato, a red apple, a cookbook and a knife. You make out a stove. The stove is conventional. However, the stove, like an empty stove, has nothing on it.

There is a closed frosted-glass door leading east. There is a closed screen door leading south. There is an exit to the west. Don't worry, there is no door.

There is a banana on the floor.","You are carrying: a block of cheese, a raw red potato, a red hot pepper and a raw purple potato.",1 of 15,0.06666666666666667,False,
57,,,I should examine the cookbook on the counter to find a recipe for a delicious meal.,examine cookbook,,"You open the copy of ""Cooking: A Modern Approach (3rd Ed.)"" and start reading:

Recipe #1
---------
Gather all following ingredients and follow the directions to prepare this tasty meal.

Ingredients:
red potato
  block of cheese
  banana
  white onion
  red onion

Directions:
chop the red potato
  fry the red potato
  chop the block of cheese
  roast the block of cheese
  slice the banana
  grill the banana
  chop the white onion
  grill the white onion
  dice the red onion
  fry the red onion
  prepare meal",Kitchen,"You find yourself in a kitchen. An ordinary kind of place. You begin to take stock of what's in the room.

You make out a fridge. The fridge contains a red onion, a white onion, a yellow bell pepper, an orange bell pepper and a raw pork chop. You see an oven. Is this it? Is this what you came to TextWorld to see? an oven? You can see a table. But the thing is empty. Were you looking for a counter? Because look over there, it's a counter. On the counter you make out a raw yellow potato, a red apple, a cookbook and a knife. You make out a stove. The stove is conventional. However, the stove, like an empty stove, has nothing on it.

There is a closed frosted-glass door leading east. There is a closed screen door leading south. There is an exit to the west. Don't worry, there is no door.

There is a banana on the floor.","You are carrying: a block of cheese, a raw red potato, a red hot pepper and a raw purple potato.",1 of 15,0.06666666666666667,False,
58,,,"I need to gather the ingredients from the kitchen and fridge: red potato, block of cheese, banana, white onion, and red onion. I already have the block of cheese and a raw red potato. I will take the banana from the floor and get the white onion and red onion from the fridge.",take banana from floor,,You pick up the banana from the ground.,Kitchen,"You find yourself in a kitchen. An ordinary kind of place. You begin to take stock of what's in the room.

You make out a fridge. The fridge contains a red onion, a white onion, a yellow bell pepper, an orange bell pepper and a raw pork chop. You see an oven. Is this it? Is this what you came to TextWorld to see? an oven? You can see a table. But the thing is empty. Were you looking for a counter? Because look over there, it's a counter. On the counter you make out a raw yellow potato, a red apple, a cookbook and a knife. You make out a stove. The stove is conventional. However, the stove, like an empty stove, has nothing on it.

There is a closed frosted-glass door leading east. There is a closed screen door leading south. There is an exit to the west. Don't worry, there is no door.","You are carrying: a banana, a block of cheese, a raw red potato, a red hot pepper and a raw purple potato.",1 of 15,0.06666666666666667,False,
59,,,I should examine the cookbook on the counter to find a recipe for a delicious meal.,examine cookbook,,"You open the copy of ""Cooking: A Modern Approach (3rd Ed.)"" and start reading:

Recipe #1
---------
Gather all following ingredients and follow the directions to prepare this tasty meal.

Ingredients:
red potato
  block of cheese
  banana
  white onion
  red onion

Directions:
chop the red potato
  fry the red potato
  chop the block of cheese
  roast the block of cheese
  slice the banana
  grill the banana
  chop the white onion
  grill the white onion
  dice the red onion
  fry the red onion
  prepare meal",Kitchen,"You find yourself in a kitchen. An ordinary kind of place. You begin to take stock of what's in the room.

You make out a fridge. The fridge contains a red onion, a white onion, a yellow bell pepper, an orange bell pepper and a raw pork chop. You see an oven. Is this it? Is this what you came to TextWorld to see? an oven? You can see a table. But the thing is empty. Were you looking for a counter? Because look over there, it's a counter. On the counter you make out a raw yellow potato, a red apple, a cookbook and a knife. You make out a stove. The stove is conventional. However, the stove, like an empty stove, has nothing on it.

There is a closed frosted-glass door leading east. There is a closed screen door leading south. There is an exit to the west. Don't worry, there is no door.","You are carrying: a banana, a block of cheese, a raw red potato, a red hot pepper and a raw purple potato.",1 of 15,0.06666666666666667,False,
60,,,"I need to gather the ingredients from the fridge and counter first, then follow the recipe steps. I will take the red onion and white onion from the fridge, and the red potato from my inventory. I will also take the knife to chop and prepare the ingredients.",take red onion from fridge,,You're carrying too many things already.,Kitchen,"You find yourself in a kitchen. An ordinary kind of place. You begin to take stock of what's in the room.

You make out a fridge. The fridge contains a red onion, a white onion, a yellow bell pepper, an orange bell pepper and a raw pork chop. You see an oven. Is this it? Is this what you came to TextWorld to see? an oven? You can see a table. But the thing is empty. Were you looking for a counter? Because look over there, it's a counter. On the counter you make out a raw yellow potato, a red apple, a cookbook and a knife. You make out a stove. The stove is conventional. However, the stove, like an empty stove, has nothing on it.

There is a closed frosted-glass door leading east. There is a closed screen door leading south. There is an exit to the west. Don't worry, there is no door.","You are carrying: a banana, a block of cheese, a raw red potato, a red hot pepper and a raw purple potato.",1 of 15,0.06666666666666667,False,
61,,,"I am carrying too many items, so I should drop some to free up space before taking the cookbook to check the recipe.",drop banana,,You drop the banana on the ground.,Kitchen,"You find yourself in a kitchen. An ordinary kind of place. You begin to take stock of what's in the room.

You make out a fridge. The fridge contains a red onion, a white onion, a yellow bell pepper, an orange bell pepper and a raw pork chop. You see an oven. Is this it? Is this what you came to TextWorld to see? an oven? You can see a table. But the thing is empty. Were you looking for a counter? Because look over there, it's a counter. On the counter you make out a raw yellow potato, a red apple, a cookbook and a knife. You make out a stove. The stove is conventional. However, the stove, like an empty stove, has nothing on it.

There is a closed frosted-glass door leading east. There is a closed screen door leading south. There is an exit to the west. Don't worry, there is no door.

There is a banana on the floor.","You are carrying: a block of cheese, a raw red potato, a red hot pepper and a raw purple potato.",1 of 15,0.06666666666666667,False,
62,,,I should examine the cookbook on the counter to find a recipe for a delicious meal.,examine cookbook,,"You open the copy of ""Cooking: A Modern Approach (3rd Ed.)"" and start reading:

Recipe #1
---------
Gather all following ingredients and follow the directions to prepare this tasty meal.

Ingredients:
red potato
  block of cheese
  banana
  white onion
  red onion

Directions:
chop the red potato
  fry the red potato
  chop the block of cheese
  roast the block of cheese
  slice the banana
  grill the banana
  chop the white onion
  grill the white onion
  dice the red onion
  fry the red onion
  prepare meal",Kitchen,"You find yourself in a kitchen. An ordinary kind of place. You begin to take stock of what's in the room.

You make out a fridge. The fridge contains a red onion, a white onion, a yellow bell pepper, an orange bell pepper and a raw pork chop. You see an oven. Is this it? Is this what you came to TextWorld to see? an oven? You can see a table. But the thing is empty. Were you looking for a counter? Because look over there, it's a counter. On the counter you make out a raw yellow potato, a red apple, a cookbook and a knife. You make out a stove. The stove is conventional. However, the stove, like an empty stove, has nothing on it.

There is a closed frosted-glass door leading east. There is a closed screen door leading south. There is an exit to the west. Don't worry, there is no door.

There is a banana on the floor.","You are carrying: a block of cheese, a raw red potato, a red hot pepper and a raw purple potato.",1 of 15,0.06666666666666667,False,
63,,,"I need to gather the ingredients from the kitchen and fridge according to the recipe: red potato, block of cheese, banana, white onion, and red onion. I already have a block of cheese and a raw red potato. I should take the banana from the floor and take the white onion and red onion from the fridge.",take banana from floor,,You pick up the banana from the ground.,Kitchen,"You find yourself in a kitchen. An ordinary kind of place. You begin to take stock of what's in the room.

You make out a fridge. The fridge contains a red onion, a white onion, a yellow bell pepper, an orange bell pepper and a raw pork chop. You see an oven. Is this it? Is this what you came to TextWorld to see? an oven? You can see a table. But the thing is empty. Were you looking for a counter? Because look over there, it's a counter. On the counter you make out a raw yellow potato, a red apple, a cookbook and a knife. You make out a stove. The stove is conventional. However, the stove, like an empty stove, has nothing on it.

There is a closed frosted-glass door leading east. There is a closed screen door leading south. There is an exit to the west. Don't worry, there is no door.","You are carrying: a banana, a block of cheese, a raw red potato, a red hot pepper and a raw purple potato.",1 of 15,0.06666666666666667,False,
64,,,I should examine the cookbook on the counter to find a recipe for a delicious meal.,examine cookbook,,"You open the copy of ""Cooking: A Modern Approach (3rd Ed.)"" and start reading:

Recipe #1
---------
Gather all following ingredients and follow the directions to prepare this tasty meal.

Ingredients:
red potato
  block of cheese
  banana
  white onion
  red onion

Directions:
chop the red potato
  fry the red potato
  chop the block of cheese
  roast the block of cheese
  slice the banana
  grill the banana
  chop the white onion
  grill the white onion
  dice the red onion
  fry the red onion
  prepare meal",Kitchen,"You find yourself in a kitchen. An ordinary kind of place. You begin to take stock of what's in the room.

You make out a fridge. The fridge contains a red onion, a white onion, a yellow bell pepper, an orange bell pepper and a raw pork chop. You see an oven. Is this it? Is this what you came to TextWorld to see? an oven? You can see a table. But the thing is empty. Were you looking for a counter? Because look over there, it's a counter. On the counter you make out a raw yellow potato, a red apple, a cookbook and a knife. You make out a stove. The stove is conventional. However, the stove, like an empty stove, has nothing on it.

There is a closed frosted-glass door leading east. There is a closed screen door leading south. There is an exit to the west. Don't worry, there is no door.","You are carrying: a banana, a block of cheese, a raw red potato, a red hot pepper and a raw purple potato.",1 of 15,0.06666666666666667,False,
65,,,"I need to gather the ingredients from the recipe. I already have a banana, block of cheese, and raw red potato. I need to get the white onion and red onion from the fridge.",take white onion from fridge,,You're carrying too many things already.,Kitchen,"You find yourself in a kitchen. An ordinary kind of place. You begin to take stock of what's in the room.

You make out a fridge. The fridge contains a red onion, a white onion, a yellow bell pepper, an orange bell pepper and a raw pork chop. You see an oven. Is this it? Is this what you came to TextWorld to see? an oven? You can see a table. But the thing is empty. Were you looking for a counter? Because look over there, it's a counter. On the counter you make out a raw yellow potato, a red apple, a cookbook and a knife. You make out a stove. The stove is conventional. However, the stove, like an empty stove, has nothing on it.

There is a closed frosted-glass door leading east. There is a closed screen door leading south. There is an exit to the west. Don't worry, there is no door.","You are carrying: a banana, a block of cheese, a raw red potato, a red hot pepper and a raw purple potato.",1 of 15,0.06666666666666667,False,
66,,,"I am carrying too many items, so I should drop some to free up space before taking the cookbook to check the recipe.",drop banana,,You drop the banana on the ground.,Kitchen,"You find yourself in a kitchen. An ordinary kind of place. You begin to take stock of what's in the room.

You make out a fridge. The fridge contains a red onion, a white onion, a yellow bell pepper, an orange bell pepper and a raw pork chop. You see an oven. Is this it? Is this what you came to TextWorld to see? an oven? You can see a table. But the thing is empty. Were you looking for a counter? Because look over there, it's a counter. On the counter you make out a raw yellow potato, a red apple, a cookbook and a knife. You make out a stove. The stove is conventional. However, the stove, like an empty stove, has nothing on it.

There is a closed frosted-glass door leading east. There is a closed screen door leading south. There is an exit to the west. Don't worry, there is no door.

There is a banana on the floor.","You are carrying: a block of cheese, a raw red potato, a red hot pepper and a raw purple potato.",1 of 15,0.06666666666666667,False,
67,,,I should examine the cookbook on the counter to find a recipe for a delicious meal.,examine cookbook,,"You open the copy of ""Cooking: A Modern Approach (3rd Ed.)"" and start reading:

Recipe #1
---------
Gather all following ingredients and follow the directions to prepare this tasty meal.

Ingredients:
red potato
  block of cheese
  banana
  white onion
  red onion

Directions:
chop the red potato
  fry the red potato
  chop the block of cheese
  roast the block of cheese
  slice the banana
  grill the banana
  chop the white onion
  grill the white onion
  dice the red onion
  fry the red onion
  prepare meal",Kitchen,"You find yourself in a kitchen. An ordinary kind of place. You begin to take stock of what's in the room.

You make out a fridge. The fridge contains a red onion, a white onion, a yellow bell pepper, an orange bell pepper and a raw pork chop. You see an oven. Is this it? Is this what you came to TextWorld to see? an oven? You can see a table. But the thing is empty. Were you looking for a counter? Because look over there, it's a counter. On the counter you make out a raw yellow potato, a red apple, a cookbook and a knife. You make out a stove. The stove is conventional. However, the stove, like an empty stove, has nothing on it.

There is a closed frosted-glass door leading east. There is a closed screen door leading south. There is an exit to the west. Don't worry, there is no door.

There is a banana on the floor.","You are carrying: a block of cheese, a raw red potato, a red hot pepper and a raw purple potato.",1 of 15,0.06666666666666667,False,
68,,,"I need to gather the ingredients from the recipe: red potato, block of cheese, banana, white onion, and red onion. I already have a block of cheese and a raw red potato in my inventory, and there is a banana on the floor. I should take the banana and then get the white onion and red onion from the fridge.",take banana from floor,,You pick up the banana from the ground.,Kitchen,"You find yourself in a kitchen. An ordinary kind of place. You begin to take stock of what's in the room.

You make out a fridge. The fridge contains a red onion, a white onion, a yellow bell pepper, an orange bell pepper and a raw pork chop. You see an oven. Is this it? Is this what you came to TextWorld to see? an oven? You can see a table. But the thing is empty. Were you looking for a counter? Because look over there, it's a counter. On the counter you make out a raw yellow potato, a red apple, a cookbook and a knife. You make out a stove. The stove is conventional. However, the stove, like an empty stove, has nothing on it.

There is a closed frosted-glass door leading east. There is a closed screen door leading south. There is an exit to the west. Don't worry, there is no door.","You are carrying: a banana, a block of cheese, a raw red potato, a red hot pepper and a raw purple potato.",1 of 15,0.06666666666666667,False,
69,,,I should examine the cookbook on the counter to find a recipe for a delicious meal.,examine cookbook,,"You open the copy of ""Cooking: A Modern Approach (3rd Ed.)"" and start reading:

Recipe #1
---------
Gather all following ingredients and follow the directions to prepare this tasty meal.

Ingredients:
red potato
  block of cheese
  banana
  white onion
  red onion

Directions:
chop the red potato
  fry the red potato
  chop the block of cheese
  roast the block of cheese
  slice the banana
  grill the banana
  chop the white onion
  grill the white onion
  dice the red onion
  fry the red onion
  prepare meal",Kitchen,"You find yourself in a kitchen. An ordinary kind of place. You begin to take stock of what's in the room.

You make out a fridge. The fridge contains a red onion, a white onion, a yellow bell pepper, an orange bell pepper and a raw pork chop. You see an oven. Is this it? Is this what you came to TextWorld to see? an oven? You can see a table. But the thing is empty. Were you looking for a counter? Because look over there, it's a counter. On the counter you make out a raw yellow potato, a red apple, a cookbook and a knife. You make out a stove. The stove is conventional. However, the stove, like an empty stove, has nothing on it.

There is a closed frosted-glass door leading east. There is a closed screen door leading south. There is an exit to the west. Don't worry, there is no door.","You are carrying: a banana, a block of cheese, a raw red potato, a red hot pepper and a raw purple potato.",1 of 15,0.06666666666666667,False,
70,,,"I need to gather the ingredients from the fridge and counter that match the recipe: red potato, block of cheese, banana, white onion, and red onion. I already have a banana, block of cheese, and raw red potato. I should take the red onion and white onion from the fridge and the red potato from the counter if needed.",take red onion from fridge,,You're carrying too many things already.,Kitchen,"You find yourself in a kitchen. An ordinary kind of place. You begin to take stock of what's in the room.

You make out a fridge. The fridge contains a red onion, a white onion, a yellow bell pepper, an orange bell pepper and a raw pork chop. You see an oven. Is this it? Is this what you came to TextWorld to see? an oven? You can see a table. But the thing is empty. Were you looking for a counter? Because look over there, it's a counter. On the counter you make out a raw yellow potato, a red apple, a cookbook and a knife. You make out a stove. The stove is conventional. However, the stove, like an empty stove, has nothing on it.

There is a closed frosted-glass door leading east. There is a closed screen door leading south. There is an exit to the west. Don't worry, there is no door.","You are carrying: a banana, a block of cheese, a raw red potato, a red hot pepper and a raw purple potato.",1 of 15,0.06666666666666667,False,
71,,,"I am carrying too many items, so I should drop some to free up space before taking the cookbook to check the recipe.",drop banana,,You drop the banana on the ground.,Kitchen,"You find yourself in a kitchen. An ordinary kind of place. You begin to take stock of what's in the room.

You make out a fridge. The fridge contains a red onion, a white onion, a yellow bell pepper, an orange bell pepper and a raw pork chop. You see an oven. Is this it? Is this what you came to TextWorld to see? an oven? You can see a table. But the thing is empty. Were you looking for a counter? Because look over there, it's a counter. On the counter you make out a raw yellow potato, a red apple, a cookbook and a knife. You make out a stove. The stove is conventional. However, the stove, like an empty stove, has nothing on it.

There is a closed frosted-glass door leading east. There is a closed screen door leading south. There is an exit to the west. Don't worry, there is no door.

There is a banana on the floor.","You are carrying: a block of cheese, a raw red potato, a red hot pepper and a raw purple potato.",1 of 15,0.06666666666666667,False,
72,,,I should examine the cookbook on the counter to find a recipe for a delicious meal.,examine cookbook,,"You open the copy of ""Cooking: A Modern Approach (3rd Ed.)"" and start reading:

Recipe #1
---------
Gather all following ingredients and follow the directions to prepare this tasty meal.

Ingredients:
red potato
  block of cheese
  banana
  white onion
  red onion

Directions:
chop the red potato
  fry the red potato
  chop the block of cheese
  roast the block of cheese
  slice the banana
  grill the banana
  chop the white onion
  grill the white onion
  dice the red onion
  fry the red onion
  prepare meal",Kitchen,"You find yourself in a kitchen. An ordinary kind of place. You begin to take stock of what's in the room.

You make out a fridge. The fridge contains a red onion, a white onion, a yellow bell pepper, an orange bell pepper and a raw pork chop. You see an oven. Is this it? Is this what you came to TextWorld to see? an oven? You can see a table. But the thing is empty. Were you looking for a counter? Because look over there, it's a counter. On the counter you make out a raw yellow potato, a red apple, a cookbook and a knife. You make out a stove. The stove is conventional. However, the stove, like an empty stove, has nothing on it.

There is a closed frosted-glass door leading east. There is a closed screen door leading south. There is an exit to the west. Don't worry, there is no door.

There is a banana on the floor.","You are carrying: a block of cheese, a raw red potato, a red hot pepper and a raw purple potato.",1 of 15,0.06666666666666667,False,
73,,,"I need to gather all the ingredients from the recipe: red potato, block of cheese, banana, white onion, and red onion. I already have a block of cheese and a raw red potato. I should take the banana from the floor and the white onion and red onion from the fridge.",take banana from floor,,You pick up the banana from the ground.,Kitchen,"You find yourself in a kitchen. An ordinary kind of place. You begin to take stock of what's in the room.

You make out a fridge. The fridge contains a red onion, a white onion, a yellow bell pepper, an orange bell pepper and a raw pork chop. You see an oven. Is this it? Is this what you came to TextWorld to see? an oven? You can see a table. But the thing is empty. Were you looking for a counter? Because look over there, it's a counter. On the counter you make out a raw yellow potato, a red apple, a cookbook and a knife. You make out a stove. The stove is conventional. However, the stove, like an empty stove, has nothing on it.

There is a closed frosted-glass door leading east. There is a closed screen door leading south. There is an exit to the west. Don't worry, there is no door.","You are carrying: a banana, a block of cheese, a raw red potato, a red hot pepper and a raw purple potato.",1 of 15,0.06666666666666667,False,
74,,,I should examine the cookbook on the counter to find a recipe for a delicious meal.,examine cookbook,,"You open the copy of ""Cooking: A Modern Approach (3rd Ed.)"" and start reading:

Recipe #1
---------
Gather all following ingredients and follow the directions to prepare this tasty meal.

Ingredients:
red potato
  block of cheese
  banana
  white onion
  red onion

Directions:
chop the red potato
  fry the red potato
  chop the block of cheese
  roast the block of cheese
  slice the banana
  grill the banana
  chop the white onion
  grill the white onion
  dice the red onion
  fry the red onion
  prepare meal",Kitchen,"You find yourself in a kitchen. An ordinary kind of place. You begin to take stock of what's in the room.

You make out a fridge. The fridge contains a red onion, a white onion, a yellow bell pepper, an orange bell pepper and a raw pork chop. You see an oven. Is this it? Is this what you came to TextWorld to see? an oven? You can see a table. But the thing is empty. Were you looking for a counter? Because look over there, it's a counter. On the counter you make out a raw yellow potato, a red apple, a cookbook and a knife. You make out a stove. The stove is conventional. However, the stove, like an empty stove, has nothing on it.

There is a closed frosted-glass door leading east. There is a closed screen door leading south. There is an exit to the west. Don't worry, there is no door.","You are carrying: a banana, a block of cheese, a raw red potato, a red hot pepper and a raw purple potato.",1 of 15,0.06666666666666667,False,
75,,,"I need to gather the ingredients from the recipe that I don't have yet. I already have a banana, block of cheese, and raw red potato. I need to get a white onion and a red onion from the fridge.",take white onion from fridge,,You're carrying too many things already.,Kitchen,"You find yourself in a kitchen. An ordinary kind of place. You begin to take stock of what's in the room.

You make out a fridge. The fridge contains a red onion, a white onion, a yellow bell pepper, an orange bell pepper and a raw pork chop. You see an oven. Is this it? Is this what you came to TextWorld to see? an oven? You can see a table. But the thing is empty. Were you looking for a counter? Because look over there, it's a counter. On the counter you make out a raw yellow potato, a red apple, a cookbook and a knife. You make out a stove. The stove is conventional. However, the stove, like an empty stove, has nothing on it.

There is a closed frosted-glass door leading east. There is a closed screen door leading south. There is an exit to the west. Don't worry, there is no door.","You are carrying: a banana, a block of cheese, a raw red potato, a red hot pepper and a raw purple potato.",1 of 15,0.06666666666666667,True,
