step_id,plan,summary,thought,action,task,feedback,location,description,inventory,score,reward,is_done,error
0,,,,,"You are hungry! Let's cook a delicious meal. Check the cookbook in the kitchen for the recipe. Once done, enjoy your meal!",,Garden,"You arrive in a garden. A typical kind of place.



There is an exit to the east. Don't worry, there is no door.

There is a banana and a raw red potato on the floor.",You are carrying: a raw purple potato and a raw yellow potato.,0 of 16,0.0,False,
1,,,I should go east to find the kitchen where the cookbook might be.,go east,,"You find yourself in a backyard. A standard one.

You make out a patio table. Unfortunately, there isn't a thing on it. It would have been so cool if there was stuff on the patio table. You can see a patio chair. The patio chair is stylish. Unfortunately, there isn't a thing on it. What, you think everything in TextWorld should have stuff on it? A closed BBQ is in the room.

There is a closed screen door leading east. There is a closed barn door leading north. There is an exit to the west. Don't worry, there is no door.",Backyard,"You find yourself in a backyard. A standard one.

You make out a patio table. Unfortunately, there isn't a thing on it. It would have been so cool if there was stuff on the patio table. You can see a patio chair. The patio chair is stylish. Unfortunately, there isn't a thing on it. What, you think everything in TextWorld should have stuff on it? A closed BBQ is in the room.

There is a closed screen door leading east. There is a closed barn door leading north. There is an exit to the west. Don't worry, there is no door.",You are carrying: a raw purple potato and a raw yellow potato.,0 of 16,0.0,False,
2,,,I should go east through the screen door to check if the kitchen is there and find the cookbook for the recipe.,open screen door,,You open screen door.,Backyard,"You find yourself in a backyard. A standard one.

You make out a patio table. Unfortunately, there isn't a thing on it. It would have been so cool if there was stuff on the patio table. You can see a patio chair. The patio chair is stylish. Unfortunately, there isn't a thing on it. What, you think everything in TextWorld should have stuff on it? A closed BBQ is in the room.

There is an open screen door leading east. There is a closed barn door leading north. There is an exit to the west. Don't worry, there is no door.",You are carrying: a raw purple potato and a raw yellow potato.,0 of 16,0.0,False,
3,,,I should go west to enter the kitchen and check the cookbook for the recipe.,go west,,"You arrive in a garden. A typical kind of place.



There is an exit to the east. Don't worry, there is no door.

There is a banana and a raw red potato on the floor.",Garden,"You arrive in a garden. A typical kind of place.



There is an exit to the east. Don't worry, there is no door.

There is a banana and a raw red potato on the floor.",You are carrying: a raw purple potato and a raw yellow potato.,0 of 16,0.0,False,
4,,,I should go east to find the kitchen where the cookbook might be.,go east,,"You find yourself in a backyard. A standard one.

You make out a patio table. Unfortunately, there isn't a thing on it. It would have been so cool if there was stuff on the patio table. You can see a patio chair. The patio chair is stylish. Unfortunately, there isn't a thing on it. What, you think everything in TextWorld should have stuff on it? A closed BBQ is in the room.

There is an open screen door leading east. There is a closed barn door leading north. There is an exit to the west. Don't worry, there is no door.",Backyard,"You find yourself in a backyard. A standard one.

You make out a patio table. Unfortunately, there isn't a thing on it. It would have been so cool if there was stuff on the patio table. You can see a patio chair. The patio chair is stylish. Unfortunately, there isn't a thing on it. What, you think everything in TextWorld should have stuff on it? A closed BBQ is in the room.

There is an open screen door leading east. There is a closed barn door leading north. There is an exit to the west. Don't worry, there is no door.",You are carrying: a raw purple potato and a raw yellow potato.,0 of 16,0.0,False,
5,,,I should open the BBQ to see if I can cook the potatoes there.,open BBQ,,You open the BBQ.,Backyard,"You find yourself in a backyard. A standard one.

You make out a patio table. Unfortunately, there isn't a thing on it. It would have been so cool if there was stuff on the patio table. You can see a patio chair. The patio chair is stylish. Unfortunately, there isn't a thing on it. What, you think everything in TextWorld should have stuff on it? An open BBQ is in the room. Empty! What kind of nightmare TextWorld is this?

There is an open screen door leading east. There is a closed barn door leading north. There is an exit to the west. Don't worry, there is no door.",You are carrying: a raw purple potato and a raw yellow potato.,0 of 16,0.0,False,
6,,,I should go back inside to the kitchen to check the cookbook for a recipe.,go west,,"You arrive in a garden. A typical kind of place.



There is an exit to the east. Don't worry, there is no door.

There is a banana and a raw red potato on the floor.",Garden,"You arrive in a garden. A typical kind of place.



There is an exit to the east. Don't worry, there is no door.

There is a banana and a raw red potato on the floor.",You are carrying: a raw purple potato and a raw yellow potato.,0 of 16,0.0,False,
7,,,I should go east to find the kitchen where the cookbook might be.,go east,,"You find yourself in a backyard. A standard one.

You make out a patio table. Unfortunately, there isn't a thing on it. It would have been so cool if there was stuff on the patio table. You can see a patio chair. The patio chair is stylish. Unfortunately, there isn't a thing on it. What, you think everything in TextWorld should have stuff on it? An open BBQ is in the room. Empty! What kind of nightmare TextWorld is this?

There is an open screen door leading east. There is a closed barn door leading north. There is an exit to the west. Don't worry, there is no door.",Backyard,"You find yourself in a backyard. A standard one.

You make out a patio table. Unfortunately, there isn't a thing on it. It would have been so cool if there was stuff on the patio table. You can see a patio chair. The patio chair is stylish. Unfortunately, there isn't a thing on it. What, you think everything in TextWorld should have stuff on it? An open BBQ is in the room. Empty! What kind of nightmare TextWorld is this?

There is an open screen door leading east. There is a closed barn door leading north. There is an exit to the west. Don't worry, there is no door.",You are carrying: a raw purple potato and a raw yellow potato.,0 of 16,0.0,False,
8,,,I should go east through the open screen door to check the kitchen for the cookbook and cooking tools.,go east,,"You are in a corridor. An ordinary kind of place. You try to gain information on your surroundings by using a technique you call ""looking.""



There is an open screen door leading west. You need an exit without a door? You should try going east. You need an exit without a door? You should try going north. There is an exit to the south.",Corridor,"You are in a corridor. An ordinary kind of place. You try to gain information on your surroundings by using a technique you call ""looking.""



There is an open screen door leading west. You need an exit without a door? You should try going east. You need an exit without a door? You should try going north. There is an exit to the south.",You are carrying: a raw purple potato and a raw yellow potato.,0 of 16,0.0,False,
9,,,I should go west through the open screen door to find the kitchen where the cookbook might be.,go west,,"You find yourself in a backyard. A standard one.

You make out a patio table. Unfortunately, there isn't a thing on it. It would have been so cool if there was stuff on the patio table. You can see a patio chair. The patio chair is stylish. Unfortunately, there isn't a thing on it. What, you think everything in TextWorld should have stuff on it? An open BBQ is in the room. Empty! What kind of nightmare TextWorld is this?

There is an open screen door leading east. There is a closed barn door leading north. There is an exit to the west. Don't worry, there is no door.",Backyard,"You find yourself in a backyard. A standard one.

You make out a patio table. Unfortunately, there isn't a thing on it. It would have been so cool if there was stuff on the patio table. You can see a patio chair. The patio chair is stylish. Unfortunately, there isn't a thing on it. What, you think everything in TextWorld should have stuff on it? An open BBQ is in the room. Empty! What kind of nightmare TextWorld is this?

There is an open screen door leading east. There is a closed barn door leading north. There is an exit to the west. Don't worry, there is no door.",You are carrying: a raw purple potato and a raw yellow potato.,0 of 16,0.0,False,
10,,,I should go east through the open screen door to check the kitchen for the cookbook and cooking tools.,go east,,"You are in a corridor. An ordinary kind of place. You try to gain information on your surroundings by using a technique you call ""looking.""



There is an open screen door leading west. You need an exit without a door? You should try going east. You need an exit without a door? You should try going north. There is an exit to the south.",Corridor,"You are in a corridor. An ordinary kind of place. You try to gain information on your surroundings by using a technique you call ""looking.""



There is an open screen door leading west. You need an exit without a door? You should try going east. You need an exit without a door? You should try going north. There is an exit to the south.",You are carrying: a raw purple potato and a raw yellow potato.,0 of 16,0.0,False,
11,,,I should go west through the open screen door to reach the kitchen where the cookbook is likely located.,go west,,"You find yourself in a backyard. A standard one.

You make out a patio table. Unfortunately, there isn't a thing on it. It would have been so cool if there was stuff on the patio table. You can see a patio chair. The patio chair is stylish. Unfortunately, there isn't a thing on it. What, you think everything in TextWorld should have stuff on it? An open BBQ is in the room. Empty! What kind of nightmare TextWorld is this?

There is an open screen door leading east. There is a closed barn door leading north. There is an exit to the west. Don't worry, there is no door.",Backyard,"You find yourself in a backyard. A standard one.

You make out a patio table. Unfortunately, there isn't a thing on it. It would have been so cool if there was stuff on the patio table. You can see a patio chair. The patio chair is stylish. Unfortunately, there isn't a thing on it. What, you think everything in TextWorld should have stuff on it? An open BBQ is in the room. Empty! What kind of nightmare TextWorld is this?

There is an open screen door leading east. There is a closed barn door leading north. There is an exit to the west. Don't worry, there is no door.",You are carrying: a raw purple potato and a raw yellow potato.,0 of 16,0.0,False,
12,,,I should go east through the open screen door to check the kitchen for the cookbook and cooking tools.,go east,,"You are in a corridor. An ordinary kind of place. You try to gain information on your surroundings by using a technique you call ""looking.""



There is an open screen door leading west. You need an exit without a door? You should try going east. You need an exit without a door? You should try going north. There is an exit to the south.",Corridor,"You are in a corridor. An ordinary kind of place. You try to gain information on your surroundings by using a technique you call ""looking.""



There is an open screen door leading west. You need an exit without a door? You should try going east. You need an exit without a door? You should try going north. There is an exit to the south.",You are carrying: a raw purple potato and a raw yellow potato.,0 of 16,0.0,False,
13,,,I should go west through the open screen door to find the kitchen where the cookbook might be.,go west,,"You find yourself in a backyard. A standard one.

You make out a patio table. Unfortunately, there isn't a thing on it. It would have been so cool if there was stuff on the patio table. You can see a patio chair. The patio chair is stylish. Unfortunately, there isn't a thing on it. What, you think everything in TextWorld should have stuff on it? An open BBQ is in the room. Empty! What kind of nightmare TextWorld is this?

There is an open screen door leading east. There is a closed barn door leading north. There is an exit to the west. Don't worry, there is no door.",Backyard,"You find yourself in a backyard. A standard one.

You make out a patio table. Unfortunately, there isn't a thing on it. It would have been so cool if there was stuff on the patio table. You can see a patio chair. The patio chair is stylish. Unfortunately, there isn't a thing on it. What, you think everything in TextWorld should have stuff on it? An open BBQ is in the room. Empty! What kind of nightmare TextWorld is this?

There is an open screen door leading east. There is a closed barn door leading north. There is an exit to the west. Don't worry, there is no door.",You are carrying: a raw purple potato and a raw yellow potato.,0 of 16,0.0,False,
14,,,I should go east through the open screen door to check the kitchen for the cookbook and cooking tools.,go east,,"You are in a corridor. An ordinary kind of place. You try to gain information on your surroundings by using a technique you call ""looking.""



There is an open screen door leading west. You need an exit without a door? You should try going east. You need an exit without a door? You should try going north. There is an exit to the south.",Corridor,"You are in a corridor. An ordinary kind of place. You try to gain information on your surroundings by using a technique you call ""looking.""



There is an open screen door leading west. You need an exit without a door? You should try going east. You need an exit without a door? You should try going north. There is an exit to the south.",You are carrying: a raw purple potato and a raw yellow potato.,0 of 16,0.0,False,
15,,,I should go west through the open screen door to find the kitchen and check the cookbook for the recipe.,go west,,"You find yourself in a backyard. A standard one.

You make out a patio table. Unfortunately, there isn't a thing on it. It would have been so cool if there was stuff on the patio table. You can see a patio chair. The patio chair is stylish. Unfortunately, there isn't a thing on it. What, you think everything in TextWorld should have stuff on it? An open BBQ is in the room. Empty! What kind of nightmare TextWorld is this?

There is an open screen door leading east. There is a closed barn door leading north. There is an exit to the west. Don't worry, there is no door.",Backyard,"You find yourself in a backyard. A standard one.

You make out a patio table. Unfortunately, there isn't a thing on it. It would have been so cool if there was stuff on the patio table. You can see a patio chair. The patio chair is stylish. Unfortunately, there isn't a thing on it. What, you think everything in TextWorld should have stuff on it? An open BBQ is in the room. Empty! What kind of nightmare TextWorld is this?

There is an open screen door leading east. There is a closed barn door leading north. There is an exit to the west. Don't worry, there is no door.",You are carrying: a raw purple potato and a raw yellow potato.,0 of 16,0.0,False,
16,,,I should go east through the open screen door to check the kitchen for the cookbook and recipe.,go east,,"You are in a corridor. An ordinary kind of place. You try to gain information on your surroundings by using a technique you call ""looking.""



There is an open screen door leading west. You need an exit without a door? You should try going east. You need an exit without a door? You should try going north. There is an exit to the south.",Corridor,"You are in a corridor. An ordinary kind of place. You try to gain information on your surroundings by using a technique you call ""looking.""



There is an open screen door leading west. You need an exit without a door? You should try going east. You need an exit without a door? You should try going north. There is an exit to the south.",You are carrying: a raw purple potato and a raw yellow potato.,0 of 16,0.0,False,
17,,,I should go east to find the kitchen where the cookbook might be.,go east,,"You are in a bedroom. An ordinary kind of place. You decide to start listing off everything you see in the room, as if you were in a text adventure.

Oh wow! Is that what I think it is? It is! It's a bed. The bed is large. But oh no! there's nothing on this piece of trash.

There is an exit to the south. You don't like doors? Why not try going west, that entranceway is not blocked by one.",Bedroom,"You are in a bedroom. An ordinary kind of place. You decide to start listing off everything you see in the room, as if you were in a text adventure.

Oh wow! Is that what I think it is? It is! It's a bed. The bed is large. But oh no! there's nothing on this piece of trash.

There is an exit to the south. You don't like doors? Why not try going west, that entranceway is not blocked by one.",You are carrying: a raw purple potato and a raw yellow potato.,0 of 16,0.0,False,
18,,,I should go west to explore more rooms and find the kitchen where the cookbook might be.,go west,,"You are in a corridor. An ordinary kind of place. You try to gain information on your surroundings by using a technique you call ""looking.""



There is an open screen door leading west. You need an exit without a door? You should try going east. You need an exit without a door? You should try going north. There is an exit to the south.",Corridor,"You are in a corridor. An ordinary kind of place. You try to gain information on your surroundings by using a technique you call ""looking.""



There is an open screen door leading west. You need an exit without a door? You should try going east. You need an exit without a door? You should try going north. There is an exit to the south.",You are carrying: a raw purple potato and a raw yellow potato.,0 of 16,0.0,False,
19,,,I should go west through the open screen door to find the kitchen and check the cookbook for the recipe.,go west,,"You find yourself in a backyard. A standard one.

You make out a patio table. Unfortunately, there isn't a thing on it. It would have been so cool if there was stuff on the patio table. You can see a patio chair. The patio chair is stylish. Unfortunately, there isn't a thing on it. What, you think everything in TextWorld should have stuff on it? An open BBQ is in the room. Empty! What kind of nightmare TextWorld is this?

There is an open screen door leading east. There is a closed barn door leading north. There is an exit to the west. Don't worry, there is no door.",Backyard,"You find yourself in a backyard. A standard one.

You make out a patio table. Unfortunately, there isn't a thing on it. It would have been so cool if there was stuff on the patio table. You can see a patio chair. The patio chair is stylish. Unfortunately, there isn't a thing on it. What, you think everything in TextWorld should have stuff on it? An open BBQ is in the room. Empty! What kind of nightmare TextWorld is this?

There is an open screen door leading east. There is a closed barn door leading north. There is an exit to the west. Don't worry, there is no door.",You are carrying: a raw purple potato and a raw yellow potato.,0 of 16,0.0,False,
20,,,I should go east through the open screen door to check the kitchen for the cookbook and cooking tools.,go east,,"You are in a corridor. An ordinary kind of place. You try to gain information on your surroundings by using a technique you call ""looking.""



There is an open screen door leading west. You need an exit without a door? You should try going east. You need an exit without a door? You should try going north. There is an exit to the south.",Corridor,"You are in a corridor. An ordinary kind of place. You try to gain information on your surroundings by using a technique you call ""looking.""



There is an open screen door leading west. You need an exit without a door? You should try going east. You need an exit without a door? You should try going north. There is an exit to the south.",You are carrying: a raw purple potato and a raw yellow potato.,0 of 16,0.0,False,
21,,,I should go west through the open screen door to reach the kitchen where the cookbook is likely to be.,go west,,"You find yourself in a backyard. A standard one.

You make out a patio table. Unfortunately, there isn't a thing on it. It would have been so cool if there was stuff on the patio table. You can see a patio chair. The patio chair is stylish. Unfortunately, there isn't a thing on it. What, you think everything in TextWorld should have stuff on it? An open BBQ is in the room. Empty! What kind of nightmare TextWorld is this?

There is an open screen door leading east. There is a closed barn door leading north. There is an exit to the west. Don't worry, there is no door.",Backyard,"You find yourself in a backyard. A standard one.

You make out a patio table. Unfortunately, there isn't a thing on it. It would have been so cool if there was stuff on the patio table. You can see a patio chair. The patio chair is stylish. Unfortunately, there isn't a thing on it. What, you think everything in TextWorld should have stuff on it? An open BBQ is in the room. Empty! What kind of nightmare TextWorld is this?

There is an open screen door leading east. There is a closed barn door leading north. There is an exit to the west. Don't worry, there is no door.",You are carrying: a raw purple potato and a raw yellow potato.,0 of 16,0.0,False,
22,,,I should go east through the open screen door to check the kitchen for the cookbook and recipe.,go east,,"You are in a corridor. An ordinary kind of place. You try to gain information on your surroundings by using a technique you call ""looking.""



There is an open screen door leading west. You need an exit without a door? You should try going east. You need an exit without a door? You should try going north. There is an exit to the south.",Corridor,"You are in a corridor. An ordinary kind of place. You try to gain information on your surroundings by using a technique you call ""looking.""



There is an open screen door leading west. You need an exit without a door? You should try going east. You need an exit without a door? You should try going north. There is an exit to the south.",You are carrying: a raw purple potato and a raw yellow potato.,0 of 16,0.0,False,
23,,,I should go west through the open screen door to reach the kitchen where the cookbook is likely located.,go west,,"You find yourself in a backyard. A standard one.

You make out a patio table. Unfortunately, there isn't a thing on it. It would have been so cool if there was stuff on the patio table. You can see a patio chair. The patio chair is stylish. Unfortunately, there isn't a thing on it. What, you think everything in TextWorld should have stuff on it? An open BBQ is in the room. Empty! What kind of nightmare TextWorld is this?

There is an open screen door leading east. There is a closed barn door leading north. There is an exit to the west. Don't worry, there is no door.",Backyard,"You find yourself in a backyard. A standard one.

You make out a patio table. Unfortunately, there isn't a thing on it. It would have been so cool if there was stuff on the patio table. You can see a patio chair. The patio chair is stylish. Unfortunately, there isn't a thing on it. What, you think everything in TextWorld should have stuff on it? An open BBQ is in the room. Empty! What kind of nightmare TextWorld is this?

There is an open screen door leading east. There is a closed barn door leading north. There is an exit to the west. Don't worry, there is no door.",You are carrying: a raw purple potato and a raw yellow potato.,0 of 16,0.0,False,
24,,,I should go east through the open screen door to check the kitchen for the cookbook and cooking tools.,go east,,"You are in a corridor. An ordinary kind of place. You try to gain information on your surroundings by using a technique you call ""looking.""



There is an open screen door leading west. You need an exit without a door? You should try going east. You need an exit without a door? You should try going north. There is an exit to the south.",Corridor,"You are in a corridor. An ordinary kind of place. You try to gain information on your surroundings by using a technique you call ""looking.""



There is an open screen door leading west. You need an exit without a door? You should try going east. You need an exit without a door? You should try going north. There is an exit to the south.",You are carrying: a raw purple potato and a raw yellow potato.,0 of 16,0.0,False,
25,,,I should go west through the open screen door to find the kitchen where the cookbook might be.,go west,,"You find yourself in a backyard. A standard one.

You make out a patio table. Unfortunately, there isn't a thing on it. It would have been so cool if there was stuff on the patio table. You can see a patio chair. The patio chair is stylish. Unfortunately, there isn't a thing on it. What, you think everything in TextWorld should have stuff on it? An open BBQ is in the room. Empty! What kind of nightmare TextWorld is this?

There is an open screen door leading east. There is a closed barn door leading north. There is an exit to the west. Don't worry, there is no door.",Backyard,"You find yourself in a backyard. A standard one.

You make out a patio table. Unfortunately, there isn't a thing on it. It would have been so cool if there was stuff on the patio table. You can see a patio chair. The patio chair is stylish. Unfortunately, there isn't a thing on it. What, you think everything in TextWorld should have stuff on it? An open BBQ is in the room. Empty! What kind of nightmare TextWorld is this?

There is an open screen door leading east. There is a closed barn door leading north. There is an exit to the west. Don't worry, there is no door.",You are carrying: a raw purple potato and a raw yellow potato.,0 of 16,0.0,False,
26,,,I should go east through the open screen door to check the kitchen for the cookbook and recipe.,go east,,"You are in a corridor. An ordinary kind of place. You try to gain information on your surroundings by using a technique you call ""looking.""



There is an open screen door leading west. You need an exit without a door? You should try going east. You need an exit without a door? You should try going north. There is an exit to the south.",Corridor,"You are in a corridor. An ordinary kind of place. You try to gain information on your surroundings by using a technique you call ""looking.""



There is an open screen door leading west. You need an exit without a door? You should try going east. You need an exit without a door? You should try going north. There is an exit to the south.",You are carrying: a raw purple potato and a raw yellow potato.,0 of 16,0.0,False,
27,,,I should go west through the open screen door to find the kitchen where the cookbook might be.,go west,,"You find yourself in a backyard. A standard one.

You make out a patio table. Unfortunately, there isn't a thing on it. It would have been so cool if there was stuff on the patio table. You can see a patio chair. The patio chair is stylish. Unfortunately, there isn't a thing on it. What, you think everything in TextWorld should have stuff on it? An open BBQ is in the room. Empty! What kind of nightmare TextWorld is this?

There is an open screen door leading east. There is a closed barn door leading north. There is an exit to the west. Don't worry, there is no door.",Backyard,"You find yourself in a backyard. A standard one.

You make out a patio table. Unfortunately, there isn't a thing on it. It would have been so cool if there was stuff on the patio table. You can see a patio chair. The patio chair is stylish. Unfortunately, there isn't a thing on it. What, you think everything in TextWorld should have stuff on it? An open BBQ is in the room. Empty! What kind of nightmare TextWorld is this?

There is an open screen door leading east. There is a closed barn door leading north. There is an exit to the west. Don't worry, there is no door.",You are carrying: a raw purple potato and a raw yellow potato.,0 of 16,0.0,False,
28,,,I should go east through the open screen door to check the kitchen for the cookbook and cooking tools.,go east,,"You are in a corridor. An ordinary kind of place. You try to gain information on your surroundings by using a technique you call ""looking.""



There is an open screen door leading west. You need an exit without a door? You should try going east. You need an exit without a door? You should try going north. There is an exit to the south.",Corridor,"You are in a corridor. An ordinary kind of place. You try to gain information on your surroundings by using a technique you call ""looking.""



There is an open screen door leading west. You need an exit without a door? You should try going east. You need an exit without a door? You should try going north. There is an exit to the south.",You are carrying: a raw purple potato and a raw yellow potato.,0 of 16,0.0,False,
29,,,I should go west through the open screen door to find the kitchen and check the cookbook for a recipe.,go west,,"You find yourself in a backyard. A standard one.

You make out a patio table. Unfortunately, there isn't a thing on it. It would have been so cool if there was stuff on the patio table. You can see a patio chair. The patio chair is stylish. Unfortunately, there isn't a thing on it. What, you think everything in TextWorld should have stuff on it? An open BBQ is in the room. Empty! What kind of nightmare TextWorld is this?

There is an open screen door leading east. There is a closed barn door leading north. There is an exit to the west. Don't worry, there is no door.",Backyard,"You find yourself in a backyard. A standard one.

You make out a patio table. Unfortunately, there isn't a thing on it. It would have been so cool if there was stuff on the patio table. You can see a patio chair. The patio chair is stylish. Unfortunately, there isn't a thing on it. What, you think everything in TextWorld should have stuff on it? An open BBQ is in the room. Empty! What kind of nightmare TextWorld is this?

There is an open screen door leading east. There is a closed barn door leading north. There is an exit to the west. Don't worry, there is no door.",You are carrying: a raw purple potato and a raw yellow potato.,0 of 16,0.0,False,
30,,,I should go east through the open screen door to check the kitchen for the cookbook and cooking tools.,go east,,"You are in a corridor. An ordinary kind of place. You try to gain information on your surroundings by using a technique you call ""looking.""



There is an open screen door leading west. You need an exit without a door? You should try going east. You need an exit without a door? You should try going north. There is an exit to the south.",Corridor,"You are in a corridor. An ordinary kind of place. You try to gain information on your surroundings by using a technique you call ""looking.""



There is an open screen door leading west. You need an exit without a door? You should try going east. You need an exit without a door? You should try going north. There is an exit to the south.",You are carrying: a raw purple potato and a raw yellow potato.,0 of 16,0.0,False,
31,,,I should go west through the open screen door to find the kitchen where the cookbook might be.,go west,,"You find yourself in a backyard. A standard one.

You make out a patio table. Unfortunately, there isn't a thing on it. It would have been so cool if there was stuff on the patio table. You can see a patio chair. The patio chair is stylish. Unfortunately, there isn't a thing on it. What, you think everything in TextWorld should have stuff on it? An open BBQ is in the room. Empty! What kind of nightmare TextWorld is this?

There is an open screen door leading east. There is a closed barn door leading north. There is an exit to the west. Don't worry, there is no door.",Backyard,"You find yourself in a backyard. A standard one.

You make out a patio table. Unfortunately, there isn't a thing on it. It would have been so cool if there was stuff on the patio table. You can see a patio chair. The patio chair is stylish. Unfortunately, there isn't a thing on it. What, you think everything in TextWorld should have stuff on it? An open BBQ is in the room. Empty! What kind of nightmare TextWorld is this?

There is an open screen door leading east. There is a closed barn door leading north. There is an exit to the west. Don't worry, there is no door.",You are carrying: a raw purple potato and a raw yellow potato.,0 of 16,0.0,False,
32,,,I should go east through the open screen door to check the kitchen for the cookbook and recipe.,go east,,"You are in a corridor. An ordinary kind of place. You try to gain information on your surroundings by using a technique you call ""looking.""



There is an open screen door leading west. You need an exit without a door? You should try going east. You need an exit without a door? You should try going north. There is an exit to the south.",Corridor,"You are in a corridor. An ordinary kind of place. You try to gain information on your surroundings by using a technique you call ""looking.""



There is an open screen door leading west. You need an exit without a door? You should try going east. You need an exit without a door? You should try going north. There is an exit to the south.",You are carrying: a raw purple potato and a raw yellow potato.,0 of 16,0.0,False,
33,,,I should go west through the open screen door to reach the kitchen where the cookbook is likely to be.,go west,,"You find yourself in a backyard. A standard one.

You make out a patio table. Unfortunately, there isn't a thing on it. It would have been so cool if there was stuff on the patio table. You can see a patio chair. The patio chair is stylish. Unfortunately, there isn't a thing on it. What, you think everything in TextWorld should have stuff on it? An open BBQ is in the room. Empty! What kind of nightmare TextWorld is this?

There is an open screen door leading east. There is a closed barn door leading north. There is an exit to the west. Don't worry, there is no door.",Backyard,"You find yourself in a backyard. A standard one.

You make out a patio table. Unfortunately, there isn't a thing on it. It would have been so cool if there was stuff on the patio table. You can see a patio chair. The patio chair is stylish. Unfortunately, there isn't a thing on it. What, you think everything in TextWorld should have stuff on it? An open BBQ is in the room. Empty! What kind of nightmare TextWorld is this?

There is an open screen door leading east. There is a closed barn door leading north. There is an exit to the west. Don't worry, there is no door.",You are carrying: a raw purple potato and a raw yellow potato.,0 of 16,0.0,False,
34,,,I should go east through the open screen door to check the kitchen for the cookbook and cooking tools.,go east,,"You are in a corridor. An ordinary kind of place. You try to gain information on your surroundings by using a technique you call ""looking.""



There is an open screen door leading west. You need an exit without a door? You should try going east. You need an exit without a door? You should try going north. There is an exit to the south.",Corridor,"You are in a corridor. An ordinary kind of place. You try to gain information on your surroundings by using a technique you call ""looking.""



There is an open screen door leading west. You need an exit without a door? You should try going east. You need an exit without a door? You should try going north. There is an exit to the south.",You are carrying: a raw purple potato and a raw yellow potato.,0 of 16,0.0,False,
35,,,I should go west through the open screen door to find the kitchen where the cookbook might be.,go west,,"You find yourself in a backyard. A standard one.

You make out a patio table. Unfortunately, there isn't a thing on it. It would have been so cool if there was stuff on the patio table. You can see a patio chair. The patio chair is stylish. Unfortunately, there isn't a thing on it. What, you think everything in TextWorld should have stuff on it? An open BBQ is in the room. Empty! What kind of nightmare TextWorld is this?

There is an open screen door leading east. There is a closed barn door leading north. There is an exit to the west. Don't worry, there is no door.",Backyard,"You find yourself in a backyard. A standard one.

You make out a patio table. Unfortunately, there isn't a thing on it. It would have been so cool if there was stuff on the patio table. You can see a patio chair. The patio chair is stylish. Unfortunately, there isn't a thing on it. What, you think everything in TextWorld should have stuff on it? An open BBQ is in the room. Empty! What kind of nightmare TextWorld is this?

There is an open screen door leading east. There is a closed barn door leading north. There is an exit to the west. Don't worry, there is no door.",You are carrying: a raw purple potato and a raw yellow potato.,0 of 16,0.0,False,
36,,,I should go east through the open screen door to check the kitchen for the cookbook and cooking tools.,go east,,"You are in a corridor. An ordinary kind of place. You try to gain information on your surroundings by using a technique you call ""looking.""



There is an open screen door leading west. You need an exit without a door? You should try going east. You need an exit without a door? You should try going north. There is an exit to the south.",Corridor,"You are in a corridor. An ordinary kind of place. You try to gain information on your surroundings by using a technique you call ""looking.""



There is an open screen door leading west. You need an exit without a door? You should try going east. You need an exit without a door? You should try going north. There is an exit to the south.",You are carrying: a raw purple potato and a raw yellow potato.,0 of 16,0.0,False,
37,,,I should go west through the open screen door to find the kitchen and check the cookbook for the recipe.,go west,,"You find yourself in a backyard. A standard one.

You make out a patio table. Unfortunately, there isn't a thing on it. It would have been so cool if there was stuff on the patio table. You can see a patio chair. The patio chair is stylish. Unfortunately, there isn't a thing on it. What, you think everything in TextWorld should have stuff on it? An open BBQ is in the room. Empty! What kind of nightmare TextWorld is this?

There is an open screen door leading east. There is a closed barn door leading north. There is an exit to the west. Don't worry, there is no door.",Backyard,"You find yourself in a backyard. A standard one.

You make out a patio table. Unfortunately, there isn't a thing on it. It would have been so cool if there was stuff on the patio table. You can see a patio chair. The patio chair is stylish. Unfortunately, there isn't a thing on it. What, you think everything in TextWorld should have stuff on it? An open BBQ is in the room. Empty! What kind of nightmare TextWorld is this?

There is an open screen door leading east. There is a closed barn door leading north. There is an exit to the west. Don't worry, there is no door.",You are carrying: a raw purple potato and a raw yellow potato.,0 of 16,0.0,False,
38,,,I should go east through the open screen door to check the kitchen for the cookbook and cooking tools.,go east,,"You are in a corridor. An ordinary kind of place. You try to gain information on your surroundings by using a technique you call ""looking.""



There is an open screen door leading west. You need an exit without a door? You should try going east. You need an exit without a door? You should try going north. There is an exit to the south.",Corridor,"You are in a corridor. An ordinary kind of place. You try to gain information on your surroundings by using a technique you call ""looking.""



There is an open screen door leading west. You need an exit without a door? You should try going east. You need an exit without a door? You should try going north. There is an exit to the south.",You are carrying: a raw purple potato and a raw yellow potato.,0 of 16,0.0,False,
39,,,I should go west through the open screen door to find the kitchen where the cookbook might be.,go west,,"You find yourself in a backyard. A standard one.

You make out a patio table. Unfortunately, there isn't a thing on it. It would have been so cool if there was stuff on the patio table. You can see a patio chair. The patio chair is stylish. Unfortunately, there isn't a thing on it. What, you think everything in TextWorld should have stuff on it? An open BBQ is in the room. Empty! What kind of nightmare TextWorld is this?

There is an open screen door leading east. There is a closed barn door leading north. There is an exit to the west. Don't worry, there is no door.",Backyard,"You find yourself in a backyard. A standard one.

You make out a patio table. Unfortunately, there isn't a thing on it. It would have been so cool if there was stuff on the patio table. You can see a patio chair. The patio chair is stylish. Unfortunately, there isn't a thing on it. What, you think everything in TextWorld should have stuff on it? An open BBQ is in the room. Empty! What kind of nightmare TextWorld is this?

There is an open screen door leading east. There is a closed barn door leading north. There is an exit to the west. Don't worry, there is no door.",You are carrying: a raw purple potato and a raw yellow potato.,0 of 16,0.0,False,
40,,,I should go east through the open screen door to check the kitchen for the cookbook and cooking tools.,go east,,"You are in a corridor. An ordinary kind of place. You try to gain information on your surroundings by using a technique you call ""looking.""



There is an open screen door leading west. You need an exit without a door? You should try going east. You need an exit without a door? You should try going north. There is an exit to the south.",Corridor,"You are in a corridor. An ordinary kind of place. You try to gain information on your surroundings by using a technique you call ""looking.""



There is an open screen door leading west. You need an exit without a door? You should try going east. You need an exit without a door? You should try going north. There is an exit to the south.",You are carrying: a raw purple potato and a raw yellow potato.,0 of 16,0.0,False,
41,,,I should go west through the open screen door to find the kitchen where the cookbook might be.,go west,,"You find yourself in a backyard. A standard one.

You make out a patio table. Unfortunately, there isn't a thing on it. It would have been so cool if there was stuff on the patio table. You can see a patio chair. The patio chair is stylish. Unfortunately, there isn't a thing on it. What, you think everything in TextWorld should have stuff on it? An open BBQ is in the room. Empty! What kind of nightmare TextWorld is this?

There is an open screen door leading east. There is a closed barn door leading north. There is an exit to the west. Don't worry, there is no door.",Backyard,"You find yourself in a backyard. A standard one.

You make out a patio table. Unfortunately, there isn't a thing on it. It would have been so cool if there was stuff on the patio table. You can see a patio chair. The patio chair is stylish. Unfortunately, there isn't a thing on it. What, you think everything in TextWorld should have stuff on it? An open BBQ is in the room. Empty! What kind of nightmare TextWorld is this?

There is an open screen door leading east. There is a closed barn door leading north. There is an exit to the west. Don't worry, there is no door.",You are carrying: a raw purple potato and a raw yellow potato.,0 of 16,0.0,False,
42,,,I should go east through the open screen door to check the kitchen for the cookbook and recipe.,go east,,"You are in a corridor. An ordinary kind of place. You try to gain information on your surroundings by using a technique you call ""looking.""



There is an open screen door leading west. You need an exit without a door? You should try going east. You need an exit without a door? You should try going north. There is an exit to the south.",Corridor,"You are in a corridor. An ordinary kind of place. You try to gain information on your surroundings by using a technique you call ""looking.""



There is an open screen door leading west. You need an exit without a door? You should try going east. You need an exit without a door? You should try going north. There is an exit to the south.",You are carrying: a raw purple potato and a raw yellow potato.,0 of 16,0.0,False,
43,,,I should go west through the open screen door to find the kitchen where the cookbook might be.,go west,,"You find yourself in a backyard. A standard one.

You make out a patio table. Unfortunately, there isn't a thing on it. It would have been so cool if there was stuff on the patio table. You can see a patio chair. The patio chair is stylish. Unfortunately, there isn't a thing on it. What, you think everything in TextWorld should have stuff on it? An open BBQ is in the room. Empty! What kind of nightmare TextWorld is this?

There is an open screen door leading east. There is a closed barn door leading north. There is an exit to the west. Don't worry, there is no door.",Backyard,"You find yourself in a backyard. A standard one.

You make out a patio table. Unfortunately, there isn't a thing on it. It would have been so cool if there was stuff on the patio table. You can see a patio chair. The patio chair is stylish. Unfortunately, there isn't a thing on it. What, you think everything in TextWorld should have stuff on it? An open BBQ is in the room. Empty! What kind of nightmare TextWorld is this?

There is an open screen door leading east. There is a closed barn door leading north. There is an exit to the west. Don't worry, there is no door.",You are carrying: a raw purple potato and a raw yellow potato.,0 of 16,0.0,False,
44,,,I should go east through the open screen door to check the kitchen for the cookbook.,go east,,"You are in a corridor. An ordinary kind of place. You try to gain information on your surroundings by using a technique you call ""looking.""



There is an open screen door leading west. You need an exit without a door? You should try going east. You need an exit without a door? You should try going north. There is an exit to the south.",Corridor,"You are in a corridor. An ordinary kind of place. You try to gain information on your surroundings by using a technique you call ""looking.""



There is an open screen door leading west. You need an exit without a door? You should try going east. You need an exit without a door? You should try going north. There is an exit to the south.",You are carrying: a raw purple potato and a raw yellow potato.,0 of 16,0.0,False,
45,,,I should go west through the open screen door to find the kitchen where the cookbook might be.,go west,,"You find yourself in a backyard. A standard one.

You make out a patio table. Unfortunately, there isn't a thing on it. It would have been so cool if there was stuff on the patio table. You can see a patio chair. The patio chair is stylish. Unfortunately, there isn't a thing on it. What, you think everything in TextWorld should have stuff on it? An open BBQ is in the room. Empty! What kind of nightmare TextWorld is this?

There is an open screen door leading east. There is a closed barn door leading north. There is an exit to the west. Don't worry, there is no door.",Backyard,"You find yourself in a backyard. A standard one.

You make out a patio table. Unfortunately, there isn't a thing on it. It would have been so cool if there was stuff on the patio table. You can see a patio chair. The patio chair is stylish. Unfortunately, there isn't a thing on it. What, you think everything in TextWorld should have stuff on it? An open BBQ is in the room. Empty! What kind of nightmare TextWorld is this?

There is an open screen door leading east. There is a closed barn door leading north. There is an exit to the west. Don't worry, there is no door.",You are carrying: a raw purple potato and a raw yellow potato.,0 of 16,0.0,False,
46,,,I should go east through the open screen door to check the kitchen for the cookbook and cooking tools.,go east,,"You are in a corridor. An ordinary kind of place. You try to gain information on your surroundings by using a technique you call ""looking.""



There is an open screen door leading west. You need an exit without a door? You should try going east. You need an exit without a door? You should try going north. There is an exit to the south.",Corridor,"You are in a corridor. An ordinary kind of place. You try to gain information on your surroundings by using a technique you call ""looking.""



There is an open screen door leading west. You need an exit without a door? You should try going east. You need an exit without a door? You should try going north. There is an exit to the south.",You are carrying: a raw purple potato and a raw yellow potato.,0 of 16,0.0,False,
47,,,I should go west through the open screen door to reach the kitchen and find the cookbook for the recipe.,go west,,"You find yourself in a backyard. A standard one.

You make out a patio table. Unfortunately, there isn't a thing on it. It would have been so cool if there was stuff on the patio table. You can see a patio chair. The patio chair is stylish. Unfortunately, there isn't a thing on it. What, you think everything in TextWorld should have stuff on it? An open BBQ is in the room. Empty! What kind of nightmare TextWorld is this?

There is an open screen door leading east. There is a closed barn door leading north. There is an exit to the west. Don't worry, there is no door.",Backyard,"You find yourself in a backyard. A standard one.

You make out a patio table. Unfortunately, there isn't a thing on it. It would have been so cool if there was stuff on the patio table. You can see a patio chair. The patio chair is stylish. Unfortunately, there isn't a thing on it. What, you think everything in TextWorld should have stuff on it? An open BBQ is in the room. Empty! What kind of nightmare TextWorld is this?

There is an open screen door leading east. There is a closed barn door leading north. There is an exit to the west. Don't worry, there is no door.",You are carrying: a raw purple potato and a raw yellow potato.,0 of 16,0.0,False,
48,,,I should go east through the open screen door to check the kitchen for the cookbook and cooking tools.,go east,,"You are in a corridor. An ordinary kind of place. You try to gain information on your surroundings by using a technique you call ""looking.""



There is an open screen door leading west. You need an exit without a door? You should try going east. You need an exit without a door? You should try going north. There is an exit to the south.",Corridor,"You are in a corridor. An ordinary kind of place. You try to gain information on your surroundings by using a technique you call ""looking.""



There is an open screen door leading west. You need an exit without a door? You should try going east. You need an exit without a door? You should try going north. There is an exit to the south.",You are carrying: a raw purple potato and a raw yellow potato.,0 of 16,0.0,False,
49,,,I should go west through the open screen door to find the kitchen where the cookbook might be.,go west,,"You find yourself in a backyard. A standard one.

You make out a patio table. Unfortunately, there isn't a thing on it. It would have been so cool if there was stuff on the patio table. You can see a patio chair. The patio chair is stylish. Unfortunately, there isn't a thing on it. What, you think everything in TextWorld should have stuff on it? An open BBQ is in the room. Empty! What kind of nightmare TextWorld is this?

There is an open screen door leading east. There is a closed barn door leading north. There is an exit to the west. Don't worry, there is no door.",Backyard,"You find yourself in a backyard. A standard one.

You make out a patio table. Unfortunately, there isn't a thing on it. It would have been so cool if there was stuff on the patio table. You can see a patio chair. The patio chair is stylish. Unfortunately, there isn't a thing on it. What, you think everything in TextWorld should have stuff on it? An open BBQ is in the room. Empty! What kind of nightmare TextWorld is this?

There is an open screen door leading east. There is a closed barn door leading north. There is an exit to the west. Don't worry, there is no door.",You are carrying: a raw purple potato and a raw yellow potato.,0 of 16,0.0,False,
50,,,I should go east through the open screen door to check the kitchen for the cookbook and cooking tools.,go east,,"You are in a corridor. An ordinary kind of place. You try to gain information on your surroundings by using a technique you call ""looking.""



There is an open screen door leading west. You need an exit without a door? You should try going east. You need an exit without a door? You should try going north. There is an exit to the south.",Corridor,"You are in a corridor. An ordinary kind of place. You try to gain information on your surroundings by using a technique you call ""looking.""



There is an open screen door leading west. You need an exit without a door? You should try going east. You need an exit without a door? You should try going north. There is an exit to the south.",You are carrying: a raw purple potato and a raw yellow potato.,0 of 16,0.0,False,
51,,,I should go west through the open screen door to find the kitchen where the cookbook might be.,go west,,"You find yourself in a backyard. A standard one.

You make out a patio table. Unfortunately, there isn't a thing on it. It would have been so cool if there was stuff on the patio table. You can see a patio chair. The patio chair is stylish. Unfortunately, there isn't a thing on it. What, you think everything in TextWorld should have stuff on it? An open BBQ is in the room. Empty! What kind of nightmare TextWorld is this?

There is an open screen door leading east. There is a closed barn door leading north. There is an exit to the west. Don't worry, there is no door.",Backyard,"You find yourself in a backyard. A standard one.

You make out a patio table. Unfortunately, there isn't a thing on it. It would have been so cool if there was stuff on the patio table. You can see a patio chair. The patio chair is stylish. Unfortunately, there isn't a thing on it. What, you think everything in TextWorld should have stuff on it? An open BBQ is in the room. Empty! What kind of nightmare TextWorld is this?

There is an open screen door leading east. There is a closed barn door leading north. There is an exit to the west. Don't worry, there is no door.",You are carrying: a raw purple potato and a raw yellow potato.,0 of 16,0.0,False,
52,,,I should go east through the open screen door to check the kitchen for the cookbook and cooking tools.,go east,,"You are in a corridor. An ordinary kind of place. You try to gain information on your surroundings by using a technique you call ""looking.""



There is an open screen door leading west. You need an exit without a door? You should try going east. You need an exit without a door? You should try going north. There is an exit to the south.",Corridor,"You are in a corridor. An ordinary kind of place. You try to gain information on your surroundings by using a technique you call ""looking.""



There is an open screen door leading west. You need an exit without a door? You should try going east. You need an exit without a door? You should try going north. There is an exit to the south.",You are carrying: a raw purple potato and a raw yellow potato.,0 of 16,0.0,False,
53,,,I should go west through the open screen door to find the kitchen where the cookbook might be.,go west,,"You find yourself in a backyard. A standard one.

You make out a patio table. Unfortunately, there isn't a thing on it. It would have been so cool if there was stuff on the patio table. You can see a patio chair. The patio chair is stylish. Unfortunately, there isn't a thing on it. What, you think everything in TextWorld should have stuff on it? An open BBQ is in the room. Empty! What kind of nightmare TextWorld is this?

There is an open screen door leading east. There is a closed barn door leading north. There is an exit to the west. Don't worry, there is no door.",Backyard,"You find yourself in a backyard. A standard one.

You make out a patio table. Unfortunately, there isn't a thing on it. It would have been so cool if there was stuff on the patio table. You can see a patio chair. The patio chair is stylish. Unfortunately, there isn't a thing on it. What, you think everything in TextWorld should have stuff on it? An open BBQ is in the room. Empty! What kind of nightmare TextWorld is this?

There is an open screen door leading east. There is a closed barn door leading north. There is an exit to the west. Don't worry, there is no door.",You are carrying: a raw purple potato and a raw yellow potato.,0 of 16,0.0,False,
54,,,I should go east through the open screen door to check the kitchen for the cookbook and cooking tools.,go east,,"You are in a corridor. An ordinary kind of place. You try to gain information on your surroundings by using a technique you call ""looking.""



There is an open screen door leading west. You need an exit without a door? You should try going east. You need an exit without a door? You should try going north. There is an exit to the south.",Corridor,"You are in a corridor. An ordinary kind of place. You try to gain information on your surroundings by using a technique you call ""looking.""



There is an open screen door leading west. You need an exit without a door? You should try going east. You need an exit without a door? You should try going north. There is an exit to the south.",You are carrying: a raw purple potato and a raw yellow potato.,0 of 16,0.0,False,
55,,,I should go west through the open screen door to reach the kitchen where the cookbook is likely located.,go west,,"You find yourself in a backyard. A standard one.

You make out a patio table. Unfortunately, there isn't a thing on it. It would have been so cool if there was stuff on the patio table. You can see a patio chair. The patio chair is stylish. Unfortunately, there isn't a thing on it. What, you think everything in TextWorld should have stuff on it? An open BBQ is in the room. Empty! What kind of nightmare TextWorld is this?

There is an open screen door leading east. There is a closed barn door leading north. There is an exit to the west. Don't worry, there is no door.",Backyard,"You find yourself in a backyard. A standard one.

You make out a patio table. Unfortunately, there isn't a thing on it. It would have been so cool if there was stuff on the patio table. You can see a patio chair. The patio chair is stylish. Unfortunately, there isn't a thing on it. What, you think everything in TextWorld should have stuff on it? An open BBQ is in the room. Empty! What kind of nightmare TextWorld is this?

There is an open screen door leading east. There is a closed barn door leading north. There is an exit to the west. Don't worry, there is no door.",You are carrying: a raw purple potato and a raw yellow potato.,0 of 16,0.0,False,
56,,,I should go east through the open screen door to check the kitchen for the cookbook and cooking tools.,go east,,"You are in a corridor. An ordinary kind of place. You try to gain information on your surroundings by using a technique you call ""looking.""



There is an open screen door leading west. You need an exit without a door? You should try going east. You need an exit without a door? You should try going north. There is an exit to the south.",Corridor,"You are in a corridor. An ordinary kind of place. You try to gain information on your surroundings by using a technique you call ""looking.""



There is an open screen door leading west. You need an exit without a door? You should try going east. You need an exit without a door? You should try going north. There is an exit to the south.",You are carrying: a raw purple potato and a raw yellow potato.,0 of 16,0.0,False,
57,,,I should go west through the open screen door to reach the kitchen and check the cookbook for the recipe.,go west,,"You find yourself in a backyard. A standard one.

You make out a patio table. Unfortunately, there isn't a thing on it. It would have been so cool if there was stuff on the patio table. You can see a patio chair. The patio chair is stylish. Unfortunately, there isn't a thing on it. What, you think everything in TextWorld should have stuff on it? An open BBQ is in the room. Empty! What kind of nightmare TextWorld is this?

There is an open screen door leading east. There is a closed barn door leading north. There is an exit to the west. Don't worry, there is no door.",Backyard,"You find yourself in a backyard. A standard one.

You make out a patio table. Unfortunately, there isn't a thing on it. It would have been so cool if there was stuff on the patio table. You can see a patio chair. The patio chair is stylish. Unfortunately, there isn't a thing on it. What, you think everything in TextWorld should have stuff on it? An open BBQ is in the room. Empty! What kind of nightmare TextWorld is this?

There is an open screen door leading east. There is a closed barn door leading north. There is an exit to the west. Don't worry, there is no door.",You are carrying: a raw purple potato and a raw yellow potato.,0 of 16,0.0,False,
58,,,I should go east through the open screen door to check the kitchen for the cookbook and cooking tools.,go east,,"You are in a corridor. An ordinary kind of place. You try to gain information on your surroundings by using a technique you call ""looking.""



There is an open screen door leading west. You need an exit without a door? You should try going east. You need an exit without a door? You should try going north. There is an exit to the south.",Corridor,"You are in a corridor. An ordinary kind of place. You try to gain information on your surroundings by using a technique you call ""looking.""



There is an open screen door leading west. You need an exit without a door? You should try going east. You need an exit without a door? You should try going north. There is an exit to the south.",You are carrying: a raw purple potato and a raw yellow potato.,0 of 16,0.0,False,
59,,,I should go west through the open screen door to find the kitchen and check the cookbook for the recipe.,go west,,"You find yourself in a backyard. A standard one.

You make out a patio table. Unfortunately, there isn't a thing on it. It would have been so cool if there was stuff on the patio table. You can see a patio chair. The patio chair is stylish. Unfortunately, there isn't a thing on it. What, you think everything in TextWorld should have stuff on it? An open BBQ is in the room. Empty! What kind of nightmare TextWorld is this?

There is an open screen door leading east. There is a closed barn door leading north. There is an exit to the west. Don't worry, there is no door.",Backyard,"You find yourself in a backyard. A standard one.

You make out a patio table. Unfortunately, there isn't a thing on it. It would have been so cool if there was stuff on the patio table. You can see a patio chair. The patio chair is stylish. Unfortunately, there isn't a thing on it. What, you think everything in TextWorld should have stuff on it? An open BBQ is in the room. Empty! What kind of nightmare TextWorld is this?

There is an open screen door leading east. There is a closed barn door leading north. There is an exit to the west. Don't worry, there is no door.",You are carrying: a raw purple potato and a raw yellow potato.,0 of 16,0.0,False,
60,,,I should go east through the open screen door to check the kitchen for the cookbook and recipe.,go east,,"You are in a corridor. An ordinary kind of place. You try to gain information on your surroundings by using a technique you call ""looking.""



There is an open screen door leading west. You need an exit without a door? You should try going east. You need an exit without a door? You should try going north. There is an exit to the south.",Corridor,"You are in a corridor. An ordinary kind of place. You try to gain information on your surroundings by using a technique you call ""looking.""



There is an open screen door leading west. You need an exit without a door? You should try going east. You need an exit without a door? You should try going north. There is an exit to the south.",You are carrying: a raw purple potato and a raw yellow potato.,0 of 16,0.0,False,
61,,,I should go west through the open screen door to find the kitchen where the cookbook might be.,go west,,"You find yourself in a backyard. A standard one.

You make out a patio table. Unfortunately, there isn't a thing on it. It would have been so cool if there was stuff on the patio table. You can see a patio chair. The patio chair is stylish. Unfortunately, there isn't a thing on it. What, you think everything in TextWorld should have stuff on it? An open BBQ is in the room. Empty! What kind of nightmare TextWorld is this?

There is an open screen door leading east. There is a closed barn door leading north. There is an exit to the west. Don't worry, there is no door.",Backyard,"You find yourself in a backyard. A standard one.

You make out a patio table. Unfortunately, there isn't a thing on it. It would have been so cool if there was stuff on the patio table. You can see a patio chair. The patio chair is stylish. Unfortunately, there isn't a thing on it. What, you think everything in TextWorld should have stuff on it? An open BBQ is in the room. Empty! What kind of nightmare TextWorld is this?

There is an open screen door leading east. There is a closed barn door leading north. There is an exit to the west. Don't worry, there is no door.",You are carrying: a raw purple potato and a raw yellow potato.,0 of 16,0.0,False,
62,,,I should go east through the open screen door to check the kitchen for the cookbook and recipe.,go east,,"You are in a corridor. An ordinary kind of place. You try to gain information on your surroundings by using a technique you call ""looking.""



There is an open screen door leading west. You need an exit without a door? You should try going east. You need an exit without a door? You should try going north. There is an exit to the south.",Corridor,"You are in a corridor. An ordinary kind of place. You try to gain information on your surroundings by using a technique you call ""looking.""



There is an open screen door leading west. You need an exit without a door? You should try going east. You need an exit without a door? You should try going north. There is an exit to the south.",You are carrying: a raw purple potato and a raw yellow potato.,0 of 16,0.0,False,
63,,,I should go west through the open screen door to find the kitchen where the cookbook might be.,go west,,"You find yourself in a backyard. A standard one.

You make out a patio table. Unfortunately, there isn't a thing on it. It would have been so cool if there was stuff on the patio table. You can see a patio chair. The patio chair is stylish. Unfortunately, there isn't a thing on it. What, you think everything in TextWorld should have stuff on it? An open BBQ is in the room. Empty! What kind of nightmare TextWorld is this?

There is an open screen door leading east. There is a closed barn door leading north. There is an exit to the west. Don't worry, there is no door.",Backyard,"You find yourself in a backyard. A standard one.

You make out a patio table. Unfortunately, there isn't a thing on it. It would have been so cool if there was stuff on the patio table. You can see a patio chair. The patio chair is stylish. Unfortunately, there isn't a thing on it. What, you think everything in TextWorld should have stuff on it? An open BBQ is in the room. Empty! What kind of nightmare TextWorld is this?

There is an open screen door leading east. There is a closed barn door leading north. There is an exit to the west. Don't worry, there is no door.",You are carrying: a raw purple potato and a raw yellow potato.,0 of 16,0.0,False,
64,,,I should go east through the open screen door to check the kitchen for the cookbook and cooking tools.,go east,,"You are in a corridor. An ordinary kind of place. You try to gain information on your surroundings by using a technique you call ""looking.""



There is an open screen door leading west. You need an exit without a door? You should try going east. You need an exit without a door? You should try going north. There is an exit to the south.",Corridor,"You are in a corridor. An ordinary kind of place. You try to gain information on your surroundings by using a technique you call ""looking.""



There is an open screen door leading west. You need an exit without a door? You should try going east. You need an exit without a door? You should try going north. There is an exit to the south.",You are carrying: a raw purple potato and a raw yellow potato.,0 of 16,0.0,False,
65,,,I should go west through the open screen door to find the kitchen and check the cookbook for the recipe.,go west,,"You find yourself in a backyard. A standard one.

You make out a patio table. Unfortunately, there isn't a thing on it. It would have been so cool if there was stuff on the patio table. You can see a patio chair. The patio chair is stylish. Unfortunately, there isn't a thing on it. What, you think everything in TextWorld should have stuff on it? An open BBQ is in the room. Empty! What kind of nightmare TextWorld is this?

There is an open screen door leading east. There is a closed barn door leading north. There is an exit to the west. Don't worry, there is no door.",Backyard,"You find yourself in a backyard. A standard one.

You make out a patio table. Unfortunately, there isn't a thing on it. It would have been so cool if there was stuff on the patio table. You can see a patio chair. The patio chair is stylish. Unfortunately, there isn't a thing on it. What, you think everything in TextWorld should have stuff on it? An open BBQ is in the room. Empty! What kind of nightmare TextWorld is this?

There is an open screen door leading east. There is a closed barn door leading north. There is an exit to the west. Don't worry, there is no door.",You are carrying: a raw purple potato and a raw yellow potato.,0 of 16,0.0,False,
66,,,I should go east through the open screen door to check the kitchen for the cookbook and cooking tools.,go east,,"You are in a corridor. An ordinary kind of place. You try to gain information on your surroundings by using a technique you call ""looking.""



There is an open screen door leading west. You need an exit without a door? You should try going east. You need an exit without a door? You should try going north. There is an exit to the south.",Corridor,"You are in a corridor. An ordinary kind of place. You try to gain information on your surroundings by using a technique you call ""looking.""



There is an open screen door leading west. You need an exit without a door? You should try going east. You need an exit without a door? You should try going north. There is an exit to the south.",You are carrying: a raw purple potato and a raw yellow potato.,0 of 16,0.0,False,
67,,,I should go west through the open screen door to reach the kitchen where the cookbook is likely located.,go west,,"You find yourself in a backyard. A standard one.

You make out a patio table. Unfortunately, there isn't a thing on it. It would have been so cool if there was stuff on the patio table. You can see a patio chair. The patio chair is stylish. Unfortunately, there isn't a thing on it. What, you think everything in TextWorld should have stuff on it? An open BBQ is in the room. Empty! What kind of nightmare TextWorld is this?

There is an open screen door leading east. There is a closed barn door leading north. There is an exit to the west. Don't worry, there is no door.",Backyard,"You find yourself in a backyard. A standard one.

You make out a patio table. Unfortunately, there isn't a thing on it. It would have been so cool if there was stuff on the patio table. You can see a patio chair. The patio chair is stylish. Unfortunately, there isn't a thing on it. What, you think everything in TextWorld should have stuff on it? An open BBQ is in the room. Empty! What kind of nightmare TextWorld is this?

There is an open screen door leading east. There is a closed barn door leading north. There is an exit to the west. Don't worry, there is no door.",You are carrying: a raw purple potato and a raw yellow potato.,0 of 16,0.0,False,
68,,,I should go east through the open screen door to check the kitchen for the cookbook and cooking tools.,go east,,"You are in a corridor. An ordinary kind of place. You try to gain information on your surroundings by using a technique you call ""looking.""



There is an open screen door leading west. You need an exit without a door? You should try going east. You need an exit without a door? You should try going north. There is an exit to the south.",Corridor,"You are in a corridor. An ordinary kind of place. You try to gain information on your surroundings by using a technique you call ""looking.""



There is an open screen door leading west. You need an exit without a door? You should try going east. You need an exit without a door? You should try going north. There is an exit to the south.",You are carrying: a raw purple potato and a raw yellow potato.,0 of 16,0.0,False,
69,,,I should go west through the open screen door to find the kitchen where the cookbook might be.,go west,,"You find yourself in a backyard. A standard one.

You make out a patio table. Unfortunately, there isn't a thing on it. It would have been so cool if there was stuff on the patio table. You can see a patio chair. The patio chair is stylish. Unfortunately, there isn't a thing on it. What, you think everything in TextWorld should have stuff on it? An open BBQ is in the room. Empty! What kind of nightmare TextWorld is this?

There is an open screen door leading east. There is a closed barn door leading north. There is an exit to the west. Don't worry, there is no door.",Backyard,"You find yourself in a backyard. A standard one.

You make out a patio table. Unfortunately, there isn't a thing on it. It would have been so cool if there was stuff on the patio table. You can see a patio chair. The patio chair is stylish. Unfortunately, there isn't a thing on it. What, you think everything in TextWorld should have stuff on it? An open BBQ is in the room. Empty! What kind of nightmare TextWorld is this?

There is an open screen door leading east. There is a closed barn door leading north. There is an exit to the west. Don't worry, there is no door.",You are carrying: a raw purple potato and a raw yellow potato.,0 of 16,0.0,False,
70,,,I should go east through the open screen door to check the kitchen for the cookbook and recipe.,go east,,"You are in a corridor. An ordinary kind of place. You try to gain information on your surroundings by using a technique you call ""looking.""



There is an open screen door leading west. You need an exit without a door? You should try going east. You need an exit without a door? You should try going north. There is an exit to the south.",Corridor,"You are in a corridor. An ordinary kind of place. You try to gain information on your surroundings by using a technique you call ""looking.""



There is an open screen door leading west. You need an exit without a door? You should try going east. You need an exit without a door? You should try going north. There is an exit to the south.",You are carrying: a raw purple potato and a raw yellow potato.,0 of 16,0.0,False,
71,,,I should go west through the open screen door to find the kitchen where the cookbook might be.,go west,,"You find yourself in a backyard. A standard one.

You make out a patio table. Unfortunately, there isn't a thing on it. It would have been so cool if there was stuff on the patio table. You can see a patio chair. The patio chair is stylish. Unfortunately, there isn't a thing on it. What, you think everything in TextWorld should have stuff on it? An open BBQ is in the room. Empty! What kind of nightmare TextWorld is this?

There is an open screen door leading east. There is a closed barn door leading north. There is an exit to the west. Don't worry, there is no door.",Backyard,"You find yourself in a backyard. A standard one.

You make out a patio table. Unfortunately, there isn't a thing on it. It would have been so cool if there was stuff on the patio table. You can see a patio chair. The patio chair is stylish. Unfortunately, there isn't a thing on it. What, you think everything in TextWorld should have stuff on it? An open BBQ is in the room. Empty! What kind of nightmare TextWorld is this?

There is an open screen door leading east. There is a closed barn door leading north. There is an exit to the west. Don't worry, there is no door.",You are carrying: a raw purple potato and a raw yellow potato.,0 of 16,0.0,False,
72,,,I should go east through the open screen door to check the kitchen for the cookbook and cooking tools.,go east,,"You are in a corridor. An ordinary kind of place. You try to gain information on your surroundings by using a technique you call ""looking.""



There is an open screen door leading west. You need an exit without a door? You should try going east. You need an exit without a door? You should try going north. There is an exit to the south.",Corridor,"You are in a corridor. An ordinary kind of place. You try to gain information on your surroundings by using a technique you call ""looking.""



There is an open screen door leading west. You need an exit without a door? You should try going east. You need an exit without a door? You should try going north. There is an exit to the south.",You are carrying: a raw purple potato and a raw yellow potato.,0 of 16,0.0,False,
73,,,I should go west through the open screen door to reach the kitchen where the cookbook might be.,go west,,"You find yourself in a backyard. A standard one.

You make out a patio table. Unfortunately, there isn't a thing on it. It would have been so cool if there was stuff on the patio table. You can see a patio chair. The patio chair is stylish. Unfortunately, there isn't a thing on it. What, you think everything in TextWorld should have stuff on it? An open BBQ is in the room. Empty! What kind of nightmare TextWorld is this?

There is an open screen door leading east. There is a closed barn door leading north. There is an exit to the west. Don't worry, there is no door.",Backyard,"You find yourself in a backyard. A standard one.

You make out a patio table. Unfortunately, there isn't a thing on it. It would have been so cool if there was stuff on the patio table. You can see a patio chair. The patio chair is stylish. Unfortunately, there isn't a thing on it. What, you think everything in TextWorld should have stuff on it? An open BBQ is in the room. Empty! What kind of nightmare TextWorld is this?

There is an open screen door leading east. There is a closed barn door leading north. There is an exit to the west. Don't worry, there is no door.",You are carrying: a raw purple potato and a raw yellow potato.,0 of 16,0.0,False,
74,,,I should go east through the open screen door to check the kitchen for the cookbook and cooking tools.,go east,,"You are in a corridor. An ordinary kind of place. You try to gain information on your surroundings by using a technique you call ""looking.""



There is an open screen door leading west. You need an exit without a door? You should try going east. You need an exit without a door? You should try going north. There is an exit to the south.",Corridor,"You are in a corridor. An ordinary kind of place. You try to gain information on your surroundings by using a technique you call ""looking.""



There is an open screen door leading west. You need an exit without a door? You should try going east. You need an exit without a door? You should try going north. There is an exit to the south.",You are carrying: a raw purple potato and a raw yellow potato.,0 of 16,0.0,False,
75,,,I should go west through the open screen door to reach the kitchen where the cookbook is likely located.,go west,,"You find yourself in a backyard. A standard one.

You make out a patio table. Unfortunately, there isn't a thing on it. It would have been so cool if there was stuff on the patio table. You can see a patio chair. The patio chair is stylish. Unfortunately, there isn't a thing on it. What, you think everything in TextWorld should have stuff on it? An open BBQ is in the room. Empty! What kind of nightmare TextWorld is this?

There is an open screen door leading east. There is a closed barn door leading north. There is an exit to the west. Don't worry, there is no door.",Backyard,"You find yourself in a backyard. A standard one.

You make out a patio table. Unfortunately, there isn't a thing on it. It would have been so cool if there was stuff on the patio table. You can see a patio chair. The patio chair is stylish. Unfortunately, there isn't a thing on it. What, you think everything in TextWorld should have stuff on it? An open BBQ is in the room. Empty! What kind of nightmare TextWorld is this?

There is an open screen door leading east. There is a closed barn door leading north. There is an exit to the west. Don't worry, there is no door.",You are carrying: a raw purple potato and a raw yellow potato.,0 of 16,0.0,False,
76,,,I should go east through the open screen door to check the kitchen for the cookbook and recipe.,go east,,"You are in a corridor. An ordinary kind of place. You try to gain information on your surroundings by using a technique you call ""looking.""



There is an open screen door leading west. You need an exit without a door? You should try going east. You need an exit without a door? You should try going north. There is an exit to the south.",Corridor,"You are in a corridor. An ordinary kind of place. You try to gain information on your surroundings by using a technique you call ""looking.""



There is an open screen door leading west. You need an exit without a door? You should try going east. You need an exit without a door? You should try going north. There is an exit to the south.",You are carrying: a raw purple potato and a raw yellow potato.,0 of 16,0.0,False,
77,,,I should go west through the open screen door to reach the kitchen where the cookbook might be.,go west,,"You find yourself in a backyard. A standard one.

You make out a patio table. Unfortunately, there isn't a thing on it. It would have been so cool if there was stuff on the patio table. You can see a patio chair. The patio chair is stylish. Unfortunately, there isn't a thing on it. What, you think everything in TextWorld should have stuff on it? An open BBQ is in the room. Empty! What kind of nightmare TextWorld is this?

There is an open screen door leading east. There is a closed barn door leading north. There is an exit to the west. Don't worry, there is no door.",Backyard,"You find yourself in a backyard. A standard one.

You make out a patio table. Unfortunately, there isn't a thing on it. It would have been so cool if there was stuff on the patio table. You can see a patio chair. The patio chair is stylish. Unfortunately, there isn't a thing on it. What, you think everything in TextWorld should have stuff on it? An open BBQ is in the room. Empty! What kind of nightmare TextWorld is this?

There is an open screen door leading east. There is a closed barn door leading north. There is an exit to the west. Don't worry, there is no door.",You are carrying: a raw purple potato and a raw yellow potato.,0 of 16,0.0,False,
78,,,I should go east through the open screen door to check the kitchen for the cookbook and cooking tools.,go east,,"You are in a corridor. An ordinary kind of place. You try to gain information on your surroundings by using a technique you call ""looking.""



There is an open screen door leading west. You need an exit without a door? You should try going east. You need an exit without a door? You should try going north. There is an exit to the south.",Corridor,"You are in a corridor. An ordinary kind of place. You try to gain information on your surroundings by using a technique you call ""looking.""



There is an open screen door leading west. You need an exit without a door? You should try going east. You need an exit without a door? You should try going north. There is an exit to the south.",You are carrying: a raw purple potato and a raw yellow potato.,0 of 16,0.0,False,
79,,,I should go west through the open screen door to reach the kitchen where the cookbook might be.,go west,,"You find yourself in a backyard. A standard one.

You make out a patio table. Unfortunately, there isn't a thing on it. It would have been so cool if there was stuff on the patio table. You can see a patio chair. The patio chair is stylish. Unfortunately, there isn't a thing on it. What, you think everything in TextWorld should have stuff on it? An open BBQ is in the room. Empty! What kind of nightmare TextWorld is this?

There is an open screen door leading east. There is a closed barn door leading north. There is an exit to the west. Don't worry, there is no door.",Backyard,"You find yourself in a backyard. A standard one.

You make out a patio table. Unfortunately, there isn't a thing on it. It would have been so cool if there was stuff on the patio table. You can see a patio chair. The patio chair is stylish. Unfortunately, there isn't a thing on it. What, you think everything in TextWorld should have stuff on it? An open BBQ is in the room. Empty! What kind of nightmare TextWorld is this?

There is an open screen door leading east. There is a closed barn door leading north. There is an exit to the west. Don't worry, there is no door.",You are carrying: a raw purple potato and a raw yellow potato.,0 of 16,0.0,False,
80,,,I should go east through the open screen door to explore the kitchen for cooking tools and ingredients.,go east,,"You are in a corridor. An ordinary kind of place. You try to gain information on your surroundings by using a technique you call ""looking.""



There is an open screen door leading west. You need an exit without a door? You should try going east. You need an exit without a door? You should try going north. There is an exit to the south.",Corridor,"You are in a corridor. An ordinary kind of place. You try to gain information on your surroundings by using a technique you call ""looking.""



There is an open screen door leading west. You need an exit without a door? You should try going east. You need an exit without a door? You should try going north. There is an exit to the south.",You are carrying: a raw purple potato and a raw yellow potato.,0 of 16,0.0,False,
81,,,I should go west through the open screen door to reach the kitchen and check the cookbook for the recipe.,go west,,"You find yourself in a backyard. A standard one.

You make out a patio table. Unfortunately, there isn't a thing on it. It would have been so cool if there was stuff on the patio table. You can see a patio chair. The patio chair is stylish. Unfortunately, there isn't a thing on it. What, you think everything in TextWorld should have stuff on it? An open BBQ is in the room. Empty! What kind of nightmare TextWorld is this?

There is an open screen door leading east. There is a closed barn door leading north. There is an exit to the west. Don't worry, there is no door.",Backyard,"You find yourself in a backyard. A standard one.

You make out a patio table. Unfortunately, there isn't a thing on it. It would have been so cool if there was stuff on the patio table. You can see a patio chair. The patio chair is stylish. Unfortunately, there isn't a thing on it. What, you think everything in TextWorld should have stuff on it? An open BBQ is in the room. Empty! What kind of nightmare TextWorld is this?

There is an open screen door leading east. There is a closed barn door leading north. There is an exit to the west. Don't worry, there is no door.",You are carrying: a raw purple potato and a raw yellow potato.,0 of 16,0.0,False,
82,,,I should go east through the open screen door to check the kitchen for the cookbook and cooking tools.,go east,,"You are in a corridor. An ordinary kind of place. You try to gain information on your surroundings by using a technique you call ""looking.""



There is an open screen door leading west. You need an exit without a door? You should try going east. You need an exit without a door? You should try going north. There is an exit to the south.",Corridor,"You are in a corridor. An ordinary kind of place. You try to gain information on your surroundings by using a technique you call ""looking.""



There is an open screen door leading west. You need an exit without a door? You should try going east. You need an exit without a door? You should try going north. There is an exit to the south.",You are carrying: a raw purple potato and a raw yellow potato.,0 of 16,0.0,False,
83,,,I should go west through the open screen door to reach the kitchen where the cookbook is likely located.,go west,,"You find yourself in a backyard. A standard one.

You make out a patio table. Unfortunately, there isn't a thing on it. It would have been so cool if there was stuff on the patio table. You can see a patio chair. The patio chair is stylish. Unfortunately, there isn't a thing on it. What, you think everything in TextWorld should have stuff on it? An open BBQ is in the room. Empty! What kind of nightmare TextWorld is this?

There is an open screen door leading east. There is a closed barn door leading north. There is an exit to the west. Don't worry, there is no door.",Backyard,"You find yourself in a backyard. A standard one.

You make out a patio table. Unfortunately, there isn't a thing on it. It would have been so cool if there was stuff on the patio table. You can see a patio chair. The patio chair is stylish. Unfortunately, there isn't a thing on it. What, you think everything in TextWorld should have stuff on it? An open BBQ is in the room. Empty! What kind of nightmare TextWorld is this?

There is an open screen door leading east. There is a closed barn door leading north. There is an exit to the west. Don't worry, there is no door.",You are carrying: a raw purple potato and a raw yellow potato.,0 of 16,0.0,False,
84,,,I should go east through the open screen door to check the kitchen for the cookbook and cooking tools.,go east,,"You are in a corridor. An ordinary kind of place. You try to gain information on your surroundings by using a technique you call ""looking.""



There is an open screen door leading west. You need an exit without a door? You should try going east. You need an exit without a door? You should try going north. There is an exit to the south.",Corridor,"You are in a corridor. An ordinary kind of place. You try to gain information on your surroundings by using a technique you call ""looking.""



There is an open screen door leading west. You need an exit without a door? You should try going east. You need an exit without a door? You should try going north. There is an exit to the south.",You are carrying: a raw purple potato and a raw yellow potato.,0 of 16,0.0,False,
85,,,I should go west through the open screen door to reach the kitchen and check the cookbook for the recipe.,go west,,"You find yourself in a backyard. A standard one.

You make out a patio table. Unfortunately, there isn't a thing on it. It would have been so cool if there was stuff on the patio table. You can see a patio chair. The patio chair is stylish. Unfortunately, there isn't a thing on it. What, you think everything in TextWorld should have stuff on it? An open BBQ is in the room. Empty! What kind of nightmare TextWorld is this?

There is an open screen door leading east. There is a closed barn door leading north. There is an exit to the west. Don't worry, there is no door.",Backyard,"You find yourself in a backyard. A standard one.

You make out a patio table. Unfortunately, there isn't a thing on it. It would have been so cool if there was stuff on the patio table. You can see a patio chair. The patio chair is stylish. Unfortunately, there isn't a thing on it. What, you think everything in TextWorld should have stuff on it? An open BBQ is in the room. Empty! What kind of nightmare TextWorld is this?

There is an open screen door leading east. There is a closed barn door leading north. There is an exit to the west. Don't worry, there is no door.",You are carrying: a raw purple potato and a raw yellow potato.,0 of 16,0.0,False,
86,,,I should go east through the open screen door to check the kitchen for the cookbook and cooking tools.,go east,,"You are in a corridor. An ordinary kind of place. You try to gain information on your surroundings by using a technique you call ""looking.""



There is an open screen door leading west. You need an exit without a door? You should try going east. You need an exit without a door? You should try going north. There is an exit to the south.",Corridor,"You are in a corridor. An ordinary kind of place. You try to gain information on your surroundings by using a technique you call ""looking.""



There is an open screen door leading west. You need an exit without a door? You should try going east. You need an exit without a door? You should try going north. There is an exit to the south.",You are carrying: a raw purple potato and a raw yellow potato.,0 of 16,0.0,False,
87,,,I should go west through the open screen door to reach the kitchen where the cookbook is likely located.,go west,,"You find yourself in a backyard. A standard one.

You make out a patio table. Unfortunately, there isn't a thing on it. It would have been so cool if there was stuff on the patio table. You can see a patio chair. The patio chair is stylish. Unfortunately, there isn't a thing on it. What, you think everything in TextWorld should have stuff on it? An open BBQ is in the room. Empty! What kind of nightmare TextWorld is this?

There is an open screen door leading east. There is a closed barn door leading north. There is an exit to the west. Don't worry, there is no door.",Backyard,"You find yourself in a backyard. A standard one.

You make out a patio table. Unfortunately, there isn't a thing on it. It would have been so cool if there was stuff on the patio table. You can see a patio chair. The patio chair is stylish. Unfortunately, there isn't a thing on it. What, you think everything in TextWorld should have stuff on it? An open BBQ is in the room. Empty! What kind of nightmare TextWorld is this?

There is an open screen door leading east. There is a closed barn door leading north. There is an exit to the west. Don't worry, there is no door.",You are carrying: a raw purple potato and a raw yellow potato.,0 of 16,0.0,False,
88,,,I should go east through the open screen door to check the kitchen for the cookbook and cooking tools.,go east,,"You are in a corridor. An ordinary kind of place. You try to gain information on your surroundings by using a technique you call ""looking.""



There is an open screen door leading west. You need an exit without a door? You should try going east. You need an exit without a door? You should try going north. There is an exit to the south.",Corridor,"You are in a corridor. An ordinary kind of place. You try to gain information on your surroundings by using a technique you call ""looking.""



There is an open screen door leading west. You need an exit without a door? You should try going east. You need an exit without a door? You should try going north. There is an exit to the south.",You are carrying: a raw purple potato and a raw yellow potato.,0 of 16,0.0,False,
89,,,I should go west through the open screen door to find the kitchen where the cookbook might be.,go west,,"You find yourself in a backyard. A standard one.

You make out a patio table. Unfortunately, there isn't a thing on it. It would have been so cool if there was stuff on the patio table. You can see a patio chair. The patio chair is stylish. Unfortunately, there isn't a thing on it. What, you think everything in TextWorld should have stuff on it? An open BBQ is in the room. Empty! What kind of nightmare TextWorld is this?

There is an open screen door leading east. There is a closed barn door leading north. There is an exit to the west. Don't worry, there is no door.",Backyard,"You find yourself in a backyard. A standard one.

You make out a patio table. Unfortunately, there isn't a thing on it. It would have been so cool if there was stuff on the patio table. You can see a patio chair. The patio chair is stylish. Unfortunately, there isn't a thing on it. What, you think everything in TextWorld should have stuff on it? An open BBQ is in the room. Empty! What kind of nightmare TextWorld is this?

There is an open screen door leading east. There is a closed barn door leading north. There is an exit to the west. Don't worry, there is no door.",You are carrying: a raw purple potato and a raw yellow potato.,0 of 16,0.0,False,
90,,,I should go east through the open screen door to check the kitchen for the cookbook and recipe.,go east,,"You are in a corridor. An ordinary kind of place. You try to gain information on your surroundings by using a technique you call ""looking.""



There is an open screen door leading west. You need an exit without a door? You should try going east. You need an exit without a door? You should try going north. There is an exit to the south.",Corridor,"You are in a corridor. An ordinary kind of place. You try to gain information on your surroundings by using a technique you call ""looking.""



There is an open screen door leading west. You need an exit without a door? You should try going east. You need an exit without a door? You should try going north. There is an exit to the south.",You are carrying: a raw purple potato and a raw yellow potato.,0 of 16,0.0,False,
91,,,I should go west through the open screen door to reach the kitchen where the cookbook is likely located.,go west,,"You find yourself in a backyard. A standard one.

You make out a patio table. Unfortunately, there isn't a thing on it. It would have been so cool if there was stuff on the patio table. You can see a patio chair. The patio chair is stylish. Unfortunately, there isn't a thing on it. What, you think everything in TextWorld should have stuff on it? An open BBQ is in the room. Empty! What kind of nightmare TextWorld is this?

There is an open screen door leading east. There is a closed barn door leading north. There is an exit to the west. Don't worry, there is no door.",Backyard,"You find yourself in a backyard. A standard one.

You make out a patio table. Unfortunately, there isn't a thing on it. It would have been so cool if there was stuff on the patio table. You can see a patio chair. The patio chair is stylish. Unfortunately, there isn't a thing on it. What, you think everything in TextWorld should have stuff on it? An open BBQ is in the room. Empty! What kind of nightmare TextWorld is this?

There is an open screen door leading east. There is a closed barn door leading north. There is an exit to the west. Don't worry, there is no door.",You are carrying: a raw purple potato and a raw yellow potato.,0 of 16,0.0,False,
92,,,I should go east through the open screen door to check the kitchen for the cookbook and ingredients to cook a meal.,go east,,"You are in a corridor. An ordinary kind of place. You try to gain information on your surroundings by using a technique you call ""looking.""



There is an open screen door leading west. You need an exit without a door? You should try going east. You need an exit without a door? You should try going north. There is an exit to the south.",Corridor,"You are in a corridor. An ordinary kind of place. You try to gain information on your surroundings by using a technique you call ""looking.""



There is an open screen door leading west. You need an exit without a door? You should try going east. You need an exit without a door? You should try going north. There is an exit to the south.",You are carrying: a raw purple potato and a raw yellow potato.,0 of 16,0.0,False,
93,,,I should go west through the open screen door to find the kitchen where the cookbook might be.,go west,,"You find yourself in a backyard. A standard one.

You make out a patio table. Unfortunately, there isn't a thing on it. It would have been so cool if there was stuff on the patio table. You can see a patio chair. The patio chair is stylish. Unfortunately, there isn't a thing on it. What, you think everything in TextWorld should have stuff on it? An open BBQ is in the room. Empty! What kind of nightmare TextWorld is this?

There is an open screen door leading east. There is a closed barn door leading north. There is an exit to the west. Don't worry, there is no door.",Backyard,"You find yourself in a backyard. A standard one.

You make out a patio table. Unfortunately, there isn't a thing on it. It would have been so cool if there was stuff on the patio table. You can see a patio chair. The patio chair is stylish. Unfortunately, there isn't a thing on it. What, you think everything in TextWorld should have stuff on it? An open BBQ is in the room. Empty! What kind of nightmare TextWorld is this?

There is an open screen door leading east. There is a closed barn door leading north. There is an exit to the west. Don't worry, there is no door.",You are carrying: a raw purple potato and a raw yellow potato.,0 of 16,0.0,False,
94,,,I should go east through the open screen door to check the kitchen for the cookbook and cooking tools.,go east,,"You are in a corridor. An ordinary kind of place. You try to gain information on your surroundings by using a technique you call ""looking.""



There is an open screen door leading west. You need an exit without a door? You should try going east. You need an exit without a door? You should try going north. There is an exit to the south.",Corridor,"You are in a corridor. An ordinary kind of place. You try to gain information on your surroundings by using a technique you call ""looking.""



There is an open screen door leading west. You need an exit without a door? You should try going east. You need an exit without a door? You should try going north. There is an exit to the south.",You are carrying: a raw purple potato and a raw yellow potato.,0 of 16,0.0,False,
95,,,I should go west through the open screen door to find the kitchen where the cookbook might be.,go west,,"You find yourself in a backyard. A standard one.

You make out a patio table. Unfortunately, there isn't a thing on it. It would have been so cool if there was stuff on the patio table. You can see a patio chair. The patio chair is stylish. Unfortunately, there isn't a thing on it. What, you think everything in TextWorld should have stuff on it? An open BBQ is in the room. Empty! What kind of nightmare TextWorld is this?

There is an open screen door leading east. There is a closed barn door leading north. There is an exit to the west. Don't worry, there is no door.",Backyard,"You find yourself in a backyard. A standard one.

You make out a patio table. Unfortunately, there isn't a thing on it. It would have been so cool if there was stuff on the patio table. You can see a patio chair. The patio chair is stylish. Unfortunately, there isn't a thing on it. What, you think everything in TextWorld should have stuff on it? An open BBQ is in the room. Empty! What kind of nightmare TextWorld is this?

There is an open screen door leading east. There is a closed barn door leading north. There is an exit to the west. Don't worry, there is no door.",You are carrying: a raw purple potato and a raw yellow potato.,0 of 16,0.0,False,
96,,,I should go east through the open screen door to check the kitchen for the cookbook and recipe.,go east,,"You are in a corridor. An ordinary kind of place. You try to gain information on your surroundings by using a technique you call ""looking.""



There is an open screen door leading west. You need an exit without a door? You should try going east. You need an exit without a door? You should try going north. There is an exit to the south.",Corridor,"You are in a corridor. An ordinary kind of place. You try to gain information on your surroundings by using a technique you call ""looking.""



There is an open screen door leading west. You need an exit without a door? You should try going east. You need an exit without a door? You should try going north. There is an exit to the south.",You are carrying: a raw purple potato and a raw yellow potato.,0 of 16,0.0,False,
97,,,I should go west through the open screen door to find the kitchen where the cookbook might be.,go west,,"You find yourself in a backyard. A standard one.

You make out a patio table. Unfortunately, there isn't a thing on it. It would have been so cool if there was stuff on the patio table. You can see a patio chair. The patio chair is stylish. Unfortunately, there isn't a thing on it. What, you think everything in TextWorld should have stuff on it? An open BBQ is in the room. Empty! What kind of nightmare TextWorld is this?

There is an open screen door leading east. There is a closed barn door leading north. There is an exit to the west. Don't worry, there is no door.",Backyard,"You find yourself in a backyard. A standard one.

You make out a patio table. Unfortunately, there isn't a thing on it. It would have been so cool if there was stuff on the patio table. You can see a patio chair. The patio chair is stylish. Unfortunately, there isn't a thing on it. What, you think everything in TextWorld should have stuff on it? An open BBQ is in the room. Empty! What kind of nightmare TextWorld is this?

There is an open screen door leading east. There is a closed barn door leading north. There is an exit to the west. Don't worry, there is no door.",You are carrying: a raw purple potato and a raw yellow potato.,0 of 16,0.0,False,
98,,,I should go east through the open screen door to check the kitchen for the cookbook and cooking tools.,go east,,"You are in a corridor. An ordinary kind of place. You try to gain information on your surroundings by using a technique you call ""looking.""



There is an open screen door leading west. You need an exit without a door? You should try going east. You need an exit without a door? You should try going north. There is an exit to the south.",Corridor,"You are in a corridor. An ordinary kind of place. You try to gain information on your surroundings by using a technique you call ""looking.""



There is an open screen door leading west. You need an exit without a door? You should try going east. You need an exit without a door? You should try going north. There is an exit to the south.",You are carrying: a raw purple potato and a raw yellow potato.,0 of 16,0.0,False,
99,,,I should go west through the open screen door to reach the kitchen where the cookbook is likely located.,go west,,"You find yourself in a backyard. A standard one.

You make out a patio table. Unfortunately, there isn't a thing on it. It would have been so cool if there was stuff on the patio table. You can see a patio chair. The patio chair is stylish. Unfortunately, there isn't a thing on it. What, you think everything in TextWorld should have stuff on it? An open BBQ is in the room. Empty! What kind of nightmare TextWorld is this?

There is an open screen door leading east. There is a closed barn door leading north. There is an exit to the west. Don't worry, there is no door.",Backyard,"You find yourself in a backyard. A standard one.

You make out a patio table. Unfortunately, there isn't a thing on it. It would have been so cool if there was stuff on the patio table. You can see a patio chair. The patio chair is stylish. Unfortunately, there isn't a thing on it. What, you think everything in TextWorld should have stuff on it? An open BBQ is in the room. Empty! What kind of nightmare TextWorld is this?

There is an open screen door leading east. There is a closed barn door leading north. There is an exit to the west. Don't worry, there is no door.",You are carrying: a raw purple potato and a raw yellow potato.,0 of 16,0.0,False,
100,,,I should go east through the open screen door to check the kitchen for the cookbook and cooking tools.,go east,,"You are in a corridor. An ordinary kind of place. You try to gain information on your surroundings by using a technique you call ""looking.""



There is an open screen door leading west. You need an exit without a door? You should try going east. You need an exit without a door? You should try going north. There is an exit to the south.",Corridor,"You are in a corridor. An ordinary kind of place. You try to gain information on your surroundings by using a technique you call ""looking.""



There is an open screen door leading west. You need an exit without a door? You should try going east. You need an exit without a door? You should try going north. There is an exit to the south.",You are carrying: a raw purple potato and a raw yellow potato.,0 of 16,0.0,True,
