step_id,plan,summary,thought,action,task,feedback,location,description,inventory,score,reward,is_done,error
0,,,,,"You are hungry! Let's cook a delicious meal. Check the cookbook in the kitchen for the recipe. Once done, enjoy your meal!",,Pantry,"Fancy seeing you here. Here, by the way, being the pantry.

You can see a shelf. The shelf is wooden. But the thing is empty.

There is a closed frosted-glass door leading north.","You are carrying: an orange bell pepper, a raw yellow potato, a raw pork chop, a white onion, a yellow bell pepper, a red onion and a raw purple potato.",0 of 16,0.0,False,
1,,,I should go north through the frosted-glass door to reach the kitchen and check the cookbook for the recipe.,go north,,You have to open the frosted-glass door first.,Pantry,"Fancy seeing you here. Here, by the way, being the pantry.

You can see a shelf. The shelf is wooden. But the thing is empty.

There is a closed frosted-glass door leading north.","You are carrying: an orange bell pepper, a raw yellow potato, a raw pork chop, a white onion, a yellow bell pepper, a red onion and a raw purple potato.",0 of 16,0.0,False,
2,,,I need to open the frosted-glass door to proceed.,open frosted-glass door,,You open frosted-glass door.,Pantry,"Fancy seeing you here. Here, by the way, being the pantry.

You can see a shelf. The shelf is wooden. But the thing is empty.

There is an open frosted-glass door leading north.","You are carrying: an orange bell pepper, a raw yellow potato, a raw pork chop, a white onion, a yellow bell pepper, a red onion and a raw purple potato.",0 of 16,0.0,False,
3,,,I should go north through the open frosted-glass door to reach the kitchen and check the cookbook for the recipe.,go north,,"This might come as a shock to you, but you've just walked into a kitchen. Okay, just remember what you're here to do, and everything will go great.

You hear a noise behind you and spin around, but you can't see anything other than a fridge. You can make out a closed oven close by. If you haven't noticed it already, there seems to be something there by the wall, it's a table. The table is massive. On the table you see a cookbook and a knife. You see a counter. You see a red hot pepper, a red apple, a banana and a raw red potato on the counter. You can make out a stove. However, the stove, like an empty stove, has nothing on it.

There is an open frosted-glass door leading south. You don't like doors? Why not try going west, that entranceway is not blocked by one.",Kitchen,"This might come as a shock to you, but you've just walked into a kitchen. Okay, just remember what you're here to do, and everything will go great.

You hear a noise behind you and spin around, but you can't see anything other than a fridge. You can make out a closed oven close by. If you haven't noticed it already, there seems to be something there by the wall, it's a table. The table is massive. On the table you see a cookbook and a knife. You see a counter. You see a red hot pepper, a red apple, a banana and a raw red potato on the counter. You can make out a stove. However, the stove, like an empty stove, has nothing on it.

There is an open frosted-glass door leading south. You don't like doors? Why not try going west, that entranceway is not blocked by one.","You are carrying: an orange bell pepper, a raw yellow potato, a raw pork chop, a white onion, a yellow bell pepper, a red onion and a raw purple potato.",0 of 16,0.0,False,
4,,,I should examine the cookbook on the table to find the recipe for a delicious meal.,examine cookbook,,"You open the copy of ""Cooking: A Modern Approach (3rd Ed.)"" and start reading:

Recipe #1
---------
Gather all following ingredients and follow the directions to prepare this tasty meal.

Ingredients:
red hot pepper
  carrot
  orange bell pepper
  block of cheese
  red apple

Directions:
slice the red hot pepper
  fry the red hot pepper
  slice the carrot
  roast the carrot
  slice the orange bell pepper
  roast the orange bell pepper
  dice the block of cheese
  fry the block of cheese
  slice the red apple
  fry the red apple
  prepare meal",Kitchen,"This might come as a shock to you, but you've just walked into a kitchen. Okay, just remember what you're here to do, and everything will go great.

You hear a noise behind you and spin around, but you can't see anything other than a fridge. You can make out a closed oven close by. If you haven't noticed it already, there seems to be something there by the wall, it's a table. The table is massive. On the table you see a cookbook and a knife. You see a counter. You see a red hot pepper, a red apple, a banana and a raw red potato on the counter. You can make out a stove. However, the stove, like an empty stove, has nothing on it.

There is an open frosted-glass door leading south. You don't like doors? Why not try going west, that entranceway is not blocked by one.","You are carrying: an orange bell pepper, a raw yellow potato, a raw pork chop, a white onion, a yellow bell pepper, a red onion and a raw purple potato.",0 of 16,0.0,False,
5,,,I need to gather the missing ingredients from the counter and then follow the recipe steps in order. I will first take the red hot pepper and the red apple from the counter.,take red hot pepper from counter,,You're carrying too many things already.,Kitchen,"This might come as a shock to you, but you've just walked into a kitchen. Okay, just remember what you're here to do, and everything will go great.

You hear a noise behind you and spin around, but you can't see anything other than a fridge. You can make out a closed oven close by. If you haven't noticed it already, there seems to be something there by the wall, it's a table. The table is massive. On the table you see a cookbook and a knife. You see a counter. You see a red hot pepper, a red apple, a banana and a raw red potato on the counter. You can make out a stove. However, the stove, like an empty stove, has nothing on it.

There is an open frosted-glass door leading south. You don't like doors? Why not try going west, that entranceway is not blocked by one.","You are carrying: an orange bell pepper, a raw yellow potato, a raw pork chop, a white onion, a yellow bell pepper, a red onion and a raw purple potato.",0 of 16,0.0,False,
6,,,"I am carrying too many items, so I should drop some to free up space before taking the cookbook and knife from the table to check the recipe.",drop raw purple potato,,You drop the purple potato on the ground.,Kitchen,"This might come as a shock to you, but you've just walked into a kitchen. Okay, just remember what you're here to do, and everything will go great.

You hear a noise behind you and spin around, but you can't see anything other than a fridge. You can make out a closed oven close by. If you haven't noticed it already, there seems to be something there by the wall, it's a table. The table is massive. On the table you see a cookbook and a knife. You see a counter. You see a red hot pepper, a red apple, a banana and a raw red potato on the counter. You can make out a stove. However, the stove, like an empty stove, has nothing on it.

There is an open frosted-glass door leading south. You don't like doors? Why not try going west, that entranceway is not blocked by one.

There is a raw purple potato on the floor.","You are carrying: an orange bell pepper, a raw yellow potato, a raw pork chop, a white onion, a yellow bell pepper and a red onion.",0 of 16,0.0,False,
7,,,I should examine the cookbook on the table to find a recipe for a delicious meal.,examine cookbook,,"You open the copy of ""Cooking: A Modern Approach (3rd Ed.)"" and start reading:

Recipe #1
---------
Gather all following ingredients and follow the directions to prepare this tasty meal.

Ingredients:
red hot pepper
  carrot
  orange bell pepper
  block of cheese
  red apple

Directions:
slice the red hot pepper
  fry the red hot pepper
  slice the carrot
  roast the carrot
  slice the orange bell pepper
  roast the orange bell pepper
  dice the block of cheese
  fry the block of cheese
  slice the red apple
  fry the red apple
  prepare meal",Kitchen,"This might come as a shock to you, but you've just walked into a kitchen. Okay, just remember what you're here to do, and everything will go great.

You hear a noise behind you and spin around, but you can't see anything other than a fridge. You can make out a closed oven close by. If you haven't noticed it already, there seems to be something there by the wall, it's a table. The table is massive. On the table you see a cookbook and a knife. You see a counter. You see a red hot pepper, a red apple, a banana and a raw red potato on the counter. You can make out a stove. However, the stove, like an empty stove, has nothing on it.

There is an open frosted-glass door leading south. You don't like doors? Why not try going west, that entranceway is not blocked by one.

There is a raw purple potato on the floor.","You are carrying: an orange bell pepper, a raw yellow potato, a raw pork chop, a white onion, a yellow bell pepper and a red onion.",0 of 16,0.0,False,
8,,,"I need to gather the ingredients from the recipe that I don't have yet: red hot pepper, carrot, block of cheese, and red apple. I already have the orange bell pepper. I see a red hot pepper and a red apple on the counter, so I will take those first.",take red hot pepper from counter,,You're carrying too many things already.,Kitchen,"This might come as a shock to you, but you've just walked into a kitchen. Okay, just remember what you're here to do, and everything will go great.

You hear a noise behind you and spin around, but you can't see anything other than a fridge. You can make out a closed oven close by. If you haven't noticed it already, there seems to be something there by the wall, it's a table. The table is massive. On the table you see a cookbook and a knife. You see a counter. You see a red hot pepper, a red apple, a banana and a raw red potato on the counter. You can make out a stove. However, the stove, like an empty stove, has nothing on it.

There is an open frosted-glass door leading south. You don't like doors? Why not try going west, that entranceway is not blocked by one.

There is a raw purple potato on the floor.","You are carrying: an orange bell pepper, a raw yellow potato, a raw pork chop, a white onion, a yellow bell pepper and a red onion.",0 of 16,0.0,False,
9,,,"I am carrying too many items, so I should drop one to free up space before taking the cookbook to check the recipe.",drop orange bell pepper,,You drop the orange bell pepper on the ground.,Kitchen,"This might come as a shock to you, but you've just walked into a kitchen. Okay, just remember what you're here to do, and everything will go great.

You hear a noise behind you and spin around, but you can't see anything other than a fridge. You can make out a closed oven close by. If you haven't noticed it already, there seems to be something there by the wall, it's a table. The table is massive. On the table you see a cookbook and a knife. You see a counter. You see a red hot pepper, a red apple, a banana and a raw red potato on the counter. You can make out a stove. However, the stove, like an empty stove, has nothing on it.

There is an open frosted-glass door leading south. You don't like doors? Why not try going west, that entranceway is not blocked by one.

There is an orange bell pepper and a raw purple potato on the floor.","You are carrying: a raw yellow potato, a raw pork chop, a white onion, a yellow bell pepper and a red onion.",0 of 16,0.0,False,
10,,,I should check the cookbook on the table to find a recipe for a delicious meal.,examine cookbook,,"You open the copy of ""Cooking: A Modern Approach (3rd Ed.)"" and start reading:

Recipe #1
---------
Gather all following ingredients and follow the directions to prepare this tasty meal.

Ingredients:
red hot pepper
  carrot
  orange bell pepper
  block of cheese
  red apple

Directions:
slice the red hot pepper
  fry the red hot pepper
  slice the carrot
  roast the carrot
  slice the orange bell pepper
  roast the orange bell pepper
  dice the block of cheese
  fry the block of cheese
  slice the red apple
  fry the red apple
  prepare meal",Kitchen,"This might come as a shock to you, but you've just walked into a kitchen. Okay, just remember what you're here to do, and everything will go great.

You hear a noise behind you and spin around, but you can't see anything other than a fridge. You can make out a closed oven close by. If you haven't noticed it already, there seems to be something there by the wall, it's a table. The table is massive. On the table you see a cookbook and a knife. You see a counter. You see a red hot pepper, a red apple, a banana and a raw red potato on the counter. You can make out a stove. However, the stove, like an empty stove, has nothing on it.

There is an open frosted-glass door leading south. You don't like doors? Why not try going west, that entranceway is not blocked by one.

There is an orange bell pepper and a raw purple potato on the floor.","You are carrying: a raw yellow potato, a raw pork chop, a white onion, a yellow bell pepper and a red onion.",0 of 16,0.0,False,
11,,,"I need to gather all the ingredients listed in the recipe: red hot pepper, carrot, orange bell pepper, block of cheese, and red apple. I already have some items in my inventory, but I need to take the missing ingredients from the kitchen.",take red hot pepper from counter,,You're carrying too many things already.,Kitchen,"This might come as a shock to you, but you've just walked into a kitchen. Okay, just remember what you're here to do, and everything will go great.

You hear a noise behind you and spin around, but you can't see anything other than a fridge. You can make out a closed oven close by. If you haven't noticed it already, there seems to be something there by the wall, it's a table. The table is massive. On the table you see a cookbook and a knife. You see a counter. You see a red hot pepper, a red apple, a banana and a raw red potato on the counter. You can make out a stove. However, the stove, like an empty stove, has nothing on it.

There is an open frosted-glass door leading south. You don't like doors? Why not try going west, that entranceway is not blocked by one.

There is an orange bell pepper and a raw purple potato on the floor.","You are carrying: a raw yellow potato, a raw pork chop, a white onion, a yellow bell pepper and a red onion.",0 of 16,0.0,False,
12,,,"I am carrying too many items, so I should drop some items to free up space before taking the cookbook and knife from the table to check the recipe.",drop raw yellow potato,,You drop the yellow potato on the ground.,Kitchen,"This might come as a shock to you, but you've just walked into a kitchen. Okay, just remember what you're here to do, and everything will go great.

You hear a noise behind you and spin around, but you can't see anything other than a fridge. You can make out a closed oven close by. If you haven't noticed it already, there seems to be something there by the wall, it's a table. The table is massive. On the table you see a cookbook and a knife. You see a counter. You see a red hot pepper, a red apple, a banana and a raw red potato on the counter. You can make out a stove. However, the stove, like an empty stove, has nothing on it.

There is an open frosted-glass door leading south. You don't like doors? Why not try going west, that entranceway is not blocked by one.

There is a raw yellow potato, an orange bell pepper and a raw purple potato on the floor.","You are carrying: a raw pork chop, a white onion, a yellow bell pepper and a red onion.",0 of 16,0.0,False,
13,,,I should examine the cookbook on the table to find a recipe for a delicious meal.,examine cookbook,,"You open the copy of ""Cooking: A Modern Approach (3rd Ed.)"" and start reading:

Recipe #1
---------
Gather all following ingredients and follow the directions to prepare this tasty meal.

Ingredients:
red hot pepper
  carrot
  orange bell pepper
  block of cheese
  red apple

Directions:
slice the red hot pepper
  fry the red hot pepper
  slice the carrot
  roast the carrot
  slice the orange bell pepper
  roast the orange bell pepper
  dice the block of cheese
  fry the block of cheese
  slice the red apple
  fry the red apple
  prepare meal",Kitchen,"This might come as a shock to you, but you've just walked into a kitchen. Okay, just remember what you're here to do, and everything will go great.

You hear a noise behind you and spin around, but you can't see anything other than a fridge. You can make out a closed oven close by. If you haven't noticed it already, there seems to be something there by the wall, it's a table. The table is massive. On the table you see a cookbook and a knife. You see a counter. You see a red hot pepper, a red apple, a banana and a raw red potato on the counter. You can make out a stove. However, the stove, like an empty stove, has nothing on it.

There is an open frosted-glass door leading south. You don't like doors? Why not try going west, that entranceway is not blocked by one.

There is a raw yellow potato, an orange bell pepper and a raw purple potato on the floor.","You are carrying: a raw pork chop, a white onion, a yellow bell pepper and a red onion.",0 of 16,0.0,False,
14,,,"I need to gather all the ingredients listed in the recipe: red hot pepper, carrot, orange bell pepper, block of cheese, and red apple. I already have a yellow bell pepper and red onion, but I need to take the red hot pepper, carrot, orange bell pepper, and red apple from the counter and floor.",take red hot pepper from counter,,"You take the red hot pepper from the counter.



Your score has just gone up by one point.",Kitchen,"This might come as a shock to you, but you've just walked into a kitchen. Okay, just remember what you're here to do, and everything will go great.

You hear a noise behind you and spin around, but you can't see anything other than a fridge. You can make out a closed oven close by. If you haven't noticed it already, there seems to be something there by the wall, it's a table. The table is massive. On the table you see a cookbook and a knife. You see a counter. You see a red apple, a banana and a raw red potato on the counter. You can make out a stove. However, the stove, like an empty stove, has nothing on it.

There is an open frosted-glass door leading south. You don't like doors? Why not try going west, that entranceway is not blocked by one.

There is a raw yellow potato, an orange bell pepper and a raw purple potato on the floor.","You are carrying: a red hot pepper, a raw pork chop, a white onion, a yellow bell pepper and a red onion.",1 of 16,0.0625,False,
15,,,I should examine the cookbook on the table to find the recipe for a delicious meal.,examine cookbook,,"You open the copy of ""Cooking: A Modern Approach (3rd Ed.)"" and start reading:

Recipe #1
---------
Gather all following ingredients and follow the directions to prepare this tasty meal.

Ingredients:
red hot pepper
  carrot
  orange bell pepper
  block of cheese
  red apple

Directions:
slice the red hot pepper
  fry the red hot pepper
  slice the carrot
  roast the carrot
  slice the orange bell pepper
  roast the orange bell pepper
  dice the block of cheese
  fry the block of cheese
  slice the red apple
  fry the red apple
  prepare meal",Kitchen,"This might come as a shock to you, but you've just walked into a kitchen. Okay, just remember what you're here to do, and everything will go great.

You hear a noise behind you and spin around, but you can't see anything other than a fridge. You can make out a closed oven close by. If you haven't noticed it already, there seems to be something there by the wall, it's a table. The table is massive. On the table you see a cookbook and a knife. You see a counter. You see a red apple, a banana and a raw red potato on the counter. You can make out a stove. However, the stove, like an empty stove, has nothing on it.

There is an open frosted-glass door leading south. You don't like doors? Why not try going west, that entranceway is not blocked by one.

There is a raw yellow potato, an orange bell pepper and a raw purple potato on the floor.","You are carrying: a red hot pepper, a raw pork chop, a white onion, a yellow bell pepper and a red onion.",1 of 16,0.0625,False,
16,,,"I need to gather the ingredients from the recipe: red hot pepper, carrot, orange bell pepper, block of cheese, and red apple. I already have the red hot pepper and orange bell pepper in the kitchen, but I need to find the carrot, block of cheese, and red apple. I see a red apple on the counter, so I will take it first.",take red apple from counter,,You're carrying too many things already.,Kitchen,"This might come as a shock to you, but you've just walked into a kitchen. Okay, just remember what you're here to do, and everything will go great.

You hear a noise behind you and spin around, but you can't see anything other than a fridge. You can make out a closed oven close by. If you haven't noticed it already, there seems to be something there by the wall, it's a table. The table is massive. On the table you see a cookbook and a knife. You see a counter. You see a red apple, a banana and a raw red potato on the counter. You can make out a stove. However, the stove, like an empty stove, has nothing on it.

There is an open frosted-glass door leading south. You don't like doors? Why not try going west, that entranceway is not blocked by one.

There is a raw yellow potato, an orange bell pepper and a raw purple potato on the floor.","You are carrying: a red hot pepper, a raw pork chop, a white onion, a yellow bell pepper and a red onion.",1 of 16,0.0625,False,
17,,,"I am carrying too many items, so I should drop one to free up space before taking the cookbook to check the recipe.",drop red hot pepper,,You drop the red hot pepper on the ground.,Kitchen,"This might come as a shock to you, but you've just walked into a kitchen. Okay, just remember what you're here to do, and everything will go great.

You hear a noise behind you and spin around, but you can't see anything other than a fridge. You can make out a closed oven close by. If you haven't noticed it already, there seems to be something there by the wall, it's a table. The table is massive. On the table you see a cookbook and a knife. You see a counter. You see a red apple, a banana and a raw red potato on the counter. You can make out a stove. However, the stove, like an empty stove, has nothing on it.

There is an open frosted-glass door leading south. You don't like doors? Why not try going west, that entranceway is not blocked by one.

There is a red hot pepper, a raw yellow potato, an orange bell pepper and a raw purple potato on the floor.","You are carrying: a raw pork chop, a white onion, a yellow bell pepper and a red onion.",1 of 16,0.0625,False,
18,,,I should check the cookbook on the table to find a recipe for a delicious meal.,examine cookbook,,"You open the copy of ""Cooking: A Modern Approach (3rd Ed.)"" and start reading:

Recipe #1
---------
Gather all following ingredients and follow the directions to prepare this tasty meal.

Ingredients:
red hot pepper
  carrot
  orange bell pepper
  block of cheese
  red apple

Directions:
slice the red hot pepper
  fry the red hot pepper
  slice the carrot
  roast the carrot
  slice the orange bell pepper
  roast the orange bell pepper
  dice the block of cheese
  fry the block of cheese
  slice the red apple
  fry the red apple
  prepare meal",Kitchen,"This might come as a shock to you, but you've just walked into a kitchen. Okay, just remember what you're here to do, and everything will go great.

You hear a noise behind you and spin around, but you can't see anything other than a fridge. You can make out a closed oven close by. If you haven't noticed it already, there seems to be something there by the wall, it's a table. The table is massive. On the table you see a cookbook and a knife. You see a counter. You see a red apple, a banana and a raw red potato on the counter. You can make out a stove. However, the stove, like an empty stove, has nothing on it.

There is an open frosted-glass door leading south. You don't like doors? Why not try going west, that entranceway is not blocked by one.

There is a red hot pepper, a raw yellow potato, an orange bell pepper and a raw purple potato on the floor.","You are carrying: a raw pork chop, a white onion, a yellow bell pepper and a red onion.",1 of 16,0.0625,False,
19,,,"I need to gather the ingredients from the recipe: red hot pepper, carrot, orange bell pepper, block of cheese, and red apple. I already have a red apple on the counter and a red hot pepper on the floor. I should take the red hot pepper first.",take red hot pepper from floor,,You pick up the red hot pepper from the ground.,Kitchen,"This might come as a shock to you, but you've just walked into a kitchen. Okay, just remember what you're here to do, and everything will go great.

You hear a noise behind you and spin around, but you can't see anything other than a fridge. You can make out a closed oven close by. If you haven't noticed it already, there seems to be something there by the wall, it's a table. The table is massive. On the table you see a cookbook and a knife. You see a counter. You see a red apple, a banana and a raw red potato on the counter. You can make out a stove. However, the stove, like an empty stove, has nothing on it.

There is an open frosted-glass door leading south. You don't like doors? Why not try going west, that entranceway is not blocked by one.

There is a raw yellow potato, an orange bell pepper and a raw purple potato on the floor.","You are carrying: a red hot pepper, a raw pork chop, a white onion, a yellow bell pepper and a red onion.",1 of 16,0.0625,False,
20,,,I should examine the cookbook on the table to find a recipe for a delicious meal.,examine cookbook,,"You open the copy of ""Cooking: A Modern Approach (3rd Ed.)"" and start reading:

Recipe #1
---------
Gather all following ingredients and follow the directions to prepare this tasty meal.

Ingredients:
red hot pepper
  carrot
  orange bell pepper
  block of cheese
  red apple

Directions:
slice the red hot pepper
  fry the red hot pepper
  slice the carrot
  roast the carrot
  slice the orange bell pepper
  roast the orange bell pepper
  dice the block of cheese
  fry the block of cheese
  slice the red apple
  fry the red apple
  prepare meal",Kitchen,"This might come as a shock to you, but you've just walked into a kitchen. Okay, just remember what you're here to do, and everything will go great.

You hear a noise behind you and spin around, but you can't see anything other than a fridge. You can make out a closed oven close by. If you haven't noticed it already, there seems to be something there by the wall, it's a table. The table is massive. On the table you see a cookbook and a knife. You see a counter. You see a red apple, a banana and a raw red potato on the counter. You can make out a stove. However, the stove, like an empty stove, has nothing on it.

There is an open frosted-glass door leading south. You don't like doors? Why not try going west, that entranceway is not blocked by one.

There is a raw yellow potato, an orange bell pepper and a raw purple potato on the floor.","You are carrying: a red hot pepper, a raw pork chop, a white onion, a yellow bell pepper and a red onion.",1 of 16,0.0625,False,
21,,,"I need to gather the ingredients from the recipe that I don't have yet: carrot, block of cheese, and red apple. I already have the red hot pepper and orange bell pepper. I see a red apple on the counter, so I will take it first.",take red apple from counter,,You're carrying too many things already.,Kitchen,"This might come as a shock to you, but you've just walked into a kitchen. Okay, just remember what you're here to do, and everything will go great.

You hear a noise behind you and spin around, but you can't see anything other than a fridge. You can make out a closed oven close by. If you haven't noticed it already, there seems to be something there by the wall, it's a table. The table is massive. On the table you see a cookbook and a knife. You see a counter. You see a red apple, a banana and a raw red potato on the counter. You can make out a stove. However, the stove, like an empty stove, has nothing on it.

There is an open frosted-glass door leading south. You don't like doors? Why not try going west, that entranceway is not blocked by one.

There is a raw yellow potato, an orange bell pepper and a raw purple potato on the floor.","You are carrying: a red hot pepper, a raw pork chop, a white onion, a yellow bell pepper and a red onion.",1 of 16,0.0625,False,
22,,,"I am carrying too many items, so I should drop some to free up space before taking the cookbook and knife to check the recipe.",drop red hot pepper,,You drop the red hot pepper on the ground.,Kitchen,"This might come as a shock to you, but you've just walked into a kitchen. Okay, just remember what you're here to do, and everything will go great.

You hear a noise behind you and spin around, but you can't see anything other than a fridge. You can make out a closed oven close by. If you haven't noticed it already, there seems to be something there by the wall, it's a table. The table is massive. On the table you see a cookbook and a knife. You see a counter. You see a red apple, a banana and a raw red potato on the counter. You can make out a stove. However, the stove, like an empty stove, has nothing on it.

There is an open frosted-glass door leading south. You don't like doors? Why not try going west, that entranceway is not blocked by one.

There is a red hot pepper, a raw yellow potato, an orange bell pepper and a raw purple potato on the floor.","You are carrying: a raw pork chop, a white onion, a yellow bell pepper and a red onion.",1 of 16,0.0625,False,
23,,,I should examine the cookbook on the table to find a recipe for a delicious meal.,examine cookbook,,"You open the copy of ""Cooking: A Modern Approach (3rd Ed.)"" and start reading:

Recipe #1
---------
Gather all following ingredients and follow the directions to prepare this tasty meal.

Ingredients:
red hot pepper
  carrot
  orange bell pepper
  block of cheese
  red apple

Directions:
slice the red hot pepper
  fry the red hot pepper
  slice the carrot
  roast the carrot
  slice the orange bell pepper
  roast the orange bell pepper
  dice the block of cheese
  fry the block of cheese
  slice the red apple
  fry the red apple
  prepare meal",Kitchen,"This might come as a shock to you, but you've just walked into a kitchen. Okay, just remember what you're here to do, and everything will go great.

You hear a noise behind you and spin around, but you can't see anything other than a fridge. You can make out a closed oven close by. If you haven't noticed it already, there seems to be something there by the wall, it's a table. The table is massive. On the table you see a cookbook and a knife. You see a counter. You see a red apple, a banana and a raw red potato on the counter. You can make out a stove. However, the stove, like an empty stove, has nothing on it.

There is an open frosted-glass door leading south. You don't like doors? Why not try going west, that entranceway is not blocked by one.

There is a red hot pepper, a raw yellow potato, an orange bell pepper and a raw purple potato on the floor.","You are carrying: a raw pork chop, a white onion, a yellow bell pepper and a red onion.",1 of 16,0.0625,False,
24,,,"I need to gather the ingredients from the recipe: red hot pepper, carrot, orange bell pepper, block of cheese, and red apple. I already have a red apple on the counter and a red hot pepper and orange bell pepper on the floor. I should take these ingredients first.",take red hot pepper from floor,,You pick up the red hot pepper from the ground.,Kitchen,"This might come as a shock to you, but you've just walked into a kitchen. Okay, just remember what you're here to do, and everything will go great.

You hear a noise behind you and spin around, but you can't see anything other than a fridge. You can make out a closed oven close by. If you haven't noticed it already, there seems to be something there by the wall, it's a table. The table is massive. On the table you see a cookbook and a knife. You see a counter. You see a red apple, a banana and a raw red potato on the counter. You can make out a stove. However, the stove, like an empty stove, has nothing on it.

There is an open frosted-glass door leading south. You don't like doors? Why not try going west, that entranceway is not blocked by one.

There is a raw yellow potato, an orange bell pepper and a raw purple potato on the floor.","You are carrying: a red hot pepper, a raw pork chop, a white onion, a yellow bell pepper and a red onion.",1 of 16,0.0625,False,
25,,,I should examine the cookbook on the table to find a recipe for a delicious meal.,examine cookbook,,"You open the copy of ""Cooking: A Modern Approach (3rd Ed.)"" and start reading:

Recipe #1
---------
Gather all following ingredients and follow the directions to prepare this tasty meal.

Ingredients:
red hot pepper
  carrot
  orange bell pepper
  block of cheese
  red apple

Directions:
slice the red hot pepper
  fry the red hot pepper
  slice the carrot
  roast the carrot
  slice the orange bell pepper
  roast the orange bell pepper
  dice the block of cheese
  fry the block of cheese
  slice the red apple
  fry the red apple
  prepare meal",Kitchen,"This might come as a shock to you, but you've just walked into a kitchen. Okay, just remember what you're here to do, and everything will go great.

You hear a noise behind you and spin around, but you can't see anything other than a fridge. You can make out a closed oven close by. If you haven't noticed it already, there seems to be something there by the wall, it's a table. The table is massive. On the table you see a cookbook and a knife. You see a counter. You see a red apple, a banana and a raw red potato on the counter. You can make out a stove. However, the stove, like an empty stove, has nothing on it.

There is an open frosted-glass door leading south. You don't like doors? Why not try going west, that entranceway is not blocked by one.

There is a raw yellow potato, an orange bell pepper and a raw purple potato on the floor.","You are carrying: a red hot pepper, a raw pork chop, a white onion, a yellow bell pepper and a red onion.",1 of 16,0.0625,False,
26,,,"I need to gather the ingredients from the recipe: red hot pepper (already have), carrot, orange bell pepper (on the floor), block of cheese, and red apple (on the counter). I will take the carrot, orange bell pepper, block of cheese, and red apple first.",take carrot from counter,,You can't see any such thing.,Kitchen,"This might come as a shock to you, but you've just walked into a kitchen. Okay, just remember what you're here to do, and everything will go great.

You hear a noise behind you and spin around, but you can't see anything other than a fridge. You can make out a closed oven close by. If you haven't noticed it already, there seems to be something there by the wall, it's a table. The table is massive. On the table you see a cookbook and a knife. You see a counter. You see a red apple, a banana and a raw red potato on the counter. You can make out a stove. However, the stove, like an empty stove, has nothing on it.

There is an open frosted-glass door leading south. You don't like doors? Why not try going west, that entranceway is not blocked by one.

There is a raw yellow potato, an orange bell pepper and a raw purple potato on the floor.","You are carrying: a red hot pepper, a raw pork chop, a white onion, a yellow bell pepper and a red onion.",1 of 16,0.0625,False,
27,,,I should examine the cookbook on the table to find a recipe for a delicious meal.,examine cookbook,,"You open the copy of ""Cooking: A Modern Approach (3rd Ed.)"" and start reading:

Recipe #1
---------
Gather all following ingredients and follow the directions to prepare this tasty meal.

Ingredients:
red hot pepper
  carrot
  orange bell pepper
  block of cheese
  red apple

Directions:
slice the red hot pepper
  fry the red hot pepper
  slice the carrot
  roast the carrot
  slice the orange bell pepper
  roast the orange bell pepper
  dice the block of cheese
  fry the block of cheese
  slice the red apple
  fry the red apple
  prepare meal",Kitchen,"This might come as a shock to you, but you've just walked into a kitchen. Okay, just remember what you're here to do, and everything will go great.

You hear a noise behind you and spin around, but you can't see anything other than a fridge. You can make out a closed oven close by. If you haven't noticed it already, there seems to be something there by the wall, it's a table. The table is massive. On the table you see a cookbook and a knife. You see a counter. You see a red apple, a banana and a raw red potato on the counter. You can make out a stove. However, the stove, like an empty stove, has nothing on it.

There is an open frosted-glass door leading south. You don't like doors? Why not try going west, that entranceway is not blocked by one.

There is a raw yellow potato, an orange bell pepper and a raw purple potato on the floor.","You are carrying: a red hot pepper, a raw pork chop, a white onion, a yellow bell pepper and a red onion.",1 of 16,0.0625,False,
28,,,"I need to gather the ingredients from the recipe: red hot pepper, carrot, orange bell pepper, block of cheese, and red apple. I already have the red hot pepper. I should take the carrot, orange bell pepper, and red apple from the counter and floor, and then find the block of cheese.",take carrot from counter,,You can't see any such thing.,Kitchen,"This might come as a shock to you, but you've just walked into a kitchen. Okay, just remember what you're here to do, and everything will go great.

You hear a noise behind you and spin around, but you can't see anything other than a fridge. You can make out a closed oven close by. If you haven't noticed it already, there seems to be something there by the wall, it's a table. The table is massive. On the table you see a cookbook and a knife. You see a counter. You see a red apple, a banana and a raw red potato on the counter. You can make out a stove. However, the stove, like an empty stove, has nothing on it.

There is an open frosted-glass door leading south. You don't like doors? Why not try going west, that entranceway is not blocked by one.

There is a raw yellow potato, an orange bell pepper and a raw purple potato on the floor.","You are carrying: a red hot pepper, a raw pork chop, a white onion, a yellow bell pepper and a red onion.",1 of 16,0.0625,False,
29,,,I should examine the cookbook on the table to find the recipe for a delicious meal.,examine cookbook,,"You open the copy of ""Cooking: A Modern Approach (3rd Ed.)"" and start reading:

Recipe #1
---------
Gather all following ingredients and follow the directions to prepare this tasty meal.

Ingredients:
red hot pepper
  carrot
  orange bell pepper
  block of cheese
  red apple

Directions:
slice the red hot pepper
  fry the red hot pepper
  slice the carrot
  roast the carrot
  slice the orange bell pepper
  roast the orange bell pepper
  dice the block of cheese
  fry the block of cheese
  slice the red apple
  fry the red apple
  prepare meal",Kitchen,"This might come as a shock to you, but you've just walked into a kitchen. Okay, just remember what you're here to do, and everything will go great.

You hear a noise behind you and spin around, but you can't see anything other than a fridge. You can make out a closed oven close by. If you haven't noticed it already, there seems to be something there by the wall, it's a table. The table is massive. On the table you see a cookbook and a knife. You see a counter. You see a red apple, a banana and a raw red potato on the counter. You can make out a stove. However, the stove, like an empty stove, has nothing on it.

There is an open frosted-glass door leading south. You don't like doors? Why not try going west, that entranceway is not blocked by one.

There is a raw yellow potato, an orange bell pepper and a raw purple potato on the floor.","You are carrying: a red hot pepper, a raw pork chop, a white onion, a yellow bell pepper and a red onion.",1 of 16,0.0625,False,
30,,,"I need to gather the ingredients from the recipe that I don't have yet: carrot, block of cheese, and red apple. I already have the red hot pepper and orange bell pepper. I see a red apple on the counter, so I will take it first.",take red apple from counter,,You're carrying too many things already.,Kitchen,"This might come as a shock to you, but you've just walked into a kitchen. Okay, just remember what you're here to do, and everything will go great.

You hear a noise behind you and spin around, but you can't see anything other than a fridge. You can make out a closed oven close by. If you haven't noticed it already, there seems to be something there by the wall, it's a table. The table is massive. On the table you see a cookbook and a knife. You see a counter. You see a red apple, a banana and a raw red potato on the counter. You can make out a stove. However, the stove, like an empty stove, has nothing on it.

There is an open frosted-glass door leading south. You don't like doors? Why not try going west, that entranceway is not blocked by one.

There is a raw yellow potato, an orange bell pepper and a raw purple potato on the floor.","You are carrying: a red hot pepper, a raw pork chop, a white onion, a yellow bell pepper and a red onion.",1 of 16,0.0625,False,
31,,,"I am carrying too many items, so I should drop one or more items to free up space before taking the cookbook to check the recipe.",drop red hot pepper,,You drop the red hot pepper on the ground.,Kitchen,"This might come as a shock to you, but you've just walked into a kitchen. Okay, just remember what you're here to do, and everything will go great.

You hear a noise behind you and spin around, but you can't see anything other than a fridge. You can make out a closed oven close by. If you haven't noticed it already, there seems to be something there by the wall, it's a table. The table is massive. On the table you see a cookbook and a knife. You see a counter. You see a red apple, a banana and a raw red potato on the counter. You can make out a stove. However, the stove, like an empty stove, has nothing on it.

There is an open frosted-glass door leading south. You don't like doors? Why not try going west, that entranceway is not blocked by one.

There is a red hot pepper, a raw yellow potato, an orange bell pepper and a raw purple potato on the floor.","You are carrying: a raw pork chop, a white onion, a yellow bell pepper and a red onion.",1 of 16,0.0625,False,
32,,,I should check the cookbook on the table to find a recipe for a delicious meal.,examine cookbook,,"You open the copy of ""Cooking: A Modern Approach (3rd Ed.)"" and start reading:

Recipe #1
---------
Gather all following ingredients and follow the directions to prepare this tasty meal.

Ingredients:
red hot pepper
  carrot
  orange bell pepper
  block of cheese
  red apple

Directions:
slice the red hot pepper
  fry the red hot pepper
  slice the carrot
  roast the carrot
  slice the orange bell pepper
  roast the orange bell pepper
  dice the block of cheese
  fry the block of cheese
  slice the red apple
  fry the red apple
  prepare meal",Kitchen,"This might come as a shock to you, but you've just walked into a kitchen. Okay, just remember what you're here to do, and everything will go great.

You hear a noise behind you and spin around, but you can't see anything other than a fridge. You can make out a closed oven close by. If you haven't noticed it already, there seems to be something there by the wall, it's a table. The table is massive. On the table you see a cookbook and a knife. You see a counter. You see a red apple, a banana and a raw red potato on the counter. You can make out a stove. However, the stove, like an empty stove, has nothing on it.

There is an open frosted-glass door leading south. You don't like doors? Why not try going west, that entranceway is not blocked by one.

There is a red hot pepper, a raw yellow potato, an orange bell pepper and a raw purple potato on the floor.","You are carrying: a raw pork chop, a white onion, a yellow bell pepper and a red onion.",1 of 16,0.0625,False,
33,,,"I need to gather the ingredients from the recipe: red hot pepper, carrot, orange bell pepper, block of cheese, and red apple. I already have a red apple in the kitchen, so I will take the red hot pepper, carrot, orange bell pepper, and block of cheese if available, then proceed with the recipe steps.",take red hot pepper from floor,,You pick up the red hot pepper from the ground.,Kitchen,"This might come as a shock to you, but you've just walked into a kitchen. Okay, just remember what you're here to do, and everything will go great.

You hear a noise behind you and spin around, but you can't see anything other than a fridge. You can make out a closed oven close by. If you haven't noticed it already, there seems to be something there by the wall, it's a table. The table is massive. On the table you see a cookbook and a knife. You see a counter. You see a red apple, a banana and a raw red potato on the counter. You can make out a stove. However, the stove, like an empty stove, has nothing on it.

There is an open frosted-glass door leading south. You don't like doors? Why not try going west, that entranceway is not blocked by one.

There is a raw yellow potato, an orange bell pepper and a raw purple potato on the floor.","You are carrying: a red hot pepper, a raw pork chop, a white onion, a yellow bell pepper and a red onion.",1 of 16,0.0625,False,
34,,,I should examine the cookbook on the table to find a recipe for a delicious meal.,examine cookbook,,"You open the copy of ""Cooking: A Modern Approach (3rd Ed.)"" and start reading:

Recipe #1
---------
Gather all following ingredients and follow the directions to prepare this tasty meal.

Ingredients:
red hot pepper
  carrot
  orange bell pepper
  block of cheese
  red apple

Directions:
slice the red hot pepper
  fry the red hot pepper
  slice the carrot
  roast the carrot
  slice the orange bell pepper
  roast the orange bell pepper
  dice the block of cheese
  fry the block of cheese
  slice the red apple
  fry the red apple
  prepare meal",Kitchen,"This might come as a shock to you, but you've just walked into a kitchen. Okay, just remember what you're here to do, and everything will go great.

You hear a noise behind you and spin around, but you can't see anything other than a fridge. You can make out a closed oven close by. If you haven't noticed it already, there seems to be something there by the wall, it's a table. The table is massive. On the table you see a cookbook and a knife. You see a counter. You see a red apple, a banana and a raw red potato on the counter. You can make out a stove. However, the stove, like an empty stove, has nothing on it.

There is an open frosted-glass door leading south. You don't like doors? Why not try going west, that entranceway is not blocked by one.

There is a raw yellow potato, an orange bell pepper and a raw purple potato on the floor.","You are carrying: a red hot pepper, a raw pork chop, a white onion, a yellow bell pepper and a red onion.",1 of 16,0.0625,False,
35,,,"I need to gather the ingredients from the recipe: red hot pepper (already have), carrot, orange bell pepper, block of cheese, and red apple. I see an orange bell pepper on the floor and a red apple on the counter, so I should take those first.",take orange bell pepper from floor,,You're carrying too many things already.,Kitchen,"This might come as a shock to you, but you've just walked into a kitchen. Okay, just remember what you're here to do, and everything will go great.

You hear a noise behind you and spin around, but you can't see anything other than a fridge. You can make out a closed oven close by. If you haven't noticed it already, there seems to be something there by the wall, it's a table. The table is massive. On the table you see a cookbook and a knife. You see a counter. You see a red apple, a banana and a raw red potato on the counter. You can make out a stove. However, the stove, like an empty stove, has nothing on it.

There is an open frosted-glass door leading south. You don't like doors? Why not try going west, that entranceway is not blocked by one.

There is a raw yellow potato, an orange bell pepper and a raw purple potato on the floor.","You are carrying: a red hot pepper, a raw pork chop, a white onion, a yellow bell pepper and a red onion.",1 of 16,0.0625,False,
36,,,"I am carrying too many items, so I should drop some items to free up space before taking the cookbook and knife to check the recipe.",drop red hot pepper,,You drop the red hot pepper on the ground.,Kitchen,"This might come as a shock to you, but you've just walked into a kitchen. Okay, just remember what you're here to do, and everything will go great.

You hear a noise behind you and spin around, but you can't see anything other than a fridge. You can make out a closed oven close by. If you haven't noticed it already, there seems to be something there by the wall, it's a table. The table is massive. On the table you see a cookbook and a knife. You see a counter. You see a red apple, a banana and a raw red potato on the counter. You can make out a stove. However, the stove, like an empty stove, has nothing on it.

There is an open frosted-glass door leading south. You don't like doors? Why not try going west, that entranceway is not blocked by one.

There is a red hot pepper, a raw yellow potato, an orange bell pepper and a raw purple potato on the floor.","You are carrying: a raw pork chop, a white onion, a yellow bell pepper and a red onion.",1 of 16,0.0625,False,
37,,,I should check the cookbook on the table to find a recipe for a delicious meal.,examine cookbook,,"You open the copy of ""Cooking: A Modern Approach (3rd Ed.)"" and start reading:

Recipe #1
---------
Gather all following ingredients and follow the directions to prepare this tasty meal.

Ingredients:
red hot pepper
  carrot
  orange bell pepper
  block of cheese
  red apple

Directions:
slice the red hot pepper
  fry the red hot pepper
  slice the carrot
  roast the carrot
  slice the orange bell pepper
  roast the orange bell pepper
  dice the block of cheese
  fry the block of cheese
  slice the red apple
  fry the red apple
  prepare meal",Kitchen,"This might come as a shock to you, but you've just walked into a kitchen. Okay, just remember what you're here to do, and everything will go great.

You hear a noise behind you and spin around, but you can't see anything other than a fridge. You can make out a closed oven close by. If you haven't noticed it already, there seems to be something there by the wall, it's a table. The table is massive. On the table you see a cookbook and a knife. You see a counter. You see a red apple, a banana and a raw red potato on the counter. You can make out a stove. However, the stove, like an empty stove, has nothing on it.

There is an open frosted-glass door leading south. You don't like doors? Why not try going west, that entranceway is not blocked by one.

There is a red hot pepper, a raw yellow potato, an orange bell pepper and a raw purple potato on the floor.","You are carrying: a raw pork chop, a white onion, a yellow bell pepper and a red onion.",1 of 16,0.0625,False,
38,,,"I need to gather the ingredients listed in the recipe: red hot pepper, carrot, orange bell pepper, block of cheese, and red apple. I already have a red apple on the counter, a red hot pepper and an orange bell pepper on the floor, but I need to find a carrot and a block of cheese first. I will take the red hot pepper and orange bell pepper from the floor and the red apple from the counter to start.","take red hot pepper from floor, take orange bell pepper from floor, take red apple from counter",,You can't see any such thing.,Kitchen,"This might come as a shock to you, but you've just walked into a kitchen. Okay, just remember what you're here to do, and everything will go great.

You hear a noise behind you and spin around, but you can't see anything other than a fridge. You can make out a closed oven close by. If you haven't noticed it already, there seems to be something there by the wall, it's a table. The table is massive. On the table you see a cookbook and a knife. You see a counter. You see a red apple, a banana and a raw red potato on the counter. You can make out a stove. However, the stove, like an empty stove, has nothing on it.

There is an open frosted-glass door leading south. You don't like doors? Why not try going west, that entranceway is not blocked by one.

There is a red hot pepper, a raw yellow potato, an orange bell pepper and a raw purple potato on the floor.","You are carrying: a raw pork chop, a white onion, a yellow bell pepper and a red onion.",1 of 16,0.0625,False,
39,,,I should examine the cookbook on the table to find the recipe for a delicious meal.,examine cookbook,,"You open the copy of ""Cooking: A Modern Approach (3rd Ed.)"" and start reading:

Recipe #1
---------
Gather all following ingredients and follow the directions to prepare this tasty meal.

Ingredients:
red hot pepper
  carrot
  orange bell pepper
  block of cheese
  red apple

Directions:
slice the red hot pepper
  fry the red hot pepper
  slice the carrot
  roast the carrot
  slice the orange bell pepper
  roast the orange bell pepper
  dice the block of cheese
  fry the block of cheese
  slice the red apple
  fry the red apple
  prepare meal",Kitchen,"This might come as a shock to you, but you've just walked into a kitchen. Okay, just remember what you're here to do, and everything will go great.

You hear a noise behind you and spin around, but you can't see anything other than a fridge. You can make out a closed oven close by. If you haven't noticed it already, there seems to be something there by the wall, it's a table. The table is massive. On the table you see a cookbook and a knife. You see a counter. You see a red apple, a banana and a raw red potato on the counter. You can make out a stove. However, the stove, like an empty stove, has nothing on it.

There is an open frosted-glass door leading south. You don't like doors? Why not try going west, that entranceway is not blocked by one.

There is a red hot pepper, a raw yellow potato, an orange bell pepper and a raw purple potato on the floor.","You are carrying: a raw pork chop, a white onion, a yellow bell pepper and a red onion.",1 of 16,0.0625,False,
40,,,"I need to gather the ingredients listed in the recipe: red hot pepper, carrot, orange bell pepper, block of cheese, and red apple. I already have a yellow bell pepper and red onion, but I need to take the red hot pepper, carrot, orange bell pepper, block of cheese, and red apple from the kitchen.",take red hot pepper from floor,,You pick up the red hot pepper from the ground.,Kitchen,"This might come as a shock to you, but you've just walked into a kitchen. Okay, just remember what you're here to do, and everything will go great.

You hear a noise behind you and spin around, but you can't see anything other than a fridge. You can make out a closed oven close by. If you haven't noticed it already, there seems to be something there by the wall, it's a table. The table is massive. On the table you see a cookbook and a knife. You see a counter. You see a red apple, a banana and a raw red potato on the counter. You can make out a stove. However, the stove, like an empty stove, has nothing on it.

There is an open frosted-glass door leading south. You don't like doors? Why not try going west, that entranceway is not blocked by one.

There is a raw yellow potato, an orange bell pepper and a raw purple potato on the floor.","You are carrying: a red hot pepper, a raw pork chop, a white onion, a yellow bell pepper and a red onion.",1 of 16,0.0625,False,
41,,,I should examine the cookbook on the table to find a recipe for a delicious meal.,examine cookbook,,"You open the copy of ""Cooking: A Modern Approach (3rd Ed.)"" and start reading:

Recipe #1
---------
Gather all following ingredients and follow the directions to prepare this tasty meal.

Ingredients:
red hot pepper
  carrot
  orange bell pepper
  block of cheese
  red apple

Directions:
slice the red hot pepper
  fry the red hot pepper
  slice the carrot
  roast the carrot
  slice the orange bell pepper
  roast the orange bell pepper
  dice the block of cheese
  fry the block of cheese
  slice the red apple
  fry the red apple
  prepare meal",Kitchen,"This might come as a shock to you, but you've just walked into a kitchen. Okay, just remember what you're here to do, and everything will go great.

You hear a noise behind you and spin around, but you can't see anything other than a fridge. You can make out a closed oven close by. If you haven't noticed it already, there seems to be something there by the wall, it's a table. The table is massive. On the table you see a cookbook and a knife. You see a counter. You see a red apple, a banana and a raw red potato on the counter. You can make out a stove. However, the stove, like an empty stove, has nothing on it.

There is an open frosted-glass door leading south. You don't like doors? Why not try going west, that entranceway is not blocked by one.

There is a raw yellow potato, an orange bell pepper and a raw purple potato on the floor.","You are carrying: a red hot pepper, a raw pork chop, a white onion, a yellow bell pepper and a red onion.",1 of 16,0.0625,False,
42,,,"I need to gather the ingredients from the recipe: red hot pepper, carrot, orange bell pepper, block of cheese, and red apple. I already have the red hot pepper. I should take the carrot, orange bell pepper, and red apple from the kitchen.",take carrot from counter,,You can't see any such thing.,Kitchen,"This might come as a shock to you, but you've just walked into a kitchen. Okay, just remember what you're here to do, and everything will go great.

You hear a noise behind you and spin around, but you can't see anything other than a fridge. You can make out a closed oven close by. If you haven't noticed it already, there seems to be something there by the wall, it's a table. The table is massive. On the table you see a cookbook and a knife. You see a counter. You see a red apple, a banana and a raw red potato on the counter. You can make out a stove. However, the stove, like an empty stove, has nothing on it.

There is an open frosted-glass door leading south. You don't like doors? Why not try going west, that entranceway is not blocked by one.

There is a raw yellow potato, an orange bell pepper and a raw purple potato on the floor.","You are carrying: a red hot pepper, a raw pork chop, a white onion, a yellow bell pepper and a red onion.",1 of 16,0.0625,False,
43,,,I should examine the cookbook on the table to find a recipe for a delicious meal.,examine cookbook,,"You open the copy of ""Cooking: A Modern Approach (3rd Ed.)"" and start reading:

Recipe #1
---------
Gather all following ingredients and follow the directions to prepare this tasty meal.

Ingredients:
red hot pepper
  carrot
  orange bell pepper
  block of cheese
  red apple

Directions:
slice the red hot pepper
  fry the red hot pepper
  slice the carrot
  roast the carrot
  slice the orange bell pepper
  roast the orange bell pepper
  dice the block of cheese
  fry the block of cheese
  slice the red apple
  fry the red apple
  prepare meal",Kitchen,"This might come as a shock to you, but you've just walked into a kitchen. Okay, just remember what you're here to do, and everything will go great.

You hear a noise behind you and spin around, but you can't see anything other than a fridge. You can make out a closed oven close by. If you haven't noticed it already, there seems to be something there by the wall, it's a table. The table is massive. On the table you see a cookbook and a knife. You see a counter. You see a red apple, a banana and a raw red potato on the counter. You can make out a stove. However, the stove, like an empty stove, has nothing on it.

There is an open frosted-glass door leading south. You don't like doors? Why not try going west, that entranceway is not blocked by one.

There is a raw yellow potato, an orange bell pepper and a raw purple potato on the floor.","You are carrying: a red hot pepper, a raw pork chop, a white onion, a yellow bell pepper and a red onion.",1 of 16,0.0625,False,
44,,,"I need to gather the ingredients from the recipe: red hot pepper (already have), carrot, orange bell pepper, block of cheese, and red apple. I see a red apple and an orange bell pepper on the floor and counter, so I should take those first.",take red apple from counter,,You're carrying too many things already.,Kitchen,"This might come as a shock to you, but you've just walked into a kitchen. Okay, just remember what you're here to do, and everything will go great.

You hear a noise behind you and spin around, but you can't see anything other than a fridge. You can make out a closed oven close by. If you haven't noticed it already, there seems to be something there by the wall, it's a table. The table is massive. On the table you see a cookbook and a knife. You see a counter. You see a red apple, a banana and a raw red potato on the counter. You can make out a stove. However, the stove, like an empty stove, has nothing on it.

There is an open frosted-glass door leading south. You don't like doors? Why not try going west, that entranceway is not blocked by one.

There is a raw yellow potato, an orange bell pepper and a raw purple potato on the floor.","You are carrying: a red hot pepper, a raw pork chop, a white onion, a yellow bell pepper and a red onion.",1 of 16,0.0625,False,
45,,,"I am carrying too many items, so I should drop some to free up space before taking the cookbook and knife to check the recipe.",drop red hot pepper,,You drop the red hot pepper on the ground.,Kitchen,"This might come as a shock to you, but you've just walked into a kitchen. Okay, just remember what you're here to do, and everything will go great.

You hear a noise behind you and spin around, but you can't see anything other than a fridge. You can make out a closed oven close by. If you haven't noticed it already, there seems to be something there by the wall, it's a table. The table is massive. On the table you see a cookbook and a knife. You see a counter. You see a red apple, a banana and a raw red potato on the counter. You can make out a stove. However, the stove, like an empty stove, has nothing on it.

There is an open frosted-glass door leading south. You don't like doors? Why not try going west, that entranceway is not blocked by one.

There is a red hot pepper, a raw yellow potato, an orange bell pepper and a raw purple potato on the floor.","You are carrying: a raw pork chop, a white onion, a yellow bell pepper and a red onion.",1 of 16,0.0625,False,
46,,,I should check the cookbook on the table to find a recipe for a delicious meal.,examine cookbook,,"You open the copy of ""Cooking: A Modern Approach (3rd Ed.)"" and start reading:

Recipe #1
---------
Gather all following ingredients and follow the directions to prepare this tasty meal.

Ingredients:
red hot pepper
  carrot
  orange bell pepper
  block of cheese
  red apple

Directions:
slice the red hot pepper
  fry the red hot pepper
  slice the carrot
  roast the carrot
  slice the orange bell pepper
  roast the orange bell pepper
  dice the block of cheese
  fry the block of cheese
  slice the red apple
  fry the red apple
  prepare meal",Kitchen,"This might come as a shock to you, but you've just walked into a kitchen. Okay, just remember what you're here to do, and everything will go great.

You hear a noise behind you and spin around, but you can't see anything other than a fridge. You can make out a closed oven close by. If you haven't noticed it already, there seems to be something there by the wall, it's a table. The table is massive. On the table you see a cookbook and a knife. You see a counter. You see a red apple, a banana and a raw red potato on the counter. You can make out a stove. However, the stove, like an empty stove, has nothing on it.

There is an open frosted-glass door leading south. You don't like doors? Why not try going west, that entranceway is not blocked by one.

There is a red hot pepper, a raw yellow potato, an orange bell pepper and a raw purple potato on the floor.","You are carrying: a raw pork chop, a white onion, a yellow bell pepper and a red onion.",1 of 16,0.0625,False,
47,,,"I need to gather the ingredients listed in the recipe: red hot pepper, carrot, orange bell pepper, block of cheese, and red apple. I already see a red apple on the counter and a red hot pepper and orange bell pepper on the floor. I should take these ingredients first.",take red apple from counter,,"You take the red apple from the counter.



Your score has just gone up by one point.",Kitchen,"This might come as a shock to you, but you've just walked into a kitchen. Okay, just remember what you're here to do, and everything will go great.

You hear a noise behind you and spin around, but you can't see anything other than a fridge. You can make out a closed oven close by. If you haven't noticed it already, there seems to be something there by the wall, it's a table. The table is massive. On the table you see a cookbook and a knife. You see a counter. You see a banana and a raw red potato on the counter. You can make out a stove. However, the stove, like an empty stove, has nothing on it.

There is an open frosted-glass door leading south. You don't like doors? Why not try going west, that entranceway is not blocked by one.

There is a red hot pepper, a raw yellow potato, an orange bell pepper and a raw purple potato on the floor.","You are carrying: a red apple, a raw pork chop, a white onion, a yellow bell pepper and a red onion.",2 of 16,0.125,False,
48,,,I should examine the cookbook on the table to find a recipe for a delicious meal.,examine cookbook,,"You open the copy of ""Cooking: A Modern Approach (3rd Ed.)"" and start reading:

Recipe #1
---------
Gather all following ingredients and follow the directions to prepare this tasty meal.

Ingredients:
red hot pepper
  carrot
  orange bell pepper
  block of cheese
  red apple

Directions:
slice the red hot pepper
  fry the red hot pepper
  slice the carrot
  roast the carrot
  slice the orange bell pepper
  roast the orange bell pepper
  dice the block of cheese
  fry the block of cheese
  slice the red apple
  fry the red apple
  prepare meal",Kitchen,"This might come as a shock to you, but you've just walked into a kitchen. Okay, just remember what you're here to do, and everything will go great.

You hear a noise behind you and spin around, but you can't see anything other than a fridge. You can make out a closed oven close by. If you haven't noticed it already, there seems to be something there by the wall, it's a table. The table is massive. On the table you see a cookbook and a knife. You see a counter. You see a banana and a raw red potato on the counter. You can make out a stove. However, the stove, like an empty stove, has nothing on it.

There is an open frosted-glass door leading south. You don't like doors? Why not try going west, that entranceway is not blocked by one.

There is a red hot pepper, a raw yellow potato, an orange bell pepper and a raw purple potato on the floor.","You are carrying: a red apple, a raw pork chop, a white onion, a yellow bell pepper and a red onion.",2 of 16,0.125,False,
49,,,"I need to gather the ingredients from the recipe: red hot pepper, carrot, orange bell pepper, block of cheese, and red apple. I already have a red apple, so I should take the red hot pepper and orange bell pepper from the floor, and then find the carrot and block of cheese.",take red hot pepper from floor,,You're carrying too many things already.,Kitchen,"This might come as a shock to you, but you've just walked into a kitchen. Okay, just remember what you're here to do, and everything will go great.

You hear a noise behind you and spin around, but you can't see anything other than a fridge. You can make out a closed oven close by. If you haven't noticed it already, there seems to be something there by the wall, it's a table. The table is massive. On the table you see a cookbook and a knife. You see a counter. You see a banana and a raw red potato on the counter. You can make out a stove. However, the stove, like an empty stove, has nothing on it.

There is an open frosted-glass door leading south. You don't like doors? Why not try going west, that entranceway is not blocked by one.

There is a red hot pepper, a raw yellow potato, an orange bell pepper and a raw purple potato on the floor.","You are carrying: a red apple, a raw pork chop, a white onion, a yellow bell pepper and a red onion.",2 of 16,0.125,False,
50,,,"I am carrying too many items already, so I should drop some items to free up space before taking the cookbook and knife to check the recipe.",drop red apple,,You drop the red apple on the ground.,Kitchen,"This might come as a shock to you, but you've just walked into a kitchen. Okay, just remember what you're here to do, and everything will go great.

You hear a noise behind you and spin around, but you can't see anything other than a fridge. You can make out a closed oven close by. If you haven't noticed it already, there seems to be something there by the wall, it's a table. The table is massive. On the table you see a cookbook and a knife. You see a counter. You see a banana and a raw red potato on the counter. You can make out a stove. However, the stove, like an empty stove, has nothing on it.

There is an open frosted-glass door leading south. You don't like doors? Why not try going west, that entranceway is not blocked by one.

There is a red apple, a red hot pepper, a raw yellow potato, an orange bell pepper and a raw purple potato on the floor.","You are carrying: a raw pork chop, a white onion, a yellow bell pepper and a red onion.",2 of 16,0.125,False,
51,,,I should examine the cookbook on the table to find a recipe for a delicious meal.,examine cookbook,,"You open the copy of ""Cooking: A Modern Approach (3rd Ed.)"" and start reading:

Recipe #1
---------
Gather all following ingredients and follow the directions to prepare this tasty meal.

Ingredients:
red hot pepper
  carrot
  orange bell pepper
  block of cheese
  red apple

Directions:
slice the red hot pepper
  fry the red hot pepper
  slice the carrot
  roast the carrot
  slice the orange bell pepper
  roast the orange bell pepper
  dice the block of cheese
  fry the block of cheese
  slice the red apple
  fry the red apple
  prepare meal",Kitchen,"This might come as a shock to you, but you've just walked into a kitchen. Okay, just remember what you're here to do, and everything will go great.

You hear a noise behind you and spin around, but you can't see anything other than a fridge. You can make out a closed oven close by. If you haven't noticed it already, there seems to be something there by the wall, it's a table. The table is massive. On the table you see a cookbook and a knife. You see a counter. You see a banana and a raw red potato on the counter. You can make out a stove. However, the stove, like an empty stove, has nothing on it.

There is an open frosted-glass door leading south. You don't like doors? Why not try going west, that entranceway is not blocked by one.

There is a red apple, a red hot pepper, a raw yellow potato, an orange bell pepper and a raw purple potato on the floor.","You are carrying: a raw pork chop, a white onion, a yellow bell pepper and a red onion.",2 of 16,0.125,False,
52,,,"I need to gather the ingredients from the floor and the counter that are required for the recipe: red hot pepper, carrot, orange bell pepper, block of cheese, and red apple. I will start by taking the red hot pepper, orange bell pepper, and red apple from the floor.",take red hot pepper from floor,,You pick up the red hot pepper from the ground.,Kitchen,"This might come as a shock to you, but you've just walked into a kitchen. Okay, just remember what you're here to do, and everything will go great.

You hear a noise behind you and spin around, but you can't see anything other than a fridge. You can make out a closed oven close by. If you haven't noticed it already, there seems to be something there by the wall, it's a table. The table is massive. On the table you see a cookbook and a knife. You see a counter. You see a banana and a raw red potato on the counter. You can make out a stove. However, the stove, like an empty stove, has nothing on it.

There is an open frosted-glass door leading south. You don't like doors? Why not try going west, that entranceway is not blocked by one.

There is a red apple, a raw yellow potato, an orange bell pepper and a raw purple potato on the floor.","You are carrying: a red hot pepper, a raw pork chop, a white onion, a yellow bell pepper and a red onion.",2 of 16,0.125,False,
53,,,I should examine the cookbook on the table to find a recipe for a delicious meal.,examine cookbook,,"You open the copy of ""Cooking: A Modern Approach (3rd Ed.)"" and start reading:

Recipe #1
---------
Gather all following ingredients and follow the directions to prepare this tasty meal.

Ingredients:
red hot pepper
  carrot
  orange bell pepper
  block of cheese
  red apple

Directions:
slice the red hot pepper
  fry the red hot pepper
  slice the carrot
  roast the carrot
  slice the orange bell pepper
  roast the orange bell pepper
  dice the block of cheese
  fry the block of cheese
  slice the red apple
  fry the red apple
  prepare meal",Kitchen,"This might come as a shock to you, but you've just walked into a kitchen. Okay, just remember what you're here to do, and everything will go great.

You hear a noise behind you and spin around, but you can't see anything other than a fridge. You can make out a closed oven close by. If you haven't noticed it already, there seems to be something there by the wall, it's a table. The table is massive. On the table you see a cookbook and a knife. You see a counter. You see a banana and a raw red potato on the counter. You can make out a stove. However, the stove, like an empty stove, has nothing on it.

There is an open frosted-glass door leading south. You don't like doors? Why not try going west, that entranceway is not blocked by one.

There is a red apple, a raw yellow potato, an orange bell pepper and a raw purple potato on the floor.","You are carrying: a red hot pepper, a raw pork chop, a white onion, a yellow bell pepper and a red onion.",2 of 16,0.125,False,
54,,,"I need to gather the ingredients from the recipe: red hot pepper (already have), carrot, orange bell pepper (on the floor), block of cheese, and red apple (on the floor). I will take the carrot, orange bell pepper, block of cheese, and red apple first.",take carrot from floor; take orange bell pepper from floor; take block of cheese from counter; take red apple from floor,,You can't see any such thing.,Kitchen,"This might come as a shock to you, but you've just walked into a kitchen. Okay, just remember what you're here to do, and everything will go great.

You hear a noise behind you and spin around, but you can't see anything other than a fridge. You can make out a closed oven close by. If you haven't noticed it already, there seems to be something there by the wall, it's a table. The table is massive. On the table you see a cookbook and a knife. You see a counter. You see a banana and a raw red potato on the counter. You can make out a stove. However, the stove, like an empty stove, has nothing on it.

There is an open frosted-glass door leading south. You don't like doors? Why not try going west, that entranceway is not blocked by one.

There is a red apple, a raw yellow potato, an orange bell pepper and a raw purple potato on the floor.","You are carrying: a red hot pepper, a raw pork chop, a white onion, a yellow bell pepper and a red onion.",2 of 16,0.125,False,
55,,,I should examine the cookbook on the table to check the recipe for a delicious meal.,examine cookbook,,"You open the copy of ""Cooking: A Modern Approach (3rd Ed.)"" and start reading:

Recipe #1
---------
Gather all following ingredients and follow the directions to prepare this tasty meal.

Ingredients:
red hot pepper
  carrot
  orange bell pepper
  block of cheese
  red apple

Directions:
slice the red hot pepper
  fry the red hot pepper
  slice the carrot
  roast the carrot
  slice the orange bell pepper
  roast the orange bell pepper
  dice the block of cheese
  fry the block of cheese
  slice the red apple
  fry the red apple
  prepare meal",Kitchen,"This might come as a shock to you, but you've just walked into a kitchen. Okay, just remember what you're here to do, and everything will go great.

You hear a noise behind you and spin around, but you can't see anything other than a fridge. You can make out a closed oven close by. If you haven't noticed it already, there seems to be something there by the wall, it's a table. The table is massive. On the table you see a cookbook and a knife. You see a counter. You see a banana and a raw red potato on the counter. You can make out a stove. However, the stove, like an empty stove, has nothing on it.

There is an open frosted-glass door leading south. You don't like doors? Why not try going west, that entranceway is not blocked by one.

There is a red apple, a raw yellow potato, an orange bell pepper and a raw purple potato on the floor.","You are carrying: a red hot pepper, a raw pork chop, a white onion, a yellow bell pepper and a red onion.",2 of 16,0.125,False,
56,,,"I need to gather the ingredients from the recipe: red hot pepper, carrot, orange bell pepper, block of cheese, and red apple. I already have the red hot pepper and orange bell pepper, but I need to take the carrot, block of cheese, and red apple from the kitchen floor or counter.",take carrot from floor,,You can't see any such thing.,Kitchen,"This might come as a shock to you, but you've just walked into a kitchen. Okay, just remember what you're here to do, and everything will go great.

You hear a noise behind you and spin around, but you can't see anything other than a fridge. You can make out a closed oven close by. If you haven't noticed it already, there seems to be something there by the wall, it's a table. The table is massive. On the table you see a cookbook and a knife. You see a counter. You see a banana and a raw red potato on the counter. You can make out a stove. However, the stove, like an empty stove, has nothing on it.

There is an open frosted-glass door leading south. You don't like doors? Why not try going west, that entranceway is not blocked by one.

There is a red apple, a raw yellow potato, an orange bell pepper and a raw purple potato on the floor.","You are carrying: a red hot pepper, a raw pork chop, a white onion, a yellow bell pepper and a red onion.",2 of 16,0.125,False,
57,,,I should examine the cookbook on the table to find the recipe for a delicious meal.,examine cookbook,,"You open the copy of ""Cooking: A Modern Approach (3rd Ed.)"" and start reading:

Recipe #1
---------
Gather all following ingredients and follow the directions to prepare this tasty meal.

Ingredients:
red hot pepper
  carrot
  orange bell pepper
  block of cheese
  red apple

Directions:
slice the red hot pepper
  fry the red hot pepper
  slice the carrot
  roast the carrot
  slice the orange bell pepper
  roast the orange bell pepper
  dice the block of cheese
  fry the block of cheese
  slice the red apple
  fry the red apple
  prepare meal",Kitchen,"This might come as a shock to you, but you've just walked into a kitchen. Okay, just remember what you're here to do, and everything will go great.

You hear a noise behind you and spin around, but you can't see anything other than a fridge. You can make out a closed oven close by. If you haven't noticed it already, there seems to be something there by the wall, it's a table. The table is massive. On the table you see a cookbook and a knife. You see a counter. You see a banana and a raw red potato on the counter. You can make out a stove. However, the stove, like an empty stove, has nothing on it.

There is an open frosted-glass door leading south. You don't like doors? Why not try going west, that entranceway is not blocked by one.

There is a red apple, a raw yellow potato, an orange bell pepper and a raw purple potato on the floor.","You are carrying: a red hot pepper, a raw pork chop, a white onion, a yellow bell pepper and a red onion.",2 of 16,0.125,False,
58,,,"I need to gather the ingredients from the recipe: red hot pepper, carrot, orange bell pepper, block of cheese, and red apple. I already have the red hot pepper, but I need to find the carrot, orange bell pepper, block of cheese, and red apple. I see a red apple and an orange bell pepper on the floor, so I should take those first.",take red apple from floor,,You're carrying too many things already.,Kitchen,"This might come as a shock to you, but you've just walked into a kitchen. Okay, just remember what you're here to do, and everything will go great.

You hear a noise behind you and spin around, but you can't see anything other than a fridge. You can make out a closed oven close by. If you haven't noticed it already, there seems to be something there by the wall, it's a table. The table is massive. On the table you see a cookbook and a knife. You see a counter. You see a banana and a raw red potato on the counter. You can make out a stove. However, the stove, like an empty stove, has nothing on it.

There is an open frosted-glass door leading south. You don't like doors? Why not try going west, that entranceway is not blocked by one.

There is a red apple, a raw yellow potato, an orange bell pepper and a raw purple potato on the floor.","You are carrying: a red hot pepper, a raw pork chop, a white onion, a yellow bell pepper and a red onion.",2 of 16,0.125,False,
59,,,"I am carrying too many items already, so I should drop some items to free up space before taking the cookbook and knife to check the recipe.",drop red hot pepper,,You drop the red hot pepper on the ground.,Kitchen,"This might come as a shock to you, but you've just walked into a kitchen. Okay, just remember what you're here to do, and everything will go great.

You hear a noise behind you and spin around, but you can't see anything other than a fridge. You can make out a closed oven close by. If you haven't noticed it already, there seems to be something there by the wall, it's a table. The table is massive. On the table you see a cookbook and a knife. You see a counter. You see a banana and a raw red potato on the counter. You can make out a stove. However, the stove, like an empty stove, has nothing on it.

There is an open frosted-glass door leading south. You don't like doors? Why not try going west, that entranceway is not blocked by one.

There is a red hot pepper, a red apple, a raw yellow potato, an orange bell pepper and a raw purple potato on the floor.","You are carrying: a raw pork chop, a white onion, a yellow bell pepper and a red onion.",2 of 16,0.125,False,
60,,,I should check the cookbook on the table to find a recipe for a delicious meal.,examine cookbook,,"You open the copy of ""Cooking: A Modern Approach (3rd Ed.)"" and start reading:

Recipe #1
---------
Gather all following ingredients and follow the directions to prepare this tasty meal.

Ingredients:
red hot pepper
  carrot
  orange bell pepper
  block of cheese
  red apple

Directions:
slice the red hot pepper
  fry the red hot pepper
  slice the carrot
  roast the carrot
  slice the orange bell pepper
  roast the orange bell pepper
  dice the block of cheese
  fry the block of cheese
  slice the red apple
  fry the red apple
  prepare meal",Kitchen,"This might come as a shock to you, but you've just walked into a kitchen. Okay, just remember what you're here to do, and everything will go great.

You hear a noise behind you and spin around, but you can't see anything other than a fridge. You can make out a closed oven close by. If you haven't noticed it already, there seems to be something there by the wall, it's a table. The table is massive. On the table you see a cookbook and a knife. You see a counter. You see a banana and a raw red potato on the counter. You can make out a stove. However, the stove, like an empty stove, has nothing on it.

There is an open frosted-glass door leading south. You don't like doors? Why not try going west, that entranceway is not blocked by one.

There is a red hot pepper, a red apple, a raw yellow potato, an orange bell pepper and a raw purple potato on the floor.","You are carrying: a raw pork chop, a white onion, a yellow bell pepper and a red onion.",2 of 16,0.125,False,
61,,,"I need to gather the ingredients listed in the recipe: red hot pepper, carrot, orange bell pepper, block of cheese, and red apple. I already see a red hot pepper, red apple, and orange bell pepper on the floor, but I need to find a carrot and a block of cheese. I will start by taking the red hot pepper, red apple, and orange bell pepper from the floor to have them ready.","take red hot pepper from floor, take red apple from floor, take orange bell pepper from floor",,You can't see any such thing.,Kitchen,"This might come as a shock to you, but you've just walked into a kitchen. Okay, just remember what you're here to do, and everything will go great.

You hear a noise behind you and spin around, but you can't see anything other than a fridge. You can make out a closed oven close by. If you haven't noticed it already, there seems to be something there by the wall, it's a table. The table is massive. On the table you see a cookbook and a knife. You see a counter. You see a banana and a raw red potato on the counter. You can make out a stove. However, the stove, like an empty stove, has nothing on it.

There is an open frosted-glass door leading south. You don't like doors? Why not try going west, that entranceway is not blocked by one.

There is a red hot pepper, a red apple, a raw yellow potato, an orange bell pepper and a raw purple potato on the floor.","You are carrying: a raw pork chop, a white onion, a yellow bell pepper and a red onion.",2 of 16,0.125,False,
62,,,I should examine the cookbook on the table to find the recipe for a delicious meal.,examine cookbook,,"You open the copy of ""Cooking: A Modern Approach (3rd Ed.)"" and start reading:

Recipe #1
---------
Gather all following ingredients and follow the directions to prepare this tasty meal.

Ingredients:
red hot pepper
  carrot
  orange bell pepper
  block of cheese
  red apple

Directions:
slice the red hot pepper
  fry the red hot pepper
  slice the carrot
  roast the carrot
  slice the orange bell pepper
  roast the orange bell pepper
  dice the block of cheese
  fry the block of cheese
  slice the red apple
  fry the red apple
  prepare meal",Kitchen,"This might come as a shock to you, but you've just walked into a kitchen. Okay, just remember what you're here to do, and everything will go great.

You hear a noise behind you and spin around, but you can't see anything other than a fridge. You can make out a closed oven close by. If you haven't noticed it already, there seems to be something there by the wall, it's a table. The table is massive. On the table you see a cookbook and a knife. You see a counter. You see a banana and a raw red potato on the counter. You can make out a stove. However, the stove, like an empty stove, has nothing on it.

There is an open frosted-glass door leading south. You don't like doors? Why not try going west, that entranceway is not blocked by one.

There is a red hot pepper, a red apple, a raw yellow potato, an orange bell pepper and a raw purple potato on the floor.","You are carrying: a raw pork chop, a white onion, a yellow bell pepper and a red onion.",2 of 16,0.125,False,
63,,,"I need to gather the ingredients listed in the recipe: red hot pepper, carrot, orange bell pepper, block of cheese, and red apple. I already have a red apple and an orange bell pepper on the floor, and a red hot pepper is also on the floor. I should take these ingredients first and then look for the carrot and block of cheese.",take red hot pepper from floor,,You pick up the red hot pepper from the ground.,Kitchen,"This might come as a shock to you, but you've just walked into a kitchen. Okay, just remember what you're here to do, and everything will go great.

You hear a noise behind you and spin around, but you can't see anything other than a fridge. You can make out a closed oven close by. If you haven't noticed it already, there seems to be something there by the wall, it's a table. The table is massive. On the table you see a cookbook and a knife. You see a counter. You see a banana and a raw red potato on the counter. You can make out a stove. However, the stove, like an empty stove, has nothing on it.

There is an open frosted-glass door leading south. You don't like doors? Why not try going west, that entranceway is not blocked by one.

There is a red apple, a raw yellow potato, an orange bell pepper and a raw purple potato on the floor.","You are carrying: a red hot pepper, a raw pork chop, a white onion, a yellow bell pepper and a red onion.",2 of 16,0.125,False,
64,,,I should examine the cookbook on the table to find a recipe for a delicious meal.,examine cookbook,,"You open the copy of ""Cooking: A Modern Approach (3rd Ed.)"" and start reading:

Recipe #1
---------
Gather all following ingredients and follow the directions to prepare this tasty meal.

Ingredients:
red hot pepper
  carrot
  orange bell pepper
  block of cheese
  red apple

Directions:
slice the red hot pepper
  fry the red hot pepper
  slice the carrot
  roast the carrot
  slice the orange bell pepper
  roast the orange bell pepper
  dice the block of cheese
  fry the block of cheese
  slice the red apple
  fry the red apple
  prepare meal",Kitchen,"This might come as a shock to you, but you've just walked into a kitchen. Okay, just remember what you're here to do, and everything will go great.

You hear a noise behind you and spin around, but you can't see anything other than a fridge. You can make out a closed oven close by. If you haven't noticed it already, there seems to be something there by the wall, it's a table. The table is massive. On the table you see a cookbook and a knife. You see a counter. You see a banana and a raw red potato on the counter. You can make out a stove. However, the stove, like an empty stove, has nothing on it.

There is an open frosted-glass door leading south. You don't like doors? Why not try going west, that entranceway is not blocked by one.

There is a red apple, a raw yellow potato, an orange bell pepper and a raw purple potato on the floor.","You are carrying: a red hot pepper, a raw pork chop, a white onion, a yellow bell pepper and a red onion.",2 of 16,0.125,False,
65,,,"I need to gather the ingredients from the recipe: red hot pepper, carrot, orange bell pepper, block of cheese, and red apple. I already have the red hot pepper. I should take the carrot, orange bell pepper, block of cheese, and red apple from the floor and counter if available.",take carrot from floor,,You can't see any such thing.,Kitchen,"This might come as a shock to you, but you've just walked into a kitchen. Okay, just remember what you're here to do, and everything will go great.

You hear a noise behind you and spin around, but you can't see anything other than a fridge. You can make out a closed oven close by. If you haven't noticed it already, there seems to be something there by the wall, it's a table. The table is massive. On the table you see a cookbook and a knife. You see a counter. You see a banana and a raw red potato on the counter. You can make out a stove. However, the stove, like an empty stove, has nothing on it.

There is an open frosted-glass door leading south. You don't like doors? Why not try going west, that entranceway is not blocked by one.

There is a red apple, a raw yellow potato, an orange bell pepper and a raw purple potato on the floor.","You are carrying: a red hot pepper, a raw pork chop, a white onion, a yellow bell pepper and a red onion.",2 of 16,0.125,False,
66,,,I should examine the cookbook on the table to find a recipe for a delicious meal.,examine cookbook,,"You open the copy of ""Cooking: A Modern Approach (3rd Ed.)"" and start reading:

Recipe #1
---------
Gather all following ingredients and follow the directions to prepare this tasty meal.

Ingredients:
red hot pepper
  carrot
  orange bell pepper
  block of cheese
  red apple

Directions:
slice the red hot pepper
  fry the red hot pepper
  slice the carrot
  roast the carrot
  slice the orange bell pepper
  roast the orange bell pepper
  dice the block of cheese
  fry the block of cheese
  slice the red apple
  fry the red apple
  prepare meal",Kitchen,"This might come as a shock to you, but you've just walked into a kitchen. Okay, just remember what you're here to do, and everything will go great.

You hear a noise behind you and spin around, but you can't see anything other than a fridge. You can make out a closed oven close by. If you haven't noticed it already, there seems to be something there by the wall, it's a table. The table is massive. On the table you see a cookbook and a knife. You see a counter. You see a banana and a raw red potato on the counter. You can make out a stove. However, the stove, like an empty stove, has nothing on it.

There is an open frosted-glass door leading south. You don't like doors? Why not try going west, that entranceway is not blocked by one.

There is a red apple, a raw yellow potato, an orange bell pepper and a raw purple potato on the floor.","You are carrying: a red hot pepper, a raw pork chop, a white onion, a yellow bell pepper and a red onion.",2 of 16,0.125,False,
67,,,"I need to gather the ingredients from the floor and counter that are required for the recipe: carrot, orange bell pepper, block of cheese, and red apple. I already have the red hot pepper. I will start by taking the red apple and orange bell pepper from the floor.",take red apple from floor,,You're carrying too many things already.,Kitchen,"This might come as a shock to you, but you've just walked into a kitchen. Okay, just remember what you're here to do, and everything will go great.

You hear a noise behind you and spin around, but you can't see anything other than a fridge. You can make out a closed oven close by. If you haven't noticed it already, there seems to be something there by the wall, it's a table. The table is massive. On the table you see a cookbook and a knife. You see a counter. You see a banana and a raw red potato on the counter. You can make out a stove. However, the stove, like an empty stove, has nothing on it.

There is an open frosted-glass door leading south. You don't like doors? Why not try going west, that entranceway is not blocked by one.

There is a red apple, a raw yellow potato, an orange bell pepper and a raw purple potato on the floor.","You are carrying: a red hot pepper, a raw pork chop, a white onion, a yellow bell pepper and a red onion.",2 of 16,0.125,False,
68,,,"I am carrying too many items already, so I should drop some items to free up space before taking the cookbook and knife to check the recipe.",drop red hot pepper,,You drop the red hot pepper on the ground.,Kitchen,"This might come as a shock to you, but you've just walked into a kitchen. Okay, just remember what you're here to do, and everything will go great.

You hear a noise behind you and spin around, but you can't see anything other than a fridge. You can make out a closed oven close by. If you haven't noticed it already, there seems to be something there by the wall, it's a table. The table is massive. On the table you see a cookbook and a knife. You see a counter. You see a banana and a raw red potato on the counter. You can make out a stove. However, the stove, like an empty stove, has nothing on it.

There is an open frosted-glass door leading south. You don't like doors? Why not try going west, that entranceway is not blocked by one.

There is a red hot pepper, a red apple, a raw yellow potato, an orange bell pepper and a raw purple potato on the floor.","You are carrying: a raw pork chop, a white onion, a yellow bell pepper and a red onion.",2 of 16,0.125,False,
69,,,I should check the cookbook on the table to find a recipe for a delicious meal.,examine cookbook,,"You open the copy of ""Cooking: A Modern Approach (3rd Ed.)"" and start reading:

Recipe #1
---------
Gather all following ingredients and follow the directions to prepare this tasty meal.

Ingredients:
red hot pepper
  carrot
  orange bell pepper
  block of cheese
  red apple

Directions:
slice the red hot pepper
  fry the red hot pepper
  slice the carrot
  roast the carrot
  slice the orange bell pepper
  roast the orange bell pepper
  dice the block of cheese
  fry the block of cheese
  slice the red apple
  fry the red apple
  prepare meal",Kitchen,"This might come as a shock to you, but you've just walked into a kitchen. Okay, just remember what you're here to do, and everything will go great.

You hear a noise behind you and spin around, but you can't see anything other than a fridge. You can make out a closed oven close by. If you haven't noticed it already, there seems to be something there by the wall, it's a table. The table is massive. On the table you see a cookbook and a knife. You see a counter. You see a banana and a raw red potato on the counter. You can make out a stove. However, the stove, like an empty stove, has nothing on it.

There is an open frosted-glass door leading south. You don't like doors? Why not try going west, that entranceway is not blocked by one.

There is a red hot pepper, a red apple, a raw yellow potato, an orange bell pepper and a raw purple potato on the floor.","You are carrying: a raw pork chop, a white onion, a yellow bell pepper and a red onion.",2 of 16,0.125,False,
70,,,"I need to gather the ingredients listed in the recipe: red hot pepper, carrot, orange bell pepper, block of cheese, and red apple. I see the red hot pepper, red apple, and orange bell pepper on the floor, but I don't see a carrot or block of cheese yet. I should take the red hot pepper, red apple, and orange bell pepper from the floor first and then look around for the carrot and block of cheese.",take red hot pepper from floor,,You pick up the red hot pepper from the ground.,Kitchen,"This might come as a shock to you, but you've just walked into a kitchen. Okay, just remember what you're here to do, and everything will go great.

You hear a noise behind you and spin around, but you can't see anything other than a fridge. You can make out a closed oven close by. If you haven't noticed it already, there seems to be something there by the wall, it's a table. The table is massive. On the table you see a cookbook and a knife. You see a counter. You see a banana and a raw red potato on the counter. You can make out a stove. However, the stove, like an empty stove, has nothing on it.

There is an open frosted-glass door leading south. You don't like doors? Why not try going west, that entranceway is not blocked by one.

There is a red apple, a raw yellow potato, an orange bell pepper and a raw purple potato on the floor.","You are carrying: a red hot pepper, a raw pork chop, a white onion, a yellow bell pepper and a red onion.",2 of 16,0.125,False,
71,,,I should examine the cookbook on the table to find a recipe for a delicious meal.,examine cookbook,,"You open the copy of ""Cooking: A Modern Approach (3rd Ed.)"" and start reading:

Recipe #1
---------
Gather all following ingredients and follow the directions to prepare this tasty meal.

Ingredients:
red hot pepper
  carrot
  orange bell pepper
  block of cheese
  red apple

Directions:
slice the red hot pepper
  fry the red hot pepper
  slice the carrot
  roast the carrot
  slice the orange bell pepper
  roast the orange bell pepper
  dice the block of cheese
  fry the block of cheese
  slice the red apple
  fry the red apple
  prepare meal",Kitchen,"This might come as a shock to you, but you've just walked into a kitchen. Okay, just remember what you're here to do, and everything will go great.

You hear a noise behind you and spin around, but you can't see anything other than a fridge. You can make out a closed oven close by. If you haven't noticed it already, there seems to be something there by the wall, it's a table. The table is massive. On the table you see a cookbook and a knife. You see a counter. You see a banana and a raw red potato on the counter. You can make out a stove. However, the stove, like an empty stove, has nothing on it.

There is an open frosted-glass door leading south. You don't like doors? Why not try going west, that entranceway is not blocked by one.

There is a red apple, a raw yellow potato, an orange bell pepper and a raw purple potato on the floor.","You are carrying: a red hot pepper, a raw pork chop, a white onion, a yellow bell pepper and a red onion.",2 of 16,0.125,False,
72,,,"I need to gather the ingredients from the floor and counter that are listed in the recipe: carrot, orange bell pepper, block of cheese, and red apple. I already have the red hot pepper. I will start by taking the red apple and orange bell pepper from the floor.",take red apple from floor,,You're carrying too many things already.,Kitchen,"This might come as a shock to you, but you've just walked into a kitchen. Okay, just remember what you're here to do, and everything will go great.

You hear a noise behind you and spin around, but you can't see anything other than a fridge. You can make out a closed oven close by. If you haven't noticed it already, there seems to be something there by the wall, it's a table. The table is massive. On the table you see a cookbook and a knife. You see a counter. You see a banana and a raw red potato on the counter. You can make out a stove. However, the stove, like an empty stove, has nothing on it.

There is an open frosted-glass door leading south. You don't like doors? Why not try going west, that entranceway is not blocked by one.

There is a red apple, a raw yellow potato, an orange bell pepper and a raw purple potato on the floor.","You are carrying: a red hot pepper, a raw pork chop, a white onion, a yellow bell pepper and a red onion.",2 of 16,0.125,True,
