step_id,plan,summary,thought,action,task,feedback,location,description,inventory,score,reward,is_done,error
0,,,,,"You are hungry! Let's cook a delicious meal. Check the cookbook in the kitchen for the recipe. Once done, enjoy your meal!",,Shed,"You arrive in a shed. A typical one.

You see a closed toolbox. You make out a workbench. The workbench is wooden. However, the workbench, like an empty workbench, has nothing on it.

There is a closed barn door leading east.","You are carrying: a white onion, a red onion, a raw red potato, a red apple and a raw yellow potato.",0 of 16,0.0,False,
1,,,I should go east through the barn door to find the kitchen where the cookbook might be.,go east,,You have to open the barn door first.,Shed,"You arrive in a shed. A typical one.

You see a closed toolbox. You make out a workbench. The workbench is wooden. However, the workbench, like an empty workbench, has nothing on it.

There is a closed barn door leading east.","You are carrying: a white onion, a red onion, a raw red potato, a red apple and a raw yellow potato.",0 of 16,0.0,False,
2,,,I need to open the barn door to proceed further.,open barn door,,You open barn door.,Shed,"You arrive in a shed. A typical one.

You see a closed toolbox. You make out a workbench. The workbench is wooden. However, the workbench, like an empty workbench, has nothing on it.

There is an open barn door leading east.","You are carrying: a white onion, a red onion, a raw red potato, a red apple and a raw yellow potato.",0 of 16,0.0,False,
3,,,I should go east through the open barn door to reach the kitchen and check the cookbook for the recipe.,go east,,"Okay, so you're in a backyard, cool, but is it typical? You better believe it is.

Hey, want to see a patio table? Look over there, a patio table. But the thing hasn't got anything on it. You can see a patio chair. However, the patio chair, like an empty patio chair, has nothing on it. It would have been so cool if there was stuff on the patio chair. You can make out a closed BBQ here.

There is a closed patio door leading east. There is an open barn door leading west. There is an exit to the south.",Backyard,"Okay, so you're in a backyard, cool, but is it typical? You better believe it is.

Hey, want to see a patio table? Look over there, a patio table. But the thing hasn't got anything on it. You can see a patio chair. However, the patio chair, like an empty patio chair, has nothing on it. It would have been so cool if there was stuff on the patio chair. You can make out a closed BBQ here.

There is a closed patio door leading east. There is an open barn door leading west. There is an exit to the south.","You are carrying: a white onion, a red onion, a raw red potato, a red apple and a raw yellow potato.",0 of 16,0.0,False,
4,,,I should go east through the patio door to enter the kitchen and check the cookbook for the recipe.,go east,,You have to open the patio door first.,Backyard,"Okay, so you're in a backyard, cool, but is it typical? You better believe it is.

Hey, want to see a patio table? Look over there, a patio table. But the thing hasn't got anything on it. You can see a patio chair. However, the patio chair, like an empty patio chair, has nothing on it. It would have been so cool if there was stuff on the patio chair. You can make out a closed BBQ here.

There is a closed patio door leading east. There is an open barn door leading west. There is an exit to the south.","You are carrying: a white onion, a red onion, a raw red potato, a red apple and a raw yellow potato.",0 of 16,0.0,False,
5,,,I need to open the patio door to go east into the kitchen where the cookbook is located.,open patio door,,You open patio door.,Backyard,"Okay, so you're in a backyard, cool, but is it typical? You better believe it is.

Hey, want to see a patio table? Look over there, a patio table. But the thing hasn't got anything on it. You can see a patio chair. However, the patio chair, like an empty patio chair, has nothing on it. It would have been so cool if there was stuff on the patio chair. You can make out a closed BBQ here.

There is an open patio door leading east. There is an open barn door leading west. There is an exit to the south.","You are carrying: a white onion, a red onion, a raw red potato, a red apple and a raw yellow potato.",0 of 16,0.0,False,
6,,,I should go east through the open patio door to enter the kitchen and check the cookbook for the recipe.,go east,,"You are in a corridor. An usual kind of place.



There is an open patio door leading west. You need an exit without a door? You should try going east. You need an exit without a door? You should try going north. You don't like doors? Why not try going south, that entranceway is not blocked by one.",Corridor,"You are in a corridor. An usual kind of place.



There is an open patio door leading west. You need an exit without a door? You should try going east. You need an exit without a door? You should try going north. You don't like doors? Why not try going south, that entranceway is not blocked by one.","You are carrying: a white onion, a red onion, a raw red potato, a red apple and a raw yellow potato.",0 of 16,0.0,False,
7,,,I should go north to find the kitchen where the cookbook might be.,go north,,"You've entered a bathroom. You begin looking for stuff.

You scan the room, seeing a toilet. You wonder idly who left that here. The toilet is white. But the thing is empty, unfortunately.

You need an exit without a door? You should try going south.",Bathroom,"You've entered a bathroom. You begin looking for stuff.

You scan the room, seeing a toilet. You wonder idly who left that here. The toilet is white. But the thing is empty, unfortunately.

You need an exit without a door? You should try going south.","You are carrying: a white onion, a red onion, a raw red potato, a red apple and a raw yellow potato.",0 of 16,0.0,False,
8,,,I should go south to exit the bathroom and head to the kitchen to check the cookbook for the recipe.,go south,,"You are in a corridor. An usual kind of place.



There is an open patio door leading west. You need an exit without a door? You should try going east. You need an exit without a door? You should try going north. You don't like doors? Why not try going south, that entranceway is not blocked by one.",Corridor,"You are in a corridor. An usual kind of place.



There is an open patio door leading west. You need an exit without a door? You should try going east. You need an exit without a door? You should try going north. You don't like doors? Why not try going south, that entranceway is not blocked by one.","You are carrying: a white onion, a red onion, a raw red potato, a red apple and a raw yellow potato.",0 of 16,0.0,False,
9,,,I should go north to find the kitchen where the cookbook might be.,go north,,"You've entered a bathroom. You begin looking for stuff.

You scan the room, seeing a toilet. You wonder idly who left that here. The toilet is white. But the thing is empty, unfortunately.

You need an exit without a door? You should try going south.",Bathroom,"You've entered a bathroom. You begin looking for stuff.

You scan the room, seeing a toilet. You wonder idly who left that here. The toilet is white. But the thing is empty, unfortunately.

You need an exit without a door? You should try going south.","You are carrying: a white onion, a red onion, a raw red potato, a red apple and a raw yellow potato.",0 of 16,0.0,False,
10,,,I should go south to exit the bathroom and head to the kitchen to find the cookbook for the recipe.,go south,,"You are in a corridor. An usual kind of place.



There is an open patio door leading west. You need an exit without a door? You should try going east. You need an exit without a door? You should try going north. You don't like doors? Why not try going south, that entranceway is not blocked by one.",Corridor,"You are in a corridor. An usual kind of place.



There is an open patio door leading west. You need an exit without a door? You should try going east. You need an exit without a door? You should try going north. You don't like doors? Why not try going south, that entranceway is not blocked by one.","You are carrying: a white onion, a red onion, a raw red potato, a red apple and a raw yellow potato.",0 of 16,0.0,False,
11,,,I should go south where the entranceway is not blocked by a door to explore further and find the kitchen or the cookbook.,go south,,"Okay, so you're in a bedroom, cool, but is it typical? You better believe it is.

You make out a bed. What a coincidence, weren't you just thinking about a bed? But oh no! there's nothing on this piece of trash.

You don't like doors? Why not try going east, that entranceway is not blocked by one. You don't like doors? Why not try going north, that entranceway is not blocked by one.",Bedroom,"Okay, so you're in a bedroom, cool, but is it typical? You better believe it is.

You make out a bed. What a coincidence, weren't you just thinking about a bed? But oh no! there's nothing on this piece of trash.

You don't like doors? Why not try going east, that entranceway is not blocked by one. You don't like doors? Why not try going north, that entranceway is not blocked by one.","You are carrying: a white onion, a red onion, a raw red potato, a red apple and a raw yellow potato.",0 of 16,0.0,False,
12,,,I should go north or east to find the kitchen where the cookbook might be.,go north,,"You are in a corridor. An usual kind of place.



There is an open patio door leading west. You need an exit without a door? You should try going east. You need an exit without a door? You should try going north. You don't like doors? Why not try going south, that entranceway is not blocked by one.",Corridor,"You are in a corridor. An usual kind of place.



There is an open patio door leading west. You need an exit without a door? You should try going east. You need an exit without a door? You should try going north. You don't like doors? Why not try going south, that entranceway is not blocked by one.","You are carrying: a white onion, a red onion, a raw red potato, a red apple and a raw yellow potato.",0 of 16,0.0,False,
13,,,I should go north to find the kitchen where the cookbook might be.,go north,,"You've entered a bathroom. You begin looking for stuff.

You scan the room, seeing a toilet. You wonder idly who left that here. The toilet is white. But the thing is empty, unfortunately.

You need an exit without a door? You should try going south.",Bathroom,"You've entered a bathroom. You begin looking for stuff.

You scan the room, seeing a toilet. You wonder idly who left that here. The toilet is white. But the thing is empty, unfortunately.

You need an exit without a door? You should try going south.","You are carrying: a white onion, a red onion, a raw red potato, a red apple and a raw yellow potato.",0 of 16,0.0,False,
14,,,I should go south to exit the bathroom and head to the kitchen to find the cookbook for the recipe.,go south,,"You are in a corridor. An usual kind of place.



There is an open patio door leading west. You need an exit without a door? You should try going east. You need an exit without a door? You should try going north. You don't like doors? Why not try going south, that entranceway is not blocked by one.",Corridor,"You are in a corridor. An usual kind of place.



There is an open patio door leading west. You need an exit without a door? You should try going east. You need an exit without a door? You should try going north. You don't like doors? Why not try going south, that entranceway is not blocked by one.","You are carrying: a white onion, a red onion, a raw red potato, a red apple and a raw yellow potato.",0 of 16,0.0,False,
15,,,I should go south to explore the entranceway without a door and find the kitchen or the cookbook.,go south,,"Okay, so you're in a bedroom, cool, but is it typical? You better believe it is.

You make out a bed. What a coincidence, weren't you just thinking about a bed? But oh no! there's nothing on this piece of trash.

You don't like doors? Why not try going east, that entranceway is not blocked by one. You don't like doors? Why not try going north, that entranceway is not blocked by one.",Bedroom,"Okay, so you're in a bedroom, cool, but is it typical? You better believe it is.

You make out a bed. What a coincidence, weren't you just thinking about a bed? But oh no! there's nothing on this piece of trash.

You don't like doors? Why not try going east, that entranceway is not blocked by one. You don't like doors? Why not try going north, that entranceway is not blocked by one.","You are carrying: a white onion, a red onion, a raw red potato, a red apple and a raw yellow potato.",0 of 16,0.0,False,
16,,,I should go north or east to find the kitchen where the cookbook might be.,go north,,"You are in a corridor. An usual kind of place.



There is an open patio door leading west. You need an exit without a door? You should try going east. You need an exit without a door? You should try going north. You don't like doors? Why not try going south, that entranceway is not blocked by one.",Corridor,"You are in a corridor. An usual kind of place.



There is an open patio door leading west. You need an exit without a door? You should try going east. You need an exit without a door? You should try going north. You don't like doors? Why not try going south, that entranceway is not blocked by one.","You are carrying: a white onion, a red onion, a raw red potato, a red apple and a raw yellow potato.",0 of 16,0.0,False,
17,,,I should go north to find the kitchen where the cookbook might be.,go north,,"You've entered a bathroom. You begin looking for stuff.

You scan the room, seeing a toilet. You wonder idly who left that here. The toilet is white. But the thing is empty, unfortunately.

You need an exit without a door? You should try going south.",Bathroom,"You've entered a bathroom. You begin looking for stuff.

You scan the room, seeing a toilet. You wonder idly who left that here. The toilet is white. But the thing is empty, unfortunately.

You need an exit without a door? You should try going south.","You are carrying: a white onion, a red onion, a raw red potato, a red apple and a raw yellow potato.",0 of 16,0.0,False,
18,,,I should go south to exit the bathroom and head to the kitchen to check the cookbook for the recipe.,go south,,"You are in a corridor. An usual kind of place.



There is an open patio door leading west. You need an exit without a door? You should try going east. You need an exit without a door? You should try going north. You don't like doors? Why not try going south, that entranceway is not blocked by one.",Corridor,"You are in a corridor. An usual kind of place.



There is an open patio door leading west. You need an exit without a door? You should try going east. You need an exit without a door? You should try going north. You don't like doors? Why not try going south, that entranceway is not blocked by one.","You are carrying: a white onion, a red onion, a raw red potato, a red apple and a raw yellow potato.",0 of 16,0.0,False,
19,,,I should go east to find the kitchen and check the cookbook for the recipe.,go east,,"You are in a kitchen. It seems to be pretty normal here.

You hear a noise behind you and spin around, but you can't see anything other than a fridge. You shudder, but continue examining the room. You can make out an oven. You make out a table. The table is massive. On the table you see a cookbook and a knife. Suddenly, you bump your head on the ceiling, but it's not such a bad bump that it's going to prevent you from looking at objects and even things. You can see a counter. You see a banana on the counter. You see a stove. You wonder idly who left that here. But the thing is empty, unfortunately.

There is a closed frosted-glass door leading east. You need an exit without a door? You should try going south. There is an exit to the west.",Kitchen,"You are in a kitchen. It seems to be pretty normal here.

You hear a noise behind you and spin around, but you can't see anything other than a fridge. You shudder, but continue examining the room. You can make out an oven. You make out a table. The table is massive. On the table you see a cookbook and a knife. Suddenly, you bump your head on the ceiling, but it's not such a bad bump that it's going to prevent you from looking at objects and even things. You can see a counter. You see a banana on the counter. You see a stove. You wonder idly who left that here. But the thing is empty, unfortunately.

There is a closed frosted-glass door leading east. You need an exit without a door? You should try going south. There is an exit to the west.","You are carrying: a white onion, a red onion, a raw red potato, a red apple and a raw yellow potato.",0 of 16,0.0,False,
20,,,I should take the cookbook from the table to check the recipe for a delicious meal.,take cookbook from table,,You're carrying too many things already.,Kitchen,"You are in a kitchen. It seems to be pretty normal here.

You hear a noise behind you and spin around, but you can't see anything other than a fridge. You shudder, but continue examining the room. You can make out an oven. You make out a table. The table is massive. On the table you see a cookbook and a knife. Suddenly, you bump your head on the ceiling, but it's not such a bad bump that it's going to prevent you from looking at objects and even things. You can see a counter. You see a banana on the counter. You see a stove. You wonder idly who left that here. But the thing is empty, unfortunately.

There is a closed frosted-glass door leading east. You need an exit without a door? You should try going south. There is an exit to the west.","You are carrying: a white onion, a red onion, a raw red potato, a red apple and a raw yellow potato.",0 of 16,0.0,False,
21,,,"I am carrying too many items already, so I should drop some to free up space before taking the cookbook and knife to check the recipe.",drop white onion,,You drop the white onion on the ground.,Kitchen,"You are in a kitchen. It seems to be pretty normal here.

You hear a noise behind you and spin around, but you can't see anything other than a fridge. You shudder, but continue examining the room. You can make out an oven. You make out a table. The table is massive. On the table you see a cookbook and a knife. Suddenly, you bump your head on the ceiling, but it's not such a bad bump that it's going to prevent you from looking at objects and even things. You can see a counter. You see a banana on the counter. You see a stove. You wonder idly who left that here. But the thing is empty, unfortunately.

There is a closed frosted-glass door leading east. You need an exit without a door? You should try going south. There is an exit to the west.

There is a white onion on the floor.","You are carrying: a red onion, a raw red potato, a red apple and a raw yellow potato.",0 of 16,0.0,False,
22,,,I should examine the cookbook on the table to find the recipe for a delicious meal.,examine cookbook,,"You open the copy of ""Cooking: A Modern Approach (3rd Ed.)"" and start reading:

Recipe #1
---------
Gather all following ingredients and follow the directions to prepare this tasty meal.

Ingredients:
banana
  block of cheese
  orange bell pepper
  white onion
  pork chop

Directions:
chop the banana
  grill the banana
  slice the block of cheese
  grill the block of cheese
  dice the orange bell pepper
  roast the orange bell pepper
  dice the white onion
  fry the white onion
  slice the pork chop
  roast the pork chop
  prepare meal",Kitchen,"You are in a kitchen. It seems to be pretty normal here.

You hear a noise behind you and spin around, but you can't see anything other than a fridge. You shudder, but continue examining the room. You can make out an oven. You make out a table. The table is massive. On the table you see a cookbook and a knife. Suddenly, you bump your head on the ceiling, but it's not such a bad bump that it's going to prevent you from looking at objects and even things. You can see a counter. You see a banana on the counter. You see a stove. You wonder idly who left that here. But the thing is empty, unfortunately.

There is a closed frosted-glass door leading east. You need an exit without a door? You should try going south. There is an exit to the west.

There is a white onion on the floor.","You are carrying: a red onion, a raw red potato, a red apple and a raw yellow potato.",0 of 16,0.0,False,
23,,,"I need to gather all the ingredients listed in the recipe: banana, block of cheese, orange bell pepper, white onion, and pork chop. I already see a banana on the counter and a white onion on the floor, so I will take those first.",take banana from counter,,"You take the banana from the counter.



Your score has just gone up by one point.",Kitchen,"You are in a kitchen. It seems to be pretty normal here.

You hear a noise behind you and spin around, but you can't see anything other than a fridge. You shudder, but continue examining the room. You can make out an oven. You make out a table. The table is massive. On the table you see a cookbook and a knife. Suddenly, you bump your head on the ceiling, but it's not such a bad bump that it's going to prevent you from looking at objects and even things. You can see a counter. Looks like someone's already been here and taken everything off it, though. It would have been so cool if there was stuff on the counter! oh well. You see a stove. You wonder idly who left that here. But the thing is empty, unfortunately.

There is a closed frosted-glass door leading east. You need an exit without a door? You should try going south. There is an exit to the west.

There is a white onion on the floor.","You are carrying: a banana, a red onion, a raw red potato, a red apple and a raw yellow potato.",1 of 16,0.0625,False,
24,,,I should examine the cookbook on the table to find a recipe for a delicious meal.,examine cookbook,,"You open the copy of ""Cooking: A Modern Approach (3rd Ed.)"" and start reading:

Recipe #1
---------
Gather all following ingredients and follow the directions to prepare this tasty meal.

Ingredients:
banana
  block of cheese
  orange bell pepper
  white onion
  pork chop

Directions:
chop the banana
  grill the banana
  slice the block of cheese
  grill the block of cheese
  dice the orange bell pepper
  roast the orange bell pepper
  dice the white onion
  fry the white onion
  slice the pork chop
  roast the pork chop
  prepare meal",Kitchen,"You are in a kitchen. It seems to be pretty normal here.

You hear a noise behind you and spin around, but you can't see anything other than a fridge. You shudder, but continue examining the room. You can make out an oven. You make out a table. The table is massive. On the table you see a cookbook and a knife. Suddenly, you bump your head on the ceiling, but it's not such a bad bump that it's going to prevent you from looking at objects and even things. You can see a counter. Looks like someone's already been here and taken everything off it, though. It would have been so cool if there was stuff on the counter! oh well. You see a stove. You wonder idly who left that here. But the thing is empty, unfortunately.

There is a closed frosted-glass door leading east. You need an exit without a door? You should try going south. There is an exit to the west.

There is a white onion on the floor.","You are carrying: a banana, a red onion, a raw red potato, a red apple and a raw yellow potato.",1 of 16,0.0625,False,
25,,,"I need to gather the ingredients from the recipe. I already have a banana, so I should take the block of cheese, orange bell pepper, white onion, and pork chop. I see a white onion on the floor, so I will take it first.",take white onion from floor,,You're carrying too many things already.,Kitchen,"You are in a kitchen. It seems to be pretty normal here.

You hear a noise behind you and spin around, but you can't see anything other than a fridge. You shudder, but continue examining the room. You can make out an oven. You make out a table. The table is massive. On the table you see a cookbook and a knife. Suddenly, you bump your head on the ceiling, but it's not such a bad bump that it's going to prevent you from looking at objects and even things. You can see a counter. Looks like someone's already been here and taken everything off it, though. It would have been so cool if there was stuff on the counter! oh well. You see a stove. You wonder idly who left that here. But the thing is empty, unfortunately.

There is a closed frosted-glass door leading east. You need an exit without a door? You should try going south. There is an exit to the west.

There is a white onion on the floor.","You are carrying: a banana, a red onion, a raw red potato, a red apple and a raw yellow potato.",1 of 16,0.0625,False,
26,,,"I am carrying too many things, so I should drop one item to be able to take the white onion from the floor.",drop banana,,You drop the banana on the ground.,Kitchen,"You are in a kitchen. It seems to be pretty normal here.

You hear a noise behind you and spin around, but you can't see anything other than a fridge. You shudder, but continue examining the room. You can make out an oven. You make out a table. The table is massive. On the table you see a cookbook and a knife. Suddenly, you bump your head on the ceiling, but it's not such a bad bump that it's going to prevent you from looking at objects and even things. You can see a counter. Looks like someone's already been here and taken everything off it, though. It would have been so cool if there was stuff on the counter! oh well. You see a stove. You wonder idly who left that here. But the thing is empty, unfortunately.

There is a closed frosted-glass door leading east. You need an exit without a door? You should try going south. There is an exit to the west.

There is a banana and a white onion on the floor.","You are carrying: a red onion, a raw red potato, a red apple and a raw yellow potato.",1 of 16,0.0625,False,
27,,,I should examine the cookbook on the table to find a recipe for a delicious meal.,examine cookbook,,"You open the copy of ""Cooking: A Modern Approach (3rd Ed.)"" and start reading:

Recipe #1
---------
Gather all following ingredients and follow the directions to prepare this tasty meal.

Ingredients:
banana
  block of cheese
  orange bell pepper
  white onion
  pork chop

Directions:
chop the banana
  grill the banana
  slice the block of cheese
  grill the block of cheese
  dice the orange bell pepper
  roast the orange bell pepper
  dice the white onion
  fry the white onion
  slice the pork chop
  roast the pork chop
  prepare meal",Kitchen,"You are in a kitchen. It seems to be pretty normal here.

You hear a noise behind you and spin around, but you can't see anything other than a fridge. You shudder, but continue examining the room. You can make out an oven. You make out a table. The table is massive. On the table you see a cookbook and a knife. Suddenly, you bump your head on the ceiling, but it's not such a bad bump that it's going to prevent you from looking at objects and even things. You can see a counter. Looks like someone's already been here and taken everything off it, though. It would have been so cool if there was stuff on the counter! oh well. You see a stove. You wonder idly who left that here. But the thing is empty, unfortunately.

There is a closed frosted-glass door leading east. You need an exit without a door? You should try going south. There is an exit to the west.

There is a banana and a white onion on the floor.","You are carrying: a red onion, a raw red potato, a red apple and a raw yellow potato.",1 of 16,0.0625,False,
28,,,I need to take the banana and the white onion from the floor to start preparing the meal according to the recipe.,take banana from floor,,You pick up the banana from the ground.,Kitchen,"You are in a kitchen. It seems to be pretty normal here.

You hear a noise behind you and spin around, but you can't see anything other than a fridge. You shudder, but continue examining the room. You can make out an oven. You make out a table. The table is massive. On the table you see a cookbook and a knife. Suddenly, you bump your head on the ceiling, but it's not such a bad bump that it's going to prevent you from looking at objects and even things. You can see a counter. Looks like someone's already been here and taken everything off it, though. It would have been so cool if there was stuff on the counter! oh well. You see a stove. You wonder idly who left that here. But the thing is empty, unfortunately.

There is a closed frosted-glass door leading east. You need an exit without a door? You should try going south. There is an exit to the west.

There is a white onion on the floor.","You are carrying: a banana, a red onion, a raw red potato, a red apple and a raw yellow potato.",1 of 16,0.0625,False,
29,,,I should take the cookbook from the table to check the recipe for a delicious meal.,take cookbook from table,,You're carrying too many things already.,Kitchen,"You are in a kitchen. It seems to be pretty normal here.

You hear a noise behind you and spin around, but you can't see anything other than a fridge. You shudder, but continue examining the room. You can make out an oven. You make out a table. The table is massive. On the table you see a cookbook and a knife. Suddenly, you bump your head on the ceiling, but it's not such a bad bump that it's going to prevent you from looking at objects and even things. You can see a counter. Looks like someone's already been here and taken everything off it, though. It would have been so cool if there was stuff on the counter! oh well. You see a stove. You wonder idly who left that here. But the thing is empty, unfortunately.

There is a closed frosted-glass door leading east. You need an exit without a door? You should try going south. There is an exit to the west.

There is a white onion on the floor.","You are carrying: a banana, a red onion, a raw red potato, a red apple and a raw yellow potato.",1 of 16,0.0625,False,
30,,,"I am carrying too many items already, so I should drop one to be able to take the white onion from the floor.",drop banana,,You drop the banana on the ground.,Kitchen,"You are in a kitchen. It seems to be pretty normal here.

You hear a noise behind you and spin around, but you can't see anything other than a fridge. You shudder, but continue examining the room. You can make out an oven. You make out a table. The table is massive. On the table you see a cookbook and a knife. Suddenly, you bump your head on the ceiling, but it's not such a bad bump that it's going to prevent you from looking at objects and even things. You can see a counter. Looks like someone's already been here and taken everything off it, though. It would have been so cool if there was stuff on the counter! oh well. You see a stove. You wonder idly who left that here. But the thing is empty, unfortunately.

There is a closed frosted-glass door leading east. You need an exit without a door? You should try going south. There is an exit to the west.

There is a banana and a white onion on the floor.","You are carrying: a red onion, a raw red potato, a red apple and a raw yellow potato.",1 of 16,0.0625,False,
31,,,I should examine the cookbook on the table to find a recipe for a delicious meal.,examine cookbook,,"You open the copy of ""Cooking: A Modern Approach (3rd Ed.)"" and start reading:

Recipe #1
---------
Gather all following ingredients and follow the directions to prepare this tasty meal.

Ingredients:
banana
  block of cheese
  orange bell pepper
  white onion
  pork chop

Directions:
chop the banana
  grill the banana
  slice the block of cheese
  grill the block of cheese
  dice the orange bell pepper
  roast the orange bell pepper
  dice the white onion
  fry the white onion
  slice the pork chop
  roast the pork chop
  prepare meal",Kitchen,"You are in a kitchen. It seems to be pretty normal here.

You hear a noise behind you and spin around, but you can't see anything other than a fridge. You shudder, but continue examining the room. You can make out an oven. You make out a table. The table is massive. On the table you see a cookbook and a knife. Suddenly, you bump your head on the ceiling, but it's not such a bad bump that it's going to prevent you from looking at objects and even things. You can see a counter. Looks like someone's already been here and taken everything off it, though. It would have been so cool if there was stuff on the counter! oh well. You see a stove. You wonder idly who left that here. But the thing is empty, unfortunately.

There is a closed frosted-glass door leading east. You need an exit without a door? You should try going south. There is an exit to the west.

There is a banana and a white onion on the floor.","You are carrying: a red onion, a raw red potato, a red apple and a raw yellow potato.",1 of 16,0.0625,False,
32,,,"I need to gather the ingredients from the recipe. I see a banana and a white onion on the floor, so I should take them first.",take banana from floor,,You pick up the banana from the ground.,Kitchen,"You are in a kitchen. It seems to be pretty normal here.

You hear a noise behind you and spin around, but you can't see anything other than a fridge. You shudder, but continue examining the room. You can make out an oven. You make out a table. The table is massive. On the table you see a cookbook and a knife. Suddenly, you bump your head on the ceiling, but it's not such a bad bump that it's going to prevent you from looking at objects and even things. You can see a counter. Looks like someone's already been here and taken everything off it, though. It would have been so cool if there was stuff on the counter! oh well. You see a stove. You wonder idly who left that here. But the thing is empty, unfortunately.

There is a closed frosted-glass door leading east. You need an exit without a door? You should try going south. There is an exit to the west.

There is a white onion on the floor.","You are carrying: a banana, a red onion, a raw red potato, a red apple and a raw yellow potato.",1 of 16,0.0625,False,
33,,,I should take the cookbook from the table to check the recipe for a delicious meal.,take cookbook from table,,You're carrying too many things already.,Kitchen,"You are in a kitchen. It seems to be pretty normal here.

You hear a noise behind you and spin around, but you can't see anything other than a fridge. You shudder, but continue examining the room. You can make out an oven. You make out a table. The table is massive. On the table you see a cookbook and a knife. Suddenly, you bump your head on the ceiling, but it's not such a bad bump that it's going to prevent you from looking at objects and even things. You can see a counter. Looks like someone's already been here and taken everything off it, though. It would have been so cool if there was stuff on the counter! oh well. You see a stove. You wonder idly who left that here. But the thing is empty, unfortunately.

There is a closed frosted-glass door leading east. You need an exit without a door? You should try going south. There is an exit to the west.

There is a white onion on the floor.","You are carrying: a banana, a red onion, a raw red potato, a red apple and a raw yellow potato.",1 of 16,0.0625,False,
34,,,"I am carrying too many items, so I should drop one to be able to take the white onion from the floor.",drop banana,,You drop the banana on the ground.,Kitchen,"You are in a kitchen. It seems to be pretty normal here.

You hear a noise behind you and spin around, but you can't see anything other than a fridge. You shudder, but continue examining the room. You can make out an oven. You make out a table. The table is massive. On the table you see a cookbook and a knife. Suddenly, you bump your head on the ceiling, but it's not such a bad bump that it's going to prevent you from looking at objects and even things. You can see a counter. Looks like someone's already been here and taken everything off it, though. It would have been so cool if there was stuff on the counter! oh well. You see a stove. You wonder idly who left that here. But the thing is empty, unfortunately.

There is a closed frosted-glass door leading east. You need an exit without a door? You should try going south. There is an exit to the west.

There is a banana and a white onion on the floor.","You are carrying: a red onion, a raw red potato, a red apple and a raw yellow potato.",1 of 16,0.0625,False,
35,,,I should examine the cookbook on the table to find a recipe for a delicious meal.,examine cookbook,,"You open the copy of ""Cooking: A Modern Approach (3rd Ed.)"" and start reading:

Recipe #1
---------
Gather all following ingredients and follow the directions to prepare this tasty meal.

Ingredients:
banana
  block of cheese
  orange bell pepper
  white onion
  pork chop

Directions:
chop the banana
  grill the banana
  slice the block of cheese
  grill the block of cheese
  dice the orange bell pepper
  roast the orange bell pepper
  dice the white onion
  fry the white onion
  slice the pork chop
  roast the pork chop
  prepare meal",Kitchen,"You are in a kitchen. It seems to be pretty normal here.

You hear a noise behind you and spin around, but you can't see anything other than a fridge. You shudder, but continue examining the room. You can make out an oven. You make out a table. The table is massive. On the table you see a cookbook and a knife. Suddenly, you bump your head on the ceiling, but it's not such a bad bump that it's going to prevent you from looking at objects and even things. You can see a counter. Looks like someone's already been here and taken everything off it, though. It would have been so cool if there was stuff on the counter! oh well. You see a stove. You wonder idly who left that here. But the thing is empty, unfortunately.

There is a closed frosted-glass door leading east. You need an exit without a door? You should try going south. There is an exit to the west.

There is a banana and a white onion on the floor.","You are carrying: a red onion, a raw red potato, a red apple and a raw yellow potato.",1 of 16,0.0625,False,
36,,,"I need to gather the ingredients from the recipe. I see a banana and a white onion on the floor, so I will take them first.",take banana from floor,,You pick up the banana from the ground.,Kitchen,"You are in a kitchen. It seems to be pretty normal here.

You hear a noise behind you and spin around, but you can't see anything other than a fridge. You shudder, but continue examining the room. You can make out an oven. You make out a table. The table is massive. On the table you see a cookbook and a knife. Suddenly, you bump your head on the ceiling, but it's not such a bad bump that it's going to prevent you from looking at objects and even things. You can see a counter. Looks like someone's already been here and taken everything off it, though. It would have been so cool if there was stuff on the counter! oh well. You see a stove. You wonder idly who left that here. But the thing is empty, unfortunately.

There is a closed frosted-glass door leading east. You need an exit without a door? You should try going south. There is an exit to the west.

There is a white onion on the floor.","You are carrying: a banana, a red onion, a raw red potato, a red apple and a raw yellow potato.",1 of 16,0.0625,False,
37,,,I should take the white onion from the floor to have all the ingredients for cooking.,take white onion from floor,,You're carrying too many things already.,Kitchen,"You are in a kitchen. It seems to be pretty normal here.

You hear a noise behind you and spin around, but you can't see anything other than a fridge. You shudder, but continue examining the room. You can make out an oven. You make out a table. The table is massive. On the table you see a cookbook and a knife. Suddenly, you bump your head on the ceiling, but it's not such a bad bump that it's going to prevent you from looking at objects and even things. You can see a counter. Looks like someone's already been here and taken everything off it, though. It would have been so cool if there was stuff on the counter! oh well. You see a stove. You wonder idly who left that here. But the thing is empty, unfortunately.

There is a closed frosted-glass door leading east. You need an exit without a door? You should try going south. There is an exit to the west.

There is a white onion on the floor.","You are carrying: a banana, a red onion, a raw red potato, a red apple and a raw yellow potato.",1 of 16,0.0625,False,
38,,,"I am carrying too many items, so I should drop one to be able to take the white onion from the floor.",drop banana,,You drop the banana on the ground.,Kitchen,"You are in a kitchen. It seems to be pretty normal here.

You hear a noise behind you and spin around, but you can't see anything other than a fridge. You shudder, but continue examining the room. You can make out an oven. You make out a table. The table is massive. On the table you see a cookbook and a knife. Suddenly, you bump your head on the ceiling, but it's not such a bad bump that it's going to prevent you from looking at objects and even things. You can see a counter. Looks like someone's already been here and taken everything off it, though. It would have been so cool if there was stuff on the counter! oh well. You see a stove. You wonder idly who left that here. But the thing is empty, unfortunately.

There is a closed frosted-glass door leading east. You need an exit without a door? You should try going south. There is an exit to the west.

There is a banana and a white onion on the floor.","You are carrying: a red onion, a raw red potato, a red apple and a raw yellow potato.",1 of 16,0.0625,False,
39,,,I should examine the cookbook on the table to find a recipe for a delicious meal.,examine cookbook,,"You open the copy of ""Cooking: A Modern Approach (3rd Ed.)"" and start reading:

Recipe #1
---------
Gather all following ingredients and follow the directions to prepare this tasty meal.

Ingredients:
banana
  block of cheese
  orange bell pepper
  white onion
  pork chop

Directions:
chop the banana
  grill the banana
  slice the block of cheese
  grill the block of cheese
  dice the orange bell pepper
  roast the orange bell pepper
  dice the white onion
  fry the white onion
  slice the pork chop
  roast the pork chop
  prepare meal",Kitchen,"You are in a kitchen. It seems to be pretty normal here.

You hear a noise behind you and spin around, but you can't see anything other than a fridge. You shudder, but continue examining the room. You can make out an oven. You make out a table. The table is massive. On the table you see a cookbook and a knife. Suddenly, you bump your head on the ceiling, but it's not such a bad bump that it's going to prevent you from looking at objects and even things. You can see a counter. Looks like someone's already been here and taken everything off it, though. It would have been so cool if there was stuff on the counter! oh well. You see a stove. You wonder idly who left that here. But the thing is empty, unfortunately.

There is a closed frosted-glass door leading east. You need an exit without a door? You should try going south. There is an exit to the west.

There is a banana and a white onion on the floor.","You are carrying: a red onion, a raw red potato, a red apple and a raw yellow potato.",1 of 16,0.0625,False,
40,,,"I need to gather the ingredients from the recipe. I see a banana and a white onion on the floor, so I should take them first.",take banana from floor,,You pick up the banana from the ground.,Kitchen,"You are in a kitchen. It seems to be pretty normal here.

You hear a noise behind you and spin around, but you can't see anything other than a fridge. You shudder, but continue examining the room. You can make out an oven. You make out a table. The table is massive. On the table you see a cookbook and a knife. Suddenly, you bump your head on the ceiling, but it's not such a bad bump that it's going to prevent you from looking at objects and even things. You can see a counter. Looks like someone's already been here and taken everything off it, though. It would have been so cool if there was stuff on the counter! oh well. You see a stove. You wonder idly who left that here. But the thing is empty, unfortunately.

There is a closed frosted-glass door leading east. You need an exit without a door? You should try going south. There is an exit to the west.

There is a white onion on the floor.","You are carrying: a banana, a red onion, a raw red potato, a red apple and a raw yellow potato.",1 of 16,0.0625,False,
41,,,I should take the white onion from the floor to have more ingredients for cooking.,take white onion from floor,,You're carrying too many things already.,Kitchen,"You are in a kitchen. It seems to be pretty normal here.

You hear a noise behind you and spin around, but you can't see anything other than a fridge. You shudder, but continue examining the room. You can make out an oven. You make out a table. The table is massive. On the table you see a cookbook and a knife. Suddenly, you bump your head on the ceiling, but it's not such a bad bump that it's going to prevent you from looking at objects and even things. You can see a counter. Looks like someone's already been here and taken everything off it, though. It would have been so cool if there was stuff on the counter! oh well. You see a stove. You wonder idly who left that here. But the thing is empty, unfortunately.

There is a closed frosted-glass door leading east. You need an exit without a door? You should try going south. There is an exit to the west.

There is a white onion on the floor.","You are carrying: a banana, a red onion, a raw red potato, a red apple and a raw yellow potato.",1 of 16,0.0625,False,
42,,,"I am carrying too many items already, so I should drop one to be able to take the cookbook and the knife from the table to check the recipe for cooking a delicious meal.",drop banana,,You drop the banana on the ground.,Kitchen,"You are in a kitchen. It seems to be pretty normal here.

You hear a noise behind you and spin around, but you can't see anything other than a fridge. You shudder, but continue examining the room. You can make out an oven. You make out a table. The table is massive. On the table you see a cookbook and a knife. Suddenly, you bump your head on the ceiling, but it's not such a bad bump that it's going to prevent you from looking at objects and even things. You can see a counter. Looks like someone's already been here and taken everything off it, though. It would have been so cool if there was stuff on the counter! oh well. You see a stove. You wonder idly who left that here. But the thing is empty, unfortunately.

There is a closed frosted-glass door leading east. You need an exit without a door? You should try going south. There is an exit to the west.

There is a banana and a white onion on the floor.","You are carrying: a red onion, a raw red potato, a red apple and a raw yellow potato.",1 of 16,0.0625,False,
43,,,I should examine the cookbook on the table to find a recipe for a delicious meal.,examine cookbook,,"You open the copy of ""Cooking: A Modern Approach (3rd Ed.)"" and start reading:

Recipe #1
---------
Gather all following ingredients and follow the directions to prepare this tasty meal.

Ingredients:
banana
  block of cheese
  orange bell pepper
  white onion
  pork chop

Directions:
chop the banana
  grill the banana
  slice the block of cheese
  grill the block of cheese
  dice the orange bell pepper
  roast the orange bell pepper
  dice the white onion
  fry the white onion
  slice the pork chop
  roast the pork chop
  prepare meal",Kitchen,"You are in a kitchen. It seems to be pretty normal here.

You hear a noise behind you and spin around, but you can't see anything other than a fridge. You shudder, but continue examining the room. You can make out an oven. You make out a table. The table is massive. On the table you see a cookbook and a knife. Suddenly, you bump your head on the ceiling, but it's not such a bad bump that it's going to prevent you from looking at objects and even things. You can see a counter. Looks like someone's already been here and taken everything off it, though. It would have been so cool if there was stuff on the counter! oh well. You see a stove. You wonder idly who left that here. But the thing is empty, unfortunately.

There is a closed frosted-glass door leading east. You need an exit without a door? You should try going south. There is an exit to the west.

There is a banana and a white onion on the floor.","You are carrying: a red onion, a raw red potato, a red apple and a raw yellow potato.",1 of 16,0.0625,False,
44,,,"I need to gather the ingredients from the recipe. I see a banana and a white onion on the floor, so I will take them first.",take banana from floor,,You pick up the banana from the ground.,Kitchen,"You are in a kitchen. It seems to be pretty normal here.

You hear a noise behind you and spin around, but you can't see anything other than a fridge. You shudder, but continue examining the room. You can make out an oven. You make out a table. The table is massive. On the table you see a cookbook and a knife. Suddenly, you bump your head on the ceiling, but it's not such a bad bump that it's going to prevent you from looking at objects and even things. You can see a counter. Looks like someone's already been here and taken everything off it, though. It would have been so cool if there was stuff on the counter! oh well. You see a stove. You wonder idly who left that here. But the thing is empty, unfortunately.

There is a closed frosted-glass door leading east. You need an exit without a door? You should try going south. There is an exit to the west.

There is a white onion on the floor.","You are carrying: a banana, a red onion, a raw red potato, a red apple and a raw yellow potato.",1 of 16,0.0625,False,
45,,,I should examine the cookbook on the table to find a recipe for a delicious meal.,examine cookbook,,"You open the copy of ""Cooking: A Modern Approach (3rd Ed.)"" and start reading:

Recipe #1
---------
Gather all following ingredients and follow the directions to prepare this tasty meal.

Ingredients:
banana
  block of cheese
  orange bell pepper
  white onion
  pork chop

Directions:
chop the banana
  grill the banana
  slice the block of cheese
  grill the block of cheese
  dice the orange bell pepper
  roast the orange bell pepper
  dice the white onion
  fry the white onion
  slice the pork chop
  roast the pork chop
  prepare meal",Kitchen,"You are in a kitchen. It seems to be pretty normal here.

You hear a noise behind you and spin around, but you can't see anything other than a fridge. You shudder, but continue examining the room. You can make out an oven. You make out a table. The table is massive. On the table you see a cookbook and a knife. Suddenly, you bump your head on the ceiling, but it's not such a bad bump that it's going to prevent you from looking at objects and even things. You can see a counter. Looks like someone's already been here and taken everything off it, though. It would have been so cool if there was stuff on the counter! oh well. You see a stove. You wonder idly who left that here. But the thing is empty, unfortunately.

There is a closed frosted-glass door leading east. You need an exit without a door? You should try going south. There is an exit to the west.

There is a white onion on the floor.","You are carrying: a banana, a red onion, a raw red potato, a red apple and a raw yellow potato.",1 of 16,0.0625,False,
46,,,"I need to gather the ingredients from the recipe: banana, block of cheese, orange bell pepper, white onion, and pork chop. I already have a banana and a white onion on the floor, so I will take the white onion first and then look for the block of cheese, orange bell pepper, and pork chop in the kitchen.",take white onion from floor,,You're carrying too many things already.,Kitchen,"You are in a kitchen. It seems to be pretty normal here.

You hear a noise behind you and spin around, but you can't see anything other than a fridge. You shudder, but continue examining the room. You can make out an oven. You make out a table. The table is massive. On the table you see a cookbook and a knife. Suddenly, you bump your head on the ceiling, but it's not such a bad bump that it's going to prevent you from looking at objects and even things. You can see a counter. Looks like someone's already been here and taken everything off it, though. It would have been so cool if there was stuff on the counter! oh well. You see a stove. You wonder idly who left that here. But the thing is empty, unfortunately.

There is a closed frosted-glass door leading east. You need an exit without a door? You should try going south. There is an exit to the west.

There is a white onion on the floor.","You are carrying: a banana, a red onion, a raw red potato, a red apple and a raw yellow potato.",1 of 16,0.0625,False,
47,,,"I am carrying too many things, so I should drop one item to be able to take the white onion from the floor.",drop banana,,You drop the banana on the ground.,Kitchen,"You are in a kitchen. It seems to be pretty normal here.

You hear a noise behind you and spin around, but you can't see anything other than a fridge. You shudder, but continue examining the room. You can make out an oven. You make out a table. The table is massive. On the table you see a cookbook and a knife. Suddenly, you bump your head on the ceiling, but it's not such a bad bump that it's going to prevent you from looking at objects and even things. You can see a counter. Looks like someone's already been here and taken everything off it, though. It would have been so cool if there was stuff on the counter! oh well. You see a stove. You wonder idly who left that here. But the thing is empty, unfortunately.

There is a closed frosted-glass door leading east. You need an exit without a door? You should try going south. There is an exit to the west.

There is a banana and a white onion on the floor.","You are carrying: a red onion, a raw red potato, a red apple and a raw yellow potato.",1 of 16,0.0625,False,
48,,,I should examine the cookbook on the table to find a recipe for a delicious meal.,examine cookbook,,"You open the copy of ""Cooking: A Modern Approach (3rd Ed.)"" and start reading:

Recipe #1
---------
Gather all following ingredients and follow the directions to prepare this tasty meal.

Ingredients:
banana
  block of cheese
  orange bell pepper
  white onion
  pork chop

Directions:
chop the banana
  grill the banana
  slice the block of cheese
  grill the block of cheese
  dice the orange bell pepper
  roast the orange bell pepper
  dice the white onion
  fry the white onion
  slice the pork chop
  roast the pork chop
  prepare meal",Kitchen,"You are in a kitchen. It seems to be pretty normal here.

You hear a noise behind you and spin around, but you can't see anything other than a fridge. You shudder, but continue examining the room. You can make out an oven. You make out a table. The table is massive. On the table you see a cookbook and a knife. Suddenly, you bump your head on the ceiling, but it's not such a bad bump that it's going to prevent you from looking at objects and even things. You can see a counter. Looks like someone's already been here and taken everything off it, though. It would have been so cool if there was stuff on the counter! oh well. You see a stove. You wonder idly who left that here. But the thing is empty, unfortunately.

There is a closed frosted-glass door leading east. You need an exit without a door? You should try going south. There is an exit to the west.

There is a banana and a white onion on the floor.","You are carrying: a red onion, a raw red potato, a red apple and a raw yellow potato.",1 of 16,0.0625,False,
49,,,"I need to gather the ingredients listed in the recipe. I see a banana and a white onion on the floor, so I will take them first.",take banana from floor,,You pick up the banana from the ground.,Kitchen,"You are in a kitchen. It seems to be pretty normal here.

You hear a noise behind you and spin around, but you can't see anything other than a fridge. You shudder, but continue examining the room. You can make out an oven. You make out a table. The table is massive. On the table you see a cookbook and a knife. Suddenly, you bump your head on the ceiling, but it's not such a bad bump that it's going to prevent you from looking at objects and even things. You can see a counter. Looks like someone's already been here and taken everything off it, though. It would have been so cool if there was stuff on the counter! oh well. You see a stove. You wonder idly who left that here. But the thing is empty, unfortunately.

There is a closed frosted-glass door leading east. You need an exit without a door? You should try going south. There is an exit to the west.

There is a white onion on the floor.","You are carrying: a banana, a red onion, a raw red potato, a red apple and a raw yellow potato.",1 of 16,0.0625,False,
50,,,I should examine the cookbook on the table to find a recipe for a delicious meal.,examine cookbook,,"You open the copy of ""Cooking: A Modern Approach (3rd Ed.)"" and start reading:

Recipe #1
---------
Gather all following ingredients and follow the directions to prepare this tasty meal.

Ingredients:
banana
  block of cheese
  orange bell pepper
  white onion
  pork chop

Directions:
chop the banana
  grill the banana
  slice the block of cheese
  grill the block of cheese
  dice the orange bell pepper
  roast the orange bell pepper
  dice the white onion
  fry the white onion
  slice the pork chop
  roast the pork chop
  prepare meal",Kitchen,"You are in a kitchen. It seems to be pretty normal here.

You hear a noise behind you and spin around, but you can't see anything other than a fridge. You shudder, but continue examining the room. You can make out an oven. You make out a table. The table is massive. On the table you see a cookbook and a knife. Suddenly, you bump your head on the ceiling, but it's not such a bad bump that it's going to prevent you from looking at objects and even things. You can see a counter. Looks like someone's already been here and taken everything off it, though. It would have been so cool if there was stuff on the counter! oh well. You see a stove. You wonder idly who left that here. But the thing is empty, unfortunately.

There is a closed frosted-glass door leading east. You need an exit without a door? You should try going south. There is an exit to the west.

There is a white onion on the floor.","You are carrying: a banana, a red onion, a raw red potato, a red apple and a raw yellow potato.",1 of 16,0.0625,False,
51,,,"I need to gather the ingredients from the recipe: banana, block of cheese, orange bell pepper, white onion, and pork chop. I already have a banana and a white onion on the floor, so I will take the white onion first and then look for the block of cheese, orange bell pepper, and pork chop in the kitchen.",take white onion from floor,,You're carrying too many things already.,Kitchen,"You are in a kitchen. It seems to be pretty normal here.

You hear a noise behind you and spin around, but you can't see anything other than a fridge. You shudder, but continue examining the room. You can make out an oven. You make out a table. The table is massive. On the table you see a cookbook and a knife. Suddenly, you bump your head on the ceiling, but it's not such a bad bump that it's going to prevent you from looking at objects and even things. You can see a counter. Looks like someone's already been here and taken everything off it, though. It would have been so cool if there was stuff on the counter! oh well. You see a stove. You wonder idly who left that here. But the thing is empty, unfortunately.

There is a closed frosted-glass door leading east. You need an exit without a door? You should try going south. There is an exit to the west.

There is a white onion on the floor.","You are carrying: a banana, a red onion, a raw red potato, a red apple and a raw yellow potato.",1 of 16,0.0625,False,
52,,,"I am carrying too many things already, so I should drop one item to be able to take the white onion from the floor.",drop banana,,You drop the banana on the ground.,Kitchen,"You are in a kitchen. It seems to be pretty normal here.

You hear a noise behind you and spin around, but you can't see anything other than a fridge. You shudder, but continue examining the room. You can make out an oven. You make out a table. The table is massive. On the table you see a cookbook and a knife. Suddenly, you bump your head on the ceiling, but it's not such a bad bump that it's going to prevent you from looking at objects and even things. You can see a counter. Looks like someone's already been here and taken everything off it, though. It would have been so cool if there was stuff on the counter! oh well. You see a stove. You wonder idly who left that here. But the thing is empty, unfortunately.

There is a closed frosted-glass door leading east. You need an exit without a door? You should try going south. There is an exit to the west.

There is a banana and a white onion on the floor.","You are carrying: a red onion, a raw red potato, a red apple and a raw yellow potato.",1 of 16,0.0625,False,
53,,,I should examine the cookbook on the table to find a recipe for a delicious meal.,examine cookbook,,"You open the copy of ""Cooking: A Modern Approach (3rd Ed.)"" and start reading:

Recipe #1
---------
Gather all following ingredients and follow the directions to prepare this tasty meal.

Ingredients:
banana
  block of cheese
  orange bell pepper
  white onion
  pork chop

Directions:
chop the banana
  grill the banana
  slice the block of cheese
  grill the block of cheese
  dice the orange bell pepper
  roast the orange bell pepper
  dice the white onion
  fry the white onion
  slice the pork chop
  roast the pork chop
  prepare meal",Kitchen,"You are in a kitchen. It seems to be pretty normal here.

You hear a noise behind you and spin around, but you can't see anything other than a fridge. You shudder, but continue examining the room. You can make out an oven. You make out a table. The table is massive. On the table you see a cookbook and a knife. Suddenly, you bump your head on the ceiling, but it's not such a bad bump that it's going to prevent you from looking at objects and even things. You can see a counter. Looks like someone's already been here and taken everything off it, though. It would have been so cool if there was stuff on the counter! oh well. You see a stove. You wonder idly who left that here. But the thing is empty, unfortunately.

There is a closed frosted-glass door leading east. You need an exit without a door? You should try going south. There is an exit to the west.

There is a banana and a white onion on the floor.","You are carrying: a red onion, a raw red potato, a red apple and a raw yellow potato.",1 of 16,0.0625,False,
54,,,I need to gather the ingredients from the floor and then proceed with the recipe steps from the cookbook.,take banana from floor,,You pick up the banana from the ground.,Kitchen,"You are in a kitchen. It seems to be pretty normal here.

You hear a noise behind you and spin around, but you can't see anything other than a fridge. You shudder, but continue examining the room. You can make out an oven. You make out a table. The table is massive. On the table you see a cookbook and a knife. Suddenly, you bump your head on the ceiling, but it's not such a bad bump that it's going to prevent you from looking at objects and even things. You can see a counter. Looks like someone's already been here and taken everything off it, though. It would have been so cool if there was stuff on the counter! oh well. You see a stove. You wonder idly who left that here. But the thing is empty, unfortunately.

There is a closed frosted-glass door leading east. You need an exit without a door? You should try going south. There is an exit to the west.

There is a white onion on the floor.","You are carrying: a banana, a red onion, a raw red potato, a red apple and a raw yellow potato.",1 of 16,0.0625,False,
55,,,I should take the white onion from the floor to have all the ingredients for cooking.,take white onion from floor,,You're carrying too many things already.,Kitchen,"You are in a kitchen. It seems to be pretty normal here.

You hear a noise behind you and spin around, but you can't see anything other than a fridge. You shudder, but continue examining the room. You can make out an oven. You make out a table. The table is massive. On the table you see a cookbook and a knife. Suddenly, you bump your head on the ceiling, but it's not such a bad bump that it's going to prevent you from looking at objects and even things. You can see a counter. Looks like someone's already been here and taken everything off it, though. It would have been so cool if there was stuff on the counter! oh well. You see a stove. You wonder idly who left that here. But the thing is empty, unfortunately.

There is a closed frosted-glass door leading east. You need an exit without a door? You should try going south. There is an exit to the west.

There is a white onion on the floor.","You are carrying: a banana, a red onion, a raw red potato, a red apple and a raw yellow potato.",1 of 16,0.0625,False,
56,,,"I am carrying too many items already, so I should drop one to be able to take the white onion from the floor and then check the cookbook for the recipe.",drop banana,,You drop the banana on the ground.,Kitchen,"You are in a kitchen. It seems to be pretty normal here.

You hear a noise behind you and spin around, but you can't see anything other than a fridge. You shudder, but continue examining the room. You can make out an oven. You make out a table. The table is massive. On the table you see a cookbook and a knife. Suddenly, you bump your head on the ceiling, but it's not such a bad bump that it's going to prevent you from looking at objects and even things. You can see a counter. Looks like someone's already been here and taken everything off it, though. It would have been so cool if there was stuff on the counter! oh well. You see a stove. You wonder idly who left that here. But the thing is empty, unfortunately.

There is a closed frosted-glass door leading east. You need an exit without a door? You should try going south. There is an exit to the west.

There is a banana and a white onion on the floor.","You are carrying: a red onion, a raw red potato, a red apple and a raw yellow potato.",1 of 16,0.0625,False,
57,,,I should examine the cookbook on the table to find a recipe for a delicious meal.,examine cookbook,,"You open the copy of ""Cooking: A Modern Approach (3rd Ed.)"" and start reading:

Recipe #1
---------
Gather all following ingredients and follow the directions to prepare this tasty meal.

Ingredients:
banana
  block of cheese
  orange bell pepper
  white onion
  pork chop

Directions:
chop the banana
  grill the banana
  slice the block of cheese
  grill the block of cheese
  dice the orange bell pepper
  roast the orange bell pepper
  dice the white onion
  fry the white onion
  slice the pork chop
  roast the pork chop
  prepare meal",Kitchen,"You are in a kitchen. It seems to be pretty normal here.

You hear a noise behind you and spin around, but you can't see anything other than a fridge. You shudder, but continue examining the room. You can make out an oven. You make out a table. The table is massive. On the table you see a cookbook and a knife. Suddenly, you bump your head on the ceiling, but it's not such a bad bump that it's going to prevent you from looking at objects and even things. You can see a counter. Looks like someone's already been here and taken everything off it, though. It would have been so cool if there was stuff on the counter! oh well. You see a stove. You wonder idly who left that here. But the thing is empty, unfortunately.

There is a closed frosted-glass door leading east. You need an exit without a door? You should try going south. There is an exit to the west.

There is a banana and a white onion on the floor.","You are carrying: a red onion, a raw red potato, a red apple and a raw yellow potato.",1 of 16,0.0625,False,
58,,,"I need to gather the ingredients from the recipe. I see a banana and a white onion on the floor, so I should take them first.",take banana from floor,,You pick up the banana from the ground.,Kitchen,"You are in a kitchen. It seems to be pretty normal here.

You hear a noise behind you and spin around, but you can't see anything other than a fridge. You shudder, but continue examining the room. You can make out an oven. You make out a table. The table is massive. On the table you see a cookbook and a knife. Suddenly, you bump your head on the ceiling, but it's not such a bad bump that it's going to prevent you from looking at objects and even things. You can see a counter. Looks like someone's already been here and taken everything off it, though. It would have been so cool if there was stuff on the counter! oh well. You see a stove. You wonder idly who left that here. But the thing is empty, unfortunately.

There is a closed frosted-glass door leading east. You need an exit without a door? You should try going south. There is an exit to the west.

There is a white onion on the floor.","You are carrying: a banana, a red onion, a raw red potato, a red apple and a raw yellow potato.",1 of 16,0.0625,False,
59,,,I should examine the cookbook on the table to find a recipe for a delicious meal.,examine cookbook,,"You open the copy of ""Cooking: A Modern Approach (3rd Ed.)"" and start reading:

Recipe #1
---------
Gather all following ingredients and follow the directions to prepare this tasty meal.

Ingredients:
banana
  block of cheese
  orange bell pepper
  white onion
  pork chop

Directions:
chop the banana
  grill the banana
  slice the block of cheese
  grill the block of cheese
  dice the orange bell pepper
  roast the orange bell pepper
  dice the white onion
  fry the white onion
  slice the pork chop
  roast the pork chop
  prepare meal",Kitchen,"You are in a kitchen. It seems to be pretty normal here.

You hear a noise behind you and spin around, but you can't see anything other than a fridge. You shudder, but continue examining the room. You can make out an oven. You make out a table. The table is massive. On the table you see a cookbook and a knife. Suddenly, you bump your head on the ceiling, but it's not such a bad bump that it's going to prevent you from looking at objects and even things. You can see a counter. Looks like someone's already been here and taken everything off it, though. It would have been so cool if there was stuff on the counter! oh well. You see a stove. You wonder idly who left that here. But the thing is empty, unfortunately.

There is a closed frosted-glass door leading east. You need an exit without a door? You should try going south. There is an exit to the west.

There is a white onion on the floor.","You are carrying: a banana, a red onion, a raw red potato, a red apple and a raw yellow potato.",1 of 16,0.0625,False,
60,,,"I need to gather the ingredients from the recipe. I already have a banana, so I should take the block of cheese, orange bell pepper, white onion, and pork chop. I see a white onion on the floor, so I will take it first.",take white onion from floor,,You're carrying too many things already.,Kitchen,"You are in a kitchen. It seems to be pretty normal here.

You hear a noise behind you and spin around, but you can't see anything other than a fridge. You shudder, but continue examining the room. You can make out an oven. You make out a table. The table is massive. On the table you see a cookbook and a knife. Suddenly, you bump your head on the ceiling, but it's not such a bad bump that it's going to prevent you from looking at objects and even things. You can see a counter. Looks like someone's already been here and taken everything off it, though. It would have been so cool if there was stuff on the counter! oh well. You see a stove. You wonder idly who left that here. But the thing is empty, unfortunately.

There is a closed frosted-glass door leading east. You need an exit without a door? You should try going south. There is an exit to the west.

There is a white onion on the floor.","You are carrying: a banana, a red onion, a raw red potato, a red apple and a raw yellow potato.",1 of 16,0.0625,False,
61,,,"I am carrying too many items, so I should drop one to be able to take the white onion from the floor.",drop banana,,You drop the banana on the ground.,Kitchen,"You are in a kitchen. It seems to be pretty normal here.

You hear a noise behind you and spin around, but you can't see anything other than a fridge. You shudder, but continue examining the room. You can make out an oven. You make out a table. The table is massive. On the table you see a cookbook and a knife. Suddenly, you bump your head on the ceiling, but it's not such a bad bump that it's going to prevent you from looking at objects and even things. You can see a counter. Looks like someone's already been here and taken everything off it, though. It would have been so cool if there was stuff on the counter! oh well. You see a stove. You wonder idly who left that here. But the thing is empty, unfortunately.

There is a closed frosted-glass door leading east. You need an exit without a door? You should try going south. There is an exit to the west.

There is a banana and a white onion on the floor.","You are carrying: a red onion, a raw red potato, a red apple and a raw yellow potato.",1 of 16,0.0625,False,
62,,,I should examine the cookbook on the table to find a recipe for a delicious meal.,examine cookbook,,"You open the copy of ""Cooking: A Modern Approach (3rd Ed.)"" and start reading:

Recipe #1
---------
Gather all following ingredients and follow the directions to prepare this tasty meal.

Ingredients:
banana
  block of cheese
  orange bell pepper
  white onion
  pork chop

Directions:
chop the banana
  grill the banana
  slice the block of cheese
  grill the block of cheese
  dice the orange bell pepper
  roast the orange bell pepper
  dice the white onion
  fry the white onion
  slice the pork chop
  roast the pork chop
  prepare meal",Kitchen,"You are in a kitchen. It seems to be pretty normal here.

You hear a noise behind you and spin around, but you can't see anything other than a fridge. You shudder, but continue examining the room. You can make out an oven. You make out a table. The table is massive. On the table you see a cookbook and a knife. Suddenly, you bump your head on the ceiling, but it's not such a bad bump that it's going to prevent you from looking at objects and even things. You can see a counter. Looks like someone's already been here and taken everything off it, though. It would have been so cool if there was stuff on the counter! oh well. You see a stove. You wonder idly who left that here. But the thing is empty, unfortunately.

There is a closed frosted-glass door leading east. You need an exit without a door? You should try going south. There is an exit to the west.

There is a banana and a white onion on the floor.","You are carrying: a red onion, a raw red potato, a red apple and a raw yellow potato.",1 of 16,0.0625,False,
63,,,"I need to gather the ingredients from the recipe. I see a banana and a white onion on the floor, so I will take them first.",take banana from floor,,You pick up the banana from the ground.,Kitchen,"You are in a kitchen. It seems to be pretty normal here.

You hear a noise behind you and spin around, but you can't see anything other than a fridge. You shudder, but continue examining the room. You can make out an oven. You make out a table. The table is massive. On the table you see a cookbook and a knife. Suddenly, you bump your head on the ceiling, but it's not such a bad bump that it's going to prevent you from looking at objects and even things. You can see a counter. Looks like someone's already been here and taken everything off it, though. It would have been so cool if there was stuff on the counter! oh well. You see a stove. You wonder idly who left that here. But the thing is empty, unfortunately.

There is a closed frosted-glass door leading east. You need an exit without a door? You should try going south. There is an exit to the west.

There is a white onion on the floor.","You are carrying: a banana, a red onion, a raw red potato, a red apple and a raw yellow potato.",1 of 16,0.0625,False,
64,,,I should take the cookbook from the table to check the recipe for a delicious meal.,take cookbook from table,,You're carrying too many things already.,Kitchen,"You are in a kitchen. It seems to be pretty normal here.

You hear a noise behind you and spin around, but you can't see anything other than a fridge. You shudder, but continue examining the room. You can make out an oven. You make out a table. The table is massive. On the table you see a cookbook and a knife. Suddenly, you bump your head on the ceiling, but it's not such a bad bump that it's going to prevent you from looking at objects and even things. You can see a counter. Looks like someone's already been here and taken everything off it, though. It would have been so cool if there was stuff on the counter! oh well. You see a stove. You wonder idly who left that here. But the thing is empty, unfortunately.

There is a closed frosted-glass door leading east. You need an exit without a door? You should try going south. There is an exit to the west.

There is a white onion on the floor.","You are carrying: a banana, a red onion, a raw red potato, a red apple and a raw yellow potato.",1 of 16,0.0625,False,
65,,,"I am carrying too many items, so I should drop one to be able to take the white onion from the floor.",drop banana,,You drop the banana on the ground.,Kitchen,"You are in a kitchen. It seems to be pretty normal here.

You hear a noise behind you and spin around, but you can't see anything other than a fridge. You shudder, but continue examining the room. You can make out an oven. You make out a table. The table is massive. On the table you see a cookbook and a knife. Suddenly, you bump your head on the ceiling, but it's not such a bad bump that it's going to prevent you from looking at objects and even things. You can see a counter. Looks like someone's already been here and taken everything off it, though. It would have been so cool if there was stuff on the counter! oh well. You see a stove. You wonder idly who left that here. But the thing is empty, unfortunately.

There is a closed frosted-glass door leading east. You need an exit without a door? You should try going south. There is an exit to the west.

There is a banana and a white onion on the floor.","You are carrying: a red onion, a raw red potato, a red apple and a raw yellow potato.",1 of 16,0.0625,False,
66,,,I should examine the cookbook on the table to find a recipe for a delicious meal.,examine cookbook,,"You open the copy of ""Cooking: A Modern Approach (3rd Ed.)"" and start reading:

Recipe #1
---------
Gather all following ingredients and follow the directions to prepare this tasty meal.

Ingredients:
banana
  block of cheese
  orange bell pepper
  white onion
  pork chop

Directions:
chop the banana
  grill the banana
  slice the block of cheese
  grill the block of cheese
  dice the orange bell pepper
  roast the orange bell pepper
  dice the white onion
  fry the white onion
  slice the pork chop
  roast the pork chop
  prepare meal",Kitchen,"You are in a kitchen. It seems to be pretty normal here.

You hear a noise behind you and spin around, but you can't see anything other than a fridge. You shudder, but continue examining the room. You can make out an oven. You make out a table. The table is massive. On the table you see a cookbook and a knife. Suddenly, you bump your head on the ceiling, but it's not such a bad bump that it's going to prevent you from looking at objects and even things. You can see a counter. Looks like someone's already been here and taken everything off it, though. It would have been so cool if there was stuff on the counter! oh well. You see a stove. You wonder idly who left that here. But the thing is empty, unfortunately.

There is a closed frosted-glass door leading east. You need an exit without a door? You should try going south. There is an exit to the west.

There is a banana and a white onion on the floor.","You are carrying: a red onion, a raw red potato, a red apple and a raw yellow potato.",1 of 16,0.0625,False,
67,,,"I need to gather the ingredients from the recipe. I see a banana and a white onion on the floor, so I will take them first.",take banana from floor,,You pick up the banana from the ground.,Kitchen,"You are in a kitchen. It seems to be pretty normal here.

You hear a noise behind you and spin around, but you can't see anything other than a fridge. You shudder, but continue examining the room. You can make out an oven. You make out a table. The table is massive. On the table you see a cookbook and a knife. Suddenly, you bump your head on the ceiling, but it's not such a bad bump that it's going to prevent you from looking at objects and even things. You can see a counter. Looks like someone's already been here and taken everything off it, though. It would have been so cool if there was stuff on the counter! oh well. You see a stove. You wonder idly who left that here. But the thing is empty, unfortunately.

There is a closed frosted-glass door leading east. You need an exit without a door? You should try going south. There is an exit to the west.

There is a white onion on the floor.","You are carrying: a banana, a red onion, a raw red potato, a red apple and a raw yellow potato.",1 of 16,0.0625,False,
68,,,I should examine the cookbook on the table to find a recipe for a delicious meal.,examine cookbook,,"You open the copy of ""Cooking: A Modern Approach (3rd Ed.)"" and start reading:

Recipe #1
---------
Gather all following ingredients and follow the directions to prepare this tasty meal.

Ingredients:
banana
  block of cheese
  orange bell pepper
  white onion
  pork chop

Directions:
chop the banana
  grill the banana
  slice the block of cheese
  grill the block of cheese
  dice the orange bell pepper
  roast the orange bell pepper
  dice the white onion
  fry the white onion
  slice the pork chop
  roast the pork chop
  prepare meal",Kitchen,"You are in a kitchen. It seems to be pretty normal here.

You hear a noise behind you and spin around, but you can't see anything other than a fridge. You shudder, but continue examining the room. You can make out an oven. You make out a table. The table is massive. On the table you see a cookbook and a knife. Suddenly, you bump your head on the ceiling, but it's not such a bad bump that it's going to prevent you from looking at objects and even things. You can see a counter. Looks like someone's already been here and taken everything off it, though. It would have been so cool if there was stuff on the counter! oh well. You see a stove. You wonder idly who left that here. But the thing is empty, unfortunately.

There is a closed frosted-glass door leading east. You need an exit without a door? You should try going south. There is an exit to the west.

There is a white onion on the floor.","You are carrying: a banana, a red onion, a raw red potato, a red apple and a raw yellow potato.",1 of 16,0.0625,False,
69,,,"I need to gather the ingredients from the recipe: banana, block of cheese, orange bell pepper, white onion, and pork chop. I already have a banana and a white onion on the floor, so I should take the white onion first and then look for the block of cheese, orange bell pepper, and pork chop in the kitchen.",take white onion from floor,,You're carrying too many things already.,Kitchen,"You are in a kitchen. It seems to be pretty normal here.

You hear a noise behind you and spin around, but you can't see anything other than a fridge. You shudder, but continue examining the room. You can make out an oven. You make out a table. The table is massive. On the table you see a cookbook and a knife. Suddenly, you bump your head on the ceiling, but it's not such a bad bump that it's going to prevent you from looking at objects and even things. You can see a counter. Looks like someone's already been here and taken everything off it, though. It would have been so cool if there was stuff on the counter! oh well. You see a stove. You wonder idly who left that here. But the thing is empty, unfortunately.

There is a closed frosted-glass door leading east. You need an exit without a door? You should try going south. There is an exit to the west.

There is a white onion on the floor.","You are carrying: a banana, a red onion, a raw red potato, a red apple and a raw yellow potato.",1 of 16,0.0625,False,
70,,,"I am carrying too many items, so I should drop one to be able to take the cookbook and knife from the table to check the recipe and cook the meal.",drop banana,,You drop the banana on the ground.,Kitchen,"You are in a kitchen. It seems to be pretty normal here.

You hear a noise behind you and spin around, but you can't see anything other than a fridge. You shudder, but continue examining the room. You can make out an oven. You make out a table. The table is massive. On the table you see a cookbook and a knife. Suddenly, you bump your head on the ceiling, but it's not such a bad bump that it's going to prevent you from looking at objects and even things. You can see a counter. Looks like someone's already been here and taken everything off it, though. It would have been so cool if there was stuff on the counter! oh well. You see a stove. You wonder idly who left that here. But the thing is empty, unfortunately.

There is a closed frosted-glass door leading east. You need an exit without a door? You should try going south. There is an exit to the west.

There is a banana and a white onion on the floor.","You are carrying: a red onion, a raw red potato, a red apple and a raw yellow potato.",1 of 16,0.0625,False,
71,,,I should examine the cookbook on the table to find a recipe for a delicious meal.,examine cookbook,,"You open the copy of ""Cooking: A Modern Approach (3rd Ed.)"" and start reading:

Recipe #1
---------
Gather all following ingredients and follow the directions to prepare this tasty meal.

Ingredients:
banana
  block of cheese
  orange bell pepper
  white onion
  pork chop

Directions:
chop the banana
  grill the banana
  slice the block of cheese
  grill the block of cheese
  dice the orange bell pepper
  roast the orange bell pepper
  dice the white onion
  fry the white onion
  slice the pork chop
  roast the pork chop
  prepare meal",Kitchen,"You are in a kitchen. It seems to be pretty normal here.

You hear a noise behind you and spin around, but you can't see anything other than a fridge. You shudder, but continue examining the room. You can make out an oven. You make out a table. The table is massive. On the table you see a cookbook and a knife. Suddenly, you bump your head on the ceiling, but it's not such a bad bump that it's going to prevent you from looking at objects and even things. You can see a counter. Looks like someone's already been here and taken everything off it, though. It would have been so cool if there was stuff on the counter! oh well. You see a stove. You wonder idly who left that here. But the thing is empty, unfortunately.

There is a closed frosted-glass door leading east. You need an exit without a door? You should try going south. There is an exit to the west.

There is a banana and a white onion on the floor.","You are carrying: a red onion, a raw red potato, a red apple and a raw yellow potato.",1 of 16,0.0625,False,
72,,,"I need to gather the ingredients from the recipe. I see a banana and a white onion on the floor, so I will take them first.",take banana from floor,,You pick up the banana from the ground.,Kitchen,"You are in a kitchen. It seems to be pretty normal here.

You hear a noise behind you and spin around, but you can't see anything other than a fridge. You shudder, but continue examining the room. You can make out an oven. You make out a table. The table is massive. On the table you see a cookbook and a knife. Suddenly, you bump your head on the ceiling, but it's not such a bad bump that it's going to prevent you from looking at objects and even things. You can see a counter. Looks like someone's already been here and taken everything off it, though. It would have been so cool if there was stuff on the counter! oh well. You see a stove. You wonder idly who left that here. But the thing is empty, unfortunately.

There is a closed frosted-glass door leading east. You need an exit without a door? You should try going south. There is an exit to the west.

There is a white onion on the floor.","You are carrying: a banana, a red onion, a raw red potato, a red apple and a raw yellow potato.",1 of 16,0.0625,False,
73,,,I should take the white onion from the floor to have all the ingredients for cooking.,take white onion from floor,,You're carrying too many things already.,Kitchen,"You are in a kitchen. It seems to be pretty normal here.

You hear a noise behind you and spin around, but you can't see anything other than a fridge. You shudder, but continue examining the room. You can make out an oven. You make out a table. The table is massive. On the table you see a cookbook and a knife. Suddenly, you bump your head on the ceiling, but it's not such a bad bump that it's going to prevent you from looking at objects and even things. You can see a counter. Looks like someone's already been here and taken everything off it, though. It would have been so cool if there was stuff on the counter! oh well. You see a stove. You wonder idly who left that here. But the thing is empty, unfortunately.

There is a closed frosted-glass door leading east. You need an exit without a door? You should try going south. There is an exit to the west.

There is a white onion on the floor.","You are carrying: a banana, a red onion, a raw red potato, a red apple and a raw yellow potato.",1 of 16,0.0625,False,
74,,,"I am carrying too many things, so I should drop one item to be able to take the white onion from the floor.",drop banana,,You drop the banana on the ground.,Kitchen,"You are in a kitchen. It seems to be pretty normal here.

You hear a noise behind you and spin around, but you can't see anything other than a fridge. You shudder, but continue examining the room. You can make out an oven. You make out a table. The table is massive. On the table you see a cookbook and a knife. Suddenly, you bump your head on the ceiling, but it's not such a bad bump that it's going to prevent you from looking at objects and even things. You can see a counter. Looks like someone's already been here and taken everything off it, though. It would have been so cool if there was stuff on the counter! oh well. You see a stove. You wonder idly who left that here. But the thing is empty, unfortunately.

There is a closed frosted-glass door leading east. You need an exit without a door? You should try going south. There is an exit to the west.

There is a banana and a white onion on the floor.","You are carrying: a red onion, a raw red potato, a red apple and a raw yellow potato.",1 of 16,0.0625,False,
75,,,I should examine the cookbook on the table to find a recipe for a delicious meal.,examine cookbook,,"You open the copy of ""Cooking: A Modern Approach (3rd Ed.)"" and start reading:

Recipe #1
---------
Gather all following ingredients and follow the directions to prepare this tasty meal.

Ingredients:
banana
  block of cheese
  orange bell pepper
  white onion
  pork chop

Directions:
chop the banana
  grill the banana
  slice the block of cheese
  grill the block of cheese
  dice the orange bell pepper
  roast the orange bell pepper
  dice the white onion
  fry the white onion
  slice the pork chop
  roast the pork chop
  prepare meal",Kitchen,"You are in a kitchen. It seems to be pretty normal here.

You hear a noise behind you and spin around, but you can't see anything other than a fridge. You shudder, but continue examining the room. You can make out an oven. You make out a table. The table is massive. On the table you see a cookbook and a knife. Suddenly, you bump your head on the ceiling, but it's not such a bad bump that it's going to prevent you from looking at objects and even things. You can see a counter. Looks like someone's already been here and taken everything off it, though. It would have been so cool if there was stuff on the counter! oh well. You see a stove. You wonder idly who left that here. But the thing is empty, unfortunately.

There is a closed frosted-glass door leading east. You need an exit without a door? You should try going south. There is an exit to the west.

There is a banana and a white onion on the floor.","You are carrying: a red onion, a raw red potato, a red apple and a raw yellow potato.",1 of 16,0.0625,False,
76,,,"I need to gather the ingredients from the floor and my inventory to start preparing the meal according to the recipe. First, I will take the banana and white onion from the floor.",take banana from floor,,You pick up the banana from the ground.,Kitchen,"You are in a kitchen. It seems to be pretty normal here.

You hear a noise behind you and spin around, but you can't see anything other than a fridge. You shudder, but continue examining the room. You can make out an oven. You make out a table. The table is massive. On the table you see a cookbook and a knife. Suddenly, you bump your head on the ceiling, but it's not such a bad bump that it's going to prevent you from looking at objects and even things. You can see a counter. Looks like someone's already been here and taken everything off it, though. It would have been so cool if there was stuff on the counter! oh well. You see a stove. You wonder idly who left that here. But the thing is empty, unfortunately.

There is a closed frosted-glass door leading east. You need an exit without a door? You should try going south. There is an exit to the west.

There is a white onion on the floor.","You are carrying: a banana, a red onion, a raw red potato, a red apple and a raw yellow potato.",1 of 16,0.0625,False,
77,,,I should examine the cookbook on the table to find a recipe for a delicious meal.,examine cookbook,,"You open the copy of ""Cooking: A Modern Approach (3rd Ed.)"" and start reading:

Recipe #1
---------
Gather all following ingredients and follow the directions to prepare this tasty meal.

Ingredients:
banana
  block of cheese
  orange bell pepper
  white onion
  pork chop

Directions:
chop the banana
  grill the banana
  slice the block of cheese
  grill the block of cheese
  dice the orange bell pepper
  roast the orange bell pepper
  dice the white onion
  fry the white onion
  slice the pork chop
  roast the pork chop
  prepare meal",Kitchen,"You are in a kitchen. It seems to be pretty normal here.

You hear a noise behind you and spin around, but you can't see anything other than a fridge. You shudder, but continue examining the room. You can make out an oven. You make out a table. The table is massive. On the table you see a cookbook and a knife. Suddenly, you bump your head on the ceiling, but it's not such a bad bump that it's going to prevent you from looking at objects and even things. You can see a counter. Looks like someone's already been here and taken everything off it, though. It would have been so cool if there was stuff on the counter! oh well. You see a stove. You wonder idly who left that here. But the thing is empty, unfortunately.

There is a closed frosted-glass door leading east. You need an exit without a door? You should try going south. There is an exit to the west.

There is a white onion on the floor.","You are carrying: a banana, a red onion, a raw red potato, a red apple and a raw yellow potato.",1 of 16,0.0625,False,
78,,,"I need to gather the ingredients from the recipe: banana, block of cheese, orange bell pepper, white onion, and pork chop. I already have a banana and a white onion is on the floor, so I will take the white onion first.",take white onion from floor,,You're carrying too many things already.,Kitchen,"You are in a kitchen. It seems to be pretty normal here.

You hear a noise behind you and spin around, but you can't see anything other than a fridge. You shudder, but continue examining the room. You can make out an oven. You make out a table. The table is massive. On the table you see a cookbook and a knife. Suddenly, you bump your head on the ceiling, but it's not such a bad bump that it's going to prevent you from looking at objects and even things. You can see a counter. Looks like someone's already been here and taken everything off it, though. It would have been so cool if there was stuff on the counter! oh well. You see a stove. You wonder idly who left that here. But the thing is empty, unfortunately.

There is a closed frosted-glass door leading east. You need an exit without a door? You should try going south. There is an exit to the west.

There is a white onion on the floor.","You are carrying: a banana, a red onion, a raw red potato, a red apple and a raw yellow potato.",1 of 16,0.0625,False,
79,,,"I am carrying too many things already, so I should drop one item to be able to take the white onion from the floor and then check the cookbook for the recipe.",drop banana,,You drop the banana on the ground.,Kitchen,"You are in a kitchen. It seems to be pretty normal here.

You hear a noise behind you and spin around, but you can't see anything other than a fridge. You shudder, but continue examining the room. You can make out an oven. You make out a table. The table is massive. On the table you see a cookbook and a knife. Suddenly, you bump your head on the ceiling, but it's not such a bad bump that it's going to prevent you from looking at objects and even things. You can see a counter. Looks like someone's already been here and taken everything off it, though. It would have been so cool if there was stuff on the counter! oh well. You see a stove. You wonder idly who left that here. But the thing is empty, unfortunately.

There is a closed frosted-glass door leading east. You need an exit without a door? You should try going south. There is an exit to the west.

There is a banana and a white onion on the floor.","You are carrying: a red onion, a raw red potato, a red apple and a raw yellow potato.",1 of 16,0.0625,False,
80,,,I should examine the cookbook on the table to find a recipe for a delicious meal.,examine cookbook,,"You open the copy of ""Cooking: A Modern Approach (3rd Ed.)"" and start reading:

Recipe #1
---------
Gather all following ingredients and follow the directions to prepare this tasty meal.

Ingredients:
banana
  block of cheese
  orange bell pepper
  white onion
  pork chop

Directions:
chop the banana
  grill the banana
  slice the block of cheese
  grill the block of cheese
  dice the orange bell pepper
  roast the orange bell pepper
  dice the white onion
  fry the white onion
  slice the pork chop
  roast the pork chop
  prepare meal",Kitchen,"You are in a kitchen. It seems to be pretty normal here.

You hear a noise behind you and spin around, but you can't see anything other than a fridge. You shudder, but continue examining the room. You can make out an oven. You make out a table. The table is massive. On the table you see a cookbook and a knife. Suddenly, you bump your head on the ceiling, but it's not such a bad bump that it's going to prevent you from looking at objects and even things. You can see a counter. Looks like someone's already been here and taken everything off it, though. It would have been so cool if there was stuff on the counter! oh well. You see a stove. You wonder idly who left that here. But the thing is empty, unfortunately.

There is a closed frosted-glass door leading east. You need an exit without a door? You should try going south. There is an exit to the west.

There is a banana and a white onion on the floor.","You are carrying: a red onion, a raw red potato, a red apple and a raw yellow potato.",1 of 16,0.0625,False,
81,,,I should take the banana and the white onion from the floor to start gathering the ingredients for the recipe.,"take banana from floor, take white onion from floor",,You can't see any such thing.,Kitchen,"You are in a kitchen. It seems to be pretty normal here.

You hear a noise behind you and spin around, but you can't see anything other than a fridge. You shudder, but continue examining the room. You can make out an oven. You make out a table. The table is massive. On the table you see a cookbook and a knife. Suddenly, you bump your head on the ceiling, but it's not such a bad bump that it's going to prevent you from looking at objects and even things. You can see a counter. Looks like someone's already been here and taken everything off it, though. It would have been so cool if there was stuff on the counter! oh well. You see a stove. You wonder idly who left that here. But the thing is empty, unfortunately.

There is a closed frosted-glass door leading east. You need an exit without a door? You should try going south. There is an exit to the west.

There is a banana and a white onion on the floor.","You are carrying: a red onion, a raw red potato, a red apple and a raw yellow potato.",1 of 16,0.0625,False,
82,,,I should examine the cookbook on the table to find a recipe for a delicious meal.,examine cookbook,,"You open the copy of ""Cooking: A Modern Approach (3rd Ed.)"" and start reading:

Recipe #1
---------
Gather all following ingredients and follow the directions to prepare this tasty meal.

Ingredients:
banana
  block of cheese
  orange bell pepper
  white onion
  pork chop

Directions:
chop the banana
  grill the banana
  slice the block of cheese
  grill the block of cheese
  dice the orange bell pepper
  roast the orange bell pepper
  dice the white onion
  fry the white onion
  slice the pork chop
  roast the pork chop
  prepare meal",Kitchen,"You are in a kitchen. It seems to be pretty normal here.

You hear a noise behind you and spin around, but you can't see anything other than a fridge. You shudder, but continue examining the room. You can make out an oven. You make out a table. The table is massive. On the table you see a cookbook and a knife. Suddenly, you bump your head on the ceiling, but it's not such a bad bump that it's going to prevent you from looking at objects and even things. You can see a counter. Looks like someone's already been here and taken everything off it, though. It would have been so cool if there was stuff on the counter! oh well. You see a stove. You wonder idly who left that here. But the thing is empty, unfortunately.

There is a closed frosted-glass door leading east. You need an exit without a door? You should try going south. There is an exit to the west.

There is a banana and a white onion on the floor.","You are carrying: a red onion, a raw red potato, a red apple and a raw yellow potato.",1 of 16,0.0625,False,
83,,,"I need to gather the ingredients from the recipe. I see a banana and a white onion on the floor, so I will take them first.",take banana from floor,,You pick up the banana from the ground.,Kitchen,"You are in a kitchen. It seems to be pretty normal here.

You hear a noise behind you and spin around, but you can't see anything other than a fridge. You shudder, but continue examining the room. You can make out an oven. You make out a table. The table is massive. On the table you see a cookbook and a knife. Suddenly, you bump your head on the ceiling, but it's not such a bad bump that it's going to prevent you from looking at objects and even things. You can see a counter. Looks like someone's already been here and taken everything off it, though. It would have been so cool if there was stuff on the counter! oh well. You see a stove. You wonder idly who left that here. But the thing is empty, unfortunately.

There is a closed frosted-glass door leading east. You need an exit without a door? You should try going south. There is an exit to the west.

There is a white onion on the floor.","You are carrying: a banana, a red onion, a raw red potato, a red apple and a raw yellow potato.",1 of 16,0.0625,False,
84,,,I should take the cookbook from the table to check the recipe for a delicious meal.,take cookbook from table,,You're carrying too many things already.,Kitchen,"You are in a kitchen. It seems to be pretty normal here.

You hear a noise behind you and spin around, but you can't see anything other than a fridge. You shudder, but continue examining the room. You can make out an oven. You make out a table. The table is massive. On the table you see a cookbook and a knife. Suddenly, you bump your head on the ceiling, but it's not such a bad bump that it's going to prevent you from looking at objects and even things. You can see a counter. Looks like someone's already been here and taken everything off it, though. It would have been so cool if there was stuff on the counter! oh well. You see a stove. You wonder idly who left that here. But the thing is empty, unfortunately.

There is a closed frosted-glass door leading east. You need an exit without a door? You should try going south. There is an exit to the west.

There is a white onion on the floor.","You are carrying: a banana, a red onion, a raw red potato, a red apple and a raw yellow potato.",1 of 16,0.0625,False,
85,,,"I am carrying too many items, so I should drop one to be able to take the white onion from the floor.",drop banana,,You drop the banana on the ground.,Kitchen,"You are in a kitchen. It seems to be pretty normal here.

You hear a noise behind you and spin around, but you can't see anything other than a fridge. You shudder, but continue examining the room. You can make out an oven. You make out a table. The table is massive. On the table you see a cookbook and a knife. Suddenly, you bump your head on the ceiling, but it's not such a bad bump that it's going to prevent you from looking at objects and even things. You can see a counter. Looks like someone's already been here and taken everything off it, though. It would have been so cool if there was stuff on the counter! oh well. You see a stove. You wonder idly who left that here. But the thing is empty, unfortunately.

There is a closed frosted-glass door leading east. You need an exit without a door? You should try going south. There is an exit to the west.

There is a banana and a white onion on the floor.","You are carrying: a red onion, a raw red potato, a red apple and a raw yellow potato.",1 of 16,0.0625,False,
86,,,I should examine the cookbook on the table to find a recipe for a delicious meal.,examine cookbook,,"You open the copy of ""Cooking: A Modern Approach (3rd Ed.)"" and start reading:

Recipe #1
---------
Gather all following ingredients and follow the directions to prepare this tasty meal.

Ingredients:
banana
  block of cheese
  orange bell pepper
  white onion
  pork chop

Directions:
chop the banana
  grill the banana
  slice the block of cheese
  grill the block of cheese
  dice the orange bell pepper
  roast the orange bell pepper
  dice the white onion
  fry the white onion
  slice the pork chop
  roast the pork chop
  prepare meal",Kitchen,"You are in a kitchen. It seems to be pretty normal here.

You hear a noise behind you and spin around, but you can't see anything other than a fridge. You shudder, but continue examining the room. You can make out an oven. You make out a table. The table is massive. On the table you see a cookbook and a knife. Suddenly, you bump your head on the ceiling, but it's not such a bad bump that it's going to prevent you from looking at objects and even things. You can see a counter. Looks like someone's already been here and taken everything off it, though. It would have been so cool if there was stuff on the counter! oh well. You see a stove. You wonder idly who left that here. But the thing is empty, unfortunately.

There is a closed frosted-glass door leading east. You need an exit without a door? You should try going south. There is an exit to the west.

There is a banana and a white onion on the floor.","You are carrying: a red onion, a raw red potato, a red apple and a raw yellow potato.",1 of 16,0.0625,False,
87,,,"I need to gather the ingredients from the recipe. I see a banana and a white onion on the floor, so I will take them first.",take banana from floor,,You pick up the banana from the ground.,Kitchen,"You are in a kitchen. It seems to be pretty normal here.

You hear a noise behind you and spin around, but you can't see anything other than a fridge. You shudder, but continue examining the room. You can make out an oven. You make out a table. The table is massive. On the table you see a cookbook and a knife. Suddenly, you bump your head on the ceiling, but it's not such a bad bump that it's going to prevent you from looking at objects and even things. You can see a counter. Looks like someone's already been here and taken everything off it, though. It would have been so cool if there was stuff on the counter! oh well. You see a stove. You wonder idly who left that here. But the thing is empty, unfortunately.

There is a closed frosted-glass door leading east. You need an exit without a door? You should try going south. There is an exit to the west.

There is a white onion on the floor.","You are carrying: a banana, a red onion, a raw red potato, a red apple and a raw yellow potato.",1 of 16,0.0625,False,
88,,,I should take the cookbook from the table to check the recipe for a delicious meal.,take cookbook from table,,You're carrying too many things already.,Kitchen,"You are in a kitchen. It seems to be pretty normal here.

You hear a noise behind you and spin around, but you can't see anything other than a fridge. You shudder, but continue examining the room. You can make out an oven. You make out a table. The table is massive. On the table you see a cookbook and a knife. Suddenly, you bump your head on the ceiling, but it's not such a bad bump that it's going to prevent you from looking at objects and even things. You can see a counter. Looks like someone's already been here and taken everything off it, though. It would have been so cool if there was stuff on the counter! oh well. You see a stove. You wonder idly who left that here. But the thing is empty, unfortunately.

There is a closed frosted-glass door leading east. You need an exit without a door? You should try going south. There is an exit to the west.

There is a white onion on the floor.","You are carrying: a banana, a red onion, a raw red potato, a red apple and a raw yellow potato.",1 of 16,0.0625,False,
89,,,"I am carrying too many items, so I should drop one to be able to take the white onion from the floor and then check the cookbook for the recipe.",drop banana,,You drop the banana on the ground.,Kitchen,"You are in a kitchen. It seems to be pretty normal here.

You hear a noise behind you and spin around, but you can't see anything other than a fridge. You shudder, but continue examining the room. You can make out an oven. You make out a table. The table is massive. On the table you see a cookbook and a knife. Suddenly, you bump your head on the ceiling, but it's not such a bad bump that it's going to prevent you from looking at objects and even things. You can see a counter. Looks like someone's already been here and taken everything off it, though. It would have been so cool if there was stuff on the counter! oh well. You see a stove. You wonder idly who left that here. But the thing is empty, unfortunately.

There is a closed frosted-glass door leading east. You need an exit without a door? You should try going south. There is an exit to the west.

There is a banana and a white onion on the floor.","You are carrying: a red onion, a raw red potato, a red apple and a raw yellow potato.",1 of 16,0.0625,False,
90,,,I should examine the cookbook on the table to find a recipe for a delicious meal.,examine cookbook,,"You open the copy of ""Cooking: A Modern Approach (3rd Ed.)"" and start reading:

Recipe #1
---------
Gather all following ingredients and follow the directions to prepare this tasty meal.

Ingredients:
banana
  block of cheese
  orange bell pepper
  white onion
  pork chop

Directions:
chop the banana
  grill the banana
  slice the block of cheese
  grill the block of cheese
  dice the orange bell pepper
  roast the orange bell pepper
  dice the white onion
  fry the white onion
  slice the pork chop
  roast the pork chop
  prepare meal",Kitchen,"You are in a kitchen. It seems to be pretty normal here.

You hear a noise behind you and spin around, but you can't see anything other than a fridge. You shudder, but continue examining the room. You can make out an oven. You make out a table. The table is massive. On the table you see a cookbook and a knife. Suddenly, you bump your head on the ceiling, but it's not such a bad bump that it's going to prevent you from looking at objects and even things. You can see a counter. Looks like someone's already been here and taken everything off it, though. It would have been so cool if there was stuff on the counter! oh well. You see a stove. You wonder idly who left that here. But the thing is empty, unfortunately.

There is a closed frosted-glass door leading east. You need an exit without a door? You should try going south. There is an exit to the west.

There is a banana and a white onion on the floor.","You are carrying: a red onion, a raw red potato, a red apple and a raw yellow potato.",1 of 16,0.0625,False,
91,,,"I need to gather the ingredients from the recipe. I see a banana and a white onion on the floor, so I should take them first.",take banana from floor,,You pick up the banana from the ground.,Kitchen,"You are in a kitchen. It seems to be pretty normal here.

You hear a noise behind you and spin around, but you can't see anything other than a fridge. You shudder, but continue examining the room. You can make out an oven. You make out a table. The table is massive. On the table you see a cookbook and a knife. Suddenly, you bump your head on the ceiling, but it's not such a bad bump that it's going to prevent you from looking at objects and even things. You can see a counter. Looks like someone's already been here and taken everything off it, though. It would have been so cool if there was stuff on the counter! oh well. You see a stove. You wonder idly who left that here. But the thing is empty, unfortunately.

There is a closed frosted-glass door leading east. You need an exit without a door? You should try going south. There is an exit to the west.

There is a white onion on the floor.","You are carrying: a banana, a red onion, a raw red potato, a red apple and a raw yellow potato.",1 of 16,0.0625,False,
92,,,I should examine the cookbook on the table to find a recipe for a delicious meal.,examine cookbook,,"You open the copy of ""Cooking: A Modern Approach (3rd Ed.)"" and start reading:

Recipe #1
---------
Gather all following ingredients and follow the directions to prepare this tasty meal.

Ingredients:
banana
  block of cheese
  orange bell pepper
  white onion
  pork chop

Directions:
chop the banana
  grill the banana
  slice the block of cheese
  grill the block of cheese
  dice the orange bell pepper
  roast the orange bell pepper
  dice the white onion
  fry the white onion
  slice the pork chop
  roast the pork chop
  prepare meal",Kitchen,"You are in a kitchen. It seems to be pretty normal here.

You hear a noise behind you and spin around, but you can't see anything other than a fridge. You shudder, but continue examining the room. You can make out an oven. You make out a table. The table is massive. On the table you see a cookbook and a knife. Suddenly, you bump your head on the ceiling, but it's not such a bad bump that it's going to prevent you from looking at objects and even things. You can see a counter. Looks like someone's already been here and taken everything off it, though. It would have been so cool if there was stuff on the counter! oh well. You see a stove. You wonder idly who left that here. But the thing is empty, unfortunately.

There is a closed frosted-glass door leading east. You need an exit without a door? You should try going south. There is an exit to the west.

There is a white onion on the floor.","You are carrying: a banana, a red onion, a raw red potato, a red apple and a raw yellow potato.",1 of 16,0.0625,False,
93,,,"I need to gather all the ingredients from the recipe: banana, block of cheese, orange bell pepper, white onion, and pork chop. I already have a banana and a white onion is on the floor, so I will take the white onion first and then look for the block of cheese, orange bell pepper, and pork chop in the kitchen.",take white onion from floor,,You're carrying too many things already.,Kitchen,"You are in a kitchen. It seems to be pretty normal here.

You hear a noise behind you and spin around, but you can't see anything other than a fridge. You shudder, but continue examining the room. You can make out an oven. You make out a table. The table is massive. On the table you see a cookbook and a knife. Suddenly, you bump your head on the ceiling, but it's not such a bad bump that it's going to prevent you from looking at objects and even things. You can see a counter. Looks like someone's already been here and taken everything off it, though. It would have been so cool if there was stuff on the counter! oh well. You see a stove. You wonder idly who left that here. But the thing is empty, unfortunately.

There is a closed frosted-glass door leading east. You need an exit without a door? You should try going south. There is an exit to the west.

There is a white onion on the floor.","You are carrying: a banana, a red onion, a raw red potato, a red apple and a raw yellow potato.",1 of 16,0.0625,False,
94,,,"I am carrying too many items already, so I should drop one to be able to take the white onion from the floor.",drop banana,,You drop the banana on the ground.,Kitchen,"You are in a kitchen. It seems to be pretty normal here.

You hear a noise behind you and spin around, but you can't see anything other than a fridge. You shudder, but continue examining the room. You can make out an oven. You make out a table. The table is massive. On the table you see a cookbook and a knife. Suddenly, you bump your head on the ceiling, but it's not such a bad bump that it's going to prevent you from looking at objects and even things. You can see a counter. Looks like someone's already been here and taken everything off it, though. It would have been so cool if there was stuff on the counter! oh well. You see a stove. You wonder idly who left that here. But the thing is empty, unfortunately.

There is a closed frosted-glass door leading east. You need an exit without a door? You should try going south. There is an exit to the west.

There is a banana and a white onion on the floor.","You are carrying: a red onion, a raw red potato, a red apple and a raw yellow potato.",1 of 16,0.0625,False,
95,,,I should examine the cookbook on the table to find a recipe for a delicious meal.,examine cookbook,,"You open the copy of ""Cooking: A Modern Approach (3rd Ed.)"" and start reading:

Recipe #1
---------
Gather all following ingredients and follow the directions to prepare this tasty meal.

Ingredients:
banana
  block of cheese
  orange bell pepper
  white onion
  pork chop

Directions:
chop the banana
  grill the banana
  slice the block of cheese
  grill the block of cheese
  dice the orange bell pepper
  roast the orange bell pepper
  dice the white onion
  fry the white onion
  slice the pork chop
  roast the pork chop
  prepare meal",Kitchen,"You are in a kitchen. It seems to be pretty normal here.

You hear a noise behind you and spin around, but you can't see anything other than a fridge. You shudder, but continue examining the room. You can make out an oven. You make out a table. The table is massive. On the table you see a cookbook and a knife. Suddenly, you bump your head on the ceiling, but it's not such a bad bump that it's going to prevent you from looking at objects and even things. You can see a counter. Looks like someone's already been here and taken everything off it, though. It would have been so cool if there was stuff on the counter! oh well. You see a stove. You wonder idly who left that here. But the thing is empty, unfortunately.

There is a closed frosted-glass door leading east. You need an exit without a door? You should try going south. There is an exit to the west.

There is a banana and a white onion on the floor.","You are carrying: a red onion, a raw red potato, a red apple and a raw yellow potato.",1 of 16,0.0625,False,
96,,,"I need to gather the ingredients from the recipe. I see a banana and a white onion on the floor, so I will take them first.",take banana from floor,,You pick up the banana from the ground.,Kitchen,"You are in a kitchen. It seems to be pretty normal here.

You hear a noise behind you and spin around, but you can't see anything other than a fridge. You shudder, but continue examining the room. You can make out an oven. You make out a table. The table is massive. On the table you see a cookbook and a knife. Suddenly, you bump your head on the ceiling, but it's not such a bad bump that it's going to prevent you from looking at objects and even things. You can see a counter. Looks like someone's already been here and taken everything off it, though. It would have been so cool if there was stuff on the counter! oh well. You see a stove. You wonder idly who left that here. But the thing is empty, unfortunately.

There is a closed frosted-glass door leading east. You need an exit without a door? You should try going south. There is an exit to the west.

There is a white onion on the floor.","You are carrying: a banana, a red onion, a raw red potato, a red apple and a raw yellow potato.",1 of 16,0.0625,False,
97,,,I should examine the cookbook on the table to find a recipe for a delicious meal.,examine cookbook,,"You open the copy of ""Cooking: A Modern Approach (3rd Ed.)"" and start reading:

Recipe #1
---------
Gather all following ingredients and follow the directions to prepare this tasty meal.

Ingredients:
banana
  block of cheese
  orange bell pepper
  white onion
  pork chop

Directions:
chop the banana
  grill the banana
  slice the block of cheese
  grill the block of cheese
  dice the orange bell pepper
  roast the orange bell pepper
  dice the white onion
  fry the white onion
  slice the pork chop
  roast the pork chop
  prepare meal",Kitchen,"You are in a kitchen. It seems to be pretty normal here.

You hear a noise behind you and spin around, but you can't see anything other than a fridge. You shudder, but continue examining the room. You can make out an oven. You make out a table. The table is massive. On the table you see a cookbook and a knife. Suddenly, you bump your head on the ceiling, but it's not such a bad bump that it's going to prevent you from looking at objects and even things. You can see a counter. Looks like someone's already been here and taken everything off it, though. It would have been so cool if there was stuff on the counter! oh well. You see a stove. You wonder idly who left that here. But the thing is empty, unfortunately.

There is a closed frosted-glass door leading east. You need an exit without a door? You should try going south. There is an exit to the west.

There is a white onion on the floor.","You are carrying: a banana, a red onion, a raw red potato, a red apple and a raw yellow potato.",1 of 16,0.0625,False,
98,,,"I need to gather the ingredients from the recipe: banana, block of cheese, orange bell pepper, white onion, and pork chop. I already have a banana and a white onion on the floor, so I will take the white onion first and then look for the block of cheese, orange bell pepper, and pork chop in the kitchen.",take white onion from floor,,You're carrying too many things already.,Kitchen,"You are in a kitchen. It seems to be pretty normal here.

You hear a noise behind you and spin around, but you can't see anything other than a fridge. You shudder, but continue examining the room. You can make out an oven. You make out a table. The table is massive. On the table you see a cookbook and a knife. Suddenly, you bump your head on the ceiling, but it's not such a bad bump that it's going to prevent you from looking at objects and even things. You can see a counter. Looks like someone's already been here and taken everything off it, though. It would have been so cool if there was stuff on the counter! oh well. You see a stove. You wonder idly who left that here. But the thing is empty, unfortunately.

There is a closed frosted-glass door leading east. You need an exit without a door? You should try going south. There is an exit to the west.

There is a white onion on the floor.","You are carrying: a banana, a red onion, a raw red potato, a red apple and a raw yellow potato.",1 of 16,0.0625,False,
99,,,"I am carrying too many items, so I should drop one to be able to take the white onion from the floor.",drop banana,,You drop the banana on the ground.,Kitchen,"You are in a kitchen. It seems to be pretty normal here.

You hear a noise behind you and spin around, but you can't see anything other than a fridge. You shudder, but continue examining the room. You can make out an oven. You make out a table. The table is massive. On the table you see a cookbook and a knife. Suddenly, you bump your head on the ceiling, but it's not such a bad bump that it's going to prevent you from looking at objects and even things. You can see a counter. Looks like someone's already been here and taken everything off it, though. It would have been so cool if there was stuff on the counter! oh well. You see a stove. You wonder idly who left that here. But the thing is empty, unfortunately.

There is a closed frosted-glass door leading east. You need an exit without a door? You should try going south. There is an exit to the west.

There is a banana and a white onion on the floor.","You are carrying: a red onion, a raw red potato, a red apple and a raw yellow potato.",1 of 16,0.0625,False,
100,,,I should examine the cookbook on the table to find a recipe for a delicious meal.,examine cookbook,,"You open the copy of ""Cooking: A Modern Approach (3rd Ed.)"" and start reading:

Recipe #1
---------
Gather all following ingredients and follow the directions to prepare this tasty meal.

Ingredients:
banana
  block of cheese
  orange bell pepper
  white onion
  pork chop

Directions:
chop the banana
  grill the banana
  slice the block of cheese
  grill the block of cheese
  dice the orange bell pepper
  roast the orange bell pepper
  dice the white onion
  fry the white onion
  slice the pork chop
  roast the pork chop
  prepare meal",Kitchen,"You are in a kitchen. It seems to be pretty normal here.

You hear a noise behind you and spin around, but you can't see anything other than a fridge. You shudder, but continue examining the room. You can make out an oven. You make out a table. The table is massive. On the table you see a cookbook and a knife. Suddenly, you bump your head on the ceiling, but it's not such a bad bump that it's going to prevent you from looking at objects and even things. You can see a counter. Looks like someone's already been here and taken everything off it, though. It would have been so cool if there was stuff on the counter! oh well. You see a stove. You wonder idly who left that here. But the thing is empty, unfortunately.

There is a closed frosted-glass door leading east. You need an exit without a door? You should try going south. There is an exit to the west.

There is a banana and a white onion on the floor.","You are carrying: a red onion, a raw red potato, a red apple and a raw yellow potato.",1 of 16,0.0625,True,
