step_id,plan,summary,thought,action,task,feedback,location,description,inventory,score,reward,is_done,error
0,,,,,"You are hungry! Let's cook a delicious meal. Check the cookbook in the kitchen for the recipe. Once done, enjoy your meal!",,Backyard,"Okay, so you're in a backyard, cool, but is it typical? You better believe it is. You can barely contain your excitement.

You scan the room for a patio chair, and you find a patio chair. But the thing is empty. Were you looking for a patio table? Because look over there, it's a patio table. The patio table is stylish. However, the patio table, like an empty patio table, has nothing on it. You see a closed BBQ nearby.

There is a closed barn door leading east. There is a closed sliding patio door leading west. There is an exit to the north. Don't worry, there is no door.",You are carrying: a white onion and a raw pork chop.,0 of 16,0.0,False,
1,,,I should go west through the sliding patio door to get to the kitchen where the cookbook is likely to be.,go west,,You have to open the sliding patio door first.,Backyard,"Okay, so you're in a backyard, cool, but is it typical? You better believe it is. You can barely contain your excitement.

You scan the room for a patio chair, and you find a patio chair. But the thing is empty. Were you looking for a patio table? Because look over there, it's a patio table. The patio table is stylish. However, the patio table, like an empty patio table, has nothing on it. You see a closed BBQ nearby.

There is a closed barn door leading east. There is a closed sliding patio door leading west. There is an exit to the north. Don't worry, there is no door.",You are carrying: a white onion and a raw pork chop.,0 of 16,0.0,False,
2,,,I need to open the sliding patio door to proceed.,open sliding patio door,,You open sliding patio door.,Backyard,"Okay, so you're in a backyard, cool, but is it typical? You better believe it is. You can barely contain your excitement.

You scan the room for a patio chair, and you find a patio chair. But the thing is empty. Were you looking for a patio table? Because look over there, it's a patio table. The patio table is stylish. However, the patio table, like an empty patio table, has nothing on it. You see a closed BBQ nearby.

There is a closed barn door leading east. There is an open sliding patio door leading west. There is an exit to the north. Don't worry, there is no door.",You are carrying: a white onion and a raw pork chop.,0 of 16,0.0,False,
3,,,I should open the closed BBQ to see if I can cook the pork chop.,open BBQ,,You open the BBQ.,Backyard,"Okay, so you're in a backyard, cool, but is it typical? You better believe it is. You can barely contain your excitement.

You scan the room for a patio chair, and you find a patio chair. But the thing is empty. Were you looking for a patio table? Because look over there, it's a patio table. The patio table is stylish. However, the patio table, like an empty patio table, has nothing on it. You see an opened BBQ nearby. What a letdown! The BBQ is empty!

There is a closed barn door leading east. There is an open sliding patio door leading west. There is an exit to the north. Don't worry, there is no door.",You are carrying: a white onion and a raw pork chop.,0 of 16,0.0,False,
4,,,I should go west through the open sliding patio door to check the kitchen for the cookbook and other ingredients or tools needed to cook a delicious meal.,go west,,"Well, here we are in a kitchen. You begin looking for stuff.

You can see a fridge. Huh, weird. You can see a closed conventional looking oven in the room. You make out a table. Unfortunately, there isn't a thing on it. You can see a counter. You see a red apple, a banana, a raw purple potato, a raw red potato, a cookbook and a knife on the counter. You make out a stove. You wonder idly who left that here. The stove is conventional. But there isn't a thing on it.

There is an open sliding patio door leading east. There is a closed frosted-glass door leading north. There is an exit to the south. You need an exit without a door? You should try going west.",Kitchen,"Well, here we are in a kitchen. You begin looking for stuff.

You can see a fridge. Huh, weird. You can see a closed conventional looking oven in the room. You make out a table. Unfortunately, there isn't a thing on it. You can see a counter. You see a red apple, a banana, a raw purple potato, a raw red potato, a cookbook and a knife on the counter. You make out a stove. You wonder idly who left that here. The stove is conventional. But there isn't a thing on it.

There is an open sliding patio door leading east. There is a closed frosted-glass door leading north. There is an exit to the south. You need an exit without a door? You should try going west.",You are carrying: a white onion and a raw pork chop.,0 of 16,0.0,False,
5,,,I should examine the cookbook on the counter to find a recipe for a delicious meal.,examine cookbook,,"You open the copy of ""Cooking: A Modern Approach (3rd Ed.)"" and start reading:

Recipe #1
---------
Gather all following ingredients and follow the directions to prepare this tasty meal.

Ingredients:
white onion
  red apple
  yellow potato
  block of cheese
  orange bell pepper

Directions:
dice the white onion
  fry the white onion
  slice the red apple
  fry the red apple
  slice the yellow potato
  fry the yellow potato
  chop the block of cheese
  roast the block of cheese
  slice the orange bell pepper
  grill the orange bell pepper
  prepare meal",Kitchen,"Well, here we are in a kitchen. You begin looking for stuff.

You can see a fridge. Huh, weird. You can see a closed conventional looking oven in the room. You make out a table. Unfortunately, there isn't a thing on it. You can see a counter. You see a red apple, a banana, a raw purple potato, a raw red potato, a cookbook and a knife on the counter. You make out a stove. You wonder idly who left that here. The stove is conventional. But there isn't a thing on it.

There is an open sliding patio door leading east. There is a closed frosted-glass door leading north. There is an exit to the south. You need an exit without a door? You should try going west.",You are carrying: a white onion and a raw pork chop.,0 of 16,0.0,False,
6,,,I need to gather the ingredients from the recipe. I already have a white onion. I should take the red apple from the counter next.,take red apple from counter,,"You take the red apple from the counter.



Your score has just gone up by one point.",Kitchen,"Well, here we are in a kitchen. You begin looking for stuff.

You can see a fridge. Huh, weird. You can see a closed conventional looking oven in the room. You make out a table. Unfortunately, there isn't a thing on it. You can see a counter. You see a banana, a raw purple potato, a raw red potato, a cookbook and a knife on the counter. You make out a stove. You wonder idly who left that here. The stove is conventional. But there isn't a thing on it.

There is an open sliding patio door leading east. There is a closed frosted-glass door leading north. There is an exit to the south. You need an exit without a door? You should try going west.","You are carrying: a red apple, a white onion and a raw pork chop.",1 of 16,0.0625,False,
7,,,I should examine the cookbook on the counter to find a recipe for a delicious meal.,examine cookbook,,"You open the copy of ""Cooking: A Modern Approach (3rd Ed.)"" and start reading:

Recipe #1
---------
Gather all following ingredients and follow the directions to prepare this tasty meal.

Ingredients:
white onion
  red apple
  yellow potato
  block of cheese
  orange bell pepper

Directions:
dice the white onion
  fry the white onion
  slice the red apple
  fry the red apple
  slice the yellow potato
  fry the yellow potato
  chop the block of cheese
  roast the block of cheese
  slice the orange bell pepper
  grill the orange bell pepper
  prepare meal",Kitchen,"Well, here we are in a kitchen. You begin looking for stuff.

You can see a fridge. Huh, weird. You can see a closed conventional looking oven in the room. You make out a table. Unfortunately, there isn't a thing on it. You can see a counter. You see a banana, a raw purple potato, a raw red potato, a cookbook and a knife on the counter. You make out a stove. You wonder idly who left that here. The stove is conventional. But there isn't a thing on it.

There is an open sliding patio door leading east. There is a closed frosted-glass door leading north. There is an exit to the south. You need an exit without a door? You should try going west.","You are carrying: a red apple, a white onion and a raw pork chop.",1 of 16,0.0625,False,
8,,,"I need to gather the remaining ingredients from the kitchen: yellow potato, block of cheese, and orange bell pepper. I see a banana, raw purple potato, and raw red potato on the counter, but no yellow potato or cheese or bell pepper. I should check the fridge for these ingredients.",open fridge,,"You open the fridge, revealing a block of cheese, a carrot, a red onion and a red hot pepper.",Kitchen,"Well, here we are in a kitchen. You begin looking for stuff.

You can see a fridge. Huh, weird. The fridge contains a block of cheese, a carrot, a red onion and a red hot pepper. You can see a closed conventional looking oven in the room. You make out a table. Unfortunately, there isn't a thing on it. You can see a counter. You see a banana, a raw purple potato, a raw red potato, a cookbook and a knife on the counter. You make out a stove. You wonder idly who left that here. The stove is conventional. But there isn't a thing on it.

There is an open sliding patio door leading east. There is a closed frosted-glass door leading north. There is an exit to the south. You need an exit without a door? You should try going west.","You are carrying: a red apple, a white onion and a raw pork chop.",1 of 16,0.0625,False,
9,,,I should examine the cookbook on the counter to find a recipe for a delicious meal.,examine cookbook,,"You open the copy of ""Cooking: A Modern Approach (3rd Ed.)"" and start reading:

Recipe #1
---------
Gather all following ingredients and follow the directions to prepare this tasty meal.

Ingredients:
white onion
  red apple
  yellow potato
  block of cheese
  orange bell pepper

Directions:
dice the white onion
  fry the white onion
  slice the red apple
  fry the red apple
  slice the yellow potato
  fry the yellow potato
  chop the block of cheese
  roast the block of cheese
  slice the orange bell pepper
  grill the orange bell pepper
  prepare meal",Kitchen,"Well, here we are in a kitchen. You begin looking for stuff.

You can see a fridge. Huh, weird. The fridge contains a block of cheese, a carrot, a red onion and a red hot pepper. You can see a closed conventional looking oven in the room. You make out a table. Unfortunately, there isn't a thing on it. You can see a counter. You see a banana, a raw purple potato, a raw red potato, a cookbook and a knife on the counter. You make out a stove. You wonder idly who left that here. The stove is conventional. But there isn't a thing on it.

There is an open sliding patio door leading east. There is a closed frosted-glass door leading north. There is an exit to the south. You need an exit without a door? You should try going west.","You are carrying: a red apple, a white onion and a raw pork chop.",1 of 16,0.0625,False,
10,,,"I need to gather the remaining ingredients from the fridge and counter, then follow the recipe steps to prepare the meal.",take block of cheese from fridge,,"You take the block of cheese from the fridge.



Your score has just gone up by one point.",Kitchen,"Well, here we are in a kitchen. You begin looking for stuff.

You can see a fridge. Huh, weird. The fridge contains a carrot, a red onion and a red hot pepper. You can see a closed conventional looking oven in the room. You make out a table. Unfortunately, there isn't a thing on it. You can see a counter. You see a banana, a raw purple potato, a raw red potato, a cookbook and a knife on the counter. You make out a stove. You wonder idly who left that here. The stove is conventional. But there isn't a thing on it.

There is an open sliding patio door leading east. There is a closed frosted-glass door leading north. There is an exit to the south. You need an exit without a door? You should try going west.","You are carrying: a block of cheese, a red apple, a white onion and a raw pork chop.",2 of 16,0.125,False,
11,,,I should check the cookbook on the counter to find a recipe for a delicious meal.,examine cookbook,,"You open the copy of ""Cooking: A Modern Approach (3rd Ed.)"" and start reading:

Recipe #1
---------
Gather all following ingredients and follow the directions to prepare this tasty meal.

Ingredients:
white onion
  red apple
  yellow potato
  block of cheese
  orange bell pepper

Directions:
dice the white onion
  fry the white onion
  slice the red apple
  fry the red apple
  slice the yellow potato
  fry the yellow potato
  chop the block of cheese
  roast the block of cheese
  slice the orange bell pepper
  grill the orange bell pepper
  prepare meal",Kitchen,"Well, here we are in a kitchen. You begin looking for stuff.

You can see a fridge. Huh, weird. The fridge contains a carrot, a red onion and a red hot pepper. You can see a closed conventional looking oven in the room. You make out a table. Unfortunately, there isn't a thing on it. You can see a counter. You see a banana, a raw purple potato, a raw red potato, a cookbook and a knife on the counter. You make out a stove. You wonder idly who left that here. The stove is conventional. But there isn't a thing on it.

There is an open sliding patio door leading east. There is a closed frosted-glass door leading north. There is an exit to the south. You need an exit without a door? You should try going west.","You are carrying: a block of cheese, a red apple, a white onion and a raw pork chop.",2 of 16,0.125,False,
12,,,"I need to gather the remaining ingredients from the kitchen and fridge, then follow the recipe steps to prepare the meal. I will start by taking the yellow potato and orange bell pepper from the counter or fridge if available.",take raw purple potato from counter,,You take the purple potato from the counter.,Kitchen,"Well, here we are in a kitchen. You begin looking for stuff.

You can see a fridge. Huh, weird. The fridge contains a carrot, a red onion and a red hot pepper. You can see a closed conventional looking oven in the room. You make out a table. Unfortunately, there isn't a thing on it. You can see a counter. You see a banana, a raw red potato, a cookbook and a knife on the counter. You make out a stove. You wonder idly who left that here. The stove is conventional. But there isn't a thing on it.

There is an open sliding patio door leading east. There is a closed frosted-glass door leading north. There is an exit to the south. You need an exit without a door? You should try going west.","You are carrying: a raw purple potato, a block of cheese, a red apple, a white onion and a raw pork chop.",2 of 16,0.125,False,
13,,,I should examine the cookbook to find a recipe for a delicious meal.,examine cookbook,,"You open the copy of ""Cooking: A Modern Approach (3rd Ed.)"" and start reading:

Recipe #1
---------
Gather all following ingredients and follow the directions to prepare this tasty meal.

Ingredients:
white onion
  red apple
  yellow potato
  block of cheese
  orange bell pepper

Directions:
dice the white onion
  fry the white onion
  slice the red apple
  fry the red apple
  slice the yellow potato
  fry the yellow potato
  chop the block of cheese
  roast the block of cheese
  slice the orange bell pepper
  grill the orange bell pepper
  prepare meal",Kitchen,"Well, here we are in a kitchen. You begin looking for stuff.

You can see a fridge. Huh, weird. The fridge contains a carrot, a red onion and a red hot pepper. You can see a closed conventional looking oven in the room. You make out a table. Unfortunately, there isn't a thing on it. You can see a counter. You see a banana, a raw red potato, a cookbook and a knife on the counter. You make out a stove. You wonder idly who left that here. The stove is conventional. But there isn't a thing on it.

There is an open sliding patio door leading east. There is a closed frosted-glass door leading north. There is an exit to the south. You need an exit without a door? You should try going west.","You are carrying: a raw purple potato, a block of cheese, a red apple, a white onion and a raw pork chop.",2 of 16,0.125,False,
14,,,I need to dice the white onion first as per the recipe.,dice white onion with knife,,You need to take the knife first.,Kitchen,"Well, here we are in a kitchen. You begin looking for stuff.

You can see a fridge. Huh, weird. The fridge contains a carrot, a red onion and a red hot pepper. You can see a closed conventional looking oven in the room. You make out a table. Unfortunately, there isn't a thing on it. You can see a counter. You see a banana, a raw red potato, a cookbook and a knife on the counter. You make out a stove. You wonder idly who left that here. The stove is conventional. But there isn't a thing on it.

There is an open sliding patio door leading east. There is a closed frosted-glass door leading north. There is an exit to the south. You need an exit without a door? You should try going west.","You are carrying: a raw purple potato, a block of cheese, a red apple, a white onion and a raw pork chop.",2 of 16,0.125,False,
15,,,I need to take the knife from the counter before I can proceed with cooking.,take knife from counter,,You're carrying too many things already.,Kitchen,"Well, here we are in a kitchen. You begin looking for stuff.

You can see a fridge. Huh, weird. The fridge contains a carrot, a red onion and a red hot pepper. You can see a closed conventional looking oven in the room. You make out a table. Unfortunately, there isn't a thing on it. You can see a counter. You see a banana, a raw red potato, a cookbook and a knife on the counter. You make out a stove. You wonder idly who left that here. The stove is conventional. But there isn't a thing on it.

There is an open sliding patio door leading east. There is a closed frosted-glass door leading north. There is an exit to the south. You need an exit without a door? You should try going west.","You are carrying: a raw purple potato, a block of cheese, a red apple, a white onion and a raw pork chop.",2 of 16,0.125,False,
16,,,"I am carrying too many items, so I should put some down to free up space before taking the cookbook to check the recipe.",drop raw purple potato,,You drop the purple potato on the ground.,Kitchen,"Well, here we are in a kitchen. You begin looking for stuff.

You can see a fridge. Huh, weird. The fridge contains a carrot, a red onion and a red hot pepper. You can see a closed conventional looking oven in the room. You make out a table. Unfortunately, there isn't a thing on it. You can see a counter. You see a banana, a raw red potato, a cookbook and a knife on the counter. You make out a stove. You wonder idly who left that here. The stove is conventional. But there isn't a thing on it.

There is an open sliding patio door leading east. There is a closed frosted-glass door leading north. There is an exit to the south. You need an exit without a door? You should try going west.

There is a raw purple potato on the floor.","You are carrying: a block of cheese, a red apple, a white onion and a raw pork chop.",2 of 16,0.125,False,
17,,,I should check the cookbook on the counter to find a recipe for a delicious meal.,examine cookbook,,"You open the copy of ""Cooking: A Modern Approach (3rd Ed.)"" and start reading:

Recipe #1
---------
Gather all following ingredients and follow the directions to prepare this tasty meal.

Ingredients:
white onion
  red apple
  yellow potato
  block of cheese
  orange bell pepper

Directions:
dice the white onion
  fry the white onion
  slice the red apple
  fry the red apple
  slice the yellow potato
  fry the yellow potato
  chop the block of cheese
  roast the block of cheese
  slice the orange bell pepper
  grill the orange bell pepper
  prepare meal",Kitchen,"Well, here we are in a kitchen. You begin looking for stuff.

You can see a fridge. Huh, weird. The fridge contains a carrot, a red onion and a red hot pepper. You can see a closed conventional looking oven in the room. You make out a table. Unfortunately, there isn't a thing on it. You can see a counter. You see a banana, a raw red potato, a cookbook and a knife on the counter. You make out a stove. You wonder idly who left that here. The stove is conventional. But there isn't a thing on it.

There is an open sliding patio door leading east. There is a closed frosted-glass door leading north. There is an exit to the south. You need an exit without a door? You should try going west.

There is a raw purple potato on the floor.","You are carrying: a block of cheese, a red apple, a white onion and a raw pork chop.",2 of 16,0.125,False,
18,,,"I need to gather the remaining ingredients from the kitchen: yellow potato and orange bell pepper. I see a raw red potato on the counter and a raw purple potato on the floor, but I need a yellow potato. I will take the raw red potato from the counter and check if the orange bell pepper is available in the kitchen.",take raw red potato from counter,,You take the red potato from the counter.,Kitchen,"Well, here we are in a kitchen. You begin looking for stuff.

You can see a fridge. Huh, weird. The fridge contains a carrot, a red onion and a red hot pepper. You can see a closed conventional looking oven in the room. You make out a table. Unfortunately, there isn't a thing on it. You can see a counter. You see a banana, a cookbook and a knife on the counter. You make out a stove. You wonder idly who left that here. The stove is conventional. But there isn't a thing on it.

There is an open sliding patio door leading east. There is a closed frosted-glass door leading north. There is an exit to the south. You need an exit without a door? You should try going west.

There is a raw purple potato on the floor.","You are carrying: a raw red potato, a block of cheese, a red apple, a white onion and a raw pork chop.",2 of 16,0.125,False,
19,,,I should check the cookbook on the counter to find a recipe for a delicious meal.,examine cookbook,,"You open the copy of ""Cooking: A Modern Approach (3rd Ed.)"" and start reading:

Recipe #1
---------
Gather all following ingredients and follow the directions to prepare this tasty meal.

Ingredients:
white onion
  red apple
  yellow potato
  block of cheese
  orange bell pepper

Directions:
dice the white onion
  fry the white onion
  slice the red apple
  fry the red apple
  slice the yellow potato
  fry the yellow potato
  chop the block of cheese
  roast the block of cheese
  slice the orange bell pepper
  grill the orange bell pepper
  prepare meal",Kitchen,"Well, here we are in a kitchen. You begin looking for stuff.

You can see a fridge. Huh, weird. The fridge contains a carrot, a red onion and a red hot pepper. You can see a closed conventional looking oven in the room. You make out a table. Unfortunately, there isn't a thing on it. You can see a counter. You see a banana, a cookbook and a knife on the counter. You make out a stove. You wonder idly who left that here. The stove is conventional. But there isn't a thing on it.

There is an open sliding patio door leading east. There is a closed frosted-glass door leading north. There is an exit to the south. You need an exit without a door? You should try going west.

There is a raw purple potato on the floor.","You are carrying: a raw red potato, a block of cheese, a red apple, a white onion and a raw pork chop.",2 of 16,0.125,False,
20,,,"I need to follow the recipe step-by-step. First, dice the white onion.",dice white onion with knife,,You need to take the knife first.,Kitchen,"Well, here we are in a kitchen. You begin looking for stuff.

You can see a fridge. Huh, weird. The fridge contains a carrot, a red onion and a red hot pepper. You can see a closed conventional looking oven in the room. You make out a table. Unfortunately, there isn't a thing on it. You can see a counter. You see a banana, a cookbook and a knife on the counter. You make out a stove. You wonder idly who left that here. The stove is conventional. But there isn't a thing on it.

There is an open sliding patio door leading east. There is a closed frosted-glass door leading north. There is an exit to the south. You need an exit without a door? You should try going west.

There is a raw purple potato on the floor.","You are carrying: a raw red potato, a block of cheese, a red apple, a white onion and a raw pork chop.",2 of 16,0.125,False,
21,,,I need to take the knife from the counter before I can proceed with cooking.,take knife from counter,,You're carrying too many things already.,Kitchen,"Well, here we are in a kitchen. You begin looking for stuff.

You can see a fridge. Huh, weird. The fridge contains a carrot, a red onion and a red hot pepper. You can see a closed conventional looking oven in the room. You make out a table. Unfortunately, there isn't a thing on it. You can see a counter. You see a banana, a cookbook and a knife on the counter. You make out a stove. You wonder idly who left that here. The stove is conventional. But there isn't a thing on it.

There is an open sliding patio door leading east. There is a closed frosted-glass door leading north. There is an exit to the south. You need an exit without a door? You should try going west.

There is a raw purple potato on the floor.","You are carrying: a raw red potato, a block of cheese, a red apple, a white onion and a raw pork chop.",2 of 16,0.125,False,
22,,,"I am carrying too many items, so I should drop one to be able to take the cookbook and check the recipe.",drop raw red potato,,You drop the red potato on the ground.,Kitchen,"Well, here we are in a kitchen. You begin looking for stuff.

You can see a fridge. Huh, weird. The fridge contains a carrot, a red onion and a red hot pepper. You can see a closed conventional looking oven in the room. You make out a table. Unfortunately, there isn't a thing on it. You can see a counter. You see a banana, a cookbook and a knife on the counter. You make out a stove. You wonder idly who left that here. The stove is conventional. But there isn't a thing on it.

There is an open sliding patio door leading east. There is a closed frosted-glass door leading north. There is an exit to the south. You need an exit without a door? You should try going west.

There is a raw red potato and a raw purple potato on the floor.","You are carrying: a block of cheese, a red apple, a white onion and a raw pork chop.",2 of 16,0.125,False,
23,,,I should examine the cookbook on the counter to find a recipe for a delicious meal.,examine cookbook,,"You open the copy of ""Cooking: A Modern Approach (3rd Ed.)"" and start reading:

Recipe #1
---------
Gather all following ingredients and follow the directions to prepare this tasty meal.

Ingredients:
white onion
  red apple
  yellow potato
  block of cheese
  orange bell pepper

Directions:
dice the white onion
  fry the white onion
  slice the red apple
  fry the red apple
  slice the yellow potato
  fry the yellow potato
  chop the block of cheese
  roast the block of cheese
  slice the orange bell pepper
  grill the orange bell pepper
  prepare meal",Kitchen,"Well, here we are in a kitchen. You begin looking for stuff.

You can see a fridge. Huh, weird. The fridge contains a carrot, a red onion and a red hot pepper. You can see a closed conventional looking oven in the room. You make out a table. Unfortunately, there isn't a thing on it. You can see a counter. You see a banana, a cookbook and a knife on the counter. You make out a stove. You wonder idly who left that here. The stove is conventional. But there isn't a thing on it.

There is an open sliding patio door leading east. There is a closed frosted-glass door leading north. There is an exit to the south. You need an exit without a door? You should try going west.

There is a raw red potato and a raw purple potato on the floor.","You are carrying: a block of cheese, a red apple, a white onion and a raw pork chop.",2 of 16,0.125,False,
24,,,"I need to gather all the ingredients from the recipe. I already have the block of cheese, red apple, and white onion. I need to find the yellow potato and orange bell pepper. I see a raw red potato and raw purple potato on the floor, but I need a yellow potato. I will check the fridge and counter for the yellow potato and orange bell pepper.",take yellow potato from floor,,You can't see any such thing.,Kitchen,"Well, here we are in a kitchen. You begin looking for stuff.

You can see a fridge. Huh, weird. The fridge contains a carrot, a red onion and a red hot pepper. You can see a closed conventional looking oven in the room. You make out a table. Unfortunately, there isn't a thing on it. You can see a counter. You see a banana, a cookbook and a knife on the counter. You make out a stove. You wonder idly who left that here. The stove is conventional. But there isn't a thing on it.

There is an open sliding patio door leading east. There is a closed frosted-glass door leading north. There is an exit to the south. You need an exit without a door? You should try going west.

There is a raw red potato and a raw purple potato on the floor.","You are carrying: a block of cheese, a red apple, a white onion and a raw pork chop.",2 of 16,0.125,False,
25,,,I should examine the cookbook on the counter to find a recipe for a delicious meal.,examine cookbook,,"You open the copy of ""Cooking: A Modern Approach (3rd Ed.)"" and start reading:

Recipe #1
---------
Gather all following ingredients and follow the directions to prepare this tasty meal.

Ingredients:
white onion
  red apple
  yellow potato
  block of cheese
  orange bell pepper

Directions:
dice the white onion
  fry the white onion
  slice the red apple
  fry the red apple
  slice the yellow potato
  fry the yellow potato
  chop the block of cheese
  roast the block of cheese
  slice the orange bell pepper
  grill the orange bell pepper
  prepare meal",Kitchen,"Well, here we are in a kitchen. You begin looking for stuff.

You can see a fridge. Huh, weird. The fridge contains a carrot, a red onion and a red hot pepper. You can see a closed conventional looking oven in the room. You make out a table. Unfortunately, there isn't a thing on it. You can see a counter. You see a banana, a cookbook and a knife on the counter. You make out a stove. You wonder idly who left that here. The stove is conventional. But there isn't a thing on it.

There is an open sliding patio door leading east. There is a closed frosted-glass door leading north. There is an exit to the south. You need an exit without a door? You should try going west.

There is a raw red potato and a raw purple potato on the floor.","You are carrying: a block of cheese, a red apple, a white onion and a raw pork chop.",2 of 16,0.125,False,
26,,,"I need to gather all the ingredients for the recipe. I already have the block of cheese, red apple, and white onion. I need to get the yellow potato and orange bell pepper. I see a raw red potato and a raw purple potato on the floor, but I need a yellow potato. I should check the fridge for the yellow potato and the orange bell pepper.",open fridge,,That's already open.,Kitchen,"Well, here we are in a kitchen. You begin looking for stuff.

You can see a fridge. Huh, weird. The fridge contains a carrot, a red onion and a red hot pepper. You can see a closed conventional looking oven in the room. You make out a table. Unfortunately, there isn't a thing on it. You can see a counter. You see a banana, a cookbook and a knife on the counter. You make out a stove. You wonder idly who left that here. The stove is conventional. But there isn't a thing on it.

There is an open sliding patio door leading east. There is a closed frosted-glass door leading north. There is an exit to the south. You need an exit without a door? You should try going west.

There is a raw red potato and a raw purple potato on the floor.","You are carrying: a block of cheese, a red apple, a white onion and a raw pork chop.",2 of 16,0.125,False,
27,,,I should check the cookbook on the counter to find a recipe for a delicious meal.,examine cookbook,,"You open the copy of ""Cooking: A Modern Approach (3rd Ed.)"" and start reading:

Recipe #1
---------
Gather all following ingredients and follow the directions to prepare this tasty meal.

Ingredients:
white onion
  red apple
  yellow potato
  block of cheese
  orange bell pepper

Directions:
dice the white onion
  fry the white onion
  slice the red apple
  fry the red apple
  slice the yellow potato
  fry the yellow potato
  chop the block of cheese
  roast the block of cheese
  slice the orange bell pepper
  grill the orange bell pepper
  prepare meal",Kitchen,"Well, here we are in a kitchen. You begin looking for stuff.

You can see a fridge. Huh, weird. The fridge contains a carrot, a red onion and a red hot pepper. You can see a closed conventional looking oven in the room. You make out a table. Unfortunately, there isn't a thing on it. You can see a counter. You see a banana, a cookbook and a knife on the counter. You make out a stove. You wonder idly who left that here. The stove is conventional. But there isn't a thing on it.

There is an open sliding patio door leading east. There is a closed frosted-glass door leading north. There is an exit to the south. You need an exit without a door? You should try going west.

There is a raw red potato and a raw purple potato on the floor.","You are carrying: a block of cheese, a red apple, a white onion and a raw pork chop.",2 of 16,0.125,False,
28,,,"I need to gather the ingredients from the recipe that I don't have yet: yellow potato and orange bell pepper. I see a raw red potato and a raw purple potato on the floor, but I need a yellow potato. I should check the fridge and other areas for the yellow potato and the orange bell pepper.",look fridge,,"The fridge looks robust. You can see inside it.

In the fridge are a carrot, a red onion and a red hot pepper.",Kitchen,"Well, here we are in a kitchen. You begin looking for stuff.

You can see a fridge. Huh, weird. The fridge contains a carrot, a red onion and a red hot pepper. You can see a closed conventional looking oven in the room. You make out a table. Unfortunately, there isn't a thing on it. You can see a counter. You see a banana, a cookbook and a knife on the counter. You make out a stove. You wonder idly who left that here. The stove is conventional. But there isn't a thing on it.

There is an open sliding patio door leading east. There is a closed frosted-glass door leading north. There is an exit to the south. You need an exit without a door? You should try going west.

There is a raw red potato and a raw purple potato on the floor.","You are carrying: a block of cheese, a red apple, a white onion and a raw pork chop.",2 of 16,0.125,False,
29,,,I should check the cookbook on the counter to find a recipe for a delicious meal.,examine cookbook,,"You open the copy of ""Cooking: A Modern Approach (3rd Ed.)"" and start reading:

Recipe #1
---------
Gather all following ingredients and follow the directions to prepare this tasty meal.

Ingredients:
white onion
  red apple
  yellow potato
  block of cheese
  orange bell pepper

Directions:
dice the white onion
  fry the white onion
  slice the red apple
  fry the red apple
  slice the yellow potato
  fry the yellow potato
  chop the block of cheese
  roast the block of cheese
  slice the orange bell pepper
  grill the orange bell pepper
  prepare meal",Kitchen,"Well, here we are in a kitchen. You begin looking for stuff.

You can see a fridge. Huh, weird. The fridge contains a carrot, a red onion and a red hot pepper. You can see a closed conventional looking oven in the room. You make out a table. Unfortunately, there isn't a thing on it. You can see a counter. You see a banana, a cookbook and a knife on the counter. You make out a stove. You wonder idly who left that here. The stove is conventional. But there isn't a thing on it.

There is an open sliding patio door leading east. There is a closed frosted-glass door leading north. There is an exit to the south. You need an exit without a door? You should try going west.

There is a raw red potato and a raw purple potato on the floor.","You are carrying: a block of cheese, a red apple, a white onion and a raw pork chop.",2 of 16,0.125,False,
30,,,I need to dice the white onion first as per the recipe.,dice white onion with knife,,You need to take the knife first.,Kitchen,"Well, here we are in a kitchen. You begin looking for stuff.

You can see a fridge. Huh, weird. The fridge contains a carrot, a red onion and a red hot pepper. You can see a closed conventional looking oven in the room. You make out a table. Unfortunately, there isn't a thing on it. You can see a counter. You see a banana, a cookbook and a knife on the counter. You make out a stove. You wonder idly who left that here. The stove is conventional. But there isn't a thing on it.

There is an open sliding patio door leading east. There is a closed frosted-glass door leading north. There is an exit to the south. You need an exit without a door? You should try going west.

There is a raw red potato and a raw purple potato on the floor.","You are carrying: a block of cheese, a red apple, a white onion and a raw pork chop.",2 of 16,0.125,False,
31,,,I need to take the knife from the counter before I can proceed with cooking.,take knife from counter,,You take the knife from the counter.,Kitchen,"Well, here we are in a kitchen. You begin looking for stuff.

You can see a fridge. Huh, weird. The fridge contains a carrot, a red onion and a red hot pepper. You can see a closed conventional looking oven in the room. You make out a table. Unfortunately, there isn't a thing on it. You can see a counter. You see a banana and a cookbook on the counter. You make out a stove. You wonder idly who left that here. The stove is conventional. But there isn't a thing on it.

There is an open sliding patio door leading east. There is a closed frosted-glass door leading north. There is an exit to the south. You need an exit without a door? You should try going west.

There is a raw red potato and a raw purple potato on the floor.","You are carrying: a knife, a block of cheese, a red apple, a white onion and a raw pork chop.",2 of 16,0.125,False,
32,,,I should check the cookbook on the counter to find a recipe for a delicious meal.,examine cookbook,,"You open the copy of ""Cooking: A Modern Approach (3rd Ed.)"" and start reading:

Recipe #1
---------
Gather all following ingredients and follow the directions to prepare this tasty meal.

Ingredients:
white onion
  red apple
  yellow potato
  block of cheese
  orange bell pepper

Directions:
dice the white onion
  fry the white onion
  slice the red apple
  fry the red apple
  slice the yellow potato
  fry the yellow potato
  chop the block of cheese
  roast the block of cheese
  slice the orange bell pepper
  grill the orange bell pepper
  prepare meal",Kitchen,"Well, here we are in a kitchen. You begin looking for stuff.

You can see a fridge. Huh, weird. The fridge contains a carrot, a red onion and a red hot pepper. You can see a closed conventional looking oven in the room. You make out a table. Unfortunately, there isn't a thing on it. You can see a counter. You see a banana and a cookbook on the counter. You make out a stove. You wonder idly who left that here. The stove is conventional. But there isn't a thing on it.

There is an open sliding patio door leading east. There is a closed frosted-glass door leading north. There is an exit to the south. You need an exit without a door? You should try going west.

There is a raw red potato and a raw purple potato on the floor.","You are carrying: a knife, a block of cheese, a red apple, a white onion and a raw pork chop.",2 of 16,0.125,False,
33,,,"I need to follow the recipe step-by-step. First, I will dice the white onion as instructed.",dice white onion with knife,,"You dice the white onion.



Your score has just gone up by one point.",Kitchen,"Well, here we are in a kitchen. You begin looking for stuff.

You can see a fridge. Huh, weird. The fridge contains a carrot, a red onion and a red hot pepper. You can see a closed conventional looking oven in the room. You make out a table. Unfortunately, there isn't a thing on it. You can see a counter. You see a banana and a cookbook on the counter. You make out a stove. You wonder idly who left that here. The stove is conventional. But there isn't a thing on it.

There is an open sliding patio door leading east. There is a closed frosted-glass door leading north. There is an exit to the south. You need an exit without a door? You should try going west.

There is a raw red potato and a raw purple potato on the floor.","You are carrying: a knife, a block of cheese, a red apple, a diced white onion and a raw pork chop.",3 of 16,0.1875,False,
34,,,I should check the cookbook on the counter to find a recipe for a delicious meal.,examine cookbook,,"You open the copy of ""Cooking: A Modern Approach (3rd Ed.)"" and start reading:

Recipe #1
---------
Gather all following ingredients and follow the directions to prepare this tasty meal.

Ingredients:
white onion
  red apple
  yellow potato
  block of cheese
  orange bell pepper

Directions:
dice the white onion
  fry the white onion
  slice the red apple
  fry the red apple
  slice the yellow potato
  fry the yellow potato
  chop the block of cheese
  roast the block of cheese
  slice the orange bell pepper
  grill the orange bell pepper
  prepare meal",Kitchen,"Well, here we are in a kitchen. You begin looking for stuff.

You can see a fridge. Huh, weird. The fridge contains a carrot, a red onion and a red hot pepper. You can see a closed conventional looking oven in the room. You make out a table. Unfortunately, there isn't a thing on it. You can see a counter. You see a banana and a cookbook on the counter. You make out a stove. You wonder idly who left that here. The stove is conventional. But there isn't a thing on it.

There is an open sliding patio door leading east. There is a closed frosted-glass door leading north. There is an exit to the south. You need an exit without a door? You should try going west.

There is a raw red potato and a raw purple potato on the floor.","You are carrying: a knife, a block of cheese, a red apple, a diced white onion and a raw pork chop.",3 of 16,0.1875,False,
35,,,"I need to gather the remaining ingredients from the recipe: white onion (already diced), red apple (need to slice), yellow potato, orange bell pepper, and then follow the cooking steps. I will start by taking the yellow potato and orange bell pepper if available, then slice the red apple.",take yellow potato from floor,,You can't see any such thing.,Kitchen,"Well, here we are in a kitchen. You begin looking for stuff.

You can see a fridge. Huh, weird. The fridge contains a carrot, a red onion and a red hot pepper. You can see a closed conventional looking oven in the room. You make out a table. Unfortunately, there isn't a thing on it. You can see a counter. You see a banana and a cookbook on the counter. You make out a stove. You wonder idly who left that here. The stove is conventional. But there isn't a thing on it.

There is an open sliding patio door leading east. There is a closed frosted-glass door leading north. There is an exit to the south. You need an exit without a door? You should try going west.

There is a raw red potato and a raw purple potato on the floor.","You are carrying: a knife, a block of cheese, a red apple, a diced white onion and a raw pork chop.",3 of 16,0.1875,False,
36,,,I should examine the cookbook on the counter to find a recipe for a delicious meal.,examine cookbook,,"You open the copy of ""Cooking: A Modern Approach (3rd Ed.)"" and start reading:

Recipe #1
---------
Gather all following ingredients and follow the directions to prepare this tasty meal.

Ingredients:
white onion
  red apple
  yellow potato
  block of cheese
  orange bell pepper

Directions:
dice the white onion
  fry the white onion
  slice the red apple
  fry the red apple
  slice the yellow potato
  fry the yellow potato
  chop the block of cheese
  roast the block of cheese
  slice the orange bell pepper
  grill the orange bell pepper
  prepare meal",Kitchen,"Well, here we are in a kitchen. You begin looking for stuff.

You can see a fridge. Huh, weird. The fridge contains a carrot, a red onion and a red hot pepper. You can see a closed conventional looking oven in the room. You make out a table. Unfortunately, there isn't a thing on it. You can see a counter. You see a banana and a cookbook on the counter. You make out a stove. You wonder idly who left that here. The stove is conventional. But there isn't a thing on it.

There is an open sliding patio door leading east. There is a closed frosted-glass door leading north. There is an exit to the south. You need an exit without a door? You should try going west.

There is a raw red potato and a raw purple potato on the floor.","You are carrying: a knife, a block of cheese, a red apple, a diced white onion and a raw pork chop.",3 of 16,0.1875,False,
37,,,"I need to gather the remaining ingredients from the recipe: white onion (already diced), red apple (not sliced yet), yellow potato, orange bell pepper, and then follow the cooking steps. First, I will take the yellow potato and orange bell pepper if available, then slice the red apple.",take yellow potato from floor,,You can't see any such thing.,Kitchen,"Well, here we are in a kitchen. You begin looking for stuff.

You can see a fridge. Huh, weird. The fridge contains a carrot, a red onion and a red hot pepper. You can see a closed conventional looking oven in the room. You make out a table. Unfortunately, there isn't a thing on it. You can see a counter. You see a banana and a cookbook on the counter. You make out a stove. You wonder idly who left that here. The stove is conventional. But there isn't a thing on it.

There is an open sliding patio door leading east. There is a closed frosted-glass door leading north. There is an exit to the south. You need an exit without a door? You should try going west.

There is a raw red potato and a raw purple potato on the floor.","You are carrying: a knife, a block of cheese, a red apple, a diced white onion and a raw pork chop.",3 of 16,0.1875,False,
38,,,I should examine the cookbook on the counter to find a recipe for a delicious meal.,examine cookbook,,"You open the copy of ""Cooking: A Modern Approach (3rd Ed.)"" and start reading:

Recipe #1
---------
Gather all following ingredients and follow the directions to prepare this tasty meal.

Ingredients:
white onion
  red apple
  yellow potato
  block of cheese
  orange bell pepper

Directions:
dice the white onion
  fry the white onion
  slice the red apple
  fry the red apple
  slice the yellow potato
  fry the yellow potato
  chop the block of cheese
  roast the block of cheese
  slice the orange bell pepper
  grill the orange bell pepper
  prepare meal",Kitchen,"Well, here we are in a kitchen. You begin looking for stuff.

You can see a fridge. Huh, weird. The fridge contains a carrot, a red onion and a red hot pepper. You can see a closed conventional looking oven in the room. You make out a table. Unfortunately, there isn't a thing on it. You can see a counter. You see a banana and a cookbook on the counter. You make out a stove. You wonder idly who left that here. The stove is conventional. But there isn't a thing on it.

There is an open sliding patio door leading east. There is a closed frosted-glass door leading north. There is an exit to the south. You need an exit without a door? You should try going west.

There is a raw red potato and a raw purple potato on the floor.","You are carrying: a knife, a block of cheese, a red apple, a diced white onion and a raw pork chop.",3 of 16,0.1875,False,
39,,,"I need to gather the remaining ingredients from the recipe: white onion (already diced), red apple (not sliced yet), yellow potato (not present, but there is a raw red potato and raw purple potato on the floor), block of cheese (already have), and orange bell pepper (not present). I will take the red apple and block of cheese from my inventory and slice the red apple first.",slice red apple,,"(with the knife)
You slice the red apple.



Your score has just gone up by one point.",Kitchen,"Well, here we are in a kitchen. You begin looking for stuff.

You can see a fridge. Huh, weird. The fridge contains a carrot, a red onion and a red hot pepper. You can see a closed conventional looking oven in the room. You make out a table. Unfortunately, there isn't a thing on it. You can see a counter. You see a banana and a cookbook on the counter. You make out a stove. You wonder idly who left that here. The stove is conventional. But there isn't a thing on it.

There is an open sliding patio door leading east. There is a closed frosted-glass door leading north. There is an exit to the south. You need an exit without a door? You should try going west.

There is a raw red potato and a raw purple potato on the floor.","You are carrying: a knife, a block of cheese, a sliced red apple, a diced white onion and a raw pork chop.",4 of 16,0.25,False,
40,,,I should check the cookbook on the counter to find a recipe for a delicious meal.,examine cookbook,,"You open the copy of ""Cooking: A Modern Approach (3rd Ed.)"" and start reading:

Recipe #1
---------
Gather all following ingredients and follow the directions to prepare this tasty meal.

Ingredients:
white onion
  red apple
  yellow potato
  block of cheese
  orange bell pepper

Directions:
dice the white onion
  fry the white onion
  slice the red apple
  fry the red apple
  slice the yellow potato
  fry the yellow potato
  chop the block of cheese
  roast the block of cheese
  slice the orange bell pepper
  grill the orange bell pepper
  prepare meal",Kitchen,"Well, here we are in a kitchen. You begin looking for stuff.

You can see a fridge. Huh, weird. The fridge contains a carrot, a red onion and a red hot pepper. You can see a closed conventional looking oven in the room. You make out a table. Unfortunately, there isn't a thing on it. You can see a counter. You see a banana and a cookbook on the counter. You make out a stove. You wonder idly who left that here. The stove is conventional. But there isn't a thing on it.

There is an open sliding patio door leading east. There is a closed frosted-glass door leading north. There is an exit to the south. You need an exit without a door? You should try going west.

There is a raw red potato and a raw purple potato on the floor.","You are carrying: a knife, a block of cheese, a sliced red apple, a diced white onion and a raw pork chop.",4 of 16,0.25,False,
41,,,"I need to find the ingredients listed in the recipe: white onion, red apple, yellow potato, block of cheese, and orange bell pepper. I already have a block of cheese, a sliced red apple, and a diced white onion. I should look for a yellow potato and an orange bell pepper in the kitchen or fridge.",look fridge,,"The fridge looks robust. You can see inside it.

In the fridge are a carrot, a red onion and a red hot pepper.",Kitchen,"Well, here we are in a kitchen. You begin looking for stuff.

You can see a fridge. Huh, weird. The fridge contains a carrot, a red onion and a red hot pepper. You can see a closed conventional looking oven in the room. You make out a table. Unfortunately, there isn't a thing on it. You can see a counter. You see a banana and a cookbook on the counter. You make out a stove. You wonder idly who left that here. The stove is conventional. But there isn't a thing on it.

There is an open sliding patio door leading east. There is a closed frosted-glass door leading north. There is an exit to the south. You need an exit without a door? You should try going west.

There is a raw red potato and a raw purple potato on the floor.","You are carrying: a knife, a block of cheese, a sliced red apple, a diced white onion and a raw pork chop.",4 of 16,0.25,False,
42,,,I should check the cookbook on the counter to find a recipe for a delicious meal.,examine cookbook,,"You open the copy of ""Cooking: A Modern Approach (3rd Ed.)"" and start reading:

Recipe #1
---------
Gather all following ingredients and follow the directions to prepare this tasty meal.

Ingredients:
white onion
  red apple
  yellow potato
  block of cheese
  orange bell pepper

Directions:
dice the white onion
  fry the white onion
  slice the red apple
  fry the red apple
  slice the yellow potato
  fry the yellow potato
  chop the block of cheese
  roast the block of cheese
  slice the orange bell pepper
  grill the orange bell pepper
  prepare meal",Kitchen,"Well, here we are in a kitchen. You begin looking for stuff.

You can see a fridge. Huh, weird. The fridge contains a carrot, a red onion and a red hot pepper. You can see a closed conventional looking oven in the room. You make out a table. Unfortunately, there isn't a thing on it. You can see a counter. You see a banana and a cookbook on the counter. You make out a stove. You wonder idly who left that here. The stove is conventional. But there isn't a thing on it.

There is an open sliding patio door leading east. There is a closed frosted-glass door leading north. There is an exit to the south. You need an exit without a door? You should try going west.

There is a raw red potato and a raw purple potato on the floor.","You are carrying: a knife, a block of cheese, a sliced red apple, a diced white onion and a raw pork chop.",4 of 16,0.25,False,
43,,,"I need to gather the remaining ingredients from the recipe: white onion (already diced), red apple (already sliced), yellow potato, orange bell pepper, and block of cheese (already have). I see a raw red potato and a raw purple potato on the floor, but I need a yellow potato and an orange bell pepper. I should check the fridge and other areas for these ingredients.",open fridge,,That's already open.,Kitchen,"Well, here we are in a kitchen. You begin looking for stuff.

You can see a fridge. Huh, weird. The fridge contains a carrot, a red onion and a red hot pepper. You can see a closed conventional looking oven in the room. You make out a table. Unfortunately, there isn't a thing on it. You can see a counter. You see a banana and a cookbook on the counter. You make out a stove. You wonder idly who left that here. The stove is conventional. But there isn't a thing on it.

There is an open sliding patio door leading east. There is a closed frosted-glass door leading north. There is an exit to the south. You need an exit without a door? You should try going west.

There is a raw red potato and a raw purple potato on the floor.","You are carrying: a knife, a block of cheese, a sliced red apple, a diced white onion and a raw pork chop.",4 of 16,0.25,False,
44,,,I should examine the cookbook on the counter to find a recipe for a delicious meal.,examine cookbook,,"You open the copy of ""Cooking: A Modern Approach (3rd Ed.)"" and start reading:

Recipe #1
---------
Gather all following ingredients and follow the directions to prepare this tasty meal.

Ingredients:
white onion
  red apple
  yellow potato
  block of cheese
  orange bell pepper

Directions:
dice the white onion
  fry the white onion
  slice the red apple
  fry the red apple
  slice the yellow potato
  fry the yellow potato
  chop the block of cheese
  roast the block of cheese
  slice the orange bell pepper
  grill the orange bell pepper
  prepare meal",Kitchen,"Well, here we are in a kitchen. You begin looking for stuff.

You can see a fridge. Huh, weird. The fridge contains a carrot, a red onion and a red hot pepper. You can see a closed conventional looking oven in the room. You make out a table. Unfortunately, there isn't a thing on it. You can see a counter. You see a banana and a cookbook on the counter. You make out a stove. You wonder idly who left that here. The stove is conventional. But there isn't a thing on it.

There is an open sliding patio door leading east. There is a closed frosted-glass door leading north. There is an exit to the south. You need an exit without a door? You should try going west.

There is a raw red potato and a raw purple potato on the floor.","You are carrying: a knife, a block of cheese, a sliced red apple, a diced white onion and a raw pork chop.",4 of 16,0.25,False,
45,,,"I need to gather the remaining ingredients from the recipe: white onion (already diced), red apple (already sliced), yellow potato, orange bell pepper, and block of cheese (already have). I see a raw red potato and a raw purple potato on the floor, but I need a yellow potato. I should check the fridge for the yellow potato and the orange bell pepper. Then I will proceed with the cooking steps.",open fridge,,That's already open.,Kitchen,"Well, here we are in a kitchen. You begin looking for stuff.

You can see a fridge. Huh, weird. The fridge contains a carrot, a red onion and a red hot pepper. You can see a closed conventional looking oven in the room. You make out a table. Unfortunately, there isn't a thing on it. You can see a counter. You see a banana and a cookbook on the counter. You make out a stove. You wonder idly who left that here. The stove is conventional. But there isn't a thing on it.

There is an open sliding patio door leading east. There is a closed frosted-glass door leading north. There is an exit to the south. You need an exit without a door? You should try going west.

There is a raw red potato and a raw purple potato on the floor.","You are carrying: a knife, a block of cheese, a sliced red apple, a diced white onion and a raw pork chop.",4 of 16,0.25,False,
46,,,I should examine the cookbook on the counter to find a recipe for a delicious meal.,examine cookbook,,"You open the copy of ""Cooking: A Modern Approach (3rd Ed.)"" and start reading:

Recipe #1
---------
Gather all following ingredients and follow the directions to prepare this tasty meal.

Ingredients:
white onion
  red apple
  yellow potato
  block of cheese
  orange bell pepper

Directions:
dice the white onion
  fry the white onion
  slice the red apple
  fry the red apple
  slice the yellow potato
  fry the yellow potato
  chop the block of cheese
  roast the block of cheese
  slice the orange bell pepper
  grill the orange bell pepper
  prepare meal",Kitchen,"Well, here we are in a kitchen. You begin looking for stuff.

You can see a fridge. Huh, weird. The fridge contains a carrot, a red onion and a red hot pepper. You can see a closed conventional looking oven in the room. You make out a table. Unfortunately, there isn't a thing on it. You can see a counter. You see a banana and a cookbook on the counter. You make out a stove. You wonder idly who left that here. The stove is conventional. But there isn't a thing on it.

There is an open sliding patio door leading east. There is a closed frosted-glass door leading north. There is an exit to the south. You need an exit without a door? You should try going west.

There is a raw red potato and a raw purple potato on the floor.","You are carrying: a knife, a block of cheese, a sliced red apple, a diced white onion and a raw pork chop.",4 of 16,0.25,False,
47,,,"I need to gather the remaining ingredients from the recipe: white onion (already diced), red apple (already sliced), yellow potato, orange bell pepper, and block of cheese (already have). I see a raw red potato and a raw purple potato on the floor, but I need a yellow potato. I should check the fridge and other areas for the yellow potato and orange bell pepper.",take raw red potato from floor,,You're carrying too many things already.,Kitchen,"Well, here we are in a kitchen. You begin looking for stuff.

You can see a fridge. Huh, weird. The fridge contains a carrot, a red onion and a red hot pepper. You can see a closed conventional looking oven in the room. You make out a table. Unfortunately, there isn't a thing on it. You can see a counter. You see a banana and a cookbook on the counter. You make out a stove. You wonder idly who left that here. The stove is conventional. But there isn't a thing on it.

There is an open sliding patio door leading east. There is a closed frosted-glass door leading north. There is an exit to the south. You need an exit without a door? You should try going west.

There is a raw red potato and a raw purple potato on the floor.","You are carrying: a knife, a block of cheese, a sliced red apple, a diced white onion and a raw pork chop.",4 of 16,0.25,False,
48,,,"I am carrying too many things, so I should drop some items to free up space before taking ingredients from the fridge and cookbook to cook a meal.",drop block of cheese,,You drop the block of cheese on the ground.,Kitchen,"Well, here we are in a kitchen. You begin looking for stuff.

You can see a fridge. Huh, weird. The fridge contains a carrot, a red onion and a red hot pepper. You can see a closed conventional looking oven in the room. You make out a table. Unfortunately, there isn't a thing on it. You can see a counter. You see a banana and a cookbook on the counter. You make out a stove. You wonder idly who left that here. The stove is conventional. But there isn't a thing on it.

There is an open sliding patio door leading east. There is a closed frosted-glass door leading north. There is an exit to the south. You need an exit without a door? You should try going west.

There is a block of cheese, a raw red potato and a raw purple potato on the floor.","You are carrying: a knife, a sliced red apple, a diced white onion and a raw pork chop.",4 of 16,0.25,False,
49,,,I should check the cookbook on the counter to find a recipe for a delicious meal.,examine cookbook,,"You open the copy of ""Cooking: A Modern Approach (3rd Ed.)"" and start reading:

Recipe #1
---------
Gather all following ingredients and follow the directions to prepare this tasty meal.

Ingredients:
white onion
  red apple
  yellow potato
  block of cheese
  orange bell pepper

Directions:
dice the white onion
  fry the white onion
  slice the red apple
  fry the red apple
  slice the yellow potato
  fry the yellow potato
  chop the block of cheese
  roast the block of cheese
  slice the orange bell pepper
  grill the orange bell pepper
  prepare meal",Kitchen,"Well, here we are in a kitchen. You begin looking for stuff.

You can see a fridge. Huh, weird. The fridge contains a carrot, a red onion and a red hot pepper. You can see a closed conventional looking oven in the room. You make out a table. Unfortunately, there isn't a thing on it. You can see a counter. You see a banana and a cookbook on the counter. You make out a stove. You wonder idly who left that here. The stove is conventional. But there isn't a thing on it.

There is an open sliding patio door leading east. There is a closed frosted-glass door leading north. There is an exit to the south. You need an exit without a door? You should try going west.

There is a block of cheese, a raw red potato and a raw purple potato on the floor.","You are carrying: a knife, a sliced red apple, a diced white onion and a raw pork chop.",4 of 16,0.25,False,
50,,,"I need to gather the remaining ingredients from the floor and fridge, then follow the recipe steps: dice and fry the white onion, slice and fry the red apple, slice and fry the yellow potato, chop and roast the block of cheese, slice and grill the orange bell pepper, and finally prepare the meal.",take block of cheese from floor,,You pick up the block of cheese from the ground.,Kitchen,"Well, here we are in a kitchen. You begin looking for stuff.

You can see a fridge. Huh, weird. The fridge contains a carrot, a red onion and a red hot pepper. You can see a closed conventional looking oven in the room. You make out a table. Unfortunately, there isn't a thing on it. You can see a counter. You see a banana and a cookbook on the counter. You make out a stove. You wonder idly who left that here. The stove is conventional. But there isn't a thing on it.

There is an open sliding patio door leading east. There is a closed frosted-glass door leading north. There is an exit to the south. You need an exit without a door? You should try going west.

There is a raw red potato and a raw purple potato on the floor.","You are carrying: a block of cheese, a knife, a sliced red apple, a diced white onion and a raw pork chop.",4 of 16,0.25,False,
51,,,I should check the cookbook on the counter to find a recipe for a delicious meal.,examine cookbook,,"You open the copy of ""Cooking: A Modern Approach (3rd Ed.)"" and start reading:

Recipe #1
---------
Gather all following ingredients and follow the directions to prepare this tasty meal.

Ingredients:
white onion
  red apple
  yellow potato
  block of cheese
  orange bell pepper

Directions:
dice the white onion
  fry the white onion
  slice the red apple
  fry the red apple
  slice the yellow potato
  fry the yellow potato
  chop the block of cheese
  roast the block of cheese
  slice the orange bell pepper
  grill the orange bell pepper
  prepare meal",Kitchen,"Well, here we are in a kitchen. You begin looking for stuff.

You can see a fridge. Huh, weird. The fridge contains a carrot, a red onion and a red hot pepper. You can see a closed conventional looking oven in the room. You make out a table. Unfortunately, there isn't a thing on it. You can see a counter. You see a banana and a cookbook on the counter. You make out a stove. You wonder idly who left that here. The stove is conventional. But there isn't a thing on it.

There is an open sliding patio door leading east. There is a closed frosted-glass door leading north. There is an exit to the south. You need an exit without a door? You should try going west.

There is a raw red potato and a raw purple potato on the floor.","You are carrying: a block of cheese, a knife, a sliced red apple, a diced white onion and a raw pork chop.",4 of 16,0.25,False,
52,,,"I need to gather the remaining ingredients from the recipe: white onion (already diced), red apple (already sliced), yellow potato, orange bell pepper, and block of cheese (already have). I see a raw red potato and a raw purple potato on the floor, but I need a yellow potato. I should check the fridge and other areas for the yellow potato and the orange bell pepper. Then I will follow the recipe steps.",take raw red potato from floor,,You're carrying too many things already.,Kitchen,"Well, here we are in a kitchen. You begin looking for stuff.

You can see a fridge. Huh, weird. The fridge contains a carrot, a red onion and a red hot pepper. You can see a closed conventional looking oven in the room. You make out a table. Unfortunately, there isn't a thing on it. You can see a counter. You see a banana and a cookbook on the counter. You make out a stove. You wonder idly who left that here. The stove is conventional. But there isn't a thing on it.

There is an open sliding patio door leading east. There is a closed frosted-glass door leading north. There is an exit to the south. You need an exit without a door? You should try going west.

There is a raw red potato and a raw purple potato on the floor.","You are carrying: a block of cheese, a knife, a sliced red apple, a diced white onion and a raw pork chop.",4 of 16,0.25,False,
53,,,"I am carrying too many items, so I should put down something to free up space before taking the cookbook to check the recipe.",drop sliced red apple,,You drop the red apple on the ground.,Kitchen,"Well, here we are in a kitchen. You begin looking for stuff.

You can see a fridge. Huh, weird. The fridge contains a carrot, a red onion and a red hot pepper. You can see a closed conventional looking oven in the room. You make out a table. Unfortunately, there isn't a thing on it. You can see a counter. You see a banana and a cookbook on the counter. You make out a stove. You wonder idly who left that here. The stove is conventional. But there isn't a thing on it.

There is an open sliding patio door leading east. There is a closed frosted-glass door leading north. There is an exit to the south. You need an exit without a door? You should try going west.

There is a sliced red apple, a raw red potato and a raw purple potato on the floor.","You are carrying: a block of cheese, a knife, a diced white onion and a raw pork chop.",4 of 16,0.25,False,
54,,,I should check the cookbook on the counter to find a recipe for a delicious meal.,examine cookbook,,"You open the copy of ""Cooking: A Modern Approach (3rd Ed.)"" and start reading:

Recipe #1
---------
Gather all following ingredients and follow the directions to prepare this tasty meal.

Ingredients:
white onion
  red apple
  yellow potato
  block of cheese
  orange bell pepper

Directions:
dice the white onion
  fry the white onion
  slice the red apple
  fry the red apple
  slice the yellow potato
  fry the yellow potato
  chop the block of cheese
  roast the block of cheese
  slice the orange bell pepper
  grill the orange bell pepper
  prepare meal",Kitchen,"Well, here we are in a kitchen. You begin looking for stuff.

You can see a fridge. Huh, weird. The fridge contains a carrot, a red onion and a red hot pepper. You can see a closed conventional looking oven in the room. You make out a table. Unfortunately, there isn't a thing on it. You can see a counter. You see a banana and a cookbook on the counter. You make out a stove. You wonder idly who left that here. The stove is conventional. But there isn't a thing on it.

There is an open sliding patio door leading east. There is a closed frosted-glass door leading north. There is an exit to the south. You need an exit without a door? You should try going west.

There is a sliced red apple, a raw red potato and a raw purple potato on the floor.","You are carrying: a block of cheese, a knife, a diced white onion and a raw pork chop.",4 of 16,0.25,False,
55,,,"I need to gather the ingredients from the recipe that are available in the kitchen or fridge. I see a red onion in the fridge, but the recipe calls for a white onion which I already have diced. I also need a red apple, yellow potato, block of cheese (which I have), and an orange bell pepper. I will take the banana from the counter and check the fridge for the other ingredients.",take banana from counter,,You take the banana from the counter.,Kitchen,"Well, here we are in a kitchen. You begin looking for stuff.

You can see a fridge. Huh, weird. The fridge contains a carrot, a red onion and a red hot pepper. You can see a closed conventional looking oven in the room. You make out a table. Unfortunately, there isn't a thing on it. You can see a counter. You see a cookbook on the counter. You make out a stove. You wonder idly who left that here. The stove is conventional. But there isn't a thing on it.

There is an open sliding patio door leading east. There is a closed frosted-glass door leading north. There is an exit to the south. You need an exit without a door? You should try going west.

There is a sliced red apple, a raw red potato and a raw purple potato on the floor.","You are carrying: a banana, a block of cheese, a knife, a diced white onion and a raw pork chop.",4 of 16,0.25,False,
56,,,I should examine the cookbook on the counter to find a recipe for a delicious meal.,examine cookbook,,"You open the copy of ""Cooking: A Modern Approach (3rd Ed.)"" and start reading:

Recipe #1
---------
Gather all following ingredients and follow the directions to prepare this tasty meal.

Ingredients:
white onion
  red apple
  yellow potato
  block of cheese
  orange bell pepper

Directions:
dice the white onion
  fry the white onion
  slice the red apple
  fry the red apple
  slice the yellow potato
  fry the yellow potato
  chop the block of cheese
  roast the block of cheese
  slice the orange bell pepper
  grill the orange bell pepper
  prepare meal",Kitchen,"Well, here we are in a kitchen. You begin looking for stuff.

You can see a fridge. Huh, weird. The fridge contains a carrot, a red onion and a red hot pepper. You can see a closed conventional looking oven in the room. You make out a table. Unfortunately, there isn't a thing on it. You can see a counter. You see a cookbook on the counter. You make out a stove. You wonder idly who left that here. The stove is conventional. But there isn't a thing on it.

There is an open sliding patio door leading east. There is a closed frosted-glass door leading north. There is an exit to the south. You need an exit without a door? You should try going west.

There is a sliced red apple, a raw red potato and a raw purple potato on the floor.","You are carrying: a banana, a block of cheese, a knife, a diced white onion and a raw pork chop.",4 of 16,0.25,False,
57,,,"I need to find and take the ingredients listed in the recipe that I don't have yet, starting with the white onion, red apple, yellow potato, and orange bell pepper. I see a red onion in the fridge, but I need a white onion and a red apple, so I should look around the kitchen for these ingredients first.",take sliced red apple from floor,,You're carrying too many things already.,Kitchen,"Well, here we are in a kitchen. You begin looking for stuff.

You can see a fridge. Huh, weird. The fridge contains a carrot, a red onion and a red hot pepper. You can see a closed conventional looking oven in the room. You make out a table. Unfortunately, there isn't a thing on it. You can see a counter. You see a cookbook on the counter. You make out a stove. You wonder idly who left that here. The stove is conventional. But there isn't a thing on it.

There is an open sliding patio door leading east. There is a closed frosted-glass door leading north. There is an exit to the south. You need an exit without a door? You should try going west.

There is a sliced red apple, a raw red potato and a raw purple potato on the floor.","You are carrying: a banana, a block of cheese, a knife, a diced white onion and a raw pork chop.",4 of 16,0.25,False,
58,,,"I am carrying too many things, so I should drop the banana to free up space before checking the cookbook for the recipe.",drop banana,,You drop the banana on the ground.,Kitchen,"Well, here we are in a kitchen. You begin looking for stuff.

You can see a fridge. Huh, weird. The fridge contains a carrot, a red onion and a red hot pepper. You can see a closed conventional looking oven in the room. You make out a table. Unfortunately, there isn't a thing on it. You can see a counter. You see a cookbook on the counter. You make out a stove. You wonder idly who left that here. The stove is conventional. But there isn't a thing on it.

There is an open sliding patio door leading east. There is a closed frosted-glass door leading north. There is an exit to the south. You need an exit without a door? You should try going west.

There is a banana, a sliced red apple, a raw red potato and a raw purple potato on the floor.","You are carrying: a block of cheese, a knife, a diced white onion and a raw pork chop.",4 of 16,0.25,False,
59,,,I should examine the cookbook on the counter to find a recipe for a delicious meal.,examine cookbook,,"You open the copy of ""Cooking: A Modern Approach (3rd Ed.)"" and start reading:

Recipe #1
---------
Gather all following ingredients and follow the directions to prepare this tasty meal.

Ingredients:
white onion
  red apple
  yellow potato
  block of cheese
  orange bell pepper

Directions:
dice the white onion
  fry the white onion
  slice the red apple
  fry the red apple
  slice the yellow potato
  fry the yellow potato
  chop the block of cheese
  roast the block of cheese
  slice the orange bell pepper
  grill the orange bell pepper
  prepare meal",Kitchen,"Well, here we are in a kitchen. You begin looking for stuff.

You can see a fridge. Huh, weird. The fridge contains a carrot, a red onion and a red hot pepper. You can see a closed conventional looking oven in the room. You make out a table. Unfortunately, there isn't a thing on it. You can see a counter. You see a cookbook on the counter. You make out a stove. You wonder idly who left that here. The stove is conventional. But there isn't a thing on it.

There is an open sliding patio door leading east. There is a closed frosted-glass door leading north. There is an exit to the south. You need an exit without a door? You should try going west.

There is a banana, a sliced red apple, a raw red potato and a raw purple potato on the floor.","You are carrying: a block of cheese, a knife, a diced white onion and a raw pork chop.",4 of 16,0.25,False,
60,,,"I need to take the yellow potato from the floor, which is likely the raw red potato, and the orange bell pepper is not visible, so I should check the fridge and other places for the missing ingredients. Then I will follow the recipe steps starting with dicing and frying the white onion I already have.",take raw red potato from floor,,You pick up the red potato from the ground.,Kitchen,"Well, here we are in a kitchen. You begin looking for stuff.

You can see a fridge. Huh, weird. The fridge contains a carrot, a red onion and a red hot pepper. You can see a closed conventional looking oven in the room. You make out a table. Unfortunately, there isn't a thing on it. You can see a counter. You see a cookbook on the counter. You make out a stove. You wonder idly who left that here. The stove is conventional. But there isn't a thing on it.

There is an open sliding patio door leading east. There is a closed frosted-glass door leading north. There is an exit to the south. You need an exit without a door? You should try going west.

There is a banana, a sliced red apple and a raw purple potato on the floor.","You are carrying: a raw red potato, a block of cheese, a knife, a diced white onion and a raw pork chop.",4 of 16,0.25,False,
61,,,I should examine the cookbook on the counter to find a recipe for a delicious meal.,examine cookbook,,"You open the copy of ""Cooking: A Modern Approach (3rd Ed.)"" and start reading:

Recipe #1
---------
Gather all following ingredients and follow the directions to prepare this tasty meal.

Ingredients:
white onion
  red apple
  yellow potato
  block of cheese
  orange bell pepper

Directions:
dice the white onion
  fry the white onion
  slice the red apple
  fry the red apple
  slice the yellow potato
  fry the yellow potato
  chop the block of cheese
  roast the block of cheese
  slice the orange bell pepper
  grill the orange bell pepper
  prepare meal",Kitchen,"Well, here we are in a kitchen. You begin looking for stuff.

You can see a fridge. Huh, weird. The fridge contains a carrot, a red onion and a red hot pepper. You can see a closed conventional looking oven in the room. You make out a table. Unfortunately, there isn't a thing on it. You can see a counter. You see a cookbook on the counter. You make out a stove. You wonder idly who left that here. The stove is conventional. But there isn't a thing on it.

There is an open sliding patio door leading east. There is a closed frosted-glass door leading north. There is an exit to the south. You need an exit without a door? You should try going west.

There is a banana, a sliced red apple and a raw purple potato on the floor.","You are carrying: a raw red potato, a block of cheese, a knife, a diced white onion and a raw pork chop.",4 of 16,0.25,False,
62,,,"I need to find the ingredients from the recipe that I don't have yet. I already have a diced white onion, a block of cheese, and a raw red potato (which might substitute for yellow potato). I see a sliced red apple on the floor, so I should take it. I also need to find an orange bell pepper and a white onion (I have diced white onion but not whole). I will take the sliced red apple from the floor first.",take sliced red apple from floor,,You're carrying too many things already.,Kitchen,"Well, here we are in a kitchen. You begin looking for stuff.

You can see a fridge. Huh, weird. The fridge contains a carrot, a red onion and a red hot pepper. You can see a closed conventional looking oven in the room. You make out a table. Unfortunately, there isn't a thing on it. You can see a counter. You see a cookbook on the counter. You make out a stove. You wonder idly who left that here. The stove is conventional. But there isn't a thing on it.

There is an open sliding patio door leading east. There is a closed frosted-glass door leading north. There is an exit to the south. You need an exit without a door? You should try going west.

There is a banana, a sliced red apple and a raw purple potato on the floor.","You are carrying: a raw red potato, a block of cheese, a knife, a diced white onion and a raw pork chop.",4 of 16,0.25,False,
63,,,"I am carrying too many things, so I should drop the raw red potato to free up space before taking any new items or checking the cookbook for the recipe.",drop raw red potato,,You drop the red potato on the ground.,Kitchen,"Well, here we are in a kitchen. You begin looking for stuff.

You can see a fridge. Huh, weird. The fridge contains a carrot, a red onion and a red hot pepper. You can see a closed conventional looking oven in the room. You make out a table. Unfortunately, there isn't a thing on it. You can see a counter. You see a cookbook on the counter. You make out a stove. You wonder idly who left that here. The stove is conventional. But there isn't a thing on it.

There is an open sliding patio door leading east. There is a closed frosted-glass door leading north. There is an exit to the south. You need an exit without a door? You should try going west.

There is a raw red potato, a banana, a sliced red apple and a raw purple potato on the floor.","You are carrying: a block of cheese, a knife, a diced white onion and a raw pork chop.",4 of 16,0.25,False,
64,,,I should examine the cookbook on the counter to find a recipe for a delicious meal.,examine cookbook,,"You open the copy of ""Cooking: A Modern Approach (3rd Ed.)"" and start reading:

Recipe #1
---------
Gather all following ingredients and follow the directions to prepare this tasty meal.

Ingredients:
white onion
  red apple
  yellow potato
  block of cheese
  orange bell pepper

Directions:
dice the white onion
  fry the white onion
  slice the red apple
  fry the red apple
  slice the yellow potato
  fry the yellow potato
  chop the block of cheese
  roast the block of cheese
  slice the orange bell pepper
  grill the orange bell pepper
  prepare meal",Kitchen,"Well, here we are in a kitchen. You begin looking for stuff.

You can see a fridge. Huh, weird. The fridge contains a carrot, a red onion and a red hot pepper. You can see a closed conventional looking oven in the room. You make out a table. Unfortunately, there isn't a thing on it. You can see a counter. You see a cookbook on the counter. You make out a stove. You wonder idly who left that here. The stove is conventional. But there isn't a thing on it.

There is an open sliding patio door leading east. There is a closed frosted-glass door leading north. There is an exit to the south. You need an exit without a door? You should try going west.

There is a raw red potato, a banana, a sliced red apple and a raw purple potato on the floor.","You are carrying: a block of cheese, a knife, a diced white onion and a raw pork chop.",4 of 16,0.25,False,
65,,,"I need to gather the remaining ingredients from the floor and fridge, then follow the recipe steps starting with slicing the red apple since I already have diced white onion and block of cheese.","take red apple from floor, take yellow potato from floor, take orange bell pepper from fridge, take red onion from fridge, take carrot from fridge",,You can't see any such thing.,Kitchen,"Well, here we are in a kitchen. You begin looking for stuff.

You can see a fridge. Huh, weird. The fridge contains a carrot, a red onion and a red hot pepper. You can see a closed conventional looking oven in the room. You make out a table. Unfortunately, there isn't a thing on it. You can see a counter. You see a cookbook on the counter. You make out a stove. You wonder idly who left that here. The stove is conventional. But there isn't a thing on it.

There is an open sliding patio door leading east. There is a closed frosted-glass door leading north. There is an exit to the south. You need an exit without a door? You should try going west.

There is a raw red potato, a banana, a sliced red apple and a raw purple potato on the floor.","You are carrying: a block of cheese, a knife, a diced white onion and a raw pork chop.",4 of 16,0.25,False,
66,,,I should examine the cookbook on the counter to find a recipe for a delicious meal.,examine cookbook,,"You open the copy of ""Cooking: A Modern Approach (3rd Ed.)"" and start reading:

Recipe #1
---------
Gather all following ingredients and follow the directions to prepare this tasty meal.

Ingredients:
white onion
  red apple
  yellow potato
  block of cheese
  orange bell pepper

Directions:
dice the white onion
  fry the white onion
  slice the red apple
  fry the red apple
  slice the yellow potato
  fry the yellow potato
  chop the block of cheese
  roast the block of cheese
  slice the orange bell pepper
  grill the orange bell pepper
  prepare meal",Kitchen,"Well, here we are in a kitchen. You begin looking for stuff.

You can see a fridge. Huh, weird. The fridge contains a carrot, a red onion and a red hot pepper. You can see a closed conventional looking oven in the room. You make out a table. Unfortunately, there isn't a thing on it. You can see a counter. You see a cookbook on the counter. You make out a stove. You wonder idly who left that here. The stove is conventional. But there isn't a thing on it.

There is an open sliding patio door leading east. There is a closed frosted-glass door leading north. There is an exit to the south. You need an exit without a door? You should try going west.

There is a raw red potato, a banana, a sliced red apple and a raw purple potato on the floor.","You are carrying: a block of cheese, a knife, a diced white onion and a raw pork chop.",4 of 16,0.25,False,
67,,,"I need to gather the ingredients from the recipe: white onion, red apple, yellow potato, block of cheese, and orange bell pepper. I already have the block of cheese and diced white onion. I see a sliced red apple on the floor, but I need a yellow potato and an orange bell pepper. I will check the fridge and the room for these ingredients.",take red apple from floor,,You pick up the red apple from the ground.,Kitchen,"Well, here we are in a kitchen. You begin looking for stuff.

You can see a fridge. Huh, weird. The fridge contains a carrot, a red onion and a red hot pepper. You can see a closed conventional looking oven in the room. You make out a table. Unfortunately, there isn't a thing on it. You can see a counter. You see a cookbook on the counter. You make out a stove. You wonder idly who left that here. The stove is conventional. But there isn't a thing on it.

There is an open sliding patio door leading east. There is a closed frosted-glass door leading north. There is an exit to the south. You need an exit without a door? You should try going west.

There is a raw red potato, a banana and a raw purple potato on the floor.","You are carrying: a sliced red apple, a block of cheese, a knife, a diced white onion and a raw pork chop.",4 of 16,0.25,False,
68,,,I should examine the cookbook on the counter to find a recipe for a delicious meal.,examine cookbook,,"You open the copy of ""Cooking: A Modern Approach (3rd Ed.)"" and start reading:

Recipe #1
---------
Gather all following ingredients and follow the directions to prepare this tasty meal.

Ingredients:
white onion
  red apple
  yellow potato
  block of cheese
  orange bell pepper

Directions:
dice the white onion
  fry the white onion
  slice the red apple
  fry the red apple
  slice the yellow potato
  fry the yellow potato
  chop the block of cheese
  roast the block of cheese
  slice the orange bell pepper
  grill the orange bell pepper
  prepare meal",Kitchen,"Well, here we are in a kitchen. You begin looking for stuff.

You can see a fridge. Huh, weird. The fridge contains a carrot, a red onion and a red hot pepper. You can see a closed conventional looking oven in the room. You make out a table. Unfortunately, there isn't a thing on it. You can see a counter. You see a cookbook on the counter. You make out a stove. You wonder idly who left that here. The stove is conventional. But there isn't a thing on it.

There is an open sliding patio door leading east. There is a closed frosted-glass door leading north. There is an exit to the south. You need an exit without a door? You should try going west.

There is a raw red potato, a banana and a raw purple potato on the floor.","You are carrying: a sliced red apple, a block of cheese, a knife, a diced white onion and a raw pork chop.",4 of 16,0.25,False,
69,,,"I need to find the yellow potato and the orange bell pepper to complete the recipe. I will take the raw red potato from the floor first, then look for the orange bell pepper.",take raw red potato from floor,,You're carrying too many things already.,Kitchen,"Well, here we are in a kitchen. You begin looking for stuff.

You can see a fridge. Huh, weird. The fridge contains a carrot, a red onion and a red hot pepper. You can see a closed conventional looking oven in the room. You make out a table. Unfortunately, there isn't a thing on it. You can see a counter. You see a cookbook on the counter. You make out a stove. You wonder idly who left that here. The stove is conventional. But there isn't a thing on it.

There is an open sliding patio door leading east. There is a closed frosted-glass door leading north. There is an exit to the south. You need an exit without a door? You should try going west.

There is a raw red potato, a banana and a raw purple potato on the floor.","You are carrying: a sliced red apple, a block of cheese, a knife, a diced white onion and a raw pork chop.",4 of 16,0.25,False,
70,,,"I am carrying too many things, so I should drop some items to free up space before checking the cookbook for the recipe.",drop sliced red apple,,You drop the red apple on the ground.,Kitchen,"Well, here we are in a kitchen. You begin looking for stuff.

You can see a fridge. Huh, weird. The fridge contains a carrot, a red onion and a red hot pepper. You can see a closed conventional looking oven in the room. You make out a table. Unfortunately, there isn't a thing on it. You can see a counter. You see a cookbook on the counter. You make out a stove. You wonder idly who left that here. The stove is conventional. But there isn't a thing on it.

There is an open sliding patio door leading east. There is a closed frosted-glass door leading north. There is an exit to the south. You need an exit without a door? You should try going west.

There is a sliced red apple, a raw red potato, a banana and a raw purple potato on the floor.","You are carrying: a block of cheese, a knife, a diced white onion and a raw pork chop.",4 of 16,0.25,False,
71,,,I should examine the cookbook on the counter to find a recipe for a delicious meal.,examine cookbook,,"You open the copy of ""Cooking: A Modern Approach (3rd Ed.)"" and start reading:

Recipe #1
---------
Gather all following ingredients and follow the directions to prepare this tasty meal.

Ingredients:
white onion
  red apple
  yellow potato
  block of cheese
  orange bell pepper

Directions:
dice the white onion
  fry the white onion
  slice the red apple
  fry the red apple
  slice the yellow potato
  fry the yellow potato
  chop the block of cheese
  roast the block of cheese
  slice the orange bell pepper
  grill the orange bell pepper
  prepare meal",Kitchen,"Well, here we are in a kitchen. You begin looking for stuff.

You can see a fridge. Huh, weird. The fridge contains a carrot, a red onion and a red hot pepper. You can see a closed conventional looking oven in the room. You make out a table. Unfortunately, there isn't a thing on it. You can see a counter. You see a cookbook on the counter. You make out a stove. You wonder idly who left that here. The stove is conventional. But there isn't a thing on it.

There is an open sliding patio door leading east. There is a closed frosted-glass door leading north. There is an exit to the south. You need an exit without a door? You should try going west.

There is a sliced red apple, a raw red potato, a banana and a raw purple potato on the floor.","You are carrying: a block of cheese, a knife, a diced white onion and a raw pork chop.",4 of 16,0.25,False,
72,,,"I need to gather the ingredients from the recipe. I already have a diced white onion and a block of cheese. I should take the red apple, yellow potato, and orange bell pepper from the floor or fridge if available, then proceed with the steps in the recipe.",take sliced red apple from floor,,You pick up the red apple from the ground.,Kitchen,"Well, here we are in a kitchen. You begin looking for stuff.

You can see a fridge. Huh, weird. The fridge contains a carrot, a red onion and a red hot pepper. You can see a closed conventional looking oven in the room. You make out a table. Unfortunately, there isn't a thing on it. You can see a counter. You see a cookbook on the counter. You make out a stove. You wonder idly who left that here. The stove is conventional. But there isn't a thing on it.

There is an open sliding patio door leading east. There is a closed frosted-glass door leading north. There is an exit to the south. You need an exit without a door? You should try going west.

There is a raw red potato, a banana and a raw purple potato on the floor.","You are carrying: a sliced red apple, a block of cheese, a knife, a diced white onion and a raw pork chop.",4 of 16,0.25,False,
73,,,I should examine the cookbook on the counter to find a recipe for a delicious meal.,examine cookbook,,"You open the copy of ""Cooking: A Modern Approach (3rd Ed.)"" and start reading:

Recipe #1
---------
Gather all following ingredients and follow the directions to prepare this tasty meal.

Ingredients:
white onion
  red apple
  yellow potato
  block of cheese
  orange bell pepper

Directions:
dice the white onion
  fry the white onion
  slice the red apple
  fry the red apple
  slice the yellow potato
  fry the yellow potato
  chop the block of cheese
  roast the block of cheese
  slice the orange bell pepper
  grill the orange bell pepper
  prepare meal",Kitchen,"Well, here we are in a kitchen. You begin looking for stuff.

You can see a fridge. Huh, weird. The fridge contains a carrot, a red onion and a red hot pepper. You can see a closed conventional looking oven in the room. You make out a table. Unfortunately, there isn't a thing on it. You can see a counter. You see a cookbook on the counter. You make out a stove. You wonder idly who left that here. The stove is conventional. But there isn't a thing on it.

There is an open sliding patio door leading east. There is a closed frosted-glass door leading north. There is an exit to the south. You need an exit without a door? You should try going west.

There is a raw red potato, a banana and a raw purple potato on the floor.","You are carrying: a sliced red apple, a block of cheese, a knife, a diced white onion and a raw pork chop.",4 of 16,0.25,False,
74,,,"I need to find and prepare the remaining ingredients from the recipe: yellow potato, orange bell pepper, and then follow the cooking steps. I will take the raw red potato and check if it can be used as a yellow potato substitute or find the yellow potato next.",take raw red potato from floor,,You're carrying too many things already.,Kitchen,"Well, here we are in a kitchen. You begin looking for stuff.

You can see a fridge. Huh, weird. The fridge contains a carrot, a red onion and a red hot pepper. You can see a closed conventional looking oven in the room. You make out a table. Unfortunately, there isn't a thing on it. You can see a counter. You see a cookbook on the counter. You make out a stove. You wonder idly who left that here. The stove is conventional. But there isn't a thing on it.

There is an open sliding patio door leading east. There is a closed frosted-glass door leading north. There is an exit to the south. You need an exit without a door? You should try going west.

There is a raw red potato, a banana and a raw purple potato on the floor.","You are carrying: a sliced red apple, a block of cheese, a knife, a diced white onion and a raw pork chop.",4 of 16,0.25,False,
75,,,"I am carrying too many items, so I should drop something unnecessary to free up space before taking the cookbook to check the recipe.",drop sliced red apple,,You drop the red apple on the ground.,Kitchen,"Well, here we are in a kitchen. You begin looking for stuff.

You can see a fridge. Huh, weird. The fridge contains a carrot, a red onion and a red hot pepper. You can see a closed conventional looking oven in the room. You make out a table. Unfortunately, there isn't a thing on it. You can see a counter. You see a cookbook on the counter. You make out a stove. You wonder idly who left that here. The stove is conventional. But there isn't a thing on it.

There is an open sliding patio door leading east. There is a closed frosted-glass door leading north. There is an exit to the south. You need an exit without a door? You should try going west.

There is a sliced red apple, a raw red potato, a banana and a raw purple potato on the floor.","You are carrying: a block of cheese, a knife, a diced white onion and a raw pork chop.",4 of 16,0.25,False,
76,,,I should examine the cookbook on the counter to find a recipe for a delicious meal.,examine cookbook,,"You open the copy of ""Cooking: A Modern Approach (3rd Ed.)"" and start reading:

Recipe #1
---------
Gather all following ingredients and follow the directions to prepare this tasty meal.

Ingredients:
white onion
  red apple
  yellow potato
  block of cheese
  orange bell pepper

Directions:
dice the white onion
  fry the white onion
  slice the red apple
  fry the red apple
  slice the yellow potato
  fry the yellow potato
  chop the block of cheese
  roast the block of cheese
  slice the orange bell pepper
  grill the orange bell pepper
  prepare meal",Kitchen,"Well, here we are in a kitchen. You begin looking for stuff.

You can see a fridge. Huh, weird. The fridge contains a carrot, a red onion and a red hot pepper. You can see a closed conventional looking oven in the room. You make out a table. Unfortunately, there isn't a thing on it. You can see a counter. You see a cookbook on the counter. You make out a stove. You wonder idly who left that here. The stove is conventional. But there isn't a thing on it.

There is an open sliding patio door leading east. There is a closed frosted-glass door leading north. There is an exit to the south. You need an exit without a door? You should try going west.

There is a sliced red apple, a raw red potato, a banana and a raw purple potato on the floor.","You are carrying: a block of cheese, a knife, a diced white onion and a raw pork chop.",4 of 16,0.25,False,
77,,,"I need to gather the ingredients from the recipe. I already have a block of cheese, a knife, and a diced white onion. I need to take a red apple, a yellow potato, and an orange bell pepper. I see a sliced red apple and a raw red potato on the floor, but I need a yellow potato and an orange bell pepper. I will check the fridge and the counter for these ingredients.",take red onion from fridge,,You take the red onion from the fridge.,Kitchen,"Well, here we are in a kitchen. You begin looking for stuff.

You can see a fridge. Huh, weird. The fridge contains a carrot and a red hot pepper. You can see a closed conventional looking oven in the room. You make out a table. Unfortunately, there isn't a thing on it. You can see a counter. You see a cookbook on the counter. You make out a stove. You wonder idly who left that here. The stove is conventional. But there isn't a thing on it.

There is an open sliding patio door leading east. There is a closed frosted-glass door leading north. There is an exit to the south. You need an exit without a door? You should try going west.

There is a sliced red apple, a raw red potato, a banana and a raw purple potato on the floor.","You are carrying: a red onion, a block of cheese, a knife, a diced white onion and a raw pork chop.",4 of 16,0.25,False,
78,,,I should examine the cookbook on the counter to find a recipe for a delicious meal.,examine cookbook,,"You open the copy of ""Cooking: A Modern Approach (3rd Ed.)"" and start reading:

Recipe #1
---------
Gather all following ingredients and follow the directions to prepare this tasty meal.

Ingredients:
white onion
  red apple
  yellow potato
  block of cheese
  orange bell pepper

Directions:
dice the white onion
  fry the white onion
  slice the red apple
  fry the red apple
  slice the yellow potato
  fry the yellow potato
  chop the block of cheese
  roast the block of cheese
  slice the orange bell pepper
  grill the orange bell pepper
  prepare meal",Kitchen,"Well, here we are in a kitchen. You begin looking for stuff.

You can see a fridge. Huh, weird. The fridge contains a carrot and a red hot pepper. You can see a closed conventional looking oven in the room. You make out a table. Unfortunately, there isn't a thing on it. You can see a counter. You see a cookbook on the counter. You make out a stove. You wonder idly who left that here. The stove is conventional. But there isn't a thing on it.

There is an open sliding patio door leading east. There is a closed frosted-glass door leading north. There is an exit to the south. You need an exit without a door? You should try going west.

There is a sliced red apple, a raw red potato, a banana and a raw purple potato on the floor.","You are carrying: a red onion, a block of cheese, a knife, a diced white onion and a raw pork chop.",4 of 16,0.25,False,
79,,,"I need to gather the ingredients from the recipe: white onion, red apple, yellow potato, block of cheese, and orange bell pepper. I already have diced white onion and block of cheese. I see a sliced red apple on the floor, but I need a yellow potato and an orange bell pepper. I will take the sliced red apple from the floor and look for the yellow potato and orange bell pepper in the kitchen.",take sliced red apple from floor,,You're carrying too many things already.,Kitchen,"Well, here we are in a kitchen. You begin looking for stuff.

You can see a fridge. Huh, weird. The fridge contains a carrot and a red hot pepper. You can see a closed conventional looking oven in the room. You make out a table. Unfortunately, there isn't a thing on it. You can see a counter. You see a cookbook on the counter. You make out a stove. You wonder idly who left that here. The stove is conventional. But there isn't a thing on it.

There is an open sliding patio door leading east. There is a closed frosted-glass door leading north. There is an exit to the south. You need an exit without a door? You should try going west.

There is a sliced red apple, a raw red potato, a banana and a raw purple potato on the floor.","You are carrying: a red onion, a block of cheese, a knife, a diced white onion and a raw pork chop.",4 of 16,0.25,False,
80,,,I should examine the cookbook on the counter to find a recipe for a delicious meal.,examine cookbook,,"You open the copy of ""Cooking: A Modern Approach (3rd Ed.)"" and start reading:

Recipe #1
---------
Gather all following ingredients and follow the directions to prepare this tasty meal.

Ingredients:
white onion
  red apple
  yellow potato
  block of cheese
  orange bell pepper

Directions:
dice the white onion
  fry the white onion
  slice the red apple
  fry the red apple
  slice the yellow potato
  fry the yellow potato
  chop the block of cheese
  roast the block of cheese
  slice the orange bell pepper
  grill the orange bell pepper
  prepare meal",Kitchen,"Well, here we are in a kitchen. You begin looking for stuff.

You can see a fridge. Huh, weird. The fridge contains a carrot and a red hot pepper. You can see a closed conventional looking oven in the room. You make out a table. Unfortunately, there isn't a thing on it. You can see a counter. You see a cookbook on the counter. You make out a stove. You wonder idly who left that here. The stove is conventional. But there isn't a thing on it.

There is an open sliding patio door leading east. There is a closed frosted-glass door leading north. There is an exit to the south. You need an exit without a door? You should try going west.

There is a sliced red apple, a raw red potato, a banana and a raw purple potato on the floor.","You are carrying: a red onion, a block of cheese, a knife, a diced white onion and a raw pork chop.",4 of 16,0.25,False,
81,,,"I need to gather the ingredients from the recipe: white onion, red apple, yellow potato, block of cheese, and orange bell pepper. I already have diced white onion and block of cheese. I see a sliced red apple on the floor, but I need a yellow potato and an orange bell pepper. I will take the sliced red apple from the floor first.",take sliced red apple from floor,,You're carrying too many things already.,Kitchen,"Well, here we are in a kitchen. You begin looking for stuff.

You can see a fridge. Huh, weird. The fridge contains a carrot and a red hot pepper. You can see a closed conventional looking oven in the room. You make out a table. Unfortunately, there isn't a thing on it. You can see a counter. You see a cookbook on the counter. You make out a stove. You wonder idly who left that here. The stove is conventional. But there isn't a thing on it.

There is an open sliding patio door leading east. There is a closed frosted-glass door leading north. There is an exit to the south. You need an exit without a door? You should try going west.

There is a sliced red apple, a raw red potato, a banana and a raw purple potato on the floor.","You are carrying: a red onion, a block of cheese, a knife, a diced white onion and a raw pork chop.",4 of 16,0.25,False,
82,,,"I am carrying too many things, so I should drop one item to free up space before taking the cookbook to check the recipe.",drop diced white onion,,You drop the white onion on the ground.,Kitchen,"Well, here we are in a kitchen. You begin looking for stuff.

You can see a fridge. Huh, weird. The fridge contains a carrot and a red hot pepper. You can see a closed conventional looking oven in the room. You make out a table. Unfortunately, there isn't a thing on it. You can see a counter. You see a cookbook on the counter. You make out a stove. You wonder idly who left that here. The stove is conventional. But there isn't a thing on it.

There is an open sliding patio door leading east. There is a closed frosted-glass door leading north. There is an exit to the south. You need an exit without a door? You should try going west.

There is a diced white onion, a sliced red apple, a raw red potato, a banana and a raw purple potato on the floor.","You are carrying: a red onion, a block of cheese, a knife and a raw pork chop.",4 of 16,0.25,False,
83,,,I should examine the cookbook on the counter to find a recipe for a delicious meal.,examine cookbook,,"You open the copy of ""Cooking: A Modern Approach (3rd Ed.)"" and start reading:

Recipe #1
---------
Gather all following ingredients and follow the directions to prepare this tasty meal.

Ingredients:
white onion
  red apple
  yellow potato
  block of cheese
  orange bell pepper

Directions:
dice the white onion
  fry the white onion
  slice the red apple
  fry the red apple
  slice the yellow potato
  fry the yellow potato
  chop the block of cheese
  roast the block of cheese
  slice the orange bell pepper
  grill the orange bell pepper
  prepare meal",Kitchen,"Well, here we are in a kitchen. You begin looking for stuff.

You can see a fridge. Huh, weird. The fridge contains a carrot and a red hot pepper. You can see a closed conventional looking oven in the room. You make out a table. Unfortunately, there isn't a thing on it. You can see a counter. You see a cookbook on the counter. You make out a stove. You wonder idly who left that here. The stove is conventional. But there isn't a thing on it.

There is an open sliding patio door leading east. There is a closed frosted-glass door leading north. There is an exit to the south. You need an exit without a door? You should try going west.

There is a diced white onion, a sliced red apple, a raw red potato, a banana and a raw purple potato on the floor.","You are carrying: a red onion, a block of cheese, a knife and a raw pork chop.",4 of 16,0.25,False,
84,,,"I need to gather the ingredients from the floor and fridge, then dice the white onion, fry it, slice and fry the red apple, slice and fry the yellow potato, chop and roast the block of cheese, slice and grill the orange bell pepper, and finally prepare the meal.","take diced white onion from floor, take sliced red apple from floor, take raw red potato from floor, take banana from floor, take raw purple potato from floor, take carrot from fridge, take red hot pepper from fridge",,You can't see any such thing.,Kitchen,"Well, here we are in a kitchen. You begin looking for stuff.

You can see a fridge. Huh, weird. The fridge contains a carrot and a red hot pepper. You can see a closed conventional looking oven in the room. You make out a table. Unfortunately, there isn't a thing on it. You can see a counter. You see a cookbook on the counter. You make out a stove. You wonder idly who left that here. The stove is conventional. But there isn't a thing on it.

There is an open sliding patio door leading east. There is a closed frosted-glass door leading north. There is an exit to the south. You need an exit without a door? You should try going west.

There is a diced white onion, a sliced red apple, a raw red potato, a banana and a raw purple potato on the floor.","You are carrying: a red onion, a block of cheese, a knife and a raw pork chop.",4 of 16,0.25,False,
85,,,I should examine the cookbook on the counter to find a recipe for a delicious meal.,examine cookbook,,"You open the copy of ""Cooking: A Modern Approach (3rd Ed.)"" and start reading:

Recipe #1
---------
Gather all following ingredients and follow the directions to prepare this tasty meal.

Ingredients:
white onion
  red apple
  yellow potato
  block of cheese
  orange bell pepper

Directions:
dice the white onion
  fry the white onion
  slice the red apple
  fry the red apple
  slice the yellow potato
  fry the yellow potato
  chop the block of cheese
  roast the block of cheese
  slice the orange bell pepper
  grill the orange bell pepper
  prepare meal",Kitchen,"Well, here we are in a kitchen. You begin looking for stuff.

You can see a fridge. Huh, weird. The fridge contains a carrot and a red hot pepper. You can see a closed conventional looking oven in the room. You make out a table. Unfortunately, there isn't a thing on it. You can see a counter. You see a cookbook on the counter. You make out a stove. You wonder idly who left that here. The stove is conventional. But there isn't a thing on it.

There is an open sliding patio door leading east. There is a closed frosted-glass door leading north. There is an exit to the south. You need an exit without a door? You should try going west.

There is a diced white onion, a sliced red apple, a raw red potato, a banana and a raw purple potato on the floor.","You are carrying: a red onion, a block of cheese, a knife and a raw pork chop.",4 of 16,0.25,False,
86,,,"I need to gather the ingredients from the floor and fridge, then dice the white onion, slice the red apple, slice the yellow potato, chop the block of cheese, and slice the orange bell pepper. I will start by taking the diced white onion, sliced red apple, and raw red potato from the floor, and then take the carrot and red hot pepper from the fridge.","take diced white onion from floor, take sliced red apple from floor, take raw red potato from floor, take carrot from fridge, take red hot pepper from fridge",,You can't see any such thing.,Kitchen,"Well, here we are in a kitchen. You begin looking for stuff.

You can see a fridge. Huh, weird. The fridge contains a carrot and a red hot pepper. You can see a closed conventional looking oven in the room. You make out a table. Unfortunately, there isn't a thing on it. You can see a counter. You see a cookbook on the counter. You make out a stove. You wonder idly who left that here. The stove is conventional. But there isn't a thing on it.

There is an open sliding patio door leading east. There is a closed frosted-glass door leading north. There is an exit to the south. You need an exit without a door? You should try going west.

There is a diced white onion, a sliced red apple, a raw red potato, a banana and a raw purple potato on the floor.","You are carrying: a red onion, a block of cheese, a knife and a raw pork chop.",4 of 16,0.25,False,
87,,,I should examine the cookbook on the counter to find a recipe for a delicious meal.,examine cookbook,,"You open the copy of ""Cooking: A Modern Approach (3rd Ed.)"" and start reading:

Recipe #1
---------
Gather all following ingredients and follow the directions to prepare this tasty meal.

Ingredients:
white onion
  red apple
  yellow potato
  block of cheese
  orange bell pepper

Directions:
dice the white onion
  fry the white onion
  slice the red apple
  fry the red apple
  slice the yellow potato
  fry the yellow potato
  chop the block of cheese
  roast the block of cheese
  slice the orange bell pepper
  grill the orange bell pepper
  prepare meal",Kitchen,"Well, here we are in a kitchen. You begin looking for stuff.

You can see a fridge. Huh, weird. The fridge contains a carrot and a red hot pepper. You can see a closed conventional looking oven in the room. You make out a table. Unfortunately, there isn't a thing on it. You can see a counter. You see a cookbook on the counter. You make out a stove. You wonder idly who left that here. The stove is conventional. But there isn't a thing on it.

There is an open sliding patio door leading east. There is a closed frosted-glass door leading north. There is an exit to the south. You need an exit without a door? You should try going west.

There is a diced white onion, a sliced red apple, a raw red potato, a banana and a raw purple potato on the floor.","You are carrying: a red onion, a block of cheese, a knife and a raw pork chop.",4 of 16,0.25,True,
