step_id,plan,summary,thought,action,task,feedback,location,description,inventory,score,reward,is_done,error
0,,,,,"You are hungry! Let's cook a delicious meal. Check the cookbook in the kitchen for the recipe. Once done, enjoy your meal!",,Shed,"You are in a shed. A typical one. You try to gain information on your surroundings by using a technique you call ""looking.""

You scan the room for a toolbox, and you find a toolbox. You scan the room, seeing a workbench. Unfortunately, there isn't a thing on it. You swear loudly.

There is a closed barn door leading west.",You are carrying: a raw purple potato and a raw red potato.,0 of 17,0.0,False,
1,,,I should go west through the barn door to explore more and find the kitchen where the cookbook might be.,go west,,You have to open the barn door first.,Shed,"You are in a shed. A typical one. You try to gain information on your surroundings by using a technique you call ""looking.""

You scan the room for a toolbox, and you find a toolbox. You scan the room, seeing a workbench. Unfortunately, there isn't a thing on it. You swear loudly.

There is a closed barn door leading west.",You are carrying: a raw purple potato and a raw red potato.,0 of 17,0.0,False,
2,,,I need to open the barn door to proceed.,open barn door,,You open barn door.,Shed,"You are in a shed. A typical one. You try to gain information on your surroundings by using a technique you call ""looking.""

You scan the room for a toolbox, and you find a toolbox. You scan the room, seeing a workbench. Unfortunately, there isn't a thing on it. You swear loudly.

There is an open barn door leading west.",You are carrying: a raw purple potato and a raw red potato.,0 of 17,0.0,False,
3,,,I should go west through the open barn door to explore the barn and look for the kitchen or a cookbook.,go west,,"You've entered a backyard. Let's see what's in here.

You can make out a patio chair. The patio chair is stylish. But the thing is empty. You smell an intriguing smell, and follow it to a patio table. The patio table is stylish. But the thing is empty, unfortunately. It would have been so cool if there was stuff on the patio table! oh well. If you haven't noticed it already, there seems to be something there by the wall, it's a BBQ.

There is an open barn door leading east. There is a closed screen door leading west. There is an exit to the north. Don't worry, there is no door.",Backyard,"You've entered a backyard. Let's see what's in here.

You can make out a patio chair. The patio chair is stylish. But the thing is empty. You smell an intriguing smell, and follow it to a patio table. The patio table is stylish. But the thing is empty, unfortunately. It would have been so cool if there was stuff on the patio table! oh well. If you haven't noticed it already, there seems to be something there by the wall, it's a BBQ.

There is an open barn door leading east. There is a closed screen door leading west. There is an exit to the north. Don't worry, there is no door.",You are carrying: a raw purple potato and a raw red potato.,0 of 17,0.0,False,
4,,,I should go back to the kitchen to check the cookbook for the recipe.,go west,,You have to open the screen door first.,Backyard,"You've entered a backyard. Let's see what's in here.

You can make out a patio chair. The patio chair is stylish. But the thing is empty. You smell an intriguing smell, and follow it to a patio table. The patio table is stylish. But the thing is empty, unfortunately. It would have been so cool if there was stuff on the patio table! oh well. If you haven't noticed it already, there seems to be something there by the wall, it's a BBQ.

There is an open barn door leading east. There is a closed screen door leading west. There is an exit to the north. Don't worry, there is no door.",You are carrying: a raw purple potato and a raw red potato.,0 of 17,0.0,False,
5,,,I need to open the screen door to proceed west and continue exploring or cooking.,open screen door,,You open screen door.,Backyard,"You've entered a backyard. Let's see what's in here.

You can make out a patio chair. The patio chair is stylish. But the thing is empty. You smell an intriguing smell, and follow it to a patio table. The patio table is stylish. But the thing is empty, unfortunately. It would have been so cool if there was stuff on the patio table! oh well. If you haven't noticed it already, there seems to be something there by the wall, it's a BBQ.

There is an open barn door leading east. There is an open screen door leading west. There is an exit to the north. Don't worry, there is no door.",You are carrying: a raw purple potato and a raw red potato.,0 of 17,0.0,False,
6,,,I should go east to the barn to look for cooking tools or ingredients.,go east,,"You are in a shed. A typical one. You try to gain information on your surroundings by using a technique you call ""looking.""

You scan the room for a toolbox, and you find a toolbox. You scan the room, seeing a workbench. Unfortunately, there isn't a thing on it. You swear loudly.

There is an open barn door leading west.",Shed,"You are in a shed. A typical one. You try to gain information on your surroundings by using a technique you call ""looking.""

You scan the room for a toolbox, and you find a toolbox. You scan the room, seeing a workbench. Unfortunately, there isn't a thing on it. You swear loudly.

There is an open barn door leading west.",You are carrying: a raw purple potato and a raw red potato.,0 of 17,0.0,False,
7,,,"I should take the toolbox from the shed to help with any tasks, then go west through the barn door to find the kitchen and check the cookbook for the recipe.",take toolbox from shed,,You can't see any such thing.,Shed,"You are in a shed. A typical one. You try to gain information on your surroundings by using a technique you call ""looking.""

You scan the room for a toolbox, and you find a toolbox. You scan the room, seeing a workbench. Unfortunately, there isn't a thing on it. You swear loudly.

There is an open barn door leading west.",You are carrying: a raw purple potato and a raw red potato.,0 of 17,0.0,False,
8,,,I should go west through the open barn door to explore more and find the kitchen where the cookbook might be.,go west,,"You've entered a backyard. Let's see what's in here.

You can make out a patio chair. The patio chair is stylish. But the thing is empty. You smell an intriguing smell, and follow it to a patio table. The patio table is stylish. But the thing is empty, unfortunately. It would have been so cool if there was stuff on the patio table! oh well. If you haven't noticed it already, there seems to be something there by the wall, it's a BBQ.

There is an open barn door leading east. There is an open screen door leading west. There is an exit to the north. Don't worry, there is no door.",Backyard,"You've entered a backyard. Let's see what's in here.

You can make out a patio chair. The patio chair is stylish. But the thing is empty. You smell an intriguing smell, and follow it to a patio table. The patio table is stylish. But the thing is empty, unfortunately. It would have been so cool if there was stuff on the patio table! oh well. If you haven't noticed it already, there seems to be something there by the wall, it's a BBQ.

There is an open barn door leading east. There is an open screen door leading west. There is an exit to the north. Don't worry, there is no door.",You are carrying: a raw purple potato and a raw red potato.,0 of 17,0.0,False,
9,,,I should go west through the open screen door to return to the kitchen and check the cookbook for the recipe.,go west,,"You arrive in a kitchen. A standard kind of place. You begin to take stock of what's in the room.

You can make out a fridge. You can see a closed oven in the room. You see a table. The table is massive. On the table you can see a knife. What's that over there? It looks like it's a counter. The counter is vast. On the counter you can make out a cookbook, so there's that. You smell an intriguing smell, and follow it to a stove. The stove is conventional. However, the stove, like an empty stove, has nothing on it. Hm. Oh well

There is an open screen door leading east. There is a closed frosted-glass door leading north. There is an exit to the south. Don't worry, there is no door.",Kitchen,"You arrive in a kitchen. A standard kind of place. You begin to take stock of what's in the room.

You can make out a fridge. You can see a closed oven in the room. You see a table. The table is massive. On the table you can see a knife. What's that over there? It looks like it's a counter. The counter is vast. On the counter you can make out a cookbook, so there's that. You smell an intriguing smell, and follow it to a stove. The stove is conventional. However, the stove, like an empty stove, has nothing on it. Hm. Oh well

There is an open screen door leading east. There is a closed frosted-glass door leading north. There is an exit to the south. Don't worry, there is no door.",You are carrying: a raw purple potato and a raw red potato.,0 of 17,0.0,False,
10,,,I should examine the cookbook on the counter to find a recipe for a delicious meal.,examine cookbook,,"You open the copy of ""Cooking: A Modern Approach (3rd Ed.)"" and start reading:

Recipe #1
---------
Gather all following ingredients and follow the directions to prepare this tasty meal.

Ingredients:
orange bell pepper
  yellow potato
  block of cheese
  red apple
  pork chop

Directions:
slice the orange bell pepper
  roast the orange bell pepper
  dice the yellow potato
  fry the yellow potato
  dice the block of cheese
  fry the block of cheese
  slice the red apple
  fry the red apple
  dice the pork chop
  grill the pork chop
  prepare meal",Kitchen,"You arrive in a kitchen. A standard kind of place. You begin to take stock of what's in the room.

You can make out a fridge. You can see a closed oven in the room. You see a table. The table is massive. On the table you can see a knife. What's that over there? It looks like it's a counter. The counter is vast. On the counter you can make out a cookbook, so there's that. You smell an intriguing smell, and follow it to a stove. The stove is conventional. However, the stove, like an empty stove, has nothing on it. Hm. Oh well

There is an open screen door leading east. There is a closed frosted-glass door leading north. There is an exit to the south. Don't worry, there is no door.",You are carrying: a raw purple potato and a raw red potato.,0 of 17,0.0,False,
11,,,"I need to gather all the ingredients listed in the recipe: orange bell pepper, yellow potato, block of cheese, red apple, and pork chop. I currently have raw purple and red potatoes, so I should look around the kitchen, especially the fridge and counter, to find the required ingredients.",look fridge,,The fridge looks well-built. It is closed.,Kitchen,"You arrive in a kitchen. A standard kind of place. You begin to take stock of what's in the room.

You can make out a fridge. You can see a closed oven in the room. You see a table. The table is massive. On the table you can see a knife. What's that over there? It looks like it's a counter. The counter is vast. On the counter you can make out a cookbook, so there's that. You smell an intriguing smell, and follow it to a stove. The stove is conventional. However, the stove, like an empty stove, has nothing on it. Hm. Oh well

There is an open screen door leading east. There is a closed frosted-glass door leading north. There is an exit to the south. Don't worry, there is no door.",You are carrying: a raw purple potato and a raw red potato.,0 of 17,0.0,False,
12,,,I should examine the cookbook on the counter to find a recipe for a delicious meal.,examine cookbook,,"You open the copy of ""Cooking: A Modern Approach (3rd Ed.)"" and start reading:

Recipe #1
---------
Gather all following ingredients and follow the directions to prepare this tasty meal.

Ingredients:
orange bell pepper
  yellow potato
  block of cheese
  red apple
  pork chop

Directions:
slice the orange bell pepper
  roast the orange bell pepper
  dice the yellow potato
  fry the yellow potato
  dice the block of cheese
  fry the block of cheese
  slice the red apple
  fry the red apple
  dice the pork chop
  grill the pork chop
  prepare meal",Kitchen,"You arrive in a kitchen. A standard kind of place. You begin to take stock of what's in the room.

You can make out a fridge. You can see a closed oven in the room. You see a table. The table is massive. On the table you can see a knife. What's that over there? It looks like it's a counter. The counter is vast. On the counter you can make out a cookbook, so there's that. You smell an intriguing smell, and follow it to a stove. The stove is conventional. However, the stove, like an empty stove, has nothing on it. Hm. Oh well

There is an open screen door leading east. There is a closed frosted-glass door leading north. There is an exit to the south. Don't worry, there is no door.",You are carrying: a raw purple potato and a raw red potato.,0 of 17,0.0,False,
13,,,"I need to gather all the ingredients listed in the recipe: orange bell pepper, yellow potato, block of cheese, red apple, and pork chop. I currently have raw purple and red potatoes, so I should look around the kitchen to find the other ingredients and the correct yellow potato.",look around kitchen,,You can't see any such thing.,Kitchen,"You arrive in a kitchen. A standard kind of place. You begin to take stock of what's in the room.

You can make out a fridge. You can see a closed oven in the room. You see a table. The table is massive. On the table you can see a knife. What's that over there? It looks like it's a counter. The counter is vast. On the counter you can make out a cookbook, so there's that. You smell an intriguing smell, and follow it to a stove. The stove is conventional. However, the stove, like an empty stove, has nothing on it. Hm. Oh well

There is an open screen door leading east. There is a closed frosted-glass door leading north. There is an exit to the south. Don't worry, there is no door.",You are carrying: a raw purple potato and a raw red potato.,0 of 17,0.0,False,
14,,,I should examine the cookbook on the counter to find a recipe for a delicious meal.,examine cookbook,,"You open the copy of ""Cooking: A Modern Approach (3rd Ed.)"" and start reading:

Recipe #1
---------
Gather all following ingredients and follow the directions to prepare this tasty meal.

Ingredients:
orange bell pepper
  yellow potato
  block of cheese
  red apple
  pork chop

Directions:
slice the orange bell pepper
  roast the orange bell pepper
  dice the yellow potato
  fry the yellow potato
  dice the block of cheese
  fry the block of cheese
  slice the red apple
  fry the red apple
  dice the pork chop
  grill the pork chop
  prepare meal",Kitchen,"You arrive in a kitchen. A standard kind of place. You begin to take stock of what's in the room.

You can make out a fridge. You can see a closed oven in the room. You see a table. The table is massive. On the table you can see a knife. What's that over there? It looks like it's a counter. The counter is vast. On the counter you can make out a cookbook, so there's that. You smell an intriguing smell, and follow it to a stove. The stove is conventional. However, the stove, like an empty stove, has nothing on it. Hm. Oh well

There is an open screen door leading east. There is a closed frosted-glass door leading north. There is an exit to the south. Don't worry, there is no door.",You are carrying: a raw purple potato and a raw red potato.,0 of 17,0.0,False,
15,,,"I need to gather the ingredients listed in the recipe: orange bell pepper, yellow potato, block of cheese, red apple, and pork chop. I currently have raw purple and red potatoes, so I should look around the kitchen to find the other ingredients and the correct yellow potato.",look around kitchen,,You can't see any such thing.,Kitchen,"You arrive in a kitchen. A standard kind of place. You begin to take stock of what's in the room.

You can make out a fridge. You can see a closed oven in the room. You see a table. The table is massive. On the table you can see a knife. What's that over there? It looks like it's a counter. The counter is vast. On the counter you can make out a cookbook, so there's that. You smell an intriguing smell, and follow it to a stove. The stove is conventional. However, the stove, like an empty stove, has nothing on it. Hm. Oh well

There is an open screen door leading east. There is a closed frosted-glass door leading north. There is an exit to the south. Don't worry, there is no door.",You are carrying: a raw purple potato and a raw red potato.,0 of 17,0.0,False,
16,,,I should examine the cookbook on the counter to find a recipe for a delicious meal.,examine cookbook,,"You open the copy of ""Cooking: A Modern Approach (3rd Ed.)"" and start reading:

Recipe #1
---------
Gather all following ingredients and follow the directions to prepare this tasty meal.

Ingredients:
orange bell pepper
  yellow potato
  block of cheese
  red apple
  pork chop

Directions:
slice the orange bell pepper
  roast the orange bell pepper
  dice the yellow potato
  fry the yellow potato
  dice the block of cheese
  fry the block of cheese
  slice the red apple
  fry the red apple
  dice the pork chop
  grill the pork chop
  prepare meal",Kitchen,"You arrive in a kitchen. A standard kind of place. You begin to take stock of what's in the room.

You can make out a fridge. You can see a closed oven in the room. You see a table. The table is massive. On the table you can see a knife. What's that over there? It looks like it's a counter. The counter is vast. On the counter you can make out a cookbook, so there's that. You smell an intriguing smell, and follow it to a stove. The stove is conventional. However, the stove, like an empty stove, has nothing on it. Hm. Oh well

There is an open screen door leading east. There is a closed frosted-glass door leading north. There is an exit to the south. Don't worry, there is no door.",You are carrying: a raw purple potato and a raw red potato.,0 of 17,0.0,False,
17,,,"I need to gather all the ingredients listed in the recipe: orange bell pepper, yellow potato, block of cheese, red apple, and pork chop. I currently have raw purple and red potatoes, so I should look around the kitchen to find the other ingredients and the correct yellow potato.",look around kitchen,,You can't see any such thing.,Kitchen,"You arrive in a kitchen. A standard kind of place. You begin to take stock of what's in the room.

You can make out a fridge. You can see a closed oven in the room. You see a table. The table is massive. On the table you can see a knife. What's that over there? It looks like it's a counter. The counter is vast. On the counter you can make out a cookbook, so there's that. You smell an intriguing smell, and follow it to a stove. The stove is conventional. However, the stove, like an empty stove, has nothing on it. Hm. Oh well

There is an open screen door leading east. There is a closed frosted-glass door leading north. There is an exit to the south. Don't worry, there is no door.",You are carrying: a raw purple potato and a raw red potato.,0 of 17,0.0,False,
18,,,I should examine the cookbook on the counter to check the recipe for a delicious meal.,examine cookbook,,"You open the copy of ""Cooking: A Modern Approach (3rd Ed.)"" and start reading:

Recipe #1
---------
Gather all following ingredients and follow the directions to prepare this tasty meal.

Ingredients:
orange bell pepper
  yellow potato
  block of cheese
  red apple
  pork chop

Directions:
slice the orange bell pepper
  roast the orange bell pepper
  dice the yellow potato
  fry the yellow potato
  dice the block of cheese
  fry the block of cheese
  slice the red apple
  fry the red apple
  dice the pork chop
  grill the pork chop
  prepare meal",Kitchen,"You arrive in a kitchen. A standard kind of place. You begin to take stock of what's in the room.

You can make out a fridge. You can see a closed oven in the room. You see a table. The table is massive. On the table you can see a knife. What's that over there? It looks like it's a counter. The counter is vast. On the counter you can make out a cookbook, so there's that. You smell an intriguing smell, and follow it to a stove. The stove is conventional. However, the stove, like an empty stove, has nothing on it. Hm. Oh well

There is an open screen door leading east. There is a closed frosted-glass door leading north. There is an exit to the south. Don't worry, there is no door.",You are carrying: a raw purple potato and a raw red potato.,0 of 17,0.0,False,
19,,,"I need to gather all the ingredients listed in the recipe: orange bell pepper, yellow potato, block of cheese, red apple, and pork chop. I currently have raw purple and red potatoes, so I should look around the kitchen to find the other ingredients and the correct yellow potato.",look around kitchen,,You can't see any such thing.,Kitchen,"You arrive in a kitchen. A standard kind of place. You begin to take stock of what's in the room.

You can make out a fridge. You can see a closed oven in the room. You see a table. The table is massive. On the table you can see a knife. What's that over there? It looks like it's a counter. The counter is vast. On the counter you can make out a cookbook, so there's that. You smell an intriguing smell, and follow it to a stove. The stove is conventional. However, the stove, like an empty stove, has nothing on it. Hm. Oh well

There is an open screen door leading east. There is a closed frosted-glass door leading north. There is an exit to the south. Don't worry, there is no door.",You are carrying: a raw purple potato and a raw red potato.,0 of 17,0.0,False,
20,,,I should examine the cookbook on the counter to check the recipe for a delicious meal.,examine cookbook,,"You open the copy of ""Cooking: A Modern Approach (3rd Ed.)"" and start reading:

Recipe #1
---------
Gather all following ingredients and follow the directions to prepare this tasty meal.

Ingredients:
orange bell pepper
  yellow potato
  block of cheese
  red apple
  pork chop

Directions:
slice the orange bell pepper
  roast the orange bell pepper
  dice the yellow potato
  fry the yellow potato
  dice the block of cheese
  fry the block of cheese
  slice the red apple
  fry the red apple
  dice the pork chop
  grill the pork chop
  prepare meal",Kitchen,"You arrive in a kitchen. A standard kind of place. You begin to take stock of what's in the room.

You can make out a fridge. You can see a closed oven in the room. You see a table. The table is massive. On the table you can see a knife. What's that over there? It looks like it's a counter. The counter is vast. On the counter you can make out a cookbook, so there's that. You smell an intriguing smell, and follow it to a stove. The stove is conventional. However, the stove, like an empty stove, has nothing on it. Hm. Oh well

There is an open screen door leading east. There is a closed frosted-glass door leading north. There is an exit to the south. Don't worry, there is no door.",You are carrying: a raw purple potato and a raw red potato.,0 of 17,0.0,False,
21,,,"I need to gather all the ingredients listed in the recipe: orange bell pepper, yellow potato, block of cheese, red apple, and pork chop. I currently have raw purple and red potatoes, so I should look around the kitchen to find the required ingredients first.",look around kitchen,,You can't see any such thing.,Kitchen,"You arrive in a kitchen. A standard kind of place. You begin to take stock of what's in the room.

You can make out a fridge. You can see a closed oven in the room. You see a table. The table is massive. On the table you can see a knife. What's that over there? It looks like it's a counter. The counter is vast. On the counter you can make out a cookbook, so there's that. You smell an intriguing smell, and follow it to a stove. The stove is conventional. However, the stove, like an empty stove, has nothing on it. Hm. Oh well

There is an open screen door leading east. There is a closed frosted-glass door leading north. There is an exit to the south. Don't worry, there is no door.",You are carrying: a raw purple potato and a raw red potato.,0 of 17,0.0,False,
22,,,I should examine the cookbook on the counter to find a recipe for a delicious meal.,examine cookbook,,"You open the copy of ""Cooking: A Modern Approach (3rd Ed.)"" and start reading:

Recipe #1
---------
Gather all following ingredients and follow the directions to prepare this tasty meal.

Ingredients:
orange bell pepper
  yellow potato
  block of cheese
  red apple
  pork chop

Directions:
slice the orange bell pepper
  roast the orange bell pepper
  dice the yellow potato
  fry the yellow potato
  dice the block of cheese
  fry the block of cheese
  slice the red apple
  fry the red apple
  dice the pork chop
  grill the pork chop
  prepare meal",Kitchen,"You arrive in a kitchen. A standard kind of place. You begin to take stock of what's in the room.

You can make out a fridge. You can see a closed oven in the room. You see a table. The table is massive. On the table you can see a knife. What's that over there? It looks like it's a counter. The counter is vast. On the counter you can make out a cookbook, so there's that. You smell an intriguing smell, and follow it to a stove. The stove is conventional. However, the stove, like an empty stove, has nothing on it. Hm. Oh well

There is an open screen door leading east. There is a closed frosted-glass door leading north. There is an exit to the south. Don't worry, there is no door.",You are carrying: a raw purple potato and a raw red potato.,0 of 17,0.0,False,
23,,,"I need to gather all the ingredients listed in the recipe: orange bell pepper, yellow potato, block of cheese, red apple, and pork chop. I currently have raw purple and red potatoes, so I should look around the kitchen, especially the fridge and counter, to find the required ingredients.",open fridge,,"You open the fridge, revealing a raw pork chop, an orange bell pepper and a red hot pepper.",Kitchen,"You arrive in a kitchen. A standard kind of place. You begin to take stock of what's in the room.

You can make out a fridge. The fridge contains a raw pork chop, an orange bell pepper and a red hot pepper. You wonder idly who left that here. You can see a closed oven in the room. You see a table. The table is massive. On the table you can see a knife. What's that over there? It looks like it's a counter. The counter is vast. On the counter you can make out a cookbook, so there's that. You smell an intriguing smell, and follow it to a stove. The stove is conventional. However, the stove, like an empty stove, has nothing on it. Hm. Oh well

There is an open screen door leading east. There is a closed frosted-glass door leading north. There is an exit to the south. Don't worry, there is no door.",You are carrying: a raw purple potato and a raw red potato.,0 of 17,0.0,False,
24,,,I should examine the cookbook on the counter to find a recipe for a delicious meal.,examine cookbook,,"You open the copy of ""Cooking: A Modern Approach (3rd Ed.)"" and start reading:

Recipe #1
---------
Gather all following ingredients and follow the directions to prepare this tasty meal.

Ingredients:
orange bell pepper
  yellow potato
  block of cheese
  red apple
  pork chop

Directions:
slice the orange bell pepper
  roast the orange bell pepper
  dice the yellow potato
  fry the yellow potato
  dice the block of cheese
  fry the block of cheese
  slice the red apple
  fry the red apple
  dice the pork chop
  grill the pork chop
  prepare meal",Kitchen,"You arrive in a kitchen. A standard kind of place. You begin to take stock of what's in the room.

You can make out a fridge. The fridge contains a raw pork chop, an orange bell pepper and a red hot pepper. You wonder idly who left that here. You can see a closed oven in the room. You see a table. The table is massive. On the table you can see a knife. What's that over there? It looks like it's a counter. The counter is vast. On the counter you can make out a cookbook, so there's that. You smell an intriguing smell, and follow it to a stove. The stove is conventional. However, the stove, like an empty stove, has nothing on it. Hm. Oh well

There is an open screen door leading east. There is a closed frosted-glass door leading north. There is an exit to the south. Don't worry, there is no door.",You are carrying: a raw purple potato and a raw red potato.,0 of 17,0.0,False,
25,,,"I need to gather the ingredients listed in the recipe from the fridge and the ones I already have, then use the knife to slice and dice as required. First, I will take the orange bell pepper and the block of cheese from the fridge, and also take the knife from the table.",take orange bell pepper from fridge,,"You take the orange bell pepper from the fridge.



Your score has just gone up by one point.",Kitchen,"You arrive in a kitchen. A standard kind of place. You begin to take stock of what's in the room.

You can make out a fridge. The fridge contains a raw pork chop and a red hot pepper. You wonder idly who left that here. You can see a closed oven in the room. You see a table. The table is massive. On the table you can see a knife. What's that over there? It looks like it's a counter. The counter is vast. On the counter you can make out a cookbook, so there's that. You smell an intriguing smell, and follow it to a stove. The stove is conventional. However, the stove, like an empty stove, has nothing on it. Hm. Oh well

There is an open screen door leading east. There is a closed frosted-glass door leading north. There is an exit to the south. Don't worry, there is no door.","You are carrying: an orange bell pepper, a raw purple potato and a raw red potato.",1 of 17,0.058823529411764705,False,
26,,,I should examine the cookbook on the counter to find a recipe for a delicious meal.,examine cookbook,,"You open the copy of ""Cooking: A Modern Approach (3rd Ed.)"" and start reading:

Recipe #1
---------
Gather all following ingredients and follow the directions to prepare this tasty meal.

Ingredients:
orange bell pepper
  yellow potato
  block of cheese
  red apple
  pork chop

Directions:
slice the orange bell pepper
  roast the orange bell pepper
  dice the yellow potato
  fry the yellow potato
  dice the block of cheese
  fry the block of cheese
  slice the red apple
  fry the red apple
  dice the pork chop
  grill the pork chop
  prepare meal",Kitchen,"You arrive in a kitchen. A standard kind of place. You begin to take stock of what's in the room.

You can make out a fridge. The fridge contains a raw pork chop and a red hot pepper. You wonder idly who left that here. You can see a closed oven in the room. You see a table. The table is massive. On the table you can see a knife. What's that over there? It looks like it's a counter. The counter is vast. On the counter you can make out a cookbook, so there's that. You smell an intriguing smell, and follow it to a stove. The stove is conventional. However, the stove, like an empty stove, has nothing on it. Hm. Oh well

There is an open screen door leading east. There is a closed frosted-glass door leading north. There is an exit to the south. Don't worry, there is no door.","You are carrying: an orange bell pepper, a raw purple potato and a raw red potato.",1 of 17,0.058823529411764705,False,
27,,,"I need to gather all the ingredients from the recipe. I already have an orange bell pepper, but I need to get a yellow potato, a block of cheese, a red apple, and a pork chop. I see a raw pork chop in the fridge, so I should take it from there first.",take raw pork chop from fridge,,"You take the pork chop from the fridge.



Your score has just gone up by one point.",Kitchen,"You arrive in a kitchen. A standard kind of place. You begin to take stock of what's in the room.

You can make out a fridge. The fridge contains a red hot pepper. You wonder idly who left that here. You can see a closed oven in the room. You see a table. The table is massive. On the table you can see a knife. What's that over there? It looks like it's a counter. The counter is vast. On the counter you can make out a cookbook, so there's that. You smell an intriguing smell, and follow it to a stove. The stove is conventional. However, the stove, like an empty stove, has nothing on it. Hm. Oh well

There is an open screen door leading east. There is a closed frosted-glass door leading north. There is an exit to the south. Don't worry, there is no door.","You are carrying: a raw pork chop, an orange bell pepper, a raw purple potato and a raw red potato.",2 of 17,0.11764705882352941,False,
28,,,I should examine the cookbook on the counter to find the recipe for a delicious meal.,examine cookbook,,"You open the copy of ""Cooking: A Modern Approach (3rd Ed.)"" and start reading:

Recipe #1
---------
Gather all following ingredients and follow the directions to prepare this tasty meal.

Ingredients:
orange bell pepper
  yellow potato
  block of cheese
  red apple
  pork chop

Directions:
slice the orange bell pepper
  roast the orange bell pepper
  dice the yellow potato
  fry the yellow potato
  dice the block of cheese
  fry the block of cheese
  slice the red apple
  fry the red apple
  dice the pork chop
  grill the pork chop
  prepare meal",Kitchen,"You arrive in a kitchen. A standard kind of place. You begin to take stock of what's in the room.

You can make out a fridge. The fridge contains a red hot pepper. You wonder idly who left that here. You can see a closed oven in the room. You see a table. The table is massive. On the table you can see a knife. What's that over there? It looks like it's a counter. The counter is vast. On the counter you can make out a cookbook, so there's that. You smell an intriguing smell, and follow it to a stove. The stove is conventional. However, the stove, like an empty stove, has nothing on it. Hm. Oh well

There is an open screen door leading east. There is a closed frosted-glass door leading north. There is an exit to the south. Don't worry, there is no door.","You are carrying: a raw pork chop, an orange bell pepper, a raw purple potato and a raw red potato.",2 of 17,0.11764705882352941,False,
29,,,"I need to gather the ingredients from the recipe: orange bell pepper, yellow potato, block of cheese, red apple, and pork chop. I already have the orange bell pepper and pork chop, but I have raw purple and red potatoes instead of a yellow potato, and I don't have the block of cheese or red apple. I should look around the kitchen to find the missing ingredients.",look,,"You arrive in a kitchen. A standard kind of place. You begin to take stock of what's in the room.

You can make out a fridge. The fridge contains a red hot pepper. You wonder idly who left that here. You can see a closed oven in the room. You see a table. The table is massive. On the table you can see a knife. What's that over there? It looks like it's a counter. The counter is vast. On the counter you can make out a cookbook, so there's that. You smell an intriguing smell, and follow it to a stove. The stove is conventional. However, the stove, like an empty stove, has nothing on it. Hm. Oh well

There is an open screen door leading east. There is a closed frosted-glass door leading north. There is an exit to the south. Don't worry, there is no door.",Kitchen,"You arrive in a kitchen. A standard kind of place. You begin to take stock of what's in the room.

You can make out a fridge. The fridge contains a red hot pepper. You wonder idly who left that here. You can see a closed oven in the room. You see a table. The table is massive. On the table you can see a knife. What's that over there? It looks like it's a counter. The counter is vast. On the counter you can make out a cookbook, so there's that. You smell an intriguing smell, and follow it to a stove. The stove is conventional. However, the stove, like an empty stove, has nothing on it. Hm. Oh well

There is an open screen door leading east. There is a closed frosted-glass door leading north. There is an exit to the south. Don't worry, there is no door.","You are carrying: a raw pork chop, an orange bell pepper, a raw purple potato and a raw red potato.",2 of 17,0.11764705882352941,False,
30,,,I should examine the cookbook on the counter to find a recipe for a delicious meal.,examine cookbook,,"You open the copy of ""Cooking: A Modern Approach (3rd Ed.)"" and start reading:

Recipe #1
---------
Gather all following ingredients and follow the directions to prepare this tasty meal.

Ingredients:
orange bell pepper
  yellow potato
  block of cheese
  red apple
  pork chop

Directions:
slice the orange bell pepper
  roast the orange bell pepper
  dice the yellow potato
  fry the yellow potato
  dice the block of cheese
  fry the block of cheese
  slice the red apple
  fry the red apple
  dice the pork chop
  grill the pork chop
  prepare meal",Kitchen,"You arrive in a kitchen. A standard kind of place. You begin to take stock of what's in the room.

You can make out a fridge. The fridge contains a red hot pepper. You wonder idly who left that here. You can see a closed oven in the room. You see a table. The table is massive. On the table you can see a knife. What's that over there? It looks like it's a counter. The counter is vast. On the counter you can make out a cookbook, so there's that. You smell an intriguing smell, and follow it to a stove. The stove is conventional. However, the stove, like an empty stove, has nothing on it. Hm. Oh well

There is an open screen door leading east. There is a closed frosted-glass door leading north. There is an exit to the south. Don't worry, there is no door.","You are carrying: a raw pork chop, an orange bell pepper, a raw purple potato and a raw red potato.",2 of 17,0.11764705882352941,False,
31,,,"I need to gather the ingredients from the recipe. I already have the orange bell pepper and pork chop. I need to find a yellow potato, block of cheese, and red apple. I will look around the kitchen to find these ingredients.",look,,"You arrive in a kitchen. A standard kind of place. You begin to take stock of what's in the room.

You can make out a fridge. The fridge contains a red hot pepper. You wonder idly who left that here. You can see a closed oven in the room. You see a table. The table is massive. On the table you can see a knife. What's that over there? It looks like it's a counter. The counter is vast. On the counter you can make out a cookbook, so there's that. You smell an intriguing smell, and follow it to a stove. The stove is conventional. However, the stove, like an empty stove, has nothing on it. Hm. Oh well

There is an open screen door leading east. There is a closed frosted-glass door leading north. There is an exit to the south. Don't worry, there is no door.",Kitchen,"You arrive in a kitchen. A standard kind of place. You begin to take stock of what's in the room.

You can make out a fridge. The fridge contains a red hot pepper. You wonder idly who left that here. You can see a closed oven in the room. You see a table. The table is massive. On the table you can see a knife. What's that over there? It looks like it's a counter. The counter is vast. On the counter you can make out a cookbook, so there's that. You smell an intriguing smell, and follow it to a stove. The stove is conventional. However, the stove, like an empty stove, has nothing on it. Hm. Oh well

There is an open screen door leading east. There is a closed frosted-glass door leading north. There is an exit to the south. Don't worry, there is no door.","You are carrying: a raw pork chop, an orange bell pepper, a raw purple potato and a raw red potato.",2 of 17,0.11764705882352941,False,
32,,,I should examine the cookbook on the counter to find a recipe for cooking a delicious meal.,examine cookbook,,"You open the copy of ""Cooking: A Modern Approach (3rd Ed.)"" and start reading:

Recipe #1
---------
Gather all following ingredients and follow the directions to prepare this tasty meal.

Ingredients:
orange bell pepper
  yellow potato
  block of cheese
  red apple
  pork chop

Directions:
slice the orange bell pepper
  roast the orange bell pepper
  dice the yellow potato
  fry the yellow potato
  dice the block of cheese
  fry the block of cheese
  slice the red apple
  fry the red apple
  dice the pork chop
  grill the pork chop
  prepare meal",Kitchen,"You arrive in a kitchen. A standard kind of place. You begin to take stock of what's in the room.

You can make out a fridge. The fridge contains a red hot pepper. You wonder idly who left that here. You can see a closed oven in the room. You see a table. The table is massive. On the table you can see a knife. What's that over there? It looks like it's a counter. The counter is vast. On the counter you can make out a cookbook, so there's that. You smell an intriguing smell, and follow it to a stove. The stove is conventional. However, the stove, like an empty stove, has nothing on it. Hm. Oh well

There is an open screen door leading east. There is a closed frosted-glass door leading north. There is an exit to the south. Don't worry, there is no door.","You are carrying: a raw pork chop, an orange bell pepper, a raw purple potato and a raw red potato.",2 of 17,0.11764705882352941,False,
33,,,"I need to gather all the ingredients from the recipe. I already have a raw pork chop and an orange bell pepper. I need to find a yellow potato, a block of cheese, and a red apple. I currently have a raw purple potato and a raw red potato, but not a yellow potato. I should look around the kitchen to find the missing ingredients.",look,,"You arrive in a kitchen. A standard kind of place. You begin to take stock of what's in the room.

You can make out a fridge. The fridge contains a red hot pepper. You wonder idly who left that here. You can see a closed oven in the room. You see a table. The table is massive. On the table you can see a knife. What's that over there? It looks like it's a counter. The counter is vast. On the counter you can make out a cookbook, so there's that. You smell an intriguing smell, and follow it to a stove. The stove is conventional. However, the stove, like an empty stove, has nothing on it. Hm. Oh well

There is an open screen door leading east. There is a closed frosted-glass door leading north. There is an exit to the south. Don't worry, there is no door.",Kitchen,"You arrive in a kitchen. A standard kind of place. You begin to take stock of what's in the room.

You can make out a fridge. The fridge contains a red hot pepper. You wonder idly who left that here. You can see a closed oven in the room. You see a table. The table is massive. On the table you can see a knife. What's that over there? It looks like it's a counter. The counter is vast. On the counter you can make out a cookbook, so there's that. You smell an intriguing smell, and follow it to a stove. The stove is conventional. However, the stove, like an empty stove, has nothing on it. Hm. Oh well

There is an open screen door leading east. There is a closed frosted-glass door leading north. There is an exit to the south. Don't worry, there is no door.","You are carrying: a raw pork chop, an orange bell pepper, a raw purple potato and a raw red potato.",2 of 17,0.11764705882352941,False,
34,,,I should examine the cookbook on the counter to find the recipe for a delicious meal.,examine cookbook,,"You open the copy of ""Cooking: A Modern Approach (3rd Ed.)"" and start reading:

Recipe #1
---------
Gather all following ingredients and follow the directions to prepare this tasty meal.

Ingredients:
orange bell pepper
  yellow potato
  block of cheese
  red apple
  pork chop

Directions:
slice the orange bell pepper
  roast the orange bell pepper
  dice the yellow potato
  fry the yellow potato
  dice the block of cheese
  fry the block of cheese
  slice the red apple
  fry the red apple
  dice the pork chop
  grill the pork chop
  prepare meal",Kitchen,"You arrive in a kitchen. A standard kind of place. You begin to take stock of what's in the room.

You can make out a fridge. The fridge contains a red hot pepper. You wonder idly who left that here. You can see a closed oven in the room. You see a table. The table is massive. On the table you can see a knife. What's that over there? It looks like it's a counter. The counter is vast. On the counter you can make out a cookbook, so there's that. You smell an intriguing smell, and follow it to a stove. The stove is conventional. However, the stove, like an empty stove, has nothing on it. Hm. Oh well

There is an open screen door leading east. There is a closed frosted-glass door leading north. There is an exit to the south. Don't worry, there is no door.","You are carrying: a raw pork chop, an orange bell pepper, a raw purple potato and a raw red potato.",2 of 17,0.11764705882352941,False,
35,,,"I need to gather the ingredients from the recipe: orange bell pepper, yellow potato, block of cheese, red apple, and pork chop. I already have the orange bell pepper and pork chop, but I have raw purple and red potatoes instead of a yellow potato, and I don't have the block of cheese or red apple. I should look around the kitchen to find the missing ingredients.",look,,"You arrive in a kitchen. A standard kind of place. You begin to take stock of what's in the room.

You can make out a fridge. The fridge contains a red hot pepper. You wonder idly who left that here. You can see a closed oven in the room. You see a table. The table is massive. On the table you can see a knife. What's that over there? It looks like it's a counter. The counter is vast. On the counter you can make out a cookbook, so there's that. You smell an intriguing smell, and follow it to a stove. The stove is conventional. However, the stove, like an empty stove, has nothing on it. Hm. Oh well

There is an open screen door leading east. There is a closed frosted-glass door leading north. There is an exit to the south. Don't worry, there is no door.",Kitchen,"You arrive in a kitchen. A standard kind of place. You begin to take stock of what's in the room.

You can make out a fridge. The fridge contains a red hot pepper. You wonder idly who left that here. You can see a closed oven in the room. You see a table. The table is massive. On the table you can see a knife. What's that over there? It looks like it's a counter. The counter is vast. On the counter you can make out a cookbook, so there's that. You smell an intriguing smell, and follow it to a stove. The stove is conventional. However, the stove, like an empty stove, has nothing on it. Hm. Oh well

There is an open screen door leading east. There is a closed frosted-glass door leading north. There is an exit to the south. Don't worry, there is no door.","You are carrying: a raw pork chop, an orange bell pepper, a raw purple potato and a raw red potato.",2 of 17,0.11764705882352941,False,
36,,,I should examine the cookbook on the counter to find a recipe for cooking a delicious meal.,examine cookbook,,"You open the copy of ""Cooking: A Modern Approach (3rd Ed.)"" and start reading:

Recipe #1
---------
Gather all following ingredients and follow the directions to prepare this tasty meal.

Ingredients:
orange bell pepper
  yellow potato
  block of cheese
  red apple
  pork chop

Directions:
slice the orange bell pepper
  roast the orange bell pepper
  dice the yellow potato
  fry the yellow potato
  dice the block of cheese
  fry the block of cheese
  slice the red apple
  fry the red apple
  dice the pork chop
  grill the pork chop
  prepare meal",Kitchen,"You arrive in a kitchen. A standard kind of place. You begin to take stock of what's in the room.

You can make out a fridge. The fridge contains a red hot pepper. You wonder idly who left that here. You can see a closed oven in the room. You see a table. The table is massive. On the table you can see a knife. What's that over there? It looks like it's a counter. The counter is vast. On the counter you can make out a cookbook, so there's that. You smell an intriguing smell, and follow it to a stove. The stove is conventional. However, the stove, like an empty stove, has nothing on it. Hm. Oh well

There is an open screen door leading east. There is a closed frosted-glass door leading north. There is an exit to the south. Don't worry, there is no door.","You are carrying: a raw pork chop, an orange bell pepper, a raw purple potato and a raw red potato.",2 of 17,0.11764705882352941,False,
37,,,"I need to gather the ingredients from the recipe: orange bell pepper, yellow potato, block of cheese, red apple, and pork chop. I already have the orange bell pepper and pork chop, but I have raw purple and red potatoes instead of a yellow potato. I should check the fridge for the block of cheese and red apple, then take the yellow potato if available.",open fridge,,That's already open.,Kitchen,"You arrive in a kitchen. A standard kind of place. You begin to take stock of what's in the room.

You can make out a fridge. The fridge contains a red hot pepper. You wonder idly who left that here. You can see a closed oven in the room. You see a table. The table is massive. On the table you can see a knife. What's that over there? It looks like it's a counter. The counter is vast. On the counter you can make out a cookbook, so there's that. You smell an intriguing smell, and follow it to a stove. The stove is conventional. However, the stove, like an empty stove, has nothing on it. Hm. Oh well

There is an open screen door leading east. There is a closed frosted-glass door leading north. There is an exit to the south. Don't worry, there is no door.","You are carrying: a raw pork chop, an orange bell pepper, a raw purple potato and a raw red potato.",2 of 17,0.11764705882352941,False,
38,,,I should examine the cookbook on the counter to find a recipe for a delicious meal.,examine cookbook,,"You open the copy of ""Cooking: A Modern Approach (3rd Ed.)"" and start reading:

Recipe #1
---------
Gather all following ingredients and follow the directions to prepare this tasty meal.

Ingredients:
orange bell pepper
  yellow potato
  block of cheese
  red apple
  pork chop

Directions:
slice the orange bell pepper
  roast the orange bell pepper
  dice the yellow potato
  fry the yellow potato
  dice the block of cheese
  fry the block of cheese
  slice the red apple
  fry the red apple
  dice the pork chop
  grill the pork chop
  prepare meal",Kitchen,"You arrive in a kitchen. A standard kind of place. You begin to take stock of what's in the room.

You can make out a fridge. The fridge contains a red hot pepper. You wonder idly who left that here. You can see a closed oven in the room. You see a table. The table is massive. On the table you can see a knife. What's that over there? It looks like it's a counter. The counter is vast. On the counter you can make out a cookbook, so there's that. You smell an intriguing smell, and follow it to a stove. The stove is conventional. However, the stove, like an empty stove, has nothing on it. Hm. Oh well

There is an open screen door leading east. There is a closed frosted-glass door leading north. There is an exit to the south. Don't worry, there is no door.","You are carrying: a raw pork chop, an orange bell pepper, a raw purple potato and a raw red potato.",2 of 17,0.11764705882352941,False,
39,,,"I need to gather the correct ingredients from the inventory and the kitchen to match the recipe. I currently have a raw pork chop and an orange bell pepper, but I need a yellow potato, a block of cheese, and a red apple. I should look around the kitchen, especially the fridge and counter, to find these missing ingredients.",look fridge,,"The fridge looks well-built. It is open.

In the fridge is a red hot pepper.",Kitchen,"You arrive in a kitchen. A standard kind of place. You begin to take stock of what's in the room.

You can make out a fridge. The fridge contains a red hot pepper. You wonder idly who left that here. You can see a closed oven in the room. You see a table. The table is massive. On the table you can see a knife. What's that over there? It looks like it's a counter. The counter is vast. On the counter you can make out a cookbook, so there's that. You smell an intriguing smell, and follow it to a stove. The stove is conventional. However, the stove, like an empty stove, has nothing on it. Hm. Oh well

There is an open screen door leading east. There is a closed frosted-glass door leading north. There is an exit to the south. Don't worry, there is no door.","You are carrying: a raw pork chop, an orange bell pepper, a raw purple potato and a raw red potato.",2 of 17,0.11764705882352941,False,
40,,,I should examine the cookbook on the counter to find a recipe for a delicious meal.,examine cookbook,,"You open the copy of ""Cooking: A Modern Approach (3rd Ed.)"" and start reading:

Recipe #1
---------
Gather all following ingredients and follow the directions to prepare this tasty meal.

Ingredients:
orange bell pepper
  yellow potato
  block of cheese
  red apple
  pork chop

Directions:
slice the orange bell pepper
  roast the orange bell pepper
  dice the yellow potato
  fry the yellow potato
  dice the block of cheese
  fry the block of cheese
  slice the red apple
  fry the red apple
  dice the pork chop
  grill the pork chop
  prepare meal",Kitchen,"You arrive in a kitchen. A standard kind of place. You begin to take stock of what's in the room.

You can make out a fridge. The fridge contains a red hot pepper. You wonder idly who left that here. You can see a closed oven in the room. You see a table. The table is massive. On the table you can see a knife. What's that over there? It looks like it's a counter. The counter is vast. On the counter you can make out a cookbook, so there's that. You smell an intriguing smell, and follow it to a stove. The stove is conventional. However, the stove, like an empty stove, has nothing on it. Hm. Oh well

There is an open screen door leading east. There is a closed frosted-glass door leading north. There is an exit to the south. Don't worry, there is no door.","You are carrying: a raw pork chop, an orange bell pepper, a raw purple potato and a raw red potato.",2 of 17,0.11764705882352941,False,
41,,,"I need to gather the ingredients from the recipe: orange bell pepper, yellow potato, block of cheese, red apple, and pork chop. I already have the orange bell pepper and pork chop, but I have raw purple and red potatoes instead of a yellow potato, and I don't have the block of cheese or red apple. I should look around the kitchen to find the missing ingredients.",look,,"You arrive in a kitchen. A standard kind of place. You begin to take stock of what's in the room.

You can make out a fridge. The fridge contains a red hot pepper. You wonder idly who left that here. You can see a closed oven in the room. You see a table. The table is massive. On the table you can see a knife. What's that over there? It looks like it's a counter. The counter is vast. On the counter you can make out a cookbook, so there's that. You smell an intriguing smell, and follow it to a stove. The stove is conventional. However, the stove, like an empty stove, has nothing on it. Hm. Oh well

There is an open screen door leading east. There is a closed frosted-glass door leading north. There is an exit to the south. Don't worry, there is no door.",Kitchen,"You arrive in a kitchen. A standard kind of place. You begin to take stock of what's in the room.

You can make out a fridge. The fridge contains a red hot pepper. You wonder idly who left that here. You can see a closed oven in the room. You see a table. The table is massive. On the table you can see a knife. What's that over there? It looks like it's a counter. The counter is vast. On the counter you can make out a cookbook, so there's that. You smell an intriguing smell, and follow it to a stove. The stove is conventional. However, the stove, like an empty stove, has nothing on it. Hm. Oh well

There is an open screen door leading east. There is a closed frosted-glass door leading north. There is an exit to the south. Don't worry, there is no door.","You are carrying: a raw pork chop, an orange bell pepper, a raw purple potato and a raw red potato.",2 of 17,0.11764705882352941,False,
42,,,I should examine the cookbook on the counter to find a recipe for cooking a delicious meal.,examine cookbook from counter,,I only understood you as far as wanting to examine the cookbook.,Kitchen,"You arrive in a kitchen. A standard kind of place. You begin to take stock of what's in the room.

You can make out a fridge. The fridge contains a red hot pepper. You wonder idly who left that here. You can see a closed oven in the room. You see a table. The table is massive. On the table you can see a knife. What's that over there? It looks like it's a counter. The counter is vast. On the counter you can make out a cookbook, so there's that. You smell an intriguing smell, and follow it to a stove. The stove is conventional. However, the stove, like an empty stove, has nothing on it. Hm. Oh well

There is an open screen door leading east. There is a closed frosted-glass door leading north. There is an exit to the south. Don't worry, there is no door.","You are carrying: a raw pork chop, an orange bell pepper, a raw purple potato and a raw red potato.",2 of 17,0.11764705882352941,False,
43,,,I should examine the cookbook on the counter to find a recipe for a delicious meal.,examine cookbook,,"You open the copy of ""Cooking: A Modern Approach (3rd Ed.)"" and start reading:

Recipe #1
---------
Gather all following ingredients and follow the directions to prepare this tasty meal.

Ingredients:
orange bell pepper
  yellow potato
  block of cheese
  red apple
  pork chop

Directions:
slice the orange bell pepper
  roast the orange bell pepper
  dice the yellow potato
  fry the yellow potato
  dice the block of cheese
  fry the block of cheese
  slice the red apple
  fry the red apple
  dice the pork chop
  grill the pork chop
  prepare meal",Kitchen,"You arrive in a kitchen. A standard kind of place. You begin to take stock of what's in the room.

You can make out a fridge. The fridge contains a red hot pepper. You wonder idly who left that here. You can see a closed oven in the room. You see a table. The table is massive. On the table you can see a knife. What's that over there? It looks like it's a counter. The counter is vast. On the counter you can make out a cookbook, so there's that. You smell an intriguing smell, and follow it to a stove. The stove is conventional. However, the stove, like an empty stove, has nothing on it. Hm. Oh well

There is an open screen door leading east. There is a closed frosted-glass door leading north. There is an exit to the south. Don't worry, there is no door.","You are carrying: a raw pork chop, an orange bell pepper, a raw purple potato and a raw red potato.",2 of 17,0.11764705882352941,False,
44,,,"I need to gather the ingredients from the recipe: orange bell pepper, yellow potato, block of cheese, red apple, and pork chop. I already have the orange bell pepper and pork chop, but I have raw purple and red potatoes instead of a yellow potato. I should check the fridge and other places for the missing ingredients, especially the yellow potato, block of cheese, and red apple.",look fridge,,"The fridge looks well-built. It is open.

In the fridge is a red hot pepper.",Kitchen,"You arrive in a kitchen. A standard kind of place. You begin to take stock of what's in the room.

You can make out a fridge. The fridge contains a red hot pepper. You wonder idly who left that here. You can see a closed oven in the room. You see a table. The table is massive. On the table you can see a knife. What's that over there? It looks like it's a counter. The counter is vast. On the counter you can make out a cookbook, so there's that. You smell an intriguing smell, and follow it to a stove. The stove is conventional. However, the stove, like an empty stove, has nothing on it. Hm. Oh well

There is an open screen door leading east. There is a closed frosted-glass door leading north. There is an exit to the south. Don't worry, there is no door.","You are carrying: a raw pork chop, an orange bell pepper, a raw purple potato and a raw red potato.",2 of 17,0.11764705882352941,False,
45,,,I should examine the cookbook on the counter to find a recipe for a delicious meal.,examine cookbook,,"You open the copy of ""Cooking: A Modern Approach (3rd Ed.)"" and start reading:

Recipe #1
---------
Gather all following ingredients and follow the directions to prepare this tasty meal.

Ingredients:
orange bell pepper
  yellow potato
  block of cheese
  red apple
  pork chop

Directions:
slice the orange bell pepper
  roast the orange bell pepper
  dice the yellow potato
  fry the yellow potato
  dice the block of cheese
  fry the block of cheese
  slice the red apple
  fry the red apple
  dice the pork chop
  grill the pork chop
  prepare meal",Kitchen,"You arrive in a kitchen. A standard kind of place. You begin to take stock of what's in the room.

You can make out a fridge. The fridge contains a red hot pepper. You wonder idly who left that here. You can see a closed oven in the room. You see a table. The table is massive. On the table you can see a knife. What's that over there? It looks like it's a counter. The counter is vast. On the counter you can make out a cookbook, so there's that. You smell an intriguing smell, and follow it to a stove. The stove is conventional. However, the stove, like an empty stove, has nothing on it. Hm. Oh well

There is an open screen door leading east. There is a closed frosted-glass door leading north. There is an exit to the south. Don't worry, there is no door.","You are carrying: a raw pork chop, an orange bell pepper, a raw purple potato and a raw red potato.",2 of 17,0.11764705882352941,False,
46,,,"I need to gather the ingredients from the recipe: orange bell pepper, yellow potato, block of cheese, red apple, and pork chop. I already have the orange bell pepper and pork chop, but I have raw purple and red potatoes instead of a yellow potato, and I don't have the block of cheese or red apple. I should look around the kitchen to find the missing ingredients.",look,,"You arrive in a kitchen. A standard kind of place. You begin to take stock of what's in the room.

You can make out a fridge. The fridge contains a red hot pepper. You wonder idly who left that here. You can see a closed oven in the room. You see a table. The table is massive. On the table you can see a knife. What's that over there? It looks like it's a counter. The counter is vast. On the counter you can make out a cookbook, so there's that. You smell an intriguing smell, and follow it to a stove. The stove is conventional. However, the stove, like an empty stove, has nothing on it. Hm. Oh well

There is an open screen door leading east. There is a closed frosted-glass door leading north. There is an exit to the south. Don't worry, there is no door.",Kitchen,"You arrive in a kitchen. A standard kind of place. You begin to take stock of what's in the room.

You can make out a fridge. The fridge contains a red hot pepper. You wonder idly who left that here. You can see a closed oven in the room. You see a table. The table is massive. On the table you can see a knife. What's that over there? It looks like it's a counter. The counter is vast. On the counter you can make out a cookbook, so there's that. You smell an intriguing smell, and follow it to a stove. The stove is conventional. However, the stove, like an empty stove, has nothing on it. Hm. Oh well

There is an open screen door leading east. There is a closed frosted-glass door leading north. There is an exit to the south. Don't worry, there is no door.","You are carrying: a raw pork chop, an orange bell pepper, a raw purple potato and a raw red potato.",2 of 17,0.11764705882352941,False,
47,,,I should examine the cookbook on the counter to find a recipe for a delicious meal.,examine cookbook,,"You open the copy of ""Cooking: A Modern Approach (3rd Ed.)"" and start reading:

Recipe #1
---------
Gather all following ingredients and follow the directions to prepare this tasty meal.

Ingredients:
orange bell pepper
  yellow potato
  block of cheese
  red apple
  pork chop

Directions:
slice the orange bell pepper
  roast the orange bell pepper
  dice the yellow potato
  fry the yellow potato
  dice the block of cheese
  fry the block of cheese
  slice the red apple
  fry the red apple
  dice the pork chop
  grill the pork chop
  prepare meal",Kitchen,"You arrive in a kitchen. A standard kind of place. You begin to take stock of what's in the room.

You can make out a fridge. The fridge contains a red hot pepper. You wonder idly who left that here. You can see a closed oven in the room. You see a table. The table is massive. On the table you can see a knife. What's that over there? It looks like it's a counter. The counter is vast. On the counter you can make out a cookbook, so there's that. You smell an intriguing smell, and follow it to a stove. The stove is conventional. However, the stove, like an empty stove, has nothing on it. Hm. Oh well

There is an open screen door leading east. There is a closed frosted-glass door leading north. There is an exit to the south. Don't worry, there is no door.","You are carrying: a raw pork chop, an orange bell pepper, a raw purple potato and a raw red potato.",2 of 17,0.11764705882352941,False,
48,,,"I need to gather the ingredients from the recipe: orange bell pepper, yellow potato, block of cheese, red apple, and pork chop. I already have the orange bell pepper and pork chop, but I have raw purple and red potatoes instead of a yellow potato, and I don't have the block of cheese or red apple. I should look around the kitchen to find the missing ingredients.",look,,"You arrive in a kitchen. A standard kind of place. You begin to take stock of what's in the room.

You can make out a fridge. The fridge contains a red hot pepper. You wonder idly who left that here. You can see a closed oven in the room. You see a table. The table is massive. On the table you can see a knife. What's that over there? It looks like it's a counter. The counter is vast. On the counter you can make out a cookbook, so there's that. You smell an intriguing smell, and follow it to a stove. The stove is conventional. However, the stove, like an empty stove, has nothing on it. Hm. Oh well

There is an open screen door leading east. There is a closed frosted-glass door leading north. There is an exit to the south. Don't worry, there is no door.",Kitchen,"You arrive in a kitchen. A standard kind of place. You begin to take stock of what's in the room.

You can make out a fridge. The fridge contains a red hot pepper. You wonder idly who left that here. You can see a closed oven in the room. You see a table. The table is massive. On the table you can see a knife. What's that over there? It looks like it's a counter. The counter is vast. On the counter you can make out a cookbook, so there's that. You smell an intriguing smell, and follow it to a stove. The stove is conventional. However, the stove, like an empty stove, has nothing on it. Hm. Oh well

There is an open screen door leading east. There is a closed frosted-glass door leading north. There is an exit to the south. Don't worry, there is no door.","You are carrying: a raw pork chop, an orange bell pepper, a raw purple potato and a raw red potato.",2 of 17,0.11764705882352941,False,
49,,,I should examine the cookbook on the counter to find a recipe for cooking a delicious meal.,examine cookbook,,"You open the copy of ""Cooking: A Modern Approach (3rd Ed.)"" and start reading:

Recipe #1
---------
Gather all following ingredients and follow the directions to prepare this tasty meal.

Ingredients:
orange bell pepper
  yellow potato
  block of cheese
  red apple
  pork chop

Directions:
slice the orange bell pepper
  roast the orange bell pepper
  dice the yellow potato
  fry the yellow potato
  dice the block of cheese
  fry the block of cheese
  slice the red apple
  fry the red apple
  dice the pork chop
  grill the pork chop
  prepare meal",Kitchen,"You arrive in a kitchen. A standard kind of place. You begin to take stock of what's in the room.

You can make out a fridge. The fridge contains a red hot pepper. You wonder idly who left that here. You can see a closed oven in the room. You see a table. The table is massive. On the table you can see a knife. What's that over there? It looks like it's a counter. The counter is vast. On the counter you can make out a cookbook, so there's that. You smell an intriguing smell, and follow it to a stove. The stove is conventional. However, the stove, like an empty stove, has nothing on it. Hm. Oh well

There is an open screen door leading east. There is a closed frosted-glass door leading north. There is an exit to the south. Don't worry, there is no door.","You are carrying: a raw pork chop, an orange bell pepper, a raw purple potato and a raw red potato.",2 of 17,0.11764705882352941,False,
50,,,"I need to gather the ingredients from the recipe: orange bell pepper, yellow potato, block of cheese, red apple, and pork chop. I already have the orange bell pepper and pork chop, but I have raw purple and red potatoes instead of a yellow potato, and I don't have the block of cheese or red apple. I should look around the kitchen to find the missing ingredients.",look,,"You arrive in a kitchen. A standard kind of place. You begin to take stock of what's in the room.

You can make out a fridge. The fridge contains a red hot pepper. You wonder idly who left that here. You can see a closed oven in the room. You see a table. The table is massive. On the table you can see a knife. What's that over there? It looks like it's a counter. The counter is vast. On the counter you can make out a cookbook, so there's that. You smell an intriguing smell, and follow it to a stove. The stove is conventional. However, the stove, like an empty stove, has nothing on it. Hm. Oh well

There is an open screen door leading east. There is a closed frosted-glass door leading north. There is an exit to the south. Don't worry, there is no door.",Kitchen,"You arrive in a kitchen. A standard kind of place. You begin to take stock of what's in the room.

You can make out a fridge. The fridge contains a red hot pepper. You wonder idly who left that here. You can see a closed oven in the room. You see a table. The table is massive. On the table you can see a knife. What's that over there? It looks like it's a counter. The counter is vast. On the counter you can make out a cookbook, so there's that. You smell an intriguing smell, and follow it to a stove. The stove is conventional. However, the stove, like an empty stove, has nothing on it. Hm. Oh well

There is an open screen door leading east. There is a closed frosted-glass door leading north. There is an exit to the south. Don't worry, there is no door.","You are carrying: a raw pork chop, an orange bell pepper, a raw purple potato and a raw red potato.",2 of 17,0.11764705882352941,False,
51,,,I should examine the cookbook on the counter to find a recipe for a delicious meal.,examine cookbook,,"You open the copy of ""Cooking: A Modern Approach (3rd Ed.)"" and start reading:

Recipe #1
---------
Gather all following ingredients and follow the directions to prepare this tasty meal.

Ingredients:
orange bell pepper
  yellow potato
  block of cheese
  red apple
  pork chop

Directions:
slice the orange bell pepper
  roast the orange bell pepper
  dice the yellow potato
  fry the yellow potato
  dice the block of cheese
  fry the block of cheese
  slice the red apple
  fry the red apple
  dice the pork chop
  grill the pork chop
  prepare meal",Kitchen,"You arrive in a kitchen. A standard kind of place. You begin to take stock of what's in the room.

You can make out a fridge. The fridge contains a red hot pepper. You wonder idly who left that here. You can see a closed oven in the room. You see a table. The table is massive. On the table you can see a knife. What's that over there? It looks like it's a counter. The counter is vast. On the counter you can make out a cookbook, so there's that. You smell an intriguing smell, and follow it to a stove. The stove is conventional. However, the stove, like an empty stove, has nothing on it. Hm. Oh well

There is an open screen door leading east. There is a closed frosted-glass door leading north. There is an exit to the south. Don't worry, there is no door.","You are carrying: a raw pork chop, an orange bell pepper, a raw purple potato and a raw red potato.",2 of 17,0.11764705882352941,False,
52,,,"I need to gather the ingredients from the recipe. I already have the orange bell pepper and pork chop. I need to find the yellow potato, block of cheese, and red apple. I see a raw purple potato and raw red potato in my inventory, but the recipe calls for a yellow potato. I should check the fridge for the missing ingredients next.",open fridge,,That's already open.,Kitchen,"You arrive in a kitchen. A standard kind of place. You begin to take stock of what's in the room.

You can make out a fridge. The fridge contains a red hot pepper. You wonder idly who left that here. You can see a closed oven in the room. You see a table. The table is massive. On the table you can see a knife. What's that over there? It looks like it's a counter. The counter is vast. On the counter you can make out a cookbook, so there's that. You smell an intriguing smell, and follow it to a stove. The stove is conventional. However, the stove, like an empty stove, has nothing on it. Hm. Oh well

There is an open screen door leading east. There is a closed frosted-glass door leading north. There is an exit to the south. Don't worry, there is no door.","You are carrying: a raw pork chop, an orange bell pepper, a raw purple potato and a raw red potato.",2 of 17,0.11764705882352941,False,
53,,,I should examine the cookbook on the counter to find a recipe for a delicious meal.,examine cookbook,,"You open the copy of ""Cooking: A Modern Approach (3rd Ed.)"" and start reading:

Recipe #1
---------
Gather all following ingredients and follow the directions to prepare this tasty meal.

Ingredients:
orange bell pepper
  yellow potato
  block of cheese
  red apple
  pork chop

Directions:
slice the orange bell pepper
  roast the orange bell pepper
  dice the yellow potato
  fry the yellow potato
  dice the block of cheese
  fry the block of cheese
  slice the red apple
  fry the red apple
  dice the pork chop
  grill the pork chop
  prepare meal",Kitchen,"You arrive in a kitchen. A standard kind of place. You begin to take stock of what's in the room.

You can make out a fridge. The fridge contains a red hot pepper. You wonder idly who left that here. You can see a closed oven in the room. You see a table. The table is massive. On the table you can see a knife. What's that over there? It looks like it's a counter. The counter is vast. On the counter you can make out a cookbook, so there's that. You smell an intriguing smell, and follow it to a stove. The stove is conventional. However, the stove, like an empty stove, has nothing on it. Hm. Oh well

There is an open screen door leading east. There is a closed frosted-glass door leading north. There is an exit to the south. Don't worry, there is no door.","You are carrying: a raw pork chop, an orange bell pepper, a raw purple potato and a raw red potato.",2 of 17,0.11764705882352941,False,
54,,,"I need to gather the ingredients from the recipe: orange bell pepper, yellow potato, block of cheese, red apple, and pork chop. I already have the orange bell pepper and pork chop, but I have raw purple and red potatoes instead of a yellow potato. I should look around the kitchen to find the yellow potato, block of cheese, and red apple.",look,,"You arrive in a kitchen. A standard kind of place. You begin to take stock of what's in the room.

You can make out a fridge. The fridge contains a red hot pepper. You wonder idly who left that here. You can see a closed oven in the room. You see a table. The table is massive. On the table you can see a knife. What's that over there? It looks like it's a counter. The counter is vast. On the counter you can make out a cookbook, so there's that. You smell an intriguing smell, and follow it to a stove. The stove is conventional. However, the stove, like an empty stove, has nothing on it. Hm. Oh well

There is an open screen door leading east. There is a closed frosted-glass door leading north. There is an exit to the south. Don't worry, there is no door.",Kitchen,"You arrive in a kitchen. A standard kind of place. You begin to take stock of what's in the room.

You can make out a fridge. The fridge contains a red hot pepper. You wonder idly who left that here. You can see a closed oven in the room. You see a table. The table is massive. On the table you can see a knife. What's that over there? It looks like it's a counter. The counter is vast. On the counter you can make out a cookbook, so there's that. You smell an intriguing smell, and follow it to a stove. The stove is conventional. However, the stove, like an empty stove, has nothing on it. Hm. Oh well

There is an open screen door leading east. There is a closed frosted-glass door leading north. There is an exit to the south. Don't worry, there is no door.","You are carrying: a raw pork chop, an orange bell pepper, a raw purple potato and a raw red potato.",2 of 17,0.11764705882352941,False,
55,,,I should examine the cookbook on the counter to find a recipe for cooking a delicious meal.,examine cookbook,,"You open the copy of ""Cooking: A Modern Approach (3rd Ed.)"" and start reading:

Recipe #1
---------
Gather all following ingredients and follow the directions to prepare this tasty meal.

Ingredients:
orange bell pepper
  yellow potato
  block of cheese
  red apple
  pork chop

Directions:
slice the orange bell pepper
  roast the orange bell pepper
  dice the yellow potato
  fry the yellow potato
  dice the block of cheese
  fry the block of cheese
  slice the red apple
  fry the red apple
  dice the pork chop
  grill the pork chop
  prepare meal",Kitchen,"You arrive in a kitchen. A standard kind of place. You begin to take stock of what's in the room.

You can make out a fridge. The fridge contains a red hot pepper. You wonder idly who left that here. You can see a closed oven in the room. You see a table. The table is massive. On the table you can see a knife. What's that over there? It looks like it's a counter. The counter is vast. On the counter you can make out a cookbook, so there's that. You smell an intriguing smell, and follow it to a stove. The stove is conventional. However, the stove, like an empty stove, has nothing on it. Hm. Oh well

There is an open screen door leading east. There is a closed frosted-glass door leading north. There is an exit to the south. Don't worry, there is no door.","You are carrying: a raw pork chop, an orange bell pepper, a raw purple potato and a raw red potato.",2 of 17,0.11764705882352941,False,
56,,,"I need to gather all the ingredients from the recipe. I already have a raw pork chop and an orange bell pepper. I need to find a yellow potato, a block of cheese, and a red apple. I currently have a raw purple potato and a raw red potato, but not a yellow potato. I should look around the kitchen to find the missing ingredients.",look,,"You arrive in a kitchen. A standard kind of place. You begin to take stock of what's in the room.

You can make out a fridge. The fridge contains a red hot pepper. You wonder idly who left that here. You can see a closed oven in the room. You see a table. The table is massive. On the table you can see a knife. What's that over there? It looks like it's a counter. The counter is vast. On the counter you can make out a cookbook, so there's that. You smell an intriguing smell, and follow it to a stove. The stove is conventional. However, the stove, like an empty stove, has nothing on it. Hm. Oh well

There is an open screen door leading east. There is a closed frosted-glass door leading north. There is an exit to the south. Don't worry, there is no door.",Kitchen,"You arrive in a kitchen. A standard kind of place. You begin to take stock of what's in the room.

You can make out a fridge. The fridge contains a red hot pepper. You wonder idly who left that here. You can see a closed oven in the room. You see a table. The table is massive. On the table you can see a knife. What's that over there? It looks like it's a counter. The counter is vast. On the counter you can make out a cookbook, so there's that. You smell an intriguing smell, and follow it to a stove. The stove is conventional. However, the stove, like an empty stove, has nothing on it. Hm. Oh well

There is an open screen door leading east. There is a closed frosted-glass door leading north. There is an exit to the south. Don't worry, there is no door.","You are carrying: a raw pork chop, an orange bell pepper, a raw purple potato and a raw red potato.",2 of 17,0.11764705882352941,False,
57,,,I should examine the cookbook on the counter to find a recipe for a delicious meal.,examine cookbook,,"You open the copy of ""Cooking: A Modern Approach (3rd Ed.)"" and start reading:

Recipe #1
---------
Gather all following ingredients and follow the directions to prepare this tasty meal.

Ingredients:
orange bell pepper
  yellow potato
  block of cheese
  red apple
  pork chop

Directions:
slice the orange bell pepper
  roast the orange bell pepper
  dice the yellow potato
  fry the yellow potato
  dice the block of cheese
  fry the block of cheese
  slice the red apple
  fry the red apple
  dice the pork chop
  grill the pork chop
  prepare meal",Kitchen,"You arrive in a kitchen. A standard kind of place. You begin to take stock of what's in the room.

You can make out a fridge. The fridge contains a red hot pepper. You wonder idly who left that here. You can see a closed oven in the room. You see a table. The table is massive. On the table you can see a knife. What's that over there? It looks like it's a counter. The counter is vast. On the counter you can make out a cookbook, so there's that. You smell an intriguing smell, and follow it to a stove. The stove is conventional. However, the stove, like an empty stove, has nothing on it. Hm. Oh well

There is an open screen door leading east. There is a closed frosted-glass door leading north. There is an exit to the south. Don't worry, there is no door.","You are carrying: a raw pork chop, an orange bell pepper, a raw purple potato and a raw red potato.",2 of 17,0.11764705882352941,False,
58,,,"I need to gather the ingredients from the recipe: orange bell pepper, yellow potato, block of cheese, red apple, and pork chop. I already have the orange bell pepper and pork chop. I need to find the yellow potato, block of cheese, and red apple in the kitchen or nearby.",look around kitchen,,You can't see any such thing.,Kitchen,"You arrive in a kitchen. A standard kind of place. You begin to take stock of what's in the room.

You can make out a fridge. The fridge contains a red hot pepper. You wonder idly who left that here. You can see a closed oven in the room. You see a table. The table is massive. On the table you can see a knife. What's that over there? It looks like it's a counter. The counter is vast. On the counter you can make out a cookbook, so there's that. You smell an intriguing smell, and follow it to a stove. The stove is conventional. However, the stove, like an empty stove, has nothing on it. Hm. Oh well

There is an open screen door leading east. There is a closed frosted-glass door leading north. There is an exit to the south. Don't worry, there is no door.","You are carrying: a raw pork chop, an orange bell pepper, a raw purple potato and a raw red potato.",2 of 17,0.11764705882352941,False,
59,,,I should examine the cookbook on the counter to check the recipe for a delicious meal.,examine cookbook,,"You open the copy of ""Cooking: A Modern Approach (3rd Ed.)"" and start reading:

Recipe #1
---------
Gather all following ingredients and follow the directions to prepare this tasty meal.

Ingredients:
orange bell pepper
  yellow potato
  block of cheese
  red apple
  pork chop

Directions:
slice the orange bell pepper
  roast the orange bell pepper
  dice the yellow potato
  fry the yellow potato
  dice the block of cheese
  fry the block of cheese
  slice the red apple
  fry the red apple
  dice the pork chop
  grill the pork chop
  prepare meal",Kitchen,"You arrive in a kitchen. A standard kind of place. You begin to take stock of what's in the room.

You can make out a fridge. The fridge contains a red hot pepper. You wonder idly who left that here. You can see a closed oven in the room. You see a table. The table is massive. On the table you can see a knife. What's that over there? It looks like it's a counter. The counter is vast. On the counter you can make out a cookbook, so there's that. You smell an intriguing smell, and follow it to a stove. The stove is conventional. However, the stove, like an empty stove, has nothing on it. Hm. Oh well

There is an open screen door leading east. There is a closed frosted-glass door leading north. There is an exit to the south. Don't worry, there is no door.","You are carrying: a raw pork chop, an orange bell pepper, a raw purple potato and a raw red potato.",2 of 17,0.11764705882352941,False,
60,,,"I need to gather the ingredients from the recipe: orange bell pepper, yellow potato, block of cheese, red apple, and pork chop. I already have the orange bell pepper and pork chop, but I have raw purple and red potatoes instead of a yellow potato. I should look around the kitchen to find the yellow potato, block of cheese, and red apple.",look,,"You arrive in a kitchen. A standard kind of place. You begin to take stock of what's in the room.

You can make out a fridge. The fridge contains a red hot pepper. You wonder idly who left that here. You can see a closed oven in the room. You see a table. The table is massive. On the table you can see a knife. What's that over there? It looks like it's a counter. The counter is vast. On the counter you can make out a cookbook, so there's that. You smell an intriguing smell, and follow it to a stove. The stove is conventional. However, the stove, like an empty stove, has nothing on it. Hm. Oh well

There is an open screen door leading east. There is a closed frosted-glass door leading north. There is an exit to the south. Don't worry, there is no door.",Kitchen,"You arrive in a kitchen. A standard kind of place. You begin to take stock of what's in the room.

You can make out a fridge. The fridge contains a red hot pepper. You wonder idly who left that here. You can see a closed oven in the room. You see a table. The table is massive. On the table you can see a knife. What's that over there? It looks like it's a counter. The counter is vast. On the counter you can make out a cookbook, so there's that. You smell an intriguing smell, and follow it to a stove. The stove is conventional. However, the stove, like an empty stove, has nothing on it. Hm. Oh well

There is an open screen door leading east. There is a closed frosted-glass door leading north. There is an exit to the south. Don't worry, there is no door.","You are carrying: a raw pork chop, an orange bell pepper, a raw purple potato and a raw red potato.",2 of 17,0.11764705882352941,False,
61,,,I should examine the cookbook on the counter to find a recipe for a delicious meal.,examine cookbook,,"You open the copy of ""Cooking: A Modern Approach (3rd Ed.)"" and start reading:

Recipe #1
---------
Gather all following ingredients and follow the directions to prepare this tasty meal.

Ingredients:
orange bell pepper
  yellow potato
  block of cheese
  red apple
  pork chop

Directions:
slice the orange bell pepper
  roast the orange bell pepper
  dice the yellow potato
  fry the yellow potato
  dice the block of cheese
  fry the block of cheese
  slice the red apple
  fry the red apple
  dice the pork chop
  grill the pork chop
  prepare meal",Kitchen,"You arrive in a kitchen. A standard kind of place. You begin to take stock of what's in the room.

You can make out a fridge. The fridge contains a red hot pepper. You wonder idly who left that here. You can see a closed oven in the room. You see a table. The table is massive. On the table you can see a knife. What's that over there? It looks like it's a counter. The counter is vast. On the counter you can make out a cookbook, so there's that. You smell an intriguing smell, and follow it to a stove. The stove is conventional. However, the stove, like an empty stove, has nothing on it. Hm. Oh well

There is an open screen door leading east. There is a closed frosted-glass door leading north. There is an exit to the south. Don't worry, there is no door.","You are carrying: a raw pork chop, an orange bell pepper, a raw purple potato and a raw red potato.",2 of 17,0.11764705882352941,False,
62,,,"I need to gather the ingredients from the recipe: orange bell pepper, yellow potato, block of cheese, red apple, and pork chop. I already have the orange bell pepper and pork chop, but I need to find the yellow potato, block of cheese, and red apple in the kitchen.","look around kitchen for yellow potato, block of cheese, and red apple",,You can't see any such thing.,Kitchen,"You arrive in a kitchen. A standard kind of place. You begin to take stock of what's in the room.

You can make out a fridge. The fridge contains a red hot pepper. You wonder idly who left that here. You can see a closed oven in the room. You see a table. The table is massive. On the table you can see a knife. What's that over there? It looks like it's a counter. The counter is vast. On the counter you can make out a cookbook, so there's that. You smell an intriguing smell, and follow it to a stove. The stove is conventional. However, the stove, like an empty stove, has nothing on it. Hm. Oh well

There is an open screen door leading east. There is a closed frosted-glass door leading north. There is an exit to the south. Don't worry, there is no door.","You are carrying: a raw pork chop, an orange bell pepper, a raw purple potato and a raw red potato.",2 of 17,0.11764705882352941,False,
63,,,I should examine the cookbook on the counter to find the recipe for a delicious meal.,examine cookbook,,"You open the copy of ""Cooking: A Modern Approach (3rd Ed.)"" and start reading:

Recipe #1
---------
Gather all following ingredients and follow the directions to prepare this tasty meal.

Ingredients:
orange bell pepper
  yellow potato
  block of cheese
  red apple
  pork chop

Directions:
slice the orange bell pepper
  roast the orange bell pepper
  dice the yellow potato
  fry the yellow potato
  dice the block of cheese
  fry the block of cheese
  slice the red apple
  fry the red apple
  dice the pork chop
  grill the pork chop
  prepare meal",Kitchen,"You arrive in a kitchen. A standard kind of place. You begin to take stock of what's in the room.

You can make out a fridge. The fridge contains a red hot pepper. You wonder idly who left that here. You can see a closed oven in the room. You see a table. The table is massive. On the table you can see a knife. What's that over there? It looks like it's a counter. The counter is vast. On the counter you can make out a cookbook, so there's that. You smell an intriguing smell, and follow it to a stove. The stove is conventional. However, the stove, like an empty stove, has nothing on it. Hm. Oh well

There is an open screen door leading east. There is a closed frosted-glass door leading north. There is an exit to the south. Don't worry, there is no door.","You are carrying: a raw pork chop, an orange bell pepper, a raw purple potato and a raw red potato.",2 of 17,0.11764705882352941,False,
64,,,"I need to gather the ingredients from the recipe: orange bell pepper, yellow potato, block of cheese, red apple, and pork chop. I already have the orange bell pepper and pork chop, but I have a raw purple potato and a raw red potato instead of a yellow potato. I should check the fridge and the rest of the kitchen for the block of cheese and red apple, and possibly a yellow potato.",look fridge,,"The fridge looks well-built. It is open.

In the fridge is a red hot pepper.",Kitchen,"You arrive in a kitchen. A standard kind of place. You begin to take stock of what's in the room.

You can make out a fridge. The fridge contains a red hot pepper. You wonder idly who left that here. You can see a closed oven in the room. You see a table. The table is massive. On the table you can see a knife. What's that over there? It looks like it's a counter. The counter is vast. On the counter you can make out a cookbook, so there's that. You smell an intriguing smell, and follow it to a stove. The stove is conventional. However, the stove, like an empty stove, has nothing on it. Hm. Oh well

There is an open screen door leading east. There is a closed frosted-glass door leading north. There is an exit to the south. Don't worry, there is no door.","You are carrying: a raw pork chop, an orange bell pepper, a raw purple potato and a raw red potato.",2 of 17,0.11764705882352941,False,
65,,,I should examine the cookbook on the counter to find a recipe for a delicious meal.,examine cookbook,,"You open the copy of ""Cooking: A Modern Approach (3rd Ed.)"" and start reading:

Recipe #1
---------
Gather all following ingredients and follow the directions to prepare this tasty meal.

Ingredients:
orange bell pepper
  yellow potato
  block of cheese
  red apple
  pork chop

Directions:
slice the orange bell pepper
  roast the orange bell pepper
  dice the yellow potato
  fry the yellow potato
  dice the block of cheese
  fry the block of cheese
  slice the red apple
  fry the red apple
  dice the pork chop
  grill the pork chop
  prepare meal",Kitchen,"You arrive in a kitchen. A standard kind of place. You begin to take stock of what's in the room.

You can make out a fridge. The fridge contains a red hot pepper. You wonder idly who left that here. You can see a closed oven in the room. You see a table. The table is massive. On the table you can see a knife. What's that over there? It looks like it's a counter. The counter is vast. On the counter you can make out a cookbook, so there's that. You smell an intriguing smell, and follow it to a stove. The stove is conventional. However, the stove, like an empty stove, has nothing on it. Hm. Oh well

There is an open screen door leading east. There is a closed frosted-glass door leading north. There is an exit to the south. Don't worry, there is no door.","You are carrying: a raw pork chop, an orange bell pepper, a raw purple potato and a raw red potato.",2 of 17,0.11764705882352941,False,
66,,,"I need to gather the ingredients from the recipe: orange bell pepper, yellow potato, block of cheese, red apple, and pork chop. I already have the orange bell pepper and pork chop, but I have a purple and red potato instead of a yellow potato, and I don't have the block of cheese or red apple. I should look around the kitchen to find the missing ingredients.",look,,"You arrive in a kitchen. A standard kind of place. You begin to take stock of what's in the room.

You can make out a fridge. The fridge contains a red hot pepper. You wonder idly who left that here. You can see a closed oven in the room. You see a table. The table is massive. On the table you can see a knife. What's that over there? It looks like it's a counter. The counter is vast. On the counter you can make out a cookbook, so there's that. You smell an intriguing smell, and follow it to a stove. The stove is conventional. However, the stove, like an empty stove, has nothing on it. Hm. Oh well

There is an open screen door leading east. There is a closed frosted-glass door leading north. There is an exit to the south. Don't worry, there is no door.",Kitchen,"You arrive in a kitchen. A standard kind of place. You begin to take stock of what's in the room.

You can make out a fridge. The fridge contains a red hot pepper. You wonder idly who left that here. You can see a closed oven in the room. You see a table. The table is massive. On the table you can see a knife. What's that over there? It looks like it's a counter. The counter is vast. On the counter you can make out a cookbook, so there's that. You smell an intriguing smell, and follow it to a stove. The stove is conventional. However, the stove, like an empty stove, has nothing on it. Hm. Oh well

There is an open screen door leading east. There is a closed frosted-glass door leading north. There is an exit to the south. Don't worry, there is no door.","You are carrying: a raw pork chop, an orange bell pepper, a raw purple potato and a raw red potato.",2 of 17,0.11764705882352941,False,
67,,,I should examine the cookbook on the counter to find a recipe for cooking a delicious meal.,examine cookbook,,"You open the copy of ""Cooking: A Modern Approach (3rd Ed.)"" and start reading:

Recipe #1
---------
Gather all following ingredients and follow the directions to prepare this tasty meal.

Ingredients:
orange bell pepper
  yellow potato
  block of cheese
  red apple
  pork chop

Directions:
slice the orange bell pepper
  roast the orange bell pepper
  dice the yellow potato
  fry the yellow potato
  dice the block of cheese
  fry the block of cheese
  slice the red apple
  fry the red apple
  dice the pork chop
  grill the pork chop
  prepare meal",Kitchen,"You arrive in a kitchen. A standard kind of place. You begin to take stock of what's in the room.

You can make out a fridge. The fridge contains a red hot pepper. You wonder idly who left that here. You can see a closed oven in the room. You see a table. The table is massive. On the table you can see a knife. What's that over there? It looks like it's a counter. The counter is vast. On the counter you can make out a cookbook, so there's that. You smell an intriguing smell, and follow it to a stove. The stove is conventional. However, the stove, like an empty stove, has nothing on it. Hm. Oh well

There is an open screen door leading east. There is a closed frosted-glass door leading north. There is an exit to the south. Don't worry, there is no door.","You are carrying: a raw pork chop, an orange bell pepper, a raw purple potato and a raw red potato.",2 of 17,0.11764705882352941,False,
68,,,"I need to gather the ingredients from the recipe: orange bell pepper, yellow potato, block of cheese, red apple, and pork chop. I already have the orange bell pepper and pork chop, but I have raw purple and red potatoes instead of a yellow potato, and I don't have the block of cheese or red apple. I should look around the kitchen to find the block of cheese, red apple, and yellow potato.",look,,"You arrive in a kitchen. A standard kind of place. You begin to take stock of what's in the room.

You can make out a fridge. The fridge contains a red hot pepper. You wonder idly who left that here. You can see a closed oven in the room. You see a table. The table is massive. On the table you can see a knife. What's that over there? It looks like it's a counter. The counter is vast. On the counter you can make out a cookbook, so there's that. You smell an intriguing smell, and follow it to a stove. The stove is conventional. However, the stove, like an empty stove, has nothing on it. Hm. Oh well

There is an open screen door leading east. There is a closed frosted-glass door leading north. There is an exit to the south. Don't worry, there is no door.",Kitchen,"You arrive in a kitchen. A standard kind of place. You begin to take stock of what's in the room.

You can make out a fridge. The fridge contains a red hot pepper. You wonder idly who left that here. You can see a closed oven in the room. You see a table. The table is massive. On the table you can see a knife. What's that over there? It looks like it's a counter. The counter is vast. On the counter you can make out a cookbook, so there's that. You smell an intriguing smell, and follow it to a stove. The stove is conventional. However, the stove, like an empty stove, has nothing on it. Hm. Oh well

There is an open screen door leading east. There is a closed frosted-glass door leading north. There is an exit to the south. Don't worry, there is no door.","You are carrying: a raw pork chop, an orange bell pepper, a raw purple potato and a raw red potato.",2 of 17,0.11764705882352941,False,
69,,,I should examine the cookbook on the counter to find a recipe for a delicious meal.,examine cookbook,,"You open the copy of ""Cooking: A Modern Approach (3rd Ed.)"" and start reading:

Recipe #1
---------
Gather all following ingredients and follow the directions to prepare this tasty meal.

Ingredients:
orange bell pepper
  yellow potato
  block of cheese
  red apple
  pork chop

Directions:
slice the orange bell pepper
  roast the orange bell pepper
  dice the yellow potato
  fry the yellow potato
  dice the block of cheese
  fry the block of cheese
  slice the red apple
  fry the red apple
  dice the pork chop
  grill the pork chop
  prepare meal",Kitchen,"You arrive in a kitchen. A standard kind of place. You begin to take stock of what's in the room.

You can make out a fridge. The fridge contains a red hot pepper. You wonder idly who left that here. You can see a closed oven in the room. You see a table. The table is massive. On the table you can see a knife. What's that over there? It looks like it's a counter. The counter is vast. On the counter you can make out a cookbook, so there's that. You smell an intriguing smell, and follow it to a stove. The stove is conventional. However, the stove, like an empty stove, has nothing on it. Hm. Oh well

There is an open screen door leading east. There is a closed frosted-glass door leading north. There is an exit to the south. Don't worry, there is no door.","You are carrying: a raw pork chop, an orange bell pepper, a raw purple potato and a raw red potato.",2 of 17,0.11764705882352941,False,
70,,,"I need to gather the ingredients from the recipe. I already have the orange bell pepper and pork chop. I need to find a yellow potato and a block of cheese, and a red apple. I will look around the kitchen to find these ingredients.",look,,"You arrive in a kitchen. A standard kind of place. You begin to take stock of what's in the room.

You can make out a fridge. The fridge contains a red hot pepper. You wonder idly who left that here. You can see a closed oven in the room. You see a table. The table is massive. On the table you can see a knife. What's that over there? It looks like it's a counter. The counter is vast. On the counter you can make out a cookbook, so there's that. You smell an intriguing smell, and follow it to a stove. The stove is conventional. However, the stove, like an empty stove, has nothing on it. Hm. Oh well

There is an open screen door leading east. There is a closed frosted-glass door leading north. There is an exit to the south. Don't worry, there is no door.",Kitchen,"You arrive in a kitchen. A standard kind of place. You begin to take stock of what's in the room.

You can make out a fridge. The fridge contains a red hot pepper. You wonder idly who left that here. You can see a closed oven in the room. You see a table. The table is massive. On the table you can see a knife. What's that over there? It looks like it's a counter. The counter is vast. On the counter you can make out a cookbook, so there's that. You smell an intriguing smell, and follow it to a stove. The stove is conventional. However, the stove, like an empty stove, has nothing on it. Hm. Oh well

There is an open screen door leading east. There is a closed frosted-glass door leading north. There is an exit to the south. Don't worry, there is no door.","You are carrying: a raw pork chop, an orange bell pepper, a raw purple potato and a raw red potato.",2 of 17,0.11764705882352941,False,
71,,,I should examine the cookbook on the counter to find a recipe for cooking a delicious meal.,examine cookbook,,"You open the copy of ""Cooking: A Modern Approach (3rd Ed.)"" and start reading:

Recipe #1
---------
Gather all following ingredients and follow the directions to prepare this tasty meal.

Ingredients:
orange bell pepper
  yellow potato
  block of cheese
  red apple
  pork chop

Directions:
slice the orange bell pepper
  roast the orange bell pepper
  dice the yellow potato
  fry the yellow potato
  dice the block of cheese
  fry the block of cheese
  slice the red apple
  fry the red apple
  dice the pork chop
  grill the pork chop
  prepare meal",Kitchen,"You arrive in a kitchen. A standard kind of place. You begin to take stock of what's in the room.

You can make out a fridge. The fridge contains a red hot pepper. You wonder idly who left that here. You can see a closed oven in the room. You see a table. The table is massive. On the table you can see a knife. What's that over there? It looks like it's a counter. The counter is vast. On the counter you can make out a cookbook, so there's that. You smell an intriguing smell, and follow it to a stove. The stove is conventional. However, the stove, like an empty stove, has nothing on it. Hm. Oh well

There is an open screen door leading east. There is a closed frosted-glass door leading north. There is an exit to the south. Don't worry, there is no door.","You are carrying: a raw pork chop, an orange bell pepper, a raw purple potato and a raw red potato.",2 of 17,0.11764705882352941,False,
72,,,"I need to gather the ingredients from the recipe: orange bell pepper, yellow potato, block of cheese, red apple, and pork chop. I already have the orange bell pepper and pork chop, but I have a purple and red potato instead of a yellow potato, and I don't have the block of cheese or red apple. I should look around the kitchen to find the missing ingredients.",look,,"You arrive in a kitchen. A standard kind of place. You begin to take stock of what's in the room.

You can make out a fridge. The fridge contains a red hot pepper. You wonder idly who left that here. You can see a closed oven in the room. You see a table. The table is massive. On the table you can see a knife. What's that over there? It looks like it's a counter. The counter is vast. On the counter you can make out a cookbook, so there's that. You smell an intriguing smell, and follow it to a stove. The stove is conventional. However, the stove, like an empty stove, has nothing on it. Hm. Oh well

There is an open screen door leading east. There is a closed frosted-glass door leading north. There is an exit to the south. Don't worry, there is no door.",Kitchen,"You arrive in a kitchen. A standard kind of place. You begin to take stock of what's in the room.

You can make out a fridge. The fridge contains a red hot pepper. You wonder idly who left that here. You can see a closed oven in the room. You see a table. The table is massive. On the table you can see a knife. What's that over there? It looks like it's a counter. The counter is vast. On the counter you can make out a cookbook, so there's that. You smell an intriguing smell, and follow it to a stove. The stove is conventional. However, the stove, like an empty stove, has nothing on it. Hm. Oh well

There is an open screen door leading east. There is a closed frosted-glass door leading north. There is an exit to the south. Don't worry, there is no door.","You are carrying: a raw pork chop, an orange bell pepper, a raw purple potato and a raw red potato.",2 of 17,0.11764705882352941,False,
73,,,I should examine the cookbook on the counter to find a recipe for cooking a delicious meal.,examine cookbook,,"You open the copy of ""Cooking: A Modern Approach (3rd Ed.)"" and start reading:

Recipe #1
---------
Gather all following ingredients and follow the directions to prepare this tasty meal.

Ingredients:
orange bell pepper
  yellow potato
  block of cheese
  red apple
  pork chop

Directions:
slice the orange bell pepper
  roast the orange bell pepper
  dice the yellow potato
  fry the yellow potato
  dice the block of cheese
  fry the block of cheese
  slice the red apple
  fry the red apple
  dice the pork chop
  grill the pork chop
  prepare meal",Kitchen,"You arrive in a kitchen. A standard kind of place. You begin to take stock of what's in the room.

You can make out a fridge. The fridge contains a red hot pepper. You wonder idly who left that here. You can see a closed oven in the room. You see a table. The table is massive. On the table you can see a knife. What's that over there? It looks like it's a counter. The counter is vast. On the counter you can make out a cookbook, so there's that. You smell an intriguing smell, and follow it to a stove. The stove is conventional. However, the stove, like an empty stove, has nothing on it. Hm. Oh well

There is an open screen door leading east. There is a closed frosted-glass door leading north. There is an exit to the south. Don't worry, there is no door.","You are carrying: a raw pork chop, an orange bell pepper, a raw purple potato and a raw red potato.",2 of 17,0.11764705882352941,False,
74,,,"I need to gather the ingredients from the recipe: orange bell pepper, yellow potato, block of cheese, red apple, and pork chop. I already have the orange bell pepper and pork chop, but I have raw purple and red potatoes instead of a yellow potato, and I don't have the block of cheese or red apple. I should look around the kitchen to find the missing ingredients and check the fridge for the block of cheese and red apple.",open fridge,,That's already open.,Kitchen,"You arrive in a kitchen. A standard kind of place. You begin to take stock of what's in the room.

You can make out a fridge. The fridge contains a red hot pepper. You wonder idly who left that here. You can see a closed oven in the room. You see a table. The table is massive. On the table you can see a knife. What's that over there? It looks like it's a counter. The counter is vast. On the counter you can make out a cookbook, so there's that. You smell an intriguing smell, and follow it to a stove. The stove is conventional. However, the stove, like an empty stove, has nothing on it. Hm. Oh well

There is an open screen door leading east. There is a closed frosted-glass door leading north. There is an exit to the south. Don't worry, there is no door.","You are carrying: a raw pork chop, an orange bell pepper, a raw purple potato and a raw red potato.",2 of 17,0.11764705882352941,False,
75,,,I should examine the cookbook on the counter to find a recipe for a delicious meal.,examine cookbook,,"You open the copy of ""Cooking: A Modern Approach (3rd Ed.)"" and start reading:

Recipe #1
---------
Gather all following ingredients and follow the directions to prepare this tasty meal.

Ingredients:
orange bell pepper
  yellow potato
  block of cheese
  red apple
  pork chop

Directions:
slice the orange bell pepper
  roast the orange bell pepper
  dice the yellow potato
  fry the yellow potato
  dice the block of cheese
  fry the block of cheese
  slice the red apple
  fry the red apple
  dice the pork chop
  grill the pork chop
  prepare meal",Kitchen,"You arrive in a kitchen. A standard kind of place. You begin to take stock of what's in the room.

You can make out a fridge. The fridge contains a red hot pepper. You wonder idly who left that here. You can see a closed oven in the room. You see a table. The table is massive. On the table you can see a knife. What's that over there? It looks like it's a counter. The counter is vast. On the counter you can make out a cookbook, so there's that. You smell an intriguing smell, and follow it to a stove. The stove is conventional. However, the stove, like an empty stove, has nothing on it. Hm. Oh well

There is an open screen door leading east. There is a closed frosted-glass door leading north. There is an exit to the south. Don't worry, there is no door.","You are carrying: a raw pork chop, an orange bell pepper, a raw purple potato and a raw red potato.",2 of 17,0.11764705882352941,False,
76,,,"I need to gather the ingredients from the recipe: orange bell pepper, yellow potato, block of cheese, red apple, and pork chop. I already have the orange bell pepper and pork chop, but I have a purple and red potato instead of a yellow potato, and I don't have the block of cheese or red apple. I should look around the kitchen to find the missing ingredients.",look,,"You arrive in a kitchen. A standard kind of place. You begin to take stock of what's in the room.

You can make out a fridge. The fridge contains a red hot pepper. You wonder idly who left that here. You can see a closed oven in the room. You see a table. The table is massive. On the table you can see a knife. What's that over there? It looks like it's a counter. The counter is vast. On the counter you can make out a cookbook, so there's that. You smell an intriguing smell, and follow it to a stove. The stove is conventional. However, the stove, like an empty stove, has nothing on it. Hm. Oh well

There is an open screen door leading east. There is a closed frosted-glass door leading north. There is an exit to the south. Don't worry, there is no door.",Kitchen,"You arrive in a kitchen. A standard kind of place. You begin to take stock of what's in the room.

You can make out a fridge. The fridge contains a red hot pepper. You wonder idly who left that here. You can see a closed oven in the room. You see a table. The table is massive. On the table you can see a knife. What's that over there? It looks like it's a counter. The counter is vast. On the counter you can make out a cookbook, so there's that. You smell an intriguing smell, and follow it to a stove. The stove is conventional. However, the stove, like an empty stove, has nothing on it. Hm. Oh well

There is an open screen door leading east. There is a closed frosted-glass door leading north. There is an exit to the south. Don't worry, there is no door.","You are carrying: a raw pork chop, an orange bell pepper, a raw purple potato and a raw red potato.",2 of 17,0.11764705882352941,False,
77,,,I should examine the cookbook on the counter to find a recipe for cooking a delicious meal.,examine cookbook,,"You open the copy of ""Cooking: A Modern Approach (3rd Ed.)"" and start reading:

Recipe #1
---------
Gather all following ingredients and follow the directions to prepare this tasty meal.

Ingredients:
orange bell pepper
  yellow potato
  block of cheese
  red apple
  pork chop

Directions:
slice the orange bell pepper
  roast the orange bell pepper
  dice the yellow potato
  fry the yellow potato
  dice the block of cheese
  fry the block of cheese
  slice the red apple
  fry the red apple
  dice the pork chop
  grill the pork chop
  prepare meal",Kitchen,"You arrive in a kitchen. A standard kind of place. You begin to take stock of what's in the room.

You can make out a fridge. The fridge contains a red hot pepper. You wonder idly who left that here. You can see a closed oven in the room. You see a table. The table is massive. On the table you can see a knife. What's that over there? It looks like it's a counter. The counter is vast. On the counter you can make out a cookbook, so there's that. You smell an intriguing smell, and follow it to a stove. The stove is conventional. However, the stove, like an empty stove, has nothing on it. Hm. Oh well

There is an open screen door leading east. There is a closed frosted-glass door leading north. There is an exit to the south. Don't worry, there is no door.","You are carrying: a raw pork chop, an orange bell pepper, a raw purple potato and a raw red potato.",2 of 17,0.11764705882352941,False,
78,,,"I need to gather the ingredients from the recipe: orange bell pepper, yellow potato, block of cheese, red apple, and pork chop. I already have the orange bell pepper and pork chop, but I have raw purple and red potatoes instead of a yellow potato. I should check the fridge and other places for the missing ingredients, especially the yellow potato, block of cheese, and red apple.",open fridge,,That's already open.,Kitchen,"You arrive in a kitchen. A standard kind of place. You begin to take stock of what's in the room.

You can make out a fridge. The fridge contains a red hot pepper. You wonder idly who left that here. You can see a closed oven in the room. You see a table. The table is massive. On the table you can see a knife. What's that over there? It looks like it's a counter. The counter is vast. On the counter you can make out a cookbook, so there's that. You smell an intriguing smell, and follow it to a stove. The stove is conventional. However, the stove, like an empty stove, has nothing on it. Hm. Oh well

There is an open screen door leading east. There is a closed frosted-glass door leading north. There is an exit to the south. Don't worry, there is no door.","You are carrying: a raw pork chop, an orange bell pepper, a raw purple potato and a raw red potato.",2 of 17,0.11764705882352941,False,
79,,,I should examine the cookbook on the counter to find a recipe for a delicious meal.,examine cookbook,,"You open the copy of ""Cooking: A Modern Approach (3rd Ed.)"" and start reading:

Recipe #1
---------
Gather all following ingredients and follow the directions to prepare this tasty meal.

Ingredients:
orange bell pepper
  yellow potato
  block of cheese
  red apple
  pork chop

Directions:
slice the orange bell pepper
  roast the orange bell pepper
  dice the yellow potato
  fry the yellow potato
  dice the block of cheese
  fry the block of cheese
  slice the red apple
  fry the red apple
  dice the pork chop
  grill the pork chop
  prepare meal",Kitchen,"You arrive in a kitchen. A standard kind of place. You begin to take stock of what's in the room.

You can make out a fridge. The fridge contains a red hot pepper. You wonder idly who left that here. You can see a closed oven in the room. You see a table. The table is massive. On the table you can see a knife. What's that over there? It looks like it's a counter. The counter is vast. On the counter you can make out a cookbook, so there's that. You smell an intriguing smell, and follow it to a stove. The stove is conventional. However, the stove, like an empty stove, has nothing on it. Hm. Oh well

There is an open screen door leading east. There is a closed frosted-glass door leading north. There is an exit to the south. Don't worry, there is no door.","You are carrying: a raw pork chop, an orange bell pepper, a raw purple potato and a raw red potato.",2 of 17,0.11764705882352941,False,
80,,,"I need to gather the ingredients from the recipe: orange bell pepper, yellow potato, block of cheese, red apple, and pork chop. I already have the orange bell pepper and pork chop, but I have a raw purple potato and a raw red potato instead of a yellow potato. I should check the fridge and other places for the missing ingredients, especially the yellow potato, block of cheese, and red apple.",look fridge,,"The fridge looks well-built. It is open.

In the fridge is a red hot pepper.",Kitchen,"You arrive in a kitchen. A standard kind of place. You begin to take stock of what's in the room.

You can make out a fridge. The fridge contains a red hot pepper. You wonder idly who left that here. You can see a closed oven in the room. You see a table. The table is massive. On the table you can see a knife. What's that over there? It looks like it's a counter. The counter is vast. On the counter you can make out a cookbook, so there's that. You smell an intriguing smell, and follow it to a stove. The stove is conventional. However, the stove, like an empty stove, has nothing on it. Hm. Oh well

There is an open screen door leading east. There is a closed frosted-glass door leading north. There is an exit to the south. Don't worry, there is no door.","You are carrying: a raw pork chop, an orange bell pepper, a raw purple potato and a raw red potato.",2 of 17,0.11764705882352941,False,
81,,,I should take the cookbook from the counter to check the recipe for a delicious meal.,take cookbook from counter,,You take the cookbook from the counter.,Kitchen,"You arrive in a kitchen. A standard kind of place. You begin to take stock of what's in the room.

You can make out a fridge. The fridge contains a red hot pepper. You wonder idly who left that here. You can see a closed oven in the room. You see a table. The table is massive. On the table you can see a knife. What's that over there? It looks like it's a counter. The counter is vast. But the thing is empty, unfortunately. You move on, clearly infuriated by TextWorld. You smell an intriguing smell, and follow it to a stove. The stove is conventional. However, the stove, like an empty stove, has nothing on it. Hm. Oh well

There is an open screen door leading east. There is a closed frosted-glass door leading north. There is an exit to the south. Don't worry, there is no door.","You are carrying: a cookbook, a raw pork chop, an orange bell pepper, a raw purple potato and a raw red potato.",2 of 17,0.11764705882352941,False,
82,,,I should take the knife from the table to prepare the ingredients for cooking.,take knife from table,,You're carrying too many things already.,Kitchen,"You arrive in a kitchen. A standard kind of place. You begin to take stock of what's in the room.

You can make out a fridge. The fridge contains a red hot pepper. You wonder idly who left that here. You can see a closed oven in the room. You see a table. The table is massive. On the table you can see a knife. What's that over there? It looks like it's a counter. The counter is vast. But the thing is empty, unfortunately. You move on, clearly infuriated by TextWorld. You smell an intriguing smell, and follow it to a stove. The stove is conventional. However, the stove, like an empty stove, has nothing on it. Hm. Oh well

There is an open screen door leading east. There is a closed frosted-glass door leading north. There is an exit to the south. Don't worry, there is no door.","You are carrying: a cookbook, a raw pork chop, an orange bell pepper, a raw purple potato and a raw red potato.",2 of 17,0.11764705882352941,False,
83,,,"I am carrying too many items, so I should put some down to free up space before taking the knife to prepare the meal.",drop raw purple potato,,You drop the purple potato on the ground.,Kitchen,"You arrive in a kitchen. A standard kind of place. You begin to take stock of what's in the room.

You can make out a fridge. The fridge contains a red hot pepper. You wonder idly who left that here. You can see a closed oven in the room. You see a table. The table is massive. On the table you can see a knife. What's that over there? It looks like it's a counter. The counter is vast. But the thing is empty, unfortunately. You move on, clearly infuriated by TextWorld. You smell an intriguing smell, and follow it to a stove. The stove is conventional. However, the stove, like an empty stove, has nothing on it. Hm. Oh well

There is an open screen door leading east. There is a closed frosted-glass door leading north. There is an exit to the south. Don't worry, there is no door.

There is a raw purple potato on the floor.","You are carrying: a cookbook, a raw pork chop, an orange bell pepper and a raw red potato.",2 of 17,0.11764705882352941,False,
84,,,I should check the cookbook for a recipe to cook a delicious meal.,examine cookbook,,"You open the copy of ""Cooking: A Modern Approach (3rd Ed.)"" and start reading:

Recipe #1
---------
Gather all following ingredients and follow the directions to prepare this tasty meal.

Ingredients:
orange bell pepper
  yellow potato
  block of cheese
  red apple
  pork chop

Directions:
slice the orange bell pepper
  roast the orange bell pepper
  dice the yellow potato
  fry the yellow potato
  dice the block of cheese
  fry the block of cheese
  slice the red apple
  fry the red apple
  dice the pork chop
  grill the pork chop
  prepare meal",Kitchen,"You arrive in a kitchen. A standard kind of place. You begin to take stock of what's in the room.

You can make out a fridge. The fridge contains a red hot pepper. You wonder idly who left that here. You can see a closed oven in the room. You see a table. The table is massive. On the table you can see a knife. What's that over there? It looks like it's a counter. The counter is vast. But the thing is empty, unfortunately. You move on, clearly infuriated by TextWorld. You smell an intriguing smell, and follow it to a stove. The stove is conventional. However, the stove, like an empty stove, has nothing on it. Hm. Oh well

There is an open screen door leading east. There is a closed frosted-glass door leading north. There is an exit to the south. Don't worry, there is no door.

There is a raw purple potato on the floor.","You are carrying: a cookbook, a raw pork chop, an orange bell pepper and a raw red potato.",2 of 17,0.11764705882352941,False,
85,,,"I need to gather all the ingredients listed in the recipe: orange bell pepper, yellow potato, block of cheese, red apple, and pork chop. I already have the orange bell pepper and pork chop. I should look for the yellow potato, block of cheese, and red apple in the kitchen or nearby.",look around kitchen,,You can't see any such thing.,Kitchen,"You arrive in a kitchen. A standard kind of place. You begin to take stock of what's in the room.

You can make out a fridge. The fridge contains a red hot pepper. You wonder idly who left that here. You can see a closed oven in the room. You see a table. The table is massive. On the table you can see a knife. What's that over there? It looks like it's a counter. The counter is vast. But the thing is empty, unfortunately. You move on, clearly infuriated by TextWorld. You smell an intriguing smell, and follow it to a stove. The stove is conventional. However, the stove, like an empty stove, has nothing on it. Hm. Oh well

There is an open screen door leading east. There is a closed frosted-glass door leading north. There is an exit to the south. Don't worry, there is no door.

There is a raw purple potato on the floor.","You are carrying: a cookbook, a raw pork chop, an orange bell pepper and a raw red potato.",2 of 17,0.11764705882352941,False,
86,,,I should take the knife from the table to prepare the meal.,take knife from table,,You take the knife from the table.,Kitchen,"You arrive in a kitchen. A standard kind of place. You begin to take stock of what's in the room.

You can make out a fridge. The fridge contains a red hot pepper. You wonder idly who left that here. You can see a closed oven in the room. You see a table. The table is massive. Unfortunately, there isn't a thing on it. What's that over there? It looks like it's a counter. The counter is vast. But the thing is empty, unfortunately. You move on, clearly infuriated by TextWorld. You smell an intriguing smell, and follow it to a stove. The stove is conventional. However, the stove, like an empty stove, has nothing on it. Hm. Oh well

There is an open screen door leading east. There is a closed frosted-glass door leading north. There is an exit to the south. Don't worry, there is no door.

There is a raw purple potato on the floor.","You are carrying: a knife, a cookbook, a raw pork chop, an orange bell pepper and a raw red potato.",2 of 17,0.11764705882352941,False,
87,,,I should check the cookbook to find a recipe for a delicious meal.,examine cookbook,,"You open the copy of ""Cooking: A Modern Approach (3rd Ed.)"" and start reading:

Recipe #1
---------
Gather all following ingredients and follow the directions to prepare this tasty meal.

Ingredients:
orange bell pepper
  yellow potato
  block of cheese
  red apple
  pork chop

Directions:
slice the orange bell pepper
  roast the orange bell pepper
  dice the yellow potato
  fry the yellow potato
  dice the block of cheese
  fry the block of cheese
  slice the red apple
  fry the red apple
  dice the pork chop
  grill the pork chop
  prepare meal",Kitchen,"You arrive in a kitchen. A standard kind of place. You begin to take stock of what's in the room.

You can make out a fridge. The fridge contains a red hot pepper. You wonder idly who left that here. You can see a closed oven in the room. You see a table. The table is massive. Unfortunately, there isn't a thing on it. What's that over there? It looks like it's a counter. The counter is vast. But the thing is empty, unfortunately. You move on, clearly infuriated by TextWorld. You smell an intriguing smell, and follow it to a stove. The stove is conventional. However, the stove, like an empty stove, has nothing on it. Hm. Oh well

There is an open screen door leading east. There is a closed frosted-glass door leading north. There is an exit to the south. Don't worry, there is no door.

There is a raw purple potato on the floor.","You are carrying: a knife, a cookbook, a raw pork chop, an orange bell pepper and a raw red potato.",2 of 17,0.11764705882352941,False,
88,,,"I need to gather all the ingredients from the recipe: orange bell pepper, yellow potato, block of cheese, red apple, and pork chop. I already have the orange bell pepper and pork chop, but I need to find the yellow potato, block of cheese, and red apple. I will look around the kitchen to find these ingredients.",look,,"You arrive in a kitchen. A standard kind of place. You begin to take stock of what's in the room.

You can make out a fridge. The fridge contains a red hot pepper. You wonder idly who left that here. You can see a closed oven in the room. You see a table. The table is massive. Unfortunately, there isn't a thing on it. What's that over there? It looks like it's a counter. The counter is vast. But the thing is empty, unfortunately. You move on, clearly infuriated by TextWorld. You smell an intriguing smell, and follow it to a stove. The stove is conventional. However, the stove, like an empty stove, has nothing on it. Hm. Oh well

There is an open screen door leading east. There is a closed frosted-glass door leading north. There is an exit to the south. Don't worry, there is no door.

There is a raw purple potato on the floor.",Kitchen,"You arrive in a kitchen. A standard kind of place. You begin to take stock of what's in the room.

You can make out a fridge. The fridge contains a red hot pepper. You wonder idly who left that here. You can see a closed oven in the room. You see a table. The table is massive. Unfortunately, there isn't a thing on it. What's that over there? It looks like it's a counter. The counter is vast. But the thing is empty, unfortunately. You move on, clearly infuriated by TextWorld. You smell an intriguing smell, and follow it to a stove. The stove is conventional. However, the stove, like an empty stove, has nothing on it. Hm. Oh well

There is an open screen door leading east. There is a closed frosted-glass door leading north. There is an exit to the south. Don't worry, there is no door.

There is a raw purple potato on the floor.","You are carrying: a knife, a cookbook, a raw pork chop, an orange bell pepper and a raw red potato.",2 of 17,0.11764705882352941,False,
89,,,I should take the raw purple potato from the floor to have all the ingredients needed for cooking.,take raw purple potato from floor,,You're carrying too many things already.,Kitchen,"You arrive in a kitchen. A standard kind of place. You begin to take stock of what's in the room.

You can make out a fridge. The fridge contains a red hot pepper. You wonder idly who left that here. You can see a closed oven in the room. You see a table. The table is massive. Unfortunately, there isn't a thing on it. What's that over there? It looks like it's a counter. The counter is vast. But the thing is empty, unfortunately. You move on, clearly infuriated by TextWorld. You smell an intriguing smell, and follow it to a stove. The stove is conventional. However, the stove, like an empty stove, has nothing on it. Hm. Oh well

There is an open screen door leading east. There is a closed frosted-glass door leading north. There is an exit to the south. Don't worry, there is no door.

There is a raw purple potato on the floor.","You are carrying: a knife, a cookbook, a raw pork chop, an orange bell pepper and a raw red potato.",2 of 17,0.11764705882352941,False,
90,,,"I am carrying too many items, so I should drop one to free up space. I will drop the raw red potato on the floor to make room for taking the red hot pepper from the fridge.",drop raw red potato,,You drop the red potato on the ground.,Kitchen,"You arrive in a kitchen. A standard kind of place. You begin to take stock of what's in the room.

You can make out a fridge. The fridge contains a red hot pepper. You wonder idly who left that here. You can see a closed oven in the room. You see a table. The table is massive. Unfortunately, there isn't a thing on it. What's that over there? It looks like it's a counter. The counter is vast. But the thing is empty, unfortunately. You move on, clearly infuriated by TextWorld. You smell an intriguing smell, and follow it to a stove. The stove is conventional. However, the stove, like an empty stove, has nothing on it. Hm. Oh well

There is an open screen door leading east. There is a closed frosted-glass door leading north. There is an exit to the south. Don't worry, there is no door.

There is a raw red potato and a raw purple potato on the floor.","You are carrying: a knife, a cookbook, a raw pork chop and an orange bell pepper.",2 of 17,0.11764705882352941,False,
91,,,I should check the cookbook for a recipe to cook a delicious meal.,examine cookbook,,"You open the copy of ""Cooking: A Modern Approach (3rd Ed.)"" and start reading:

Recipe #1
---------
Gather all following ingredients and follow the directions to prepare this tasty meal.

Ingredients:
orange bell pepper
  yellow potato
  block of cheese
  red apple
  pork chop

Directions:
slice the orange bell pepper
  roast the orange bell pepper
  dice the yellow potato
  fry the yellow potato
  dice the block of cheese
  fry the block of cheese
  slice the red apple
  fry the red apple
  dice the pork chop
  grill the pork chop
  prepare meal",Kitchen,"You arrive in a kitchen. A standard kind of place. You begin to take stock of what's in the room.

You can make out a fridge. The fridge contains a red hot pepper. You wonder idly who left that here. You can see a closed oven in the room. You see a table. The table is massive. Unfortunately, there isn't a thing on it. What's that over there? It looks like it's a counter. The counter is vast. But the thing is empty, unfortunately. You move on, clearly infuriated by TextWorld. You smell an intriguing smell, and follow it to a stove. The stove is conventional. However, the stove, like an empty stove, has nothing on it. Hm. Oh well

There is an open screen door leading east. There is a closed frosted-glass door leading north. There is an exit to the south. Don't worry, there is no door.

There is a raw red potato and a raw purple potato on the floor.","You are carrying: a knife, a cookbook, a raw pork chop and an orange bell pepper.",2 of 17,0.11764705882352941,False,
92,,,"I need to gather all the ingredients listed in the recipe: orange bell pepper, yellow potato, block of cheese, red apple, and pork chop. I already have the orange bell pepper and pork chop. I should take the yellow potato, block of cheese, and red apple from the kitchen if available.",take yellow potato from floor,,You can't see any such thing.,Kitchen,"You arrive in a kitchen. A standard kind of place. You begin to take stock of what's in the room.

You can make out a fridge. The fridge contains a red hot pepper. You wonder idly who left that here. You can see a closed oven in the room. You see a table. The table is massive. Unfortunately, there isn't a thing on it. What's that over there? It looks like it's a counter. The counter is vast. But the thing is empty, unfortunately. You move on, clearly infuriated by TextWorld. You smell an intriguing smell, and follow it to a stove. The stove is conventional. However, the stove, like an empty stove, has nothing on it. Hm. Oh well

There is an open screen door leading east. There is a closed frosted-glass door leading north. There is an exit to the south. Don't worry, there is no door.

There is a raw red potato and a raw purple potato on the floor.","You are carrying: a knife, a cookbook, a raw pork chop and an orange bell pepper.",2 of 17,0.11764705882352941,False,
93,,,I should check the cookbook to find a recipe for a delicious meal.,examine cookbook,,"You open the copy of ""Cooking: A Modern Approach (3rd Ed.)"" and start reading:

Recipe #1
---------
Gather all following ingredients and follow the directions to prepare this tasty meal.

Ingredients:
orange bell pepper
  yellow potato
  block of cheese
  red apple
  pork chop

Directions:
slice the orange bell pepper
  roast the orange bell pepper
  dice the yellow potato
  fry the yellow potato
  dice the block of cheese
  fry the block of cheese
  slice the red apple
  fry the red apple
  dice the pork chop
  grill the pork chop
  prepare meal",Kitchen,"You arrive in a kitchen. A standard kind of place. You begin to take stock of what's in the room.

You can make out a fridge. The fridge contains a red hot pepper. You wonder idly who left that here. You can see a closed oven in the room. You see a table. The table is massive. Unfortunately, there isn't a thing on it. What's that over there? It looks like it's a counter. The counter is vast. But the thing is empty, unfortunately. You move on, clearly infuriated by TextWorld. You smell an intriguing smell, and follow it to a stove. The stove is conventional. However, the stove, like an empty stove, has nothing on it. Hm. Oh well

There is an open screen door leading east. There is a closed frosted-glass door leading north. There is an exit to the south. Don't worry, there is no door.

There is a raw red potato and a raw purple potato on the floor.","You are carrying: a knife, a cookbook, a raw pork chop and an orange bell pepper.",2 of 17,0.11764705882352941,False,
94,,,"I need to gather all the ingredients listed in the recipe: orange bell pepper, yellow potato, block of cheese, red apple, and pork chop. I already have the orange bell pepper and pork chop. I see a raw red potato and a raw purple potato on the floor, but I need a yellow potato. I should look around the kitchen and check the fridge for the remaining ingredients, especially the yellow potato, block of cheese, and red apple.",look fridge,,"The fridge looks well-built. It is open.

In the fridge is a red hot pepper.",Kitchen,"You arrive in a kitchen. A standard kind of place. You begin to take stock of what's in the room.

You can make out a fridge. The fridge contains a red hot pepper. You wonder idly who left that here. You can see a closed oven in the room. You see a table. The table is massive. Unfortunately, there isn't a thing on it. What's that over there? It looks like it's a counter. The counter is vast. But the thing is empty, unfortunately. You move on, clearly infuriated by TextWorld. You smell an intriguing smell, and follow it to a stove. The stove is conventional. However, the stove, like an empty stove, has nothing on it. Hm. Oh well

There is an open screen door leading east. There is a closed frosted-glass door leading north. There is an exit to the south. Don't worry, there is no door.

There is a raw red potato and a raw purple potato on the floor.","You are carrying: a knife, a cookbook, a raw pork chop and an orange bell pepper.",2 of 17,0.11764705882352941,False,
95,,,I should check the cookbook for a recipe to cook a delicious meal.,examine cookbook,,"You open the copy of ""Cooking: A Modern Approach (3rd Ed.)"" and start reading:

Recipe #1
---------
Gather all following ingredients and follow the directions to prepare this tasty meal.

Ingredients:
orange bell pepper
  yellow potato
  block of cheese
  red apple
  pork chop

Directions:
slice the orange bell pepper
  roast the orange bell pepper
  dice the yellow potato
  fry the yellow potato
  dice the block of cheese
  fry the block of cheese
  slice the red apple
  fry the red apple
  dice the pork chop
  grill the pork chop
  prepare meal",Kitchen,"You arrive in a kitchen. A standard kind of place. You begin to take stock of what's in the room.

You can make out a fridge. The fridge contains a red hot pepper. You wonder idly who left that here. You can see a closed oven in the room. You see a table. The table is massive. Unfortunately, there isn't a thing on it. What's that over there? It looks like it's a counter. The counter is vast. But the thing is empty, unfortunately. You move on, clearly infuriated by TextWorld. You smell an intriguing smell, and follow it to a stove. The stove is conventional. However, the stove, like an empty stove, has nothing on it. Hm. Oh well

There is an open screen door leading east. There is a closed frosted-glass door leading north. There is an exit to the south. Don't worry, there is no door.

There is a raw red potato and a raw purple potato on the floor.","You are carrying: a knife, a cookbook, a raw pork chop and an orange bell pepper.",2 of 17,0.11764705882352941,False,
96,,,"I need to gather all the ingredients listed in the recipe: orange bell pepper, yellow potato, block of cheese, red apple, and pork chop. I already have the orange bell pepper and pork chop. I should look for the yellow potato, block of cheese, and red apple in the kitchen or nearby.",look around kitchen,,You can't see any such thing.,Kitchen,"You arrive in a kitchen. A standard kind of place. You begin to take stock of what's in the room.

You can make out a fridge. The fridge contains a red hot pepper. You wonder idly who left that here. You can see a closed oven in the room. You see a table. The table is massive. Unfortunately, there isn't a thing on it. What's that over there? It looks like it's a counter. The counter is vast. But the thing is empty, unfortunately. You move on, clearly infuriated by TextWorld. You smell an intriguing smell, and follow it to a stove. The stove is conventional. However, the stove, like an empty stove, has nothing on it. Hm. Oh well

There is an open screen door leading east. There is a closed frosted-glass door leading north. There is an exit to the south. Don't worry, there is no door.

There is a raw red potato and a raw purple potato on the floor.","You are carrying: a knife, a cookbook, a raw pork chop and an orange bell pepper.",2 of 17,0.11764705882352941,False,
97,,,I should check the cookbook to find a recipe for a delicious meal.,examine cookbook,,"You open the copy of ""Cooking: A Modern Approach (3rd Ed.)"" and start reading:

Recipe #1
---------
Gather all following ingredients and follow the directions to prepare this tasty meal.

Ingredients:
orange bell pepper
  yellow potato
  block of cheese
  red apple
  pork chop

Directions:
slice the orange bell pepper
  roast the orange bell pepper
  dice the yellow potato
  fry the yellow potato
  dice the block of cheese
  fry the block of cheese
  slice the red apple
  fry the red apple
  dice the pork chop
  grill the pork chop
  prepare meal",Kitchen,"You arrive in a kitchen. A standard kind of place. You begin to take stock of what's in the room.

You can make out a fridge. The fridge contains a red hot pepper. You wonder idly who left that here. You can see a closed oven in the room. You see a table. The table is massive. Unfortunately, there isn't a thing on it. What's that over there? It looks like it's a counter. The counter is vast. But the thing is empty, unfortunately. You move on, clearly infuriated by TextWorld. You smell an intriguing smell, and follow it to a stove. The stove is conventional. However, the stove, like an empty stove, has nothing on it. Hm. Oh well

There is an open screen door leading east. There is a closed frosted-glass door leading north. There is an exit to the south. Don't worry, there is no door.

There is a raw red potato and a raw purple potato on the floor.","You are carrying: a knife, a cookbook, a raw pork chop and an orange bell pepper.",2 of 17,0.11764705882352941,False,
98,,,"I need to gather all the ingredients listed in the recipe: orange bell pepper, yellow potato, block of cheese, red apple, and pork chop. I already have the orange bell pepper and pork chop. I should look for the yellow potato, block of cheese, and red apple in the kitchen or nearby.",look around kitchen,,You can't see any such thing.,Kitchen,"You arrive in a kitchen. A standard kind of place. You begin to take stock of what's in the room.

You can make out a fridge. The fridge contains a red hot pepper. You wonder idly who left that here. You can see a closed oven in the room. You see a table. The table is massive. Unfortunately, there isn't a thing on it. What's that over there? It looks like it's a counter. The counter is vast. But the thing is empty, unfortunately. You move on, clearly infuriated by TextWorld. You smell an intriguing smell, and follow it to a stove. The stove is conventional. However, the stove, like an empty stove, has nothing on it. Hm. Oh well

There is an open screen door leading east. There is a closed frosted-glass door leading north. There is an exit to the south. Don't worry, there is no door.

There is a raw red potato and a raw purple potato on the floor.","You are carrying: a knife, a cookbook, a raw pork chop and an orange bell pepper.",2 of 17,0.11764705882352941,False,
99,,,I should check the cookbook to find the recipe for a delicious meal.,examine cookbook,,"You open the copy of ""Cooking: A Modern Approach (3rd Ed.)"" and start reading:

Recipe #1
---------
Gather all following ingredients and follow the directions to prepare this tasty meal.

Ingredients:
orange bell pepper
  yellow potato
  block of cheese
  red apple
  pork chop

Directions:
slice the orange bell pepper
  roast the orange bell pepper
  dice the yellow potato
  fry the yellow potato
  dice the block of cheese
  fry the block of cheese
  slice the red apple
  fry the red apple
  dice the pork chop
  grill the pork chop
  prepare meal",Kitchen,"You arrive in a kitchen. A standard kind of place. You begin to take stock of what's in the room.

You can make out a fridge. The fridge contains a red hot pepper. You wonder idly who left that here. You can see a closed oven in the room. You see a table. The table is massive. Unfortunately, there isn't a thing on it. What's that over there? It looks like it's a counter. The counter is vast. But the thing is empty, unfortunately. You move on, clearly infuriated by TextWorld. You smell an intriguing smell, and follow it to a stove. The stove is conventional. However, the stove, like an empty stove, has nothing on it. Hm. Oh well

There is an open screen door leading east. There is a closed frosted-glass door leading north. There is an exit to the south. Don't worry, there is no door.

There is a raw red potato and a raw purple potato on the floor.","You are carrying: a knife, a cookbook, a raw pork chop and an orange bell pepper.",2 of 17,0.11764705882352941,False,
100,,,"I need to gather all the ingredients listed in the recipe: orange bell pepper, yellow potato, block of cheese, red apple, and pork chop. I already have the orange bell pepper and pork chop. I see a raw red potato and a raw purple potato on the floor, but I need a yellow potato. I should look around the kitchen to find the yellow potato, block of cheese, and red apple.",look around kitchen,,You can't see any such thing.,Kitchen,"You arrive in a kitchen. A standard kind of place. You begin to take stock of what's in the room.

You can make out a fridge. The fridge contains a red hot pepper. You wonder idly who left that here. You can see a closed oven in the room. You see a table. The table is massive. Unfortunately, there isn't a thing on it. What's that over there? It looks like it's a counter. The counter is vast. But the thing is empty, unfortunately. You move on, clearly infuriated by TextWorld. You smell an intriguing smell, and follow it to a stove. The stove is conventional. However, the stove, like an empty stove, has nothing on it. Hm. Oh well

There is an open screen door leading east. There is a closed frosted-glass door leading north. There is an exit to the south. Don't worry, there is no door.

There is a raw red potato and a raw purple potato on the floor.","You are carrying: a knife, a cookbook, a raw pork chop and an orange bell pepper.",2 of 17,0.11764705882352941,True,
