step_id,plan,summary,thought,action,task,feedback,location,description,inventory,score,reward,is_done,error
0,,,,,"You are hungry! Let's cook a delicious meal. Check the cookbook in the kitchen for the recipe. Once done, enjoy your meal!",,Backyard,"Well, here we are in the backyard. You decide to start listing off everything you see in the room, as if you were in a text adventure.

You lean against the wall, inadvertently pressing a secret button. The wall opens up to reveal a patio table. Looks like someone's already been here and taken everything off it, though. You see a gleam over in a corner, where you can see a patio chair. The patio chair is stylish. But oh no! there's nothing on this piece of trash. You can make out a closed BBQ.

There is a closed wooden door leading north. There is a closed sliding patio door leading west. There is an exit to the east.",You are carrying: a block of cheese.,0 of 16,0.0,False,
1,,,I should go north through the wooden door to see if it leads to the kitchen where the cookbook might be.,go north,,You have to open the wooden door first.,Backyard,"Well, here we are in the backyard. You decide to start listing off everything you see in the room, as if you were in a text adventure.

You lean against the wall, inadvertently pressing a secret button. The wall opens up to reveal a patio table. Looks like someone's already been here and taken everything off it, though. You see a gleam over in a corner, where you can see a patio chair. The patio chair is stylish. But oh no! there's nothing on this piece of trash. You can make out a closed BBQ.

There is a closed wooden door leading north. There is a closed sliding patio door leading west. There is an exit to the east.",You are carrying: a block of cheese.,0 of 16,0.0,False,
2,,,I need to open the wooden door to proceed.,open wooden door,,You open wooden door.,Backyard,"Well, here we are in the backyard. You decide to start listing off everything you see in the room, as if you were in a text adventure.

You lean against the wall, inadvertently pressing a secret button. The wall opens up to reveal a patio table. Looks like someone's already been here and taken everything off it, though. You see a gleam over in a corner, where you can see a patio chair. The patio chair is stylish. But oh no! there's nothing on this piece of trash. You can make out a closed BBQ.

There is an open wooden door leading north. There is a closed sliding patio door leading west. There is an exit to the east.",You are carrying: a block of cheese.,0 of 16,0.0,False,
3,,,I should go north through the open wooden door to enter the kitchen and check the cookbook for the recipe.,go north,,"You arrive in a shed. A normal one.

You lean against the wall, inadvertently pressing a secret button. The wall opens up to reveal a toolbox. I mean, just wow! Isn't TextWorld just the best? You see a workbench. The workbench is wooden. However, the workbench, like an empty workbench, has nothing on it.

There is an open wooden door leading south.",Shed,"You arrive in a shed. A normal one.

You lean against the wall, inadvertently pressing a secret button. The wall opens up to reveal a toolbox. I mean, just wow! Isn't TextWorld just the best? You see a workbench. The workbench is wooden. However, the workbench, like an empty workbench, has nothing on it.

There is an open wooden door leading south.",You are carrying: a block of cheese.,0 of 16,0.0,False,
4,,,I should go south to return to the kitchen where the cookbook is likely located.,go south,,"Well, here we are in the backyard. You decide to start listing off everything you see in the room, as if you were in a text adventure.

You lean against the wall, inadvertently pressing a secret button. The wall opens up to reveal a patio table. Looks like someone's already been here and taken everything off it, though. You see a gleam over in a corner, where you can see a patio chair. The patio chair is stylish. But oh no! there's nothing on this piece of trash. You can make out a closed BBQ.

There is an open wooden door leading north. There is a closed sliding patio door leading west. There is an exit to the east.",Backyard,"Well, here we are in the backyard. You decide to start listing off everything you see in the room, as if you were in a text adventure.

You lean against the wall, inadvertently pressing a secret button. The wall opens up to reveal a patio table. Looks like someone's already been here and taken everything off it, though. You see a gleam over in a corner, where you can see a patio chair. The patio chair is stylish. But oh no! there's nothing on this piece of trash. You can make out a closed BBQ.

There is an open wooden door leading north. There is a closed sliding patio door leading west. There is an exit to the east.",You are carrying: a block of cheese.,0 of 16,0.0,False,
5,,,I should go north through the open wooden door to see if it leads to the kitchen where the cookbook might be.,go north,,"You arrive in a shed. A normal one.

You lean against the wall, inadvertently pressing a secret button. The wall opens up to reveal a toolbox. I mean, just wow! Isn't TextWorld just the best? You see a workbench. The workbench is wooden. However, the workbench, like an empty workbench, has nothing on it.

There is an open wooden door leading south.",Shed,"You arrive in a shed. A normal one.

You lean against the wall, inadvertently pressing a secret button. The wall opens up to reveal a toolbox. I mean, just wow! Isn't TextWorld just the best? You see a workbench. The workbench is wooden. However, the workbench, like an empty workbench, has nothing on it.

There is an open wooden door leading south.",You are carrying: a block of cheese.,0 of 16,0.0,False,
6,,,I should go south to return to the kitchen and check the cookbook for the recipe.,go south,,"Well, here we are in the backyard. You decide to start listing off everything you see in the room, as if you were in a text adventure.

You lean against the wall, inadvertently pressing a secret button. The wall opens up to reveal a patio table. Looks like someone's already been here and taken everything off it, though. You see a gleam over in a corner, where you can see a patio chair. The patio chair is stylish. But oh no! there's nothing on this piece of trash. You can make out a closed BBQ.

There is an open wooden door leading north. There is a closed sliding patio door leading west. There is an exit to the east.",Backyard,"Well, here we are in the backyard. You decide to start listing off everything you see in the room, as if you were in a text adventure.

You lean against the wall, inadvertently pressing a secret button. The wall opens up to reveal a patio table. Looks like someone's already been here and taken everything off it, though. You see a gleam over in a corner, where you can see a patio chair. The patio chair is stylish. But oh no! there's nothing on this piece of trash. You can make out a closed BBQ.

There is an open wooden door leading north. There is a closed sliding patio door leading west. There is an exit to the east.",You are carrying: a block of cheese.,0 of 16,0.0,False,
7,,,I should go north through the open wooden door to explore further and find the kitchen where the cookbook might be.,go north,,"You arrive in a shed. A normal one.

You lean against the wall, inadvertently pressing a secret button. The wall opens up to reveal a toolbox. I mean, just wow! Isn't TextWorld just the best? You see a workbench. The workbench is wooden. However, the workbench, like an empty workbench, has nothing on it.

There is an open wooden door leading south.",Shed,"You arrive in a shed. A normal one.

You lean against the wall, inadvertently pressing a secret button. The wall opens up to reveal a toolbox. I mean, just wow! Isn't TextWorld just the best? You see a workbench. The workbench is wooden. However, the workbench, like an empty workbench, has nothing on it.

There is an open wooden door leading south.",You are carrying: a block of cheese.,0 of 16,0.0,False,
8,,,I should go south to return to the kitchen and check the cookbook for the recipe.,go south,,"Well, here we are in the backyard. You decide to start listing off everything you see in the room, as if you were in a text adventure.

You lean against the wall, inadvertently pressing a secret button. The wall opens up to reveal a patio table. Looks like someone's already been here and taken everything off it, though. You see a gleam over in a corner, where you can see a patio chair. The patio chair is stylish. But oh no! there's nothing on this piece of trash. You can make out a closed BBQ.

There is an open wooden door leading north. There is a closed sliding patio door leading west. There is an exit to the east.",Backyard,"Well, here we are in the backyard. You decide to start listing off everything you see in the room, as if you were in a text adventure.

You lean against the wall, inadvertently pressing a secret button. The wall opens up to reveal a patio table. Looks like someone's already been here and taken everything off it, though. You see a gleam over in a corner, where you can see a patio chair. The patio chair is stylish. But oh no! there's nothing on this piece of trash. You can make out a closed BBQ.

There is an open wooden door leading north. There is a closed sliding patio door leading west. There is an exit to the east.",You are carrying: a block of cheese.,0 of 16,0.0,False,
9,,,I should go back inside through the open wooden door to find the kitchen and check the cookbook for a recipe to cook a delicious meal.,go north,,"You arrive in a shed. A normal one.

You lean against the wall, inadvertently pressing a secret button. The wall opens up to reveal a toolbox. I mean, just wow! Isn't TextWorld just the best? You see a workbench. The workbench is wooden. However, the workbench, like an empty workbench, has nothing on it.

There is an open wooden door leading south.",Shed,"You arrive in a shed. A normal one.

You lean against the wall, inadvertently pressing a secret button. The wall opens up to reveal a toolbox. I mean, just wow! Isn't TextWorld just the best? You see a workbench. The workbench is wooden. However, the workbench, like an empty workbench, has nothing on it.

There is an open wooden door leading south.",You are carrying: a block of cheese.,0 of 16,0.0,False,
10,,,I should go south to return to the kitchen and check the cookbook for the recipe.,go south,,"Well, here we are in the backyard. You decide to start listing off everything you see in the room, as if you were in a text adventure.

You lean against the wall, inadvertently pressing a secret button. The wall opens up to reveal a patio table. Looks like someone's already been here and taken everything off it, though. You see a gleam over in a corner, where you can see a patio chair. The patio chair is stylish. But oh no! there's nothing on this piece of trash. You can make out a closed BBQ.

There is an open wooden door leading north. There is a closed sliding patio door leading west. There is an exit to the east.",Backyard,"Well, here we are in the backyard. You decide to start listing off everything you see in the room, as if you were in a text adventure.

You lean against the wall, inadvertently pressing a secret button. The wall opens up to reveal a patio table. Looks like someone's already been here and taken everything off it, though. You see a gleam over in a corner, where you can see a patio chair. The patio chair is stylish. But oh no! there's nothing on this piece of trash. You can make out a closed BBQ.

There is an open wooden door leading north. There is a closed sliding patio door leading west. There is an exit to the east.",You are carrying: a block of cheese.,0 of 16,0.0,False,
11,,,I should go north through the open wooden door to explore further and possibly find the kitchen or the cookbook for the recipe.,go north,,"You arrive in a shed. A normal one.

You lean against the wall, inadvertently pressing a secret button. The wall opens up to reveal a toolbox. I mean, just wow! Isn't TextWorld just the best? You see a workbench. The workbench is wooden. However, the workbench, like an empty workbench, has nothing on it.

There is an open wooden door leading south.",Shed,"You arrive in a shed. A normal one.

You lean against the wall, inadvertently pressing a secret button. The wall opens up to reveal a toolbox. I mean, just wow! Isn't TextWorld just the best? You see a workbench. The workbench is wooden. However, the workbench, like an empty workbench, has nothing on it.

There is an open wooden door leading south.",You are carrying: a block of cheese.,0 of 16,0.0,False,
12,,,I should go south to return to the kitchen where the cookbook is likely located.,go south,,"Well, here we are in the backyard. You decide to start listing off everything you see in the room, as if you were in a text adventure.

You lean against the wall, inadvertently pressing a secret button. The wall opens up to reveal a patio table. Looks like someone's already been here and taken everything off it, though. You see a gleam over in a corner, where you can see a patio chair. The patio chair is stylish. But oh no! there's nothing on this piece of trash. You can make out a closed BBQ.

There is an open wooden door leading north. There is a closed sliding patio door leading west. There is an exit to the east.",Backyard,"Well, here we are in the backyard. You decide to start listing off everything you see in the room, as if you were in a text adventure.

You lean against the wall, inadvertently pressing a secret button. The wall opens up to reveal a patio table. Looks like someone's already been here and taken everything off it, though. You see a gleam over in a corner, where you can see a patio chair. The patio chair is stylish. But oh no! there's nothing on this piece of trash. You can make out a closed BBQ.

There is an open wooden door leading north. There is a closed sliding patio door leading west. There is an exit to the east.",You are carrying: a block of cheese.,0 of 16,0.0,False,
13,,,I should go north through the open wooden door to explore further and possibly find the kitchen or cookbook for the recipe.,go north,,"You arrive in a shed. A normal one.

You lean against the wall, inadvertently pressing a secret button. The wall opens up to reveal a toolbox. I mean, just wow! Isn't TextWorld just the best? You see a workbench. The workbench is wooden. However, the workbench, like an empty workbench, has nothing on it.

There is an open wooden door leading south.",Shed,"You arrive in a shed. A normal one.

You lean against the wall, inadvertently pressing a secret button. The wall opens up to reveal a toolbox. I mean, just wow! Isn't TextWorld just the best? You see a workbench. The workbench is wooden. However, the workbench, like an empty workbench, has nothing on it.

There is an open wooden door leading south.",You are carrying: a block of cheese.,0 of 16,0.0,False,
14,,,I should go south to return to the kitchen and check the cookbook for the recipe.,go south,,"Well, here we are in the backyard. You decide to start listing off everything you see in the room, as if you were in a text adventure.

You lean against the wall, inadvertently pressing a secret button. The wall opens up to reveal a patio table. Looks like someone's already been here and taken everything off it, though. You see a gleam over in a corner, where you can see a patio chair. The patio chair is stylish. But oh no! there's nothing on this piece of trash. You can make out a closed BBQ.

There is an open wooden door leading north. There is a closed sliding patio door leading west. There is an exit to the east.",Backyard,"Well, here we are in the backyard. You decide to start listing off everything you see in the room, as if you were in a text adventure.

You lean against the wall, inadvertently pressing a secret button. The wall opens up to reveal a patio table. Looks like someone's already been here and taken everything off it, though. You see a gleam over in a corner, where you can see a patio chair. The patio chair is stylish. But oh no! there's nothing on this piece of trash. You can make out a closed BBQ.

There is an open wooden door leading north. There is a closed sliding patio door leading west. There is an exit to the east.",You are carrying: a block of cheese.,0 of 16,0.0,False,
15,,,I should go north through the open wooden door to explore further and find the kitchen or cookbook for the recipe.,go north,,"You arrive in a shed. A normal one.

You lean against the wall, inadvertently pressing a secret button. The wall opens up to reveal a toolbox. I mean, just wow! Isn't TextWorld just the best? You see a workbench. The workbench is wooden. However, the workbench, like an empty workbench, has nothing on it.

There is an open wooden door leading south.",Shed,"You arrive in a shed. A normal one.

You lean against the wall, inadvertently pressing a secret button. The wall opens up to reveal a toolbox. I mean, just wow! Isn't TextWorld just the best? You see a workbench. The workbench is wooden. However, the workbench, like an empty workbench, has nothing on it.

There is an open wooden door leading south.",You are carrying: a block of cheese.,0 of 16,0.0,False,
16,,,I should go south to return to the kitchen where the cookbook is likely located.,go south,,"Well, here we are in the backyard. You decide to start listing off everything you see in the room, as if you were in a text adventure.

You lean against the wall, inadvertently pressing a secret button. The wall opens up to reveal a patio table. Looks like someone's already been here and taken everything off it, though. You see a gleam over in a corner, where you can see a patio chair. The patio chair is stylish. But oh no! there's nothing on this piece of trash. You can make out a closed BBQ.

There is an open wooden door leading north. There is a closed sliding patio door leading west. There is an exit to the east.",Backyard,"Well, here we are in the backyard. You decide to start listing off everything you see in the room, as if you were in a text adventure.

You lean against the wall, inadvertently pressing a secret button. The wall opens up to reveal a patio table. Looks like someone's already been here and taken everything off it, though. You see a gleam over in a corner, where you can see a patio chair. The patio chair is stylish. But oh no! there's nothing on this piece of trash. You can make out a closed BBQ.

There is an open wooden door leading north. There is a closed sliding patio door leading west. There is an exit to the east.",You are carrying: a block of cheese.,0 of 16,0.0,False,
17,,,I should go north through the open wooden door to see if I can find the kitchen where the cookbook might be.,go north,,"You arrive in a shed. A normal one.

You lean against the wall, inadvertently pressing a secret button. The wall opens up to reveal a toolbox. I mean, just wow! Isn't TextWorld just the best? You see a workbench. The workbench is wooden. However, the workbench, like an empty workbench, has nothing on it.

There is an open wooden door leading south.",Shed,"You arrive in a shed. A normal one.

You lean against the wall, inadvertently pressing a secret button. The wall opens up to reveal a toolbox. I mean, just wow! Isn't TextWorld just the best? You see a workbench. The workbench is wooden. However, the workbench, like an empty workbench, has nothing on it.

There is an open wooden door leading south.",You are carrying: a block of cheese.,0 of 16,0.0,False,
18,,,I should go south to return to the kitchen and check the cookbook for the recipe.,go south,,"Well, here we are in the backyard. You decide to start listing off everything you see in the room, as if you were in a text adventure.

You lean against the wall, inadvertently pressing a secret button. The wall opens up to reveal a patio table. Looks like someone's already been here and taken everything off it, though. You see a gleam over in a corner, where you can see a patio chair. The patio chair is stylish. But oh no! there's nothing on this piece of trash. You can make out a closed BBQ.

There is an open wooden door leading north. There is a closed sliding patio door leading west. There is an exit to the east.",Backyard,"Well, here we are in the backyard. You decide to start listing off everything you see in the room, as if you were in a text adventure.

You lean against the wall, inadvertently pressing a secret button. The wall opens up to reveal a patio table. Looks like someone's already been here and taken everything off it, though. You see a gleam over in a corner, where you can see a patio chair. The patio chair is stylish. But oh no! there's nothing on this piece of trash. You can make out a closed BBQ.

There is an open wooden door leading north. There is a closed sliding patio door leading west. There is an exit to the east.",You are carrying: a block of cheese.,0 of 16,0.0,False,
19,,,I should go north through the open wooden door to explore further and find the kitchen or cookbook for the recipe.,go north,,"You arrive in a shed. A normal one.

You lean against the wall, inadvertently pressing a secret button. The wall opens up to reveal a toolbox. I mean, just wow! Isn't TextWorld just the best? You see a workbench. The workbench is wooden. However, the workbench, like an empty workbench, has nothing on it.

There is an open wooden door leading south.",Shed,"You arrive in a shed. A normal one.

You lean against the wall, inadvertently pressing a secret button. The wall opens up to reveal a toolbox. I mean, just wow! Isn't TextWorld just the best? You see a workbench. The workbench is wooden. However, the workbench, like an empty workbench, has nothing on it.

There is an open wooden door leading south.",You are carrying: a block of cheese.,0 of 16,0.0,False,
20,,,I should go south to return to the kitchen where the cookbook is likely located to check the recipe for cooking a delicious meal.,go south,,"Well, here we are in the backyard. You decide to start listing off everything you see in the room, as if you were in a text adventure.

You lean against the wall, inadvertently pressing a secret button. The wall opens up to reveal a patio table. Looks like someone's already been here and taken everything off it, though. You see a gleam over in a corner, where you can see a patio chair. The patio chair is stylish. But oh no! there's nothing on this piece of trash. You can make out a closed BBQ.

There is an open wooden door leading north. There is a closed sliding patio door leading west. There is an exit to the east.",Backyard,"Well, here we are in the backyard. You decide to start listing off everything you see in the room, as if you were in a text adventure.

You lean against the wall, inadvertently pressing a secret button. The wall opens up to reveal a patio table. Looks like someone's already been here and taken everything off it, though. You see a gleam over in a corner, where you can see a patio chair. The patio chair is stylish. But oh no! there's nothing on this piece of trash. You can make out a closed BBQ.

There is an open wooden door leading north. There is a closed sliding patio door leading west. There is an exit to the east.",You are carrying: a block of cheese.,0 of 16,0.0,False,
21,,,I should go north through the open wooden door to see if I can find the kitchen where the cookbook might be.,go north,,"You arrive in a shed. A normal one.

You lean against the wall, inadvertently pressing a secret button. The wall opens up to reveal a toolbox. I mean, just wow! Isn't TextWorld just the best? You see a workbench. The workbench is wooden. However, the workbench, like an empty workbench, has nothing on it.

There is an open wooden door leading south.",Shed,"You arrive in a shed. A normal one.

You lean against the wall, inadvertently pressing a secret button. The wall opens up to reveal a toolbox. I mean, just wow! Isn't TextWorld just the best? You see a workbench. The workbench is wooden. However, the workbench, like an empty workbench, has nothing on it.

There is an open wooden door leading south.",You are carrying: a block of cheese.,0 of 16,0.0,False,
22,,,I should examine the toolbox to see if there are any useful tools for cooking.,examine toolbox,,The toolbox looks noble. It is closed.,Shed,"You arrive in a shed. A normal one.

You lean against the wall, inadvertently pressing a secret button. The wall opens up to reveal a toolbox. I mean, just wow! Isn't TextWorld just the best? You see a workbench. The workbench is wooden. However, the workbench, like an empty workbench, has nothing on it.

There is an open wooden door leading south.",You are carrying: a block of cheese.,0 of 16,0.0,False,
23,,,I should open the toolbox to see if there are any tools inside that can help me cook a delicious meal.,open toolbox,,You open the toolbox.,Shed,"You arrive in a shed. A normal one.

You lean against the wall, inadvertently pressing a secret button. The wall opens up to reveal a toolbox. I mean, just wow! Isn't TextWorld just the best? The toolbox is empty! What a waste of a day! You see a workbench. The workbench is wooden. However, the workbench, like an empty workbench, has nothing on it.

There is an open wooden door leading south.",You are carrying: a block of cheese.,0 of 16,0.0,False,
24,,,I should go south to leave the shed and head to the kitchen to check the cookbook for the recipe.,go south,,"Well, here we are in the backyard. You decide to start listing off everything you see in the room, as if you were in a text adventure.

You lean against the wall, inadvertently pressing a secret button. The wall opens up to reveal a patio table. Looks like someone's already been here and taken everything off it, though. You see a gleam over in a corner, where you can see a patio chair. The patio chair is stylish. But oh no! there's nothing on this piece of trash. You can make out a closed BBQ.

There is an open wooden door leading north. There is a closed sliding patio door leading west. There is an exit to the east.",Backyard,"Well, here we are in the backyard. You decide to start listing off everything you see in the room, as if you were in a text adventure.

You lean against the wall, inadvertently pressing a secret button. The wall opens up to reveal a patio table. Looks like someone's already been here and taken everything off it, though. You see a gleam over in a corner, where you can see a patio chair. The patio chair is stylish. But oh no! there's nothing on this piece of trash. You can make out a closed BBQ.

There is an open wooden door leading north. There is a closed sliding patio door leading west. There is an exit to the east.",You are carrying: a block of cheese.,0 of 16,0.0,False,
25,,,I should go north through the open wooden door to see if it leads to the kitchen where the cookbook might be.,go north,,"You arrive in a shed. A normal one.

You lean against the wall, inadvertently pressing a secret button. The wall opens up to reveal a toolbox. I mean, just wow! Isn't TextWorld just the best? The toolbox is empty! What a waste of a day! You see a workbench. The workbench is wooden. However, the workbench, like an empty workbench, has nothing on it.

There is an open wooden door leading south.",Shed,"You arrive in a shed. A normal one.

You lean against the wall, inadvertently pressing a secret button. The wall opens up to reveal a toolbox. I mean, just wow! Isn't TextWorld just the best? The toolbox is empty! What a waste of a day! You see a workbench. The workbench is wooden. However, the workbench, like an empty workbench, has nothing on it.

There is an open wooden door leading south.",You are carrying: a block of cheese.,0 of 16,0.0,False,
26,,,I should go south to leave the shed and head towards the kitchen to check the cookbook for the recipe.,go south,,"Well, here we are in the backyard. You decide to start listing off everything you see in the room, as if you were in a text adventure.

You lean against the wall, inadvertently pressing a secret button. The wall opens up to reveal a patio table. Looks like someone's already been here and taken everything off it, though. You see a gleam over in a corner, where you can see a patio chair. The patio chair is stylish. But oh no! there's nothing on this piece of trash. You can make out a closed BBQ.

There is an open wooden door leading north. There is a closed sliding patio door leading west. There is an exit to the east.",Backyard,"Well, here we are in the backyard. You decide to start listing off everything you see in the room, as if you were in a text adventure.

You lean against the wall, inadvertently pressing a secret button. The wall opens up to reveal a patio table. Looks like someone's already been here and taken everything off it, though. You see a gleam over in a corner, where you can see a patio chair. The patio chair is stylish. But oh no! there's nothing on this piece of trash. You can make out a closed BBQ.

There is an open wooden door leading north. There is a closed sliding patio door leading west. There is an exit to the east.",You are carrying: a block of cheese.,0 of 16,0.0,False,
27,,,I should go north through the open wooden door to explore further and possibly find the kitchen or the cookbook for the recipe.,go north,,"You arrive in a shed. A normal one.

You lean against the wall, inadvertently pressing a secret button. The wall opens up to reveal a toolbox. I mean, just wow! Isn't TextWorld just the best? The toolbox is empty! What a waste of a day! You see a workbench. The workbench is wooden. However, the workbench, like an empty workbench, has nothing on it.

There is an open wooden door leading south.",Shed,"You arrive in a shed. A normal one.

You lean against the wall, inadvertently pressing a secret button. The wall opens up to reveal a toolbox. I mean, just wow! Isn't TextWorld just the best? The toolbox is empty! What a waste of a day! You see a workbench. The workbench is wooden. However, the workbench, like an empty workbench, has nothing on it.

There is an open wooden door leading south.",You are carrying: a block of cheese.,0 of 16,0.0,False,
28,,,I should go south through the open wooden door to explore more and find the kitchen or cookbook for the recipe.,go south,,"Well, here we are in the backyard. You decide to start listing off everything you see in the room, as if you were in a text adventure.

You lean against the wall, inadvertently pressing a secret button. The wall opens up to reveal a patio table. Looks like someone's already been here and taken everything off it, though. You see a gleam over in a corner, where you can see a patio chair. The patio chair is stylish. But oh no! there's nothing on this piece of trash. You can make out a closed BBQ.

There is an open wooden door leading north. There is a closed sliding patio door leading west. There is an exit to the east.",Backyard,"Well, here we are in the backyard. You decide to start listing off everything you see in the room, as if you were in a text adventure.

You lean against the wall, inadvertently pressing a secret button. The wall opens up to reveal a patio table. Looks like someone's already been here and taken everything off it, though. You see a gleam over in a corner, where you can see a patio chair. The patio chair is stylish. But oh no! there's nothing on this piece of trash. You can make out a closed BBQ.

There is an open wooden door leading north. There is a closed sliding patio door leading west. There is an exit to the east.",You are carrying: a block of cheese.,0 of 16,0.0,False,
29,,,I should go north through the open wooden door to see if I can find the kitchen where the cookbook might be.,go north,,"You arrive in a shed. A normal one.

You lean against the wall, inadvertently pressing a secret button. The wall opens up to reveal a toolbox. I mean, just wow! Isn't TextWorld just the best? The toolbox is empty! What a waste of a day! You see a workbench. The workbench is wooden. However, the workbench, like an empty workbench, has nothing on it.

There is an open wooden door leading south.",Shed,"You arrive in a shed. A normal one.

You lean against the wall, inadvertently pressing a secret button. The wall opens up to reveal a toolbox. I mean, just wow! Isn't TextWorld just the best? The toolbox is empty! What a waste of a day! You see a workbench. The workbench is wooden. However, the workbench, like an empty workbench, has nothing on it.

There is an open wooden door leading south.",You are carrying: a block of cheese.,0 of 16,0.0,False,
30,,,I should go south through the open wooden door to continue exploring and find the kitchen or cookbook for the recipe.,go south,,"Well, here we are in the backyard. You decide to start listing off everything you see in the room, as if you were in a text adventure.

You lean against the wall, inadvertently pressing a secret button. The wall opens up to reveal a patio table. Looks like someone's already been here and taken everything off it, though. You see a gleam over in a corner, where you can see a patio chair. The patio chair is stylish. But oh no! there's nothing on this piece of trash. You can make out a closed BBQ.

There is an open wooden door leading north. There is a closed sliding patio door leading west. There is an exit to the east.",Backyard,"Well, here we are in the backyard. You decide to start listing off everything you see in the room, as if you were in a text adventure.

You lean against the wall, inadvertently pressing a secret button. The wall opens up to reveal a patio table. Looks like someone's already been here and taken everything off it, though. You see a gleam over in a corner, where you can see a patio chair. The patio chair is stylish. But oh no! there's nothing on this piece of trash. You can make out a closed BBQ.

There is an open wooden door leading north. There is a closed sliding patio door leading west. There is an exit to the east.",You are carrying: a block of cheese.,0 of 16,0.0,False,
31,,,I should go north through the open wooden door to see if I can find the kitchen where the cookbook might be.,go north,,"You arrive in a shed. A normal one.

You lean against the wall, inadvertently pressing a secret button. The wall opens up to reveal a toolbox. I mean, just wow! Isn't TextWorld just the best? The toolbox is empty! What a waste of a day! You see a workbench. The workbench is wooden. However, the workbench, like an empty workbench, has nothing on it.

There is an open wooden door leading south.",Shed,"You arrive in a shed. A normal one.

You lean against the wall, inadvertently pressing a secret button. The wall opens up to reveal a toolbox. I mean, just wow! Isn't TextWorld just the best? The toolbox is empty! What a waste of a day! You see a workbench. The workbench is wooden. However, the workbench, like an empty workbench, has nothing on it.

There is an open wooden door leading south.",You are carrying: a block of cheese.,0 of 16,0.0,False,
32,,,I should go south through the open wooden door to explore more and find the kitchen or cookbook for the recipe.,go south,,"Well, here we are in the backyard. You decide to start listing off everything you see in the room, as if you were in a text adventure.

You lean against the wall, inadvertently pressing a secret button. The wall opens up to reveal a patio table. Looks like someone's already been here and taken everything off it, though. You see a gleam over in a corner, where you can see a patio chair. The patio chair is stylish. But oh no! there's nothing on this piece of trash. You can make out a closed BBQ.

There is an open wooden door leading north. There is a closed sliding patio door leading west. There is an exit to the east.",Backyard,"Well, here we are in the backyard. You decide to start listing off everything you see in the room, as if you were in a text adventure.

You lean against the wall, inadvertently pressing a secret button. The wall opens up to reveal a patio table. Looks like someone's already been here and taken everything off it, though. You see a gleam over in a corner, where you can see a patio chair. The patio chair is stylish. But oh no! there's nothing on this piece of trash. You can make out a closed BBQ.

There is an open wooden door leading north. There is a closed sliding patio door leading west. There is an exit to the east.",You are carrying: a block of cheese.,0 of 16,0.0,False,
33,,,I should go north through the open wooden door to see if it leads to the kitchen where the cookbook might be.,go north,,"You arrive in a shed. A normal one.

You lean against the wall, inadvertently pressing a secret button. The wall opens up to reveal a toolbox. I mean, just wow! Isn't TextWorld just the best? The toolbox is empty! What a waste of a day! You see a workbench. The workbench is wooden. However, the workbench, like an empty workbench, has nothing on it.

There is an open wooden door leading south.",Shed,"You arrive in a shed. A normal one.

You lean against the wall, inadvertently pressing a secret button. The wall opens up to reveal a toolbox. I mean, just wow! Isn't TextWorld just the best? The toolbox is empty! What a waste of a day! You see a workbench. The workbench is wooden. However, the workbench, like an empty workbench, has nothing on it.

There is an open wooden door leading south.",You are carrying: a block of cheese.,0 of 16,0.0,False,
34,,,I should go south to leave the shed and head towards the kitchen to check the cookbook for the recipe.,go south,,"Well, here we are in the backyard. You decide to start listing off everything you see in the room, as if you were in a text adventure.

You lean against the wall, inadvertently pressing a secret button. The wall opens up to reveal a patio table. Looks like someone's already been here and taken everything off it, though. You see a gleam over in a corner, where you can see a patio chair. The patio chair is stylish. But oh no! there's nothing on this piece of trash. You can make out a closed BBQ.

There is an open wooden door leading north. There is a closed sliding patio door leading west. There is an exit to the east.",Backyard,"Well, here we are in the backyard. You decide to start listing off everything you see in the room, as if you were in a text adventure.

You lean against the wall, inadvertently pressing a secret button. The wall opens up to reveal a patio table. Looks like someone's already been here and taken everything off it, though. You see a gleam over in a corner, where you can see a patio chair. The patio chair is stylish. But oh no! there's nothing on this piece of trash. You can make out a closed BBQ.

There is an open wooden door leading north. There is a closed sliding patio door leading west. There is an exit to the east.",You are carrying: a block of cheese.,0 of 16,0.0,False,
35,,,I should go north through the open wooden door to see if I can find the kitchen where the cookbook might be.,go north,,"You arrive in a shed. A normal one.

You lean against the wall, inadvertently pressing a secret button. The wall opens up to reveal a toolbox. I mean, just wow! Isn't TextWorld just the best? The toolbox is empty! What a waste of a day! You see a workbench. The workbench is wooden. However, the workbench, like an empty workbench, has nothing on it.

There is an open wooden door leading south.",Shed,"You arrive in a shed. A normal one.

You lean against the wall, inadvertently pressing a secret button. The wall opens up to reveal a toolbox. I mean, just wow! Isn't TextWorld just the best? The toolbox is empty! What a waste of a day! You see a workbench. The workbench is wooden. However, the workbench, like an empty workbench, has nothing on it.

There is an open wooden door leading south.",You are carrying: a block of cheese.,0 of 16,0.0,False,
36,,,I should go south through the open wooden door to continue exploring and find the kitchen or cookbook for the recipe.,go south,,"Well, here we are in the backyard. You decide to start listing off everything you see in the room, as if you were in a text adventure.

You lean against the wall, inadvertently pressing a secret button. The wall opens up to reveal a patio table. Looks like someone's already been here and taken everything off it, though. You see a gleam over in a corner, where you can see a patio chair. The patio chair is stylish. But oh no! there's nothing on this piece of trash. You can make out a closed BBQ.

There is an open wooden door leading north. There is a closed sliding patio door leading west. There is an exit to the east.",Backyard,"Well, here we are in the backyard. You decide to start listing off everything you see in the room, as if you were in a text adventure.

You lean against the wall, inadvertently pressing a secret button. The wall opens up to reveal a patio table. Looks like someone's already been here and taken everything off it, though. You see a gleam over in a corner, where you can see a patio chair. The patio chair is stylish. But oh no! there's nothing on this piece of trash. You can make out a closed BBQ.

There is an open wooden door leading north. There is a closed sliding patio door leading west. There is an exit to the east.",You are carrying: a block of cheese.,0 of 16,0.0,False,
37,,,I should go north through the open wooden door to see if it leads to the kitchen where the cookbook might be.,go north,,"You arrive in a shed. A normal one.

You lean against the wall, inadvertently pressing a secret button. The wall opens up to reveal a toolbox. I mean, just wow! Isn't TextWorld just the best? The toolbox is empty! What a waste of a day! You see a workbench. The workbench is wooden. However, the workbench, like an empty workbench, has nothing on it.

There is an open wooden door leading south.",Shed,"You arrive in a shed. A normal one.

You lean against the wall, inadvertently pressing a secret button. The wall opens up to reveal a toolbox. I mean, just wow! Isn't TextWorld just the best? The toolbox is empty! What a waste of a day! You see a workbench. The workbench is wooden. However, the workbench, like an empty workbench, has nothing on it.

There is an open wooden door leading south.",You are carrying: a block of cheese.,0 of 16,0.0,False,
38,,,I should go south through the open wooden door to continue exploring and find the kitchen or cookbook for the recipe.,go south,,"Well, here we are in the backyard. You decide to start listing off everything you see in the room, as if you were in a text adventure.

You lean against the wall, inadvertently pressing a secret button. The wall opens up to reveal a patio table. Looks like someone's already been here and taken everything off it, though. You see a gleam over in a corner, where you can see a patio chair. The patio chair is stylish. But oh no! there's nothing on this piece of trash. You can make out a closed BBQ.

There is an open wooden door leading north. There is a closed sliding patio door leading west. There is an exit to the east.",Backyard,"Well, here we are in the backyard. You decide to start listing off everything you see in the room, as if you were in a text adventure.

You lean against the wall, inadvertently pressing a secret button. The wall opens up to reveal a patio table. Looks like someone's already been here and taken everything off it, though. You see a gleam over in a corner, where you can see a patio chair. The patio chair is stylish. But oh no! there's nothing on this piece of trash. You can make out a closed BBQ.

There is an open wooden door leading north. There is a closed sliding patio door leading west. There is an exit to the east.",You are carrying: a block of cheese.,0 of 16,0.0,False,
39,,,I should go north through the open wooden door to see if it leads to the kitchen where the cookbook might be.,go north,,"You arrive in a shed. A normal one.

You lean against the wall, inadvertently pressing a secret button. The wall opens up to reveal a toolbox. I mean, just wow! Isn't TextWorld just the best? The toolbox is empty! What a waste of a day! You see a workbench. The workbench is wooden. However, the workbench, like an empty workbench, has nothing on it.

There is an open wooden door leading south.",Shed,"You arrive in a shed. A normal one.

You lean against the wall, inadvertently pressing a secret button. The wall opens up to reveal a toolbox. I mean, just wow! Isn't TextWorld just the best? The toolbox is empty! What a waste of a day! You see a workbench. The workbench is wooden. However, the workbench, like an empty workbench, has nothing on it.

There is an open wooden door leading south.",You are carrying: a block of cheese.,0 of 16,0.0,False,
40,,,I should go south through the open wooden door to continue exploring and find the kitchen or cookbook for the recipe.,go south,,"Well, here we are in the backyard. You decide to start listing off everything you see in the room, as if you were in a text adventure.

You lean against the wall, inadvertently pressing a secret button. The wall opens up to reveal a patio table. Looks like someone's already been here and taken everything off it, though. You see a gleam over in a corner, where you can see a patio chair. The patio chair is stylish. But oh no! there's nothing on this piece of trash. You can make out a closed BBQ.

There is an open wooden door leading north. There is a closed sliding patio door leading west. There is an exit to the east.",Backyard,"Well, here we are in the backyard. You decide to start listing off everything you see in the room, as if you were in a text adventure.

You lean against the wall, inadvertently pressing a secret button. The wall opens up to reveal a patio table. Looks like someone's already been here and taken everything off it, though. You see a gleam over in a corner, where you can see a patio chair. The patio chair is stylish. But oh no! there's nothing on this piece of trash. You can make out a closed BBQ.

There is an open wooden door leading north. There is a closed sliding patio door leading west. There is an exit to the east.",You are carrying: a block of cheese.,0 of 16,0.0,False,
41,,,I should go north through the open wooden door to explore further and possibly find the kitchen or the cookbook for the recipe.,go north,,"You arrive in a shed. A normal one.

You lean against the wall, inadvertently pressing a secret button. The wall opens up to reveal a toolbox. I mean, just wow! Isn't TextWorld just the best? The toolbox is empty! What a waste of a day! You see a workbench. The workbench is wooden. However, the workbench, like an empty workbench, has nothing on it.

There is an open wooden door leading south.",Shed,"You arrive in a shed. A normal one.

You lean against the wall, inadvertently pressing a secret button. The wall opens up to reveal a toolbox. I mean, just wow! Isn't TextWorld just the best? The toolbox is empty! What a waste of a day! You see a workbench. The workbench is wooden. However, the workbench, like an empty workbench, has nothing on it.

There is an open wooden door leading south.",You are carrying: a block of cheese.,0 of 16,0.0,False,
42,,,I should go south to leave the shed and head towards the kitchen to check the cookbook for the recipe.,go south,,"Well, here we are in the backyard. You decide to start listing off everything you see in the room, as if you were in a text adventure.

You lean against the wall, inadvertently pressing a secret button. The wall opens up to reveal a patio table. Looks like someone's already been here and taken everything off it, though. You see a gleam over in a corner, where you can see a patio chair. The patio chair is stylish. But oh no! there's nothing on this piece of trash. You can make out a closed BBQ.

There is an open wooden door leading north. There is a closed sliding patio door leading west. There is an exit to the east.",Backyard,"Well, here we are in the backyard. You decide to start listing off everything you see in the room, as if you were in a text adventure.

You lean against the wall, inadvertently pressing a secret button. The wall opens up to reveal a patio table. Looks like someone's already been here and taken everything off it, though. You see a gleam over in a corner, where you can see a patio chair. The patio chair is stylish. But oh no! there's nothing on this piece of trash. You can make out a closed BBQ.

There is an open wooden door leading north. There is a closed sliding patio door leading west. There is an exit to the east.",You are carrying: a block of cheese.,0 of 16,0.0,False,
43,,,I should go north through the open wooden door to find the kitchen and check the cookbook for the recipe.,go north,,"You arrive in a shed. A normal one.

You lean against the wall, inadvertently pressing a secret button. The wall opens up to reveal a toolbox. I mean, just wow! Isn't TextWorld just the best? The toolbox is empty! What a waste of a day! You see a workbench. The workbench is wooden. However, the workbench, like an empty workbench, has nothing on it.

There is an open wooden door leading south.",Shed,"You arrive in a shed. A normal one.

You lean against the wall, inadvertently pressing a secret button. The wall opens up to reveal a toolbox. I mean, just wow! Isn't TextWorld just the best? The toolbox is empty! What a waste of a day! You see a workbench. The workbench is wooden. However, the workbench, like an empty workbench, has nothing on it.

There is an open wooden door leading south.",You are carrying: a block of cheese.,0 of 16,0.0,False,
44,,,I should go south to leave the shed and continue exploring to find the kitchen where the cookbook might be.,go south,,"Well, here we are in the backyard. You decide to start listing off everything you see in the room, as if you were in a text adventure.

You lean against the wall, inadvertently pressing a secret button. The wall opens up to reveal a patio table. Looks like someone's already been here and taken everything off it, though. You see a gleam over in a corner, where you can see a patio chair. The patio chair is stylish. But oh no! there's nothing on this piece of trash. You can make out a closed BBQ.

There is an open wooden door leading north. There is a closed sliding patio door leading west. There is an exit to the east.",Backyard,"Well, here we are in the backyard. You decide to start listing off everything you see in the room, as if you were in a text adventure.

You lean against the wall, inadvertently pressing a secret button. The wall opens up to reveal a patio table. Looks like someone's already been here and taken everything off it, though. You see a gleam over in a corner, where you can see a patio chair. The patio chair is stylish. But oh no! there's nothing on this piece of trash. You can make out a closed BBQ.

There is an open wooden door leading north. There is a closed sliding patio door leading west. There is an exit to the east.",You are carrying: a block of cheese.,0 of 16,0.0,False,
45,,,I should go north through the open wooden door to see if it leads to the kitchen where the cookbook might be.,go north,,"You arrive in a shed. A normal one.

You lean against the wall, inadvertently pressing a secret button. The wall opens up to reveal a toolbox. I mean, just wow! Isn't TextWorld just the best? The toolbox is empty! What a waste of a day! You see a workbench. The workbench is wooden. However, the workbench, like an empty workbench, has nothing on it.

There is an open wooden door leading south.",Shed,"You arrive in a shed. A normal one.

You lean against the wall, inadvertently pressing a secret button. The wall opens up to reveal a toolbox. I mean, just wow! Isn't TextWorld just the best? The toolbox is empty! What a waste of a day! You see a workbench. The workbench is wooden. However, the workbench, like an empty workbench, has nothing on it.

There is an open wooden door leading south.",You are carrying: a block of cheese.,0 of 16,0.0,False,
46,,,I should go south through the open wooden door to explore more and find the kitchen or cookbook for the recipe.,go south,,"Well, here we are in the backyard. You decide to start listing off everything you see in the room, as if you were in a text adventure.

You lean against the wall, inadvertently pressing a secret button. The wall opens up to reveal a patio table. Looks like someone's already been here and taken everything off it, though. You see a gleam over in a corner, where you can see a patio chair. The patio chair is stylish. But oh no! there's nothing on this piece of trash. You can make out a closed BBQ.

There is an open wooden door leading north. There is a closed sliding patio door leading west. There is an exit to the east.",Backyard,"Well, here we are in the backyard. You decide to start listing off everything you see in the room, as if you were in a text adventure.

You lean against the wall, inadvertently pressing a secret button. The wall opens up to reveal a patio table. Looks like someone's already been here and taken everything off it, though. You see a gleam over in a corner, where you can see a patio chair. The patio chair is stylish. But oh no! there's nothing on this piece of trash. You can make out a closed BBQ.

There is an open wooden door leading north. There is a closed sliding patio door leading west. There is an exit to the east.",You are carrying: a block of cheese.,0 of 16,0.0,False,
47,,,I should go north through the open wooden door to see if I can find the kitchen where the cookbook might be.,go north,,"You arrive in a shed. A normal one.

You lean against the wall, inadvertently pressing a secret button. The wall opens up to reveal a toolbox. I mean, just wow! Isn't TextWorld just the best? The toolbox is empty! What a waste of a day! You see a workbench. The workbench is wooden. However, the workbench, like an empty workbench, has nothing on it.

There is an open wooden door leading south.",Shed,"You arrive in a shed. A normal one.

You lean against the wall, inadvertently pressing a secret button. The wall opens up to reveal a toolbox. I mean, just wow! Isn't TextWorld just the best? The toolbox is empty! What a waste of a day! You see a workbench. The workbench is wooden. However, the workbench, like an empty workbench, has nothing on it.

There is an open wooden door leading south.",You are carrying: a block of cheese.,0 of 16,0.0,False,
48,,,I should go south through the open wooden door to continue exploring and find the kitchen with the cookbook.,go south,,"Well, here we are in the backyard. You decide to start listing off everything you see in the room, as if you were in a text adventure.

You lean against the wall, inadvertently pressing a secret button. The wall opens up to reveal a patio table. Looks like someone's already been here and taken everything off it, though. You see a gleam over in a corner, where you can see a patio chair. The patio chair is stylish. But oh no! there's nothing on this piece of trash. You can make out a closed BBQ.

There is an open wooden door leading north. There is a closed sliding patio door leading west. There is an exit to the east.",Backyard,"Well, here we are in the backyard. You decide to start listing off everything you see in the room, as if you were in a text adventure.

You lean against the wall, inadvertently pressing a secret button. The wall opens up to reveal a patio table. Looks like someone's already been here and taken everything off it, though. You see a gleam over in a corner, where you can see a patio chair. The patio chair is stylish. But oh no! there's nothing on this piece of trash. You can make out a closed BBQ.

There is an open wooden door leading north. There is a closed sliding patio door leading west. There is an exit to the east.",You are carrying: a block of cheese.,0 of 16,0.0,False,
49,,,I should go north through the open wooden door to see if it leads to the kitchen where the cookbook might be.,go north,,"You arrive in a shed. A normal one.

You lean against the wall, inadvertently pressing a secret button. The wall opens up to reveal a toolbox. I mean, just wow! Isn't TextWorld just the best? The toolbox is empty! What a waste of a day! You see a workbench. The workbench is wooden. However, the workbench, like an empty workbench, has nothing on it.

There is an open wooden door leading south.",Shed,"You arrive in a shed. A normal one.

You lean against the wall, inadvertently pressing a secret button. The wall opens up to reveal a toolbox. I mean, just wow! Isn't TextWorld just the best? The toolbox is empty! What a waste of a day! You see a workbench. The workbench is wooden. However, the workbench, like an empty workbench, has nothing on it.

There is an open wooden door leading south.",You are carrying: a block of cheese.,0 of 16,0.0,False,
50,,,I should go south through the open wooden door to explore more and find the kitchen or cookbook for the recipe.,go south,,"Well, here we are in the backyard. You decide to start listing off everything you see in the room, as if you were in a text adventure.

You lean against the wall, inadvertently pressing a secret button. The wall opens up to reveal a patio table. Looks like someone's already been here and taken everything off it, though. You see a gleam over in a corner, where you can see a patio chair. The patio chair is stylish. But oh no! there's nothing on this piece of trash. You can make out a closed BBQ.

There is an open wooden door leading north. There is a closed sliding patio door leading west. There is an exit to the east.",Backyard,"Well, here we are in the backyard. You decide to start listing off everything you see in the room, as if you were in a text adventure.

You lean against the wall, inadvertently pressing a secret button. The wall opens up to reveal a patio table. Looks like someone's already been here and taken everything off it, though. You see a gleam over in a corner, where you can see a patio chair. The patio chair is stylish. But oh no! there's nothing on this piece of trash. You can make out a closed BBQ.

There is an open wooden door leading north. There is a closed sliding patio door leading west. There is an exit to the east.",You are carrying: a block of cheese.,0 of 16,0.0,False,
51,,,I should go north through the open wooden door to explore further and find the kitchen where the cookbook might be.,go north,,"You arrive in a shed. A normal one.

You lean against the wall, inadvertently pressing a secret button. The wall opens up to reveal a toolbox. I mean, just wow! Isn't TextWorld just the best? The toolbox is empty! What a waste of a day! You see a workbench. The workbench is wooden. However, the workbench, like an empty workbench, has nothing on it.

There is an open wooden door leading south.",Shed,"You arrive in a shed. A normal one.

You lean against the wall, inadvertently pressing a secret button. The wall opens up to reveal a toolbox. I mean, just wow! Isn't TextWorld just the best? The toolbox is empty! What a waste of a day! You see a workbench. The workbench is wooden. However, the workbench, like an empty workbench, has nothing on it.

There is an open wooden door leading south.",You are carrying: a block of cheese.,0 of 16,0.0,False,
52,,,I should go south to leave the shed and continue exploring the kitchen to find the cookbook for the recipe.,go south,,"Well, here we are in the backyard. You decide to start listing off everything you see in the room, as if you were in a text adventure.

You lean against the wall, inadvertently pressing a secret button. The wall opens up to reveal a patio table. Looks like someone's already been here and taken everything off it, though. You see a gleam over in a corner, where you can see a patio chair. The patio chair is stylish. But oh no! there's nothing on this piece of trash. You can make out a closed BBQ.

There is an open wooden door leading north. There is a closed sliding patio door leading west. There is an exit to the east.",Backyard,"Well, here we are in the backyard. You decide to start listing off everything you see in the room, as if you were in a text adventure.

You lean against the wall, inadvertently pressing a secret button. The wall opens up to reveal a patio table. Looks like someone's already been here and taken everything off it, though. You see a gleam over in a corner, where you can see a patio chair. The patio chair is stylish. But oh no! there's nothing on this piece of trash. You can make out a closed BBQ.

There is an open wooden door leading north. There is a closed sliding patio door leading west. There is an exit to the east.",You are carrying: a block of cheese.,0 of 16,0.0,False,
53,,,I should go north through the open wooden door to explore further and find the kitchen where the cookbook might be.,go north,,"You arrive in a shed. A normal one.

You lean against the wall, inadvertently pressing a secret button. The wall opens up to reveal a toolbox. I mean, just wow! Isn't TextWorld just the best? The toolbox is empty! What a waste of a day! You see a workbench. The workbench is wooden. However, the workbench, like an empty workbench, has nothing on it.

There is an open wooden door leading south.",Shed,"You arrive in a shed. A normal one.

You lean against the wall, inadvertently pressing a secret button. The wall opens up to reveal a toolbox. I mean, just wow! Isn't TextWorld just the best? The toolbox is empty! What a waste of a day! You see a workbench. The workbench is wooden. However, the workbench, like an empty workbench, has nothing on it.

There is an open wooden door leading south.",You are carrying: a block of cheese.,0 of 16,0.0,False,
54,,,I should go south through the open wooden door to continue exploring and find the kitchen to check the cookbook for the recipe.,go south,,"Well, here we are in the backyard. You decide to start listing off everything you see in the room, as if you were in a text adventure.

You lean against the wall, inadvertently pressing a secret button. The wall opens up to reveal a patio table. Looks like someone's already been here and taken everything off it, though. You see a gleam over in a corner, where you can see a patio chair. The patio chair is stylish. But oh no! there's nothing on this piece of trash. You can make out a closed BBQ.

There is an open wooden door leading north. There is a closed sliding patio door leading west. There is an exit to the east.",Backyard,"Well, here we are in the backyard. You decide to start listing off everything you see in the room, as if you were in a text adventure.

You lean against the wall, inadvertently pressing a secret button. The wall opens up to reveal a patio table. Looks like someone's already been here and taken everything off it, though. You see a gleam over in a corner, where you can see a patio chair. The patio chair is stylish. But oh no! there's nothing on this piece of trash. You can make out a closed BBQ.

There is an open wooden door leading north. There is a closed sliding patio door leading west. There is an exit to the east.",You are carrying: a block of cheese.,0 of 16,0.0,False,
55,,,I should go north through the open wooden door to see if it leads to the kitchen where the cookbook might be.,go north,,"You arrive in a shed. A normal one.

You lean against the wall, inadvertently pressing a secret button. The wall opens up to reveal a toolbox. I mean, just wow! Isn't TextWorld just the best? The toolbox is empty! What a waste of a day! You see a workbench. The workbench is wooden. However, the workbench, like an empty workbench, has nothing on it.

There is an open wooden door leading south.",Shed,"You arrive in a shed. A normal one.

You lean against the wall, inadvertently pressing a secret button. The wall opens up to reveal a toolbox. I mean, just wow! Isn't TextWorld just the best? The toolbox is empty! What a waste of a day! You see a workbench. The workbench is wooden. However, the workbench, like an empty workbench, has nothing on it.

There is an open wooden door leading south.",You are carrying: a block of cheese.,0 of 16,0.0,False,
56,,,I should go south through the open wooden door to explore more areas and find ingredients or tools to cook a delicious meal.,go south,,"Well, here we are in the backyard. You decide to start listing off everything you see in the room, as if you were in a text adventure.

You lean against the wall, inadvertently pressing a secret button. The wall opens up to reveal a patio table. Looks like someone's already been here and taken everything off it, though. You see a gleam over in a corner, where you can see a patio chair. The patio chair is stylish. But oh no! there's nothing on this piece of trash. You can make out a closed BBQ.

There is an open wooden door leading north. There is a closed sliding patio door leading west. There is an exit to the east.",Backyard,"Well, here we are in the backyard. You decide to start listing off everything you see in the room, as if you were in a text adventure.

You lean against the wall, inadvertently pressing a secret button. The wall opens up to reveal a patio table. Looks like someone's already been here and taken everything off it, though. You see a gleam over in a corner, where you can see a patio chair. The patio chair is stylish. But oh no! there's nothing on this piece of trash. You can make out a closed BBQ.

There is an open wooden door leading north. There is a closed sliding patio door leading west. There is an exit to the east.",You are carrying: a block of cheese.,0 of 16,0.0,False,
57,,,I should go north through the open wooden door to explore further and find the kitchen where the cookbook might be.,go north,,"You arrive in a shed. A normal one.

You lean against the wall, inadvertently pressing a secret button. The wall opens up to reveal a toolbox. I mean, just wow! Isn't TextWorld just the best? The toolbox is empty! What a waste of a day! You see a workbench. The workbench is wooden. However, the workbench, like an empty workbench, has nothing on it.

There is an open wooden door leading south.",Shed,"You arrive in a shed. A normal one.

You lean against the wall, inadvertently pressing a secret button. The wall opens up to reveal a toolbox. I mean, just wow! Isn't TextWorld just the best? The toolbox is empty! What a waste of a day! You see a workbench. The workbench is wooden. However, the workbench, like an empty workbench, has nothing on it.

There is an open wooden door leading south.",You are carrying: a block of cheese.,0 of 16,0.0,False,
58,,,I should go south through the open wooden door to continue exploring and find the kitchen to check the cookbook for the recipe.,go south,,"Well, here we are in the backyard. You decide to start listing off everything you see in the room, as if you were in a text adventure.

You lean against the wall, inadvertently pressing a secret button. The wall opens up to reveal a patio table. Looks like someone's already been here and taken everything off it, though. You see a gleam over in a corner, where you can see a patio chair. The patio chair is stylish. But oh no! there's nothing on this piece of trash. You can make out a closed BBQ.

There is an open wooden door leading north. There is a closed sliding patio door leading west. There is an exit to the east.",Backyard,"Well, here we are in the backyard. You decide to start listing off everything you see in the room, as if you were in a text adventure.

You lean against the wall, inadvertently pressing a secret button. The wall opens up to reveal a patio table. Looks like someone's already been here and taken everything off it, though. You see a gleam over in a corner, where you can see a patio chair. The patio chair is stylish. But oh no! there's nothing on this piece of trash. You can make out a closed BBQ.

There is an open wooden door leading north. There is a closed sliding patio door leading west. There is an exit to the east.",You are carrying: a block of cheese.,0 of 16,0.0,False,
59,,,I should go north through the open wooden door to see if it leads to the kitchen where the cookbook might be.,go north,,"You arrive in a shed. A normal one.

You lean against the wall, inadvertently pressing a secret button. The wall opens up to reveal a toolbox. I mean, just wow! Isn't TextWorld just the best? The toolbox is empty! What a waste of a day! You see a workbench. The workbench is wooden. However, the workbench, like an empty workbench, has nothing on it.

There is an open wooden door leading south.",Shed,"You arrive in a shed. A normal one.

You lean against the wall, inadvertently pressing a secret button. The wall opens up to reveal a toolbox. I mean, just wow! Isn't TextWorld just the best? The toolbox is empty! What a waste of a day! You see a workbench. The workbench is wooden. However, the workbench, like an empty workbench, has nothing on it.

There is an open wooden door leading south.",You are carrying: a block of cheese.,0 of 16,0.0,False,
60,,,I should go south through the open wooden door to explore more and find the kitchen or cookbook for the recipe.,go south,,"Well, here we are in the backyard. You decide to start listing off everything you see in the room, as if you were in a text adventure.

You lean against the wall, inadvertently pressing a secret button. The wall opens up to reveal a patio table. Looks like someone's already been here and taken everything off it, though. You see a gleam over in a corner, where you can see a patio chair. The patio chair is stylish. But oh no! there's nothing on this piece of trash. You can make out a closed BBQ.

There is an open wooden door leading north. There is a closed sliding patio door leading west. There is an exit to the east.",Backyard,"Well, here we are in the backyard. You decide to start listing off everything you see in the room, as if you were in a text adventure.

You lean against the wall, inadvertently pressing a secret button. The wall opens up to reveal a patio table. Looks like someone's already been here and taken everything off it, though. You see a gleam over in a corner, where you can see a patio chair. The patio chair is stylish. But oh no! there's nothing on this piece of trash. You can make out a closed BBQ.

There is an open wooden door leading north. There is a closed sliding patio door leading west. There is an exit to the east.",You are carrying: a block of cheese.,0 of 16,0.0,False,
61,,,I should go north through the open wooden door to see if I can find the kitchen where the cookbook might be.,go north,,"You arrive in a shed. A normal one.

You lean against the wall, inadvertently pressing a secret button. The wall opens up to reveal a toolbox. I mean, just wow! Isn't TextWorld just the best? The toolbox is empty! What a waste of a day! You see a workbench. The workbench is wooden. However, the workbench, like an empty workbench, has nothing on it.

There is an open wooden door leading south.",Shed,"You arrive in a shed. A normal one.

You lean against the wall, inadvertently pressing a secret button. The wall opens up to reveal a toolbox. I mean, just wow! Isn't TextWorld just the best? The toolbox is empty! What a waste of a day! You see a workbench. The workbench is wooden. However, the workbench, like an empty workbench, has nothing on it.

There is an open wooden door leading south.",You are carrying: a block of cheese.,0 of 16,0.0,False,
62,,,I should go south through the open wooden door to explore more and find the kitchen or cookbook for the recipe.,go south,,"Well, here we are in the backyard. You decide to start listing off everything you see in the room, as if you were in a text adventure.

You lean against the wall, inadvertently pressing a secret button. The wall opens up to reveal a patio table. Looks like someone's already been here and taken everything off it, though. You see a gleam over in a corner, where you can see a patio chair. The patio chair is stylish. But oh no! there's nothing on this piece of trash. You can make out a closed BBQ.

There is an open wooden door leading north. There is a closed sliding patio door leading west. There is an exit to the east.",Backyard,"Well, here we are in the backyard. You decide to start listing off everything you see in the room, as if you were in a text adventure.

You lean against the wall, inadvertently pressing a secret button. The wall opens up to reveal a patio table. Looks like someone's already been here and taken everything off it, though. You see a gleam over in a corner, where you can see a patio chair. The patio chair is stylish. But oh no! there's nothing on this piece of trash. You can make out a closed BBQ.

There is an open wooden door leading north. There is a closed sliding patio door leading west. There is an exit to the east.",You are carrying: a block of cheese.,0 of 16,0.0,False,
63,,,I should go north through the open wooden door to see if I can find the kitchen where the cookbook might be.,go north,,"You arrive in a shed. A normal one.

You lean against the wall, inadvertently pressing a secret button. The wall opens up to reveal a toolbox. I mean, just wow! Isn't TextWorld just the best? The toolbox is empty! What a waste of a day! You see a workbench. The workbench is wooden. However, the workbench, like an empty workbench, has nothing on it.

There is an open wooden door leading south.",Shed,"You arrive in a shed. A normal one.

You lean against the wall, inadvertently pressing a secret button. The wall opens up to reveal a toolbox. I mean, just wow! Isn't TextWorld just the best? The toolbox is empty! What a waste of a day! You see a workbench. The workbench is wooden. However, the workbench, like an empty workbench, has nothing on it.

There is an open wooden door leading south.",You are carrying: a block of cheese.,0 of 16,0.0,False,
64,,,I should go south to leave the shed and continue exploring to find the kitchen and the cookbook for the recipe.,go south,,"Well, here we are in the backyard. You decide to start listing off everything you see in the room, as if you were in a text adventure.

You lean against the wall, inadvertently pressing a secret button. The wall opens up to reveal a patio table. Looks like someone's already been here and taken everything off it, though. You see a gleam over in a corner, where you can see a patio chair. The patio chair is stylish. But oh no! there's nothing on this piece of trash. You can make out a closed BBQ.

There is an open wooden door leading north. There is a closed sliding patio door leading west. There is an exit to the east.",Backyard,"Well, here we are in the backyard. You decide to start listing off everything you see in the room, as if you were in a text adventure.

You lean against the wall, inadvertently pressing a secret button. The wall opens up to reveal a patio table. Looks like someone's already been here and taken everything off it, though. You see a gleam over in a corner, where you can see a patio chair. The patio chair is stylish. But oh no! there's nothing on this piece of trash. You can make out a closed BBQ.

There is an open wooden door leading north. There is a closed sliding patio door leading west. There is an exit to the east.",You are carrying: a block of cheese.,0 of 16,0.0,False,
65,,,I should go north through the open wooden door to see if it leads to the kitchen where the cookbook might be.,go north,,"You arrive in a shed. A normal one.

You lean against the wall, inadvertently pressing a secret button. The wall opens up to reveal a toolbox. I mean, just wow! Isn't TextWorld just the best? The toolbox is empty! What a waste of a day! You see a workbench. The workbench is wooden. However, the workbench, like an empty workbench, has nothing on it.

There is an open wooden door leading south.",Shed,"You arrive in a shed. A normal one.

You lean against the wall, inadvertently pressing a secret button. The wall opens up to reveal a toolbox. I mean, just wow! Isn't TextWorld just the best? The toolbox is empty! What a waste of a day! You see a workbench. The workbench is wooden. However, the workbench, like an empty workbench, has nothing on it.

There is an open wooden door leading south.",You are carrying: a block of cheese.,0 of 16,0.0,False,
66,,,I should go south through the open wooden door to explore more and find the kitchen or cookbook for the recipe.,go south,,"Well, here we are in the backyard. You decide to start listing off everything you see in the room, as if you were in a text adventure.

You lean against the wall, inadvertently pressing a secret button. The wall opens up to reveal a patio table. Looks like someone's already been here and taken everything off it, though. You see a gleam over in a corner, where you can see a patio chair. The patio chair is stylish. But oh no! there's nothing on this piece of trash. You can make out a closed BBQ.

There is an open wooden door leading north. There is a closed sliding patio door leading west. There is an exit to the east.",Backyard,"Well, here we are in the backyard. You decide to start listing off everything you see in the room, as if you were in a text adventure.

You lean against the wall, inadvertently pressing a secret button. The wall opens up to reveal a patio table. Looks like someone's already been here and taken everything off it, though. You see a gleam over in a corner, where you can see a patio chair. The patio chair is stylish. But oh no! there's nothing on this piece of trash. You can make out a closed BBQ.

There is an open wooden door leading north. There is a closed sliding patio door leading west. There is an exit to the east.",You are carrying: a block of cheese.,0 of 16,0.0,False,
67,,,I should go north through the open wooden door to explore further and find the kitchen or cookbook for the recipe.,go north,,"You arrive in a shed. A normal one.

You lean against the wall, inadvertently pressing a secret button. The wall opens up to reveal a toolbox. I mean, just wow! Isn't TextWorld just the best? The toolbox is empty! What a waste of a day! You see a workbench. The workbench is wooden. However, the workbench, like an empty workbench, has nothing on it.

There is an open wooden door leading south.",Shed,"You arrive in a shed. A normal one.

You lean against the wall, inadvertently pressing a secret button. The wall opens up to reveal a toolbox. I mean, just wow! Isn't TextWorld just the best? The toolbox is empty! What a waste of a day! You see a workbench. The workbench is wooden. However, the workbench, like an empty workbench, has nothing on it.

There is an open wooden door leading south.",You are carrying: a block of cheese.,0 of 16,0.0,False,
68,,,I should go south through the open wooden door to continue exploring and find the kitchen where the cookbook might be.,go south,,"Well, here we are in the backyard. You decide to start listing off everything you see in the room, as if you were in a text adventure.

You lean against the wall, inadvertently pressing a secret button. The wall opens up to reveal a patio table. Looks like someone's already been here and taken everything off it, though. You see a gleam over in a corner, where you can see a patio chair. The patio chair is stylish. But oh no! there's nothing on this piece of trash. You can make out a closed BBQ.

There is an open wooden door leading north. There is a closed sliding patio door leading west. There is an exit to the east.",Backyard,"Well, here we are in the backyard. You decide to start listing off everything you see in the room, as if you were in a text adventure.

You lean against the wall, inadvertently pressing a secret button. The wall opens up to reveal a patio table. Looks like someone's already been here and taken everything off it, though. You see a gleam over in a corner, where you can see a patio chair. The patio chair is stylish. But oh no! there's nothing on this piece of trash. You can make out a closed BBQ.

There is an open wooden door leading north. There is a closed sliding patio door leading west. There is an exit to the east.",You are carrying: a block of cheese.,0 of 16,0.0,False,
69,,,I should go north through the open wooden door to explore further and possibly find the kitchen or the cookbook for the recipe.,go north,,"You arrive in a shed. A normal one.

You lean against the wall, inadvertently pressing a secret button. The wall opens up to reveal a toolbox. I mean, just wow! Isn't TextWorld just the best? The toolbox is empty! What a waste of a day! You see a workbench. The workbench is wooden. However, the workbench, like an empty workbench, has nothing on it.

There is an open wooden door leading south.",Shed,"You arrive in a shed. A normal one.

You lean against the wall, inadvertently pressing a secret button. The wall opens up to reveal a toolbox. I mean, just wow! Isn't TextWorld just the best? The toolbox is empty! What a waste of a day! You see a workbench. The workbench is wooden. However, the workbench, like an empty workbench, has nothing on it.

There is an open wooden door leading south.",You are carrying: a block of cheese.,0 of 16,0.0,False,
70,,,I should go south to leave the shed and find the kitchen where the cookbook might be.,go south,,"Well, here we are in the backyard. You decide to start listing off everything you see in the room, as if you were in a text adventure.

You lean against the wall, inadvertently pressing a secret button. The wall opens up to reveal a patio table. Looks like someone's already been here and taken everything off it, though. You see a gleam over in a corner, where you can see a patio chair. The patio chair is stylish. But oh no! there's nothing on this piece of trash. You can make out a closed BBQ.

There is an open wooden door leading north. There is a closed sliding patio door leading west. There is an exit to the east.",Backyard,"Well, here we are in the backyard. You decide to start listing off everything you see in the room, as if you were in a text adventure.

You lean against the wall, inadvertently pressing a secret button. The wall opens up to reveal a patio table. Looks like someone's already been here and taken everything off it, though. You see a gleam over in a corner, where you can see a patio chair. The patio chair is stylish. But oh no! there's nothing on this piece of trash. You can make out a closed BBQ.

There is an open wooden door leading north. There is a closed sliding patio door leading west. There is an exit to the east.",You are carrying: a block of cheese.,0 of 16,0.0,False,
71,,,I should go north through the open wooden door to explore further and find the kitchen where the cookbook might be.,go north,,"You arrive in a shed. A normal one.

You lean against the wall, inadvertently pressing a secret button. The wall opens up to reveal a toolbox. I mean, just wow! Isn't TextWorld just the best? The toolbox is empty! What a waste of a day! You see a workbench. The workbench is wooden. However, the workbench, like an empty workbench, has nothing on it.

There is an open wooden door leading south.",Shed,"You arrive in a shed. A normal one.

You lean against the wall, inadvertently pressing a secret button. The wall opens up to reveal a toolbox. I mean, just wow! Isn't TextWorld just the best? The toolbox is empty! What a waste of a day! You see a workbench. The workbench is wooden. However, the workbench, like an empty workbench, has nothing on it.

There is an open wooden door leading south.",You are carrying: a block of cheese.,0 of 16,0.0,False,
72,,,I should go south through the open wooden door to explore more and find the kitchen or cookbook for the recipe.,go south,,"Well, here we are in the backyard. You decide to start listing off everything you see in the room, as if you were in a text adventure.

You lean against the wall, inadvertently pressing a secret button. The wall opens up to reveal a patio table. Looks like someone's already been here and taken everything off it, though. You see a gleam over in a corner, where you can see a patio chair. The patio chair is stylish. But oh no! there's nothing on this piece of trash. You can make out a closed BBQ.

There is an open wooden door leading north. There is a closed sliding patio door leading west. There is an exit to the east.",Backyard,"Well, here we are in the backyard. You decide to start listing off everything you see in the room, as if you were in a text adventure.

You lean against the wall, inadvertently pressing a secret button. The wall opens up to reveal a patio table. Looks like someone's already been here and taken everything off it, though. You see a gleam over in a corner, where you can see a patio chair. The patio chair is stylish. But oh no! there's nothing on this piece of trash. You can make out a closed BBQ.

There is an open wooden door leading north. There is a closed sliding patio door leading west. There is an exit to the east.",You are carrying: a block of cheese.,0 of 16,0.0,False,
73,,,I should go north through the open wooden door to see if it leads to the kitchen where the cookbook might be.,go north,,"You arrive in a shed. A normal one.

You lean against the wall, inadvertently pressing a secret button. The wall opens up to reveal a toolbox. I mean, just wow! Isn't TextWorld just the best? The toolbox is empty! What a waste of a day! You see a workbench. The workbench is wooden. However, the workbench, like an empty workbench, has nothing on it.

There is an open wooden door leading south.",Shed,"You arrive in a shed. A normal one.

You lean against the wall, inadvertently pressing a secret button. The wall opens up to reveal a toolbox. I mean, just wow! Isn't TextWorld just the best? The toolbox is empty! What a waste of a day! You see a workbench. The workbench is wooden. However, the workbench, like an empty workbench, has nothing on it.

There is an open wooden door leading south.",You are carrying: a block of cheese.,0 of 16,0.0,False,
74,,,I should go south through the open wooden door to explore more and find the kitchen or cookbook for the recipe.,go south,,"Well, here we are in the backyard. You decide to start listing off everything you see in the room, as if you were in a text adventure.

You lean against the wall, inadvertently pressing a secret button. The wall opens up to reveal a patio table. Looks like someone's already been here and taken everything off it, though. You see a gleam over in a corner, where you can see a patio chair. The patio chair is stylish. But oh no! there's nothing on this piece of trash. You can make out a closed BBQ.

There is an open wooden door leading north. There is a closed sliding patio door leading west. There is an exit to the east.",Backyard,"Well, here we are in the backyard. You decide to start listing off everything you see in the room, as if you were in a text adventure.

You lean against the wall, inadvertently pressing a secret button. The wall opens up to reveal a patio table. Looks like someone's already been here and taken everything off it, though. You see a gleam over in a corner, where you can see a patio chair. The patio chair is stylish. But oh no! there's nothing on this piece of trash. You can make out a closed BBQ.

There is an open wooden door leading north. There is a closed sliding patio door leading west. There is an exit to the east.",You are carrying: a block of cheese.,0 of 16,0.0,False,
75,,,I should go north through the open wooden door to explore further and possibly find the kitchen or the cookbook for the recipe.,go north,,"You arrive in a shed. A normal one.

You lean against the wall, inadvertently pressing a secret button. The wall opens up to reveal a toolbox. I mean, just wow! Isn't TextWorld just the best? The toolbox is empty! What a waste of a day! You see a workbench. The workbench is wooden. However, the workbench, like an empty workbench, has nothing on it.

There is an open wooden door leading south.",Shed,"You arrive in a shed. A normal one.

You lean against the wall, inadvertently pressing a secret button. The wall opens up to reveal a toolbox. I mean, just wow! Isn't TextWorld just the best? The toolbox is empty! What a waste of a day! You see a workbench. The workbench is wooden. However, the workbench, like an empty workbench, has nothing on it.

There is an open wooden door leading south.",You are carrying: a block of cheese.,0 of 16,0.0,False,
76,,,I should go south through the open wooden door to explore more and find the kitchen or cookbook for the recipe.,go south,,"Well, here we are in the backyard. You decide to start listing off everything you see in the room, as if you were in a text adventure.

You lean against the wall, inadvertently pressing a secret button. The wall opens up to reveal a patio table. Looks like someone's already been here and taken everything off it, though. You see a gleam over in a corner, where you can see a patio chair. The patio chair is stylish. But oh no! there's nothing on this piece of trash. You can make out a closed BBQ.

There is an open wooden door leading north. There is a closed sliding patio door leading west. There is an exit to the east.",Backyard,"Well, here we are in the backyard. You decide to start listing off everything you see in the room, as if you were in a text adventure.

You lean against the wall, inadvertently pressing a secret button. The wall opens up to reveal a patio table. Looks like someone's already been here and taken everything off it, though. You see a gleam over in a corner, where you can see a patio chair. The patio chair is stylish. But oh no! there's nothing on this piece of trash. You can make out a closed BBQ.

There is an open wooden door leading north. There is a closed sliding patio door leading west. There is an exit to the east.",You are carrying: a block of cheese.,0 of 16,0.0,False,
77,,,I should go north through the open wooden door to explore further and find the kitchen or the cookbook for the recipe.,go north,,"You arrive in a shed. A normal one.

You lean against the wall, inadvertently pressing a secret button. The wall opens up to reveal a toolbox. I mean, just wow! Isn't TextWorld just the best? The toolbox is empty! What a waste of a day! You see a workbench. The workbench is wooden. However, the workbench, like an empty workbench, has nothing on it.

There is an open wooden door leading south.",Shed,"You arrive in a shed. A normal one.

You lean against the wall, inadvertently pressing a secret button. The wall opens up to reveal a toolbox. I mean, just wow! Isn't TextWorld just the best? The toolbox is empty! What a waste of a day! You see a workbench. The workbench is wooden. However, the workbench, like an empty workbench, has nothing on it.

There is an open wooden door leading south.",You are carrying: a block of cheese.,0 of 16,0.0,False,
78,,,I should go south through the open wooden door to explore more and find the kitchen or cookbook for the recipe.,go south,,"Well, here we are in the backyard. You decide to start listing off everything you see in the room, as if you were in a text adventure.

You lean against the wall, inadvertently pressing a secret button. The wall opens up to reveal a patio table. Looks like someone's already been here and taken everything off it, though. You see a gleam over in a corner, where you can see a patio chair. The patio chair is stylish. But oh no! there's nothing on this piece of trash. You can make out a closed BBQ.

There is an open wooden door leading north. There is a closed sliding patio door leading west. There is an exit to the east.",Backyard,"Well, here we are in the backyard. You decide to start listing off everything you see in the room, as if you were in a text adventure.

You lean against the wall, inadvertently pressing a secret button. The wall opens up to reveal a patio table. Looks like someone's already been here and taken everything off it, though. You see a gleam over in a corner, where you can see a patio chair. The patio chair is stylish. But oh no! there's nothing on this piece of trash. You can make out a closed BBQ.

There is an open wooden door leading north. There is a closed sliding patio door leading west. There is an exit to the east.",You are carrying: a block of cheese.,0 of 16,0.0,False,
79,,,I should go north through the open wooden door to see if I can find the kitchen where the cookbook might be.,go north,,"You arrive in a shed. A normal one.

You lean against the wall, inadvertently pressing a secret button. The wall opens up to reveal a toolbox. I mean, just wow! Isn't TextWorld just the best? The toolbox is empty! What a waste of a day! You see a workbench. The workbench is wooden. However, the workbench, like an empty workbench, has nothing on it.

There is an open wooden door leading south.",Shed,"You arrive in a shed. A normal one.

You lean against the wall, inadvertently pressing a secret button. The wall opens up to reveal a toolbox. I mean, just wow! Isn't TextWorld just the best? The toolbox is empty! What a waste of a day! You see a workbench. The workbench is wooden. However, the workbench, like an empty workbench, has nothing on it.

There is an open wooden door leading south.",You are carrying: a block of cheese.,0 of 16,0.0,False,
80,,,I should go south to leave the shed and continue exploring for the kitchen to find the cookbook.,go south,,"Well, here we are in the backyard. You decide to start listing off everything you see in the room, as if you were in a text adventure.

You lean against the wall, inadvertently pressing a secret button. The wall opens up to reveal a patio table. Looks like someone's already been here and taken everything off it, though. You see a gleam over in a corner, where you can see a patio chair. The patio chair is stylish. But oh no! there's nothing on this piece of trash. You can make out a closed BBQ.

There is an open wooden door leading north. There is a closed sliding patio door leading west. There is an exit to the east.",Backyard,"Well, here we are in the backyard. You decide to start listing off everything you see in the room, as if you were in a text adventure.

You lean against the wall, inadvertently pressing a secret button. The wall opens up to reveal a patio table. Looks like someone's already been here and taken everything off it, though. You see a gleam over in a corner, where you can see a patio chair. The patio chair is stylish. But oh no! there's nothing on this piece of trash. You can make out a closed BBQ.

There is an open wooden door leading north. There is a closed sliding patio door leading west. There is an exit to the east.",You are carrying: a block of cheese.,0 of 16,0.0,False,
81,,,I should go north through the open wooden door to explore further and possibly find the kitchen or the cookbook for the recipe.,go north,,"You arrive in a shed. A normal one.

You lean against the wall, inadvertently pressing a secret button. The wall opens up to reveal a toolbox. I mean, just wow! Isn't TextWorld just the best? The toolbox is empty! What a waste of a day! You see a workbench. The workbench is wooden. However, the workbench, like an empty workbench, has nothing on it.

There is an open wooden door leading south.",Shed,"You arrive in a shed. A normal one.

You lean against the wall, inadvertently pressing a secret button. The wall opens up to reveal a toolbox. I mean, just wow! Isn't TextWorld just the best? The toolbox is empty! What a waste of a day! You see a workbench. The workbench is wooden. However, the workbench, like an empty workbench, has nothing on it.

There is an open wooden door leading south.",You are carrying: a block of cheese.,0 of 16,0.0,False,
82,,,I should go south through the open wooden door to explore more and find the kitchen or cookbook for the recipe.,go south,,"Well, here we are in the backyard. You decide to start listing off everything you see in the room, as if you were in a text adventure.

You lean against the wall, inadvertently pressing a secret button. The wall opens up to reveal a patio table. Looks like someone's already been here and taken everything off it, though. You see a gleam over in a corner, where you can see a patio chair. The patio chair is stylish. But oh no! there's nothing on this piece of trash. You can make out a closed BBQ.

There is an open wooden door leading north. There is a closed sliding patio door leading west. There is an exit to the east.",Backyard,"Well, here we are in the backyard. You decide to start listing off everything you see in the room, as if you were in a text adventure.

You lean against the wall, inadvertently pressing a secret button. The wall opens up to reveal a patio table. Looks like someone's already been here and taken everything off it, though. You see a gleam over in a corner, where you can see a patio chair. The patio chair is stylish. But oh no! there's nothing on this piece of trash. You can make out a closed BBQ.

There is an open wooden door leading north. There is a closed sliding patio door leading west. There is an exit to the east.",You are carrying: a block of cheese.,0 of 16,0.0,False,
83,,,I should go north through the open wooden door to see if I can find the kitchen where the cookbook might be.,go north,,"You arrive in a shed. A normal one.

You lean against the wall, inadvertently pressing a secret button. The wall opens up to reveal a toolbox. I mean, just wow! Isn't TextWorld just the best? The toolbox is empty! What a waste of a day! You see a workbench. The workbench is wooden. However, the workbench, like an empty workbench, has nothing on it.

There is an open wooden door leading south.",Shed,"You arrive in a shed. A normal one.

You lean against the wall, inadvertently pressing a secret button. The wall opens up to reveal a toolbox. I mean, just wow! Isn't TextWorld just the best? The toolbox is empty! What a waste of a day! You see a workbench. The workbench is wooden. However, the workbench, like an empty workbench, has nothing on it.

There is an open wooden door leading south.",You are carrying: a block of cheese.,0 of 16,0.0,False,
84,,,I should go south through the open wooden door to explore more and find the kitchen or cookbook for the recipe.,go south,,"Well, here we are in the backyard. You decide to start listing off everything you see in the room, as if you were in a text adventure.

You lean against the wall, inadvertently pressing a secret button. The wall opens up to reveal a patio table. Looks like someone's already been here and taken everything off it, though. You see a gleam over in a corner, where you can see a patio chair. The patio chair is stylish. But oh no! there's nothing on this piece of trash. You can make out a closed BBQ.

There is an open wooden door leading north. There is a closed sliding patio door leading west. There is an exit to the east.",Backyard,"Well, here we are in the backyard. You decide to start listing off everything you see in the room, as if you were in a text adventure.

You lean against the wall, inadvertently pressing a secret button. The wall opens up to reveal a patio table. Looks like someone's already been here and taken everything off it, though. You see a gleam over in a corner, where you can see a patio chair. The patio chair is stylish. But oh no! there's nothing on this piece of trash. You can make out a closed BBQ.

There is an open wooden door leading north. There is a closed sliding patio door leading west. There is an exit to the east.",You are carrying: a block of cheese.,0 of 16,0.0,False,
85,,,I should go north through the open wooden door to see if it leads to the kitchen where the cookbook might be.,go north,,"You arrive in a shed. A normal one.

You lean against the wall, inadvertently pressing a secret button. The wall opens up to reveal a toolbox. I mean, just wow! Isn't TextWorld just the best? The toolbox is empty! What a waste of a day! You see a workbench. The workbench is wooden. However, the workbench, like an empty workbench, has nothing on it.

There is an open wooden door leading south.",Shed,"You arrive in a shed. A normal one.

You lean against the wall, inadvertently pressing a secret button. The wall opens up to reveal a toolbox. I mean, just wow! Isn't TextWorld just the best? The toolbox is empty! What a waste of a day! You see a workbench. The workbench is wooden. However, the workbench, like an empty workbench, has nothing on it.

There is an open wooden door leading south.",You are carrying: a block of cheese.,0 of 16,0.0,False,
86,,,I should go south through the open wooden door to explore more and find the kitchen or cookbook for the recipe.,go south,,"Well, here we are in the backyard. You decide to start listing off everything you see in the room, as if you were in a text adventure.

You lean against the wall, inadvertently pressing a secret button. The wall opens up to reveal a patio table. Looks like someone's already been here and taken everything off it, though. You see a gleam over in a corner, where you can see a patio chair. The patio chair is stylish. But oh no! there's nothing on this piece of trash. You can make out a closed BBQ.

There is an open wooden door leading north. There is a closed sliding patio door leading west. There is an exit to the east.",Backyard,"Well, here we are in the backyard. You decide to start listing off everything you see in the room, as if you were in a text adventure.

You lean against the wall, inadvertently pressing a secret button. The wall opens up to reveal a patio table. Looks like someone's already been here and taken everything off it, though. You see a gleam over in a corner, where you can see a patio chair. The patio chair is stylish. But oh no! there's nothing on this piece of trash. You can make out a closed BBQ.

There is an open wooden door leading north. There is a closed sliding patio door leading west. There is an exit to the east.",You are carrying: a block of cheese.,0 of 16,0.0,False,
87,,,I should go north through the open wooden door to see if I can find the kitchen or the cookbook for the recipe.,go north,,"You arrive in a shed. A normal one.

You lean against the wall, inadvertently pressing a secret button. The wall opens up to reveal a toolbox. I mean, just wow! Isn't TextWorld just the best? The toolbox is empty! What a waste of a day! You see a workbench. The workbench is wooden. However, the workbench, like an empty workbench, has nothing on it.

There is an open wooden door leading south.",Shed,"You arrive in a shed. A normal one.

You lean against the wall, inadvertently pressing a secret button. The wall opens up to reveal a toolbox. I mean, just wow! Isn't TextWorld just the best? The toolbox is empty! What a waste of a day! You see a workbench. The workbench is wooden. However, the workbench, like an empty workbench, has nothing on it.

There is an open wooden door leading south.",You are carrying: a block of cheese.,0 of 16,0.0,False,
88,,,I should go south through the open wooden door to explore more and find the kitchen or cookbook for the recipe.,go south,,"Well, here we are in the backyard. You decide to start listing off everything you see in the room, as if you were in a text adventure.

You lean against the wall, inadvertently pressing a secret button. The wall opens up to reveal a patio table. Looks like someone's already been here and taken everything off it, though. You see a gleam over in a corner, where you can see a patio chair. The patio chair is stylish. But oh no! there's nothing on this piece of trash. You can make out a closed BBQ.

There is an open wooden door leading north. There is a closed sliding patio door leading west. There is an exit to the east.",Backyard,"Well, here we are in the backyard. You decide to start listing off everything you see in the room, as if you were in a text adventure.

You lean against the wall, inadvertently pressing a secret button. The wall opens up to reveal a patio table. Looks like someone's already been here and taken everything off it, though. You see a gleam over in a corner, where you can see a patio chair. The patio chair is stylish. But oh no! there's nothing on this piece of trash. You can make out a closed BBQ.

There is an open wooden door leading north. There is a closed sliding patio door leading west. There is an exit to the east.",You are carrying: a block of cheese.,0 of 16,0.0,False,
89,,,I should go north through the open wooden door to explore further and possibly find the kitchen or the cookbook for the recipe.,go north,,"You arrive in a shed. A normal one.

You lean against the wall, inadvertently pressing a secret button. The wall opens up to reveal a toolbox. I mean, just wow! Isn't TextWorld just the best? The toolbox is empty! What a waste of a day! You see a workbench. The workbench is wooden. However, the workbench, like an empty workbench, has nothing on it.

There is an open wooden door leading south.",Shed,"You arrive in a shed. A normal one.

You lean against the wall, inadvertently pressing a secret button. The wall opens up to reveal a toolbox. I mean, just wow! Isn't TextWorld just the best? The toolbox is empty! What a waste of a day! You see a workbench. The workbench is wooden. However, the workbench, like an empty workbench, has nothing on it.

There is an open wooden door leading south.",You are carrying: a block of cheese.,0 of 16,0.0,False,
90,,,I should go south through the open wooden door to explore more and find the kitchen or cookbook for the recipe.,go south,,"Well, here we are in the backyard. You decide to start listing off everything you see in the room, as if you were in a text adventure.

You lean against the wall, inadvertently pressing a secret button. The wall opens up to reveal a patio table. Looks like someone's already been here and taken everything off it, though. You see a gleam over in a corner, where you can see a patio chair. The patio chair is stylish. But oh no! there's nothing on this piece of trash. You can make out a closed BBQ.

There is an open wooden door leading north. There is a closed sliding patio door leading west. There is an exit to the east.",Backyard,"Well, here we are in the backyard. You decide to start listing off everything you see in the room, as if you were in a text adventure.

You lean against the wall, inadvertently pressing a secret button. The wall opens up to reveal a patio table. Looks like someone's already been here and taken everything off it, though. You see a gleam over in a corner, where you can see a patio chair. The patio chair is stylish. But oh no! there's nothing on this piece of trash. You can make out a closed BBQ.

There is an open wooden door leading north. There is a closed sliding patio door leading west. There is an exit to the east.",You are carrying: a block of cheese.,0 of 16,0.0,False,
91,,,I should go north through the open wooden door to see if I can find the kitchen where the cookbook might be.,go north,,"You arrive in a shed. A normal one.

You lean against the wall, inadvertently pressing a secret button. The wall opens up to reveal a toolbox. I mean, just wow! Isn't TextWorld just the best? The toolbox is empty! What a waste of a day! You see a workbench. The workbench is wooden. However, the workbench, like an empty workbench, has nothing on it.

There is an open wooden door leading south.",Shed,"You arrive in a shed. A normal one.

You lean against the wall, inadvertently pressing a secret button. The wall opens up to reveal a toolbox. I mean, just wow! Isn't TextWorld just the best? The toolbox is empty! What a waste of a day! You see a workbench. The workbench is wooden. However, the workbench, like an empty workbench, has nothing on it.

There is an open wooden door leading south.",You are carrying: a block of cheese.,0 of 16,0.0,True,
