step_id,plan,summary,thought,action,task,feedback,location,description,inventory,score,reward,is_done,error
0,,,,,"You are hungry! Let's cook a delicious meal. Check the cookbook in the kitchen for the recipe. Once done, enjoy your meal!",,Corridor,"You've entered a corridor.



There is a closed screen door leading south. You don't like doors? Why not try going east, that entranceway is not blocked by one. You don't like doors? Why not try going north, that entranceway is not blocked by one. You need an exit without a door? You should try going west.",You are carrying nothing.,0 of 17,0.0,False,
1,,,I should check the goal to understand what I need to do.,goal,,"You are hungry! Let's cook a delicious meal. Check the cookbook in the kitchen for the recipe. Once done, enjoy your meal!",Corridor,"You've entered a corridor.



There is a closed screen door leading south. You don't like doors? Why not try going east, that entranceway is not blocked by one. You don't like doors? Why not try going north, that entranceway is not blocked by one. You need an exit without a door? You should try going west.",You are carrying nothing.,0 of 17,0.0,False,
2,,,I should go north or east to find the kitchen and the cookbook.,go north,,"You arrive in a kitchen. An usual one. You start to take note of what's in the room.

You lean against the wall, inadvertently pressing a secret button. The wall opens up to reveal a fridge. You make out an oven. You can see a table. You see a cookbook and a knife on the table. You can see a counter. On the counter you can make out a raw purple potato, a red apple, a raw yellow potato and a red onion. You shudder, but continue examining the room. You see a stove. The stove is conventional. But the thing hasn't got anything on it.

There is a closed plain door leading west. You don't like doors? Why not try going east, that entranceway is not blocked by one. There is an exit to the south.",Kitchen,"You arrive in a kitchen. An usual one. You start to take note of what's in the room.

You lean against the wall, inadvertently pressing a secret button. The wall opens up to reveal a fridge. You make out an oven. You can see a table. You see a cookbook and a knife on the table. You can see a counter. On the counter you can make out a raw purple potato, a red apple, a raw yellow potato and a red onion. You shudder, but continue examining the room. You see a stove. The stove is conventional. But the thing hasn't got anything on it.

There is a closed plain door leading west. You don't like doors? Why not try going east, that entranceway is not blocked by one. There is an exit to the south.",You are carrying nothing.,0 of 17,0.0,False,
3,,,I should examine the cookbook on the table to find the recipe for a delicious meal.,examine cookbook,,"You open the copy of ""Cooking: A Modern Approach (3rd Ed.)"" and start reading:

Recipe #1
---------
Gather all following ingredients and follow the directions to prepare this tasty meal.

Ingredients:
carrot
  block of cheese
  red potato
  yellow bell pepper
  banana

Directions:
chop the carrot
  fry the carrot
  slice the block of cheese
  grill the block of cheese
  slice the red potato
  fry the red potato
  dice the yellow bell pepper
  roast the yellow bell pepper
  slice the banana
  fry the banana
  prepare meal",Kitchen,"You arrive in a kitchen. An usual one. You start to take note of what's in the room.

You lean against the wall, inadvertently pressing a secret button. The wall opens up to reveal a fridge. You make out an oven. You can see a table. You see a cookbook and a knife on the table. You can see a counter. On the counter you can make out a raw purple potato, a red apple, a raw yellow potato and a red onion. You shudder, but continue examining the room. You see a stove. The stove is conventional. But the thing hasn't got anything on it.

There is a closed plain door leading west. You don't like doors? Why not try going east, that entranceway is not blocked by one. There is an exit to the south.",You are carrying nothing.,0 of 17,0.0,False,
4,,,"I need to gather the ingredients from the kitchen that match the recipe: carrot, block of cheese, red potato, yellow bell pepper, and banana. I see a red potato on the counter, but no carrot, block of cheese, yellow bell pepper, or banana. I should check the fridge for the missing ingredients.",open fridge,,"You open the fridge, revealing a yellow bell pepper, a block of cheese and a raw pork chop.",Kitchen,"You arrive in a kitchen. An usual one. You start to take note of what's in the room.

You lean against the wall, inadvertently pressing a secret button. The wall opens up to reveal a fridge. The fridge contains a yellow bell pepper, a block of cheese and a raw pork chop. You make out an oven. You can see a table. You see a cookbook and a knife on the table. You can see a counter. On the counter you can make out a raw purple potato, a red apple, a raw yellow potato and a red onion. You shudder, but continue examining the room. You see a stove. The stove is conventional. But the thing hasn't got anything on it.

There is a closed plain door leading west. You don't like doors? Why not try going east, that entranceway is not blocked by one. There is an exit to the south.",You are carrying nothing.,0 of 17,0.0,False,
5,,,"I should take the yellow bell pepper and block of cheese from the fridge, and the red potato from the counter. I still need a carrot and a banana, which I haven't seen yet.",take yellow bell pepper from fridge,,"You take the yellow bell pepper from the fridge.



Your score has just gone up by one point.",Kitchen,"You arrive in a kitchen. An usual one. You start to take note of what's in the room.

You lean against the wall, inadvertently pressing a secret button. The wall opens up to reveal a fridge. The fridge contains a block of cheese and a raw pork chop. You make out an oven. You can see a table. You see a cookbook and a knife on the table. You can see a counter. On the counter you can make out a raw purple potato, a red apple, a raw yellow potato and a red onion. You shudder, but continue examining the room. You see a stove. The stove is conventional. But the thing hasn't got anything on it.

There is a closed plain door leading west. You don't like doors? Why not try going east, that entranceway is not blocked by one. There is an exit to the south.",You are carrying: a yellow bell pepper.,1 of 17,0.058823529411764705,False,
6,,,I should take the block of cheese from the fridge next.,take block of cheese from fridge,,"You take the block of cheese from the fridge.



Your score has just gone up by one point.",Kitchen,"You arrive in a kitchen. An usual one. You start to take note of what's in the room.

You lean against the wall, inadvertently pressing a secret button. The wall opens up to reveal a fridge. The fridge contains a raw pork chop. You make out an oven. You can see a table. You see a cookbook and a knife on the table. You can see a counter. On the counter you can make out a raw purple potato, a red apple, a raw yellow potato and a red onion. You shudder, but continue examining the room. You see a stove. The stove is conventional. But the thing hasn't got anything on it.

There is a closed plain door leading west. You don't like doors? Why not try going east, that entranceway is not blocked by one. There is an exit to the south.",You are carrying: a block of cheese and a yellow bell pepper.,2 of 17,0.11764705882352941,False,
7,,,I should take the red potato from the counter next.,take red potato from counter,,"Which do you mean, the red apple or the red onion?",Kitchen,"You arrive in a kitchen. An usual one. You start to take note of what's in the room.

You lean against the wall, inadvertently pressing a secret button. The wall opens up to reveal a fridge. The fridge contains a raw pork chop. You make out an oven. You can see a table. You see a cookbook and a knife on the table. You can see a counter. On the counter you can make out a raw purple potato, a red apple, a raw yellow potato and a red onion. You shudder, but continue examining the room. You see a stove. The stove is conventional. But the thing hasn't got anything on it.

There is a closed plain door leading west. You don't like doors? Why not try going east, that entranceway is not blocked by one. There is an exit to the south.",You are carrying: a block of cheese and a yellow bell pepper.,2 of 17,0.11764705882352941,False,
8,,,"I meant the red apple, but the recipe calls for a red potato. I should take the raw purple potato from the counter instead, as it is the closest to a potato.",take raw purple potato from counter,,You take the purple potato from the counter.,Kitchen,"You arrive in a kitchen. An usual one. You start to take note of what's in the room.

You lean against the wall, inadvertently pressing a secret button. The wall opens up to reveal a fridge. The fridge contains a raw pork chop. You make out an oven. You can see a table. You see a cookbook and a knife on the table. You can see a counter. On the counter you can make out a red apple, a raw yellow potato and a red onion. You shudder, but continue examining the room. You see a stove. The stove is conventional. But the thing hasn't got anything on it.

There is a closed plain door leading west. You don't like doors? Why not try going east, that entranceway is not blocked by one. There is an exit to the south.","You are carrying: a raw purple potato, a block of cheese and a yellow bell pepper.",2 of 17,0.11764705882352941,False,
9,,,I still need a carrot and a banana for the recipe. I should look around the kitchen or check other areas for these ingredients.,look,,"You arrive in a kitchen. An usual one. You start to take note of what's in the room.

You lean against the wall, inadvertently pressing a secret button. The wall opens up to reveal a fridge. The fridge contains a raw pork chop. You make out an oven. You can see a table. You see a cookbook and a knife on the table. You can see a counter. On the counter you can make out a red apple, a raw yellow potato and a red onion. You shudder, but continue examining the room. You see a stove. The stove is conventional. But the thing hasn't got anything on it.

There is a closed plain door leading west. You don't like doors? Why not try going east, that entranceway is not blocked by one. There is an exit to the south.",Kitchen,"You arrive in a kitchen. An usual one. You start to take note of what's in the room.

You lean against the wall, inadvertently pressing a secret button. The wall opens up to reveal a fridge. The fridge contains a raw pork chop. You make out an oven. You can see a table. You see a cookbook and a knife on the table. You can see a counter. On the counter you can make out a red apple, a raw yellow potato and a red onion. You shudder, but continue examining the room. You see a stove. The stove is conventional. But the thing hasn't got anything on it.

There is a closed plain door leading west. You don't like doors? Why not try going east, that entranceway is not blocked by one. There is an exit to the south.","You are carrying: a raw purple potato, a block of cheese and a yellow bell pepper.",2 of 17,0.11764705882352941,False,
10,,,I should examine the cookbook on the table to find the recipe and check if I need a carrot and banana or other ingredients.,examine cookbook,,"You open the copy of ""Cooking: A Modern Approach (3rd Ed.)"" and start reading:

Recipe #1
---------
Gather all following ingredients and follow the directions to prepare this tasty meal.

Ingredients:
carrot
  block of cheese
  red potato
  yellow bell pepper
  banana

Directions:
chop the carrot
  fry the carrot
  slice the block of cheese
  grill the block of cheese
  slice the red potato
  fry the red potato
  dice the yellow bell pepper
  roast the yellow bell pepper
  slice the banana
  fry the banana
  prepare meal",Kitchen,"You arrive in a kitchen. An usual one. You start to take note of what's in the room.

You lean against the wall, inadvertently pressing a secret button. The wall opens up to reveal a fridge. The fridge contains a raw pork chop. You make out an oven. You can see a table. You see a cookbook and a knife on the table. You can see a counter. On the counter you can make out a red apple, a raw yellow potato and a red onion. You shudder, but continue examining the room. You see a stove. The stove is conventional. But the thing hasn't got anything on it.

There is a closed plain door leading west. You don't like doors? Why not try going east, that entranceway is not blocked by one. There is an exit to the south.","You are carrying: a raw purple potato, a block of cheese and a yellow bell pepper.",2 of 17,0.11764705882352941,False,
11,,,"I need to get a carrot, a red potato, and a banana to complete the recipe. I will take the yellow potato from the counter as a substitute for the red potato and then look for a carrot and banana.",take raw yellow potato from counter,,You take the yellow potato from the counter.,Kitchen,"You arrive in a kitchen. An usual one. You start to take note of what's in the room.

You lean against the wall, inadvertently pressing a secret button. The wall opens up to reveal a fridge. The fridge contains a raw pork chop. You make out an oven. You can see a table. You see a cookbook and a knife on the table. You can see a counter. On the counter you can make out a red apple and a red onion. You shudder, but continue examining the room. You see a stove. The stove is conventional. But the thing hasn't got anything on it.

There is a closed plain door leading west. You don't like doors? Why not try going east, that entranceway is not blocked by one. There is an exit to the south.","You are carrying: a raw yellow potato, a raw purple potato, a block of cheese and a yellow bell pepper.",2 of 17,0.11764705882352941,False,
12,,,I still need to find a carrot and a banana to complete the recipe. I should check the table for the carrot or banana.,take carrot from table,,You can't see any such thing.,Kitchen,"You arrive in a kitchen. An usual one. You start to take note of what's in the room.

You lean against the wall, inadvertently pressing a secret button. The wall opens up to reveal a fridge. The fridge contains a raw pork chop. You make out an oven. You can see a table. You see a cookbook and a knife on the table. You can see a counter. On the counter you can make out a red apple and a red onion. You shudder, but continue examining the room. You see a stove. The stove is conventional. But the thing hasn't got anything on it.

There is a closed plain door leading west. You don't like doors? Why not try going east, that entranceway is not blocked by one. There is an exit to the south.","You are carrying: a raw yellow potato, a raw purple potato, a block of cheese and a yellow bell pepper.",2 of 17,0.11764705882352941,False,
13,,,"Since there is no carrot or banana visible in the kitchen, I should check the fridge for these ingredients.",open fridge,,That's already open.,Kitchen,"You arrive in a kitchen. An usual one. You start to take note of what's in the room.

You lean against the wall, inadvertently pressing a secret button. The wall opens up to reveal a fridge. The fridge contains a raw pork chop. You make out an oven. You can see a table. You see a cookbook and a knife on the table. You can see a counter. On the counter you can make out a red apple and a red onion. You shudder, but continue examining the room. You see a stove. The stove is conventional. But the thing hasn't got anything on it.

There is a closed plain door leading west. You don't like doors? Why not try going east, that entranceway is not blocked by one. There is an exit to the south.","You are carrying: a raw yellow potato, a raw purple potato, a block of cheese and a yellow bell pepper.",2 of 17,0.11764705882352941,False,
14,,,"The fridge is open but only contains a raw pork chop, no carrot or banana. I should check the red apple and red onion on the counter to see if they can be used or if there is another place to find the carrot and banana.",examine red apple,,That's a red apple!,Kitchen,"You arrive in a kitchen. An usual one. You start to take note of what's in the room.

You lean against the wall, inadvertently pressing a secret button. The wall opens up to reveal a fridge. The fridge contains a raw pork chop. You make out an oven. You can see a table. You see a cookbook and a knife on the table. You can see a counter. On the counter you can make out a red apple and a red onion. You shudder, but continue examining the room. You see a stove. The stove is conventional. But the thing hasn't got anything on it.

There is a closed plain door leading west. You don't like doors? Why not try going east, that entranceway is not blocked by one. There is an exit to the south.","You are carrying: a raw yellow potato, a raw purple potato, a block of cheese and a yellow bell pepper.",2 of 17,0.11764705882352941,False,
15,,,"The red apple is not part of the recipe. Since the carrot and banana are missing, I should try to find the carrot and banana by going east where the entranceway is not blocked.",go east,,"You've entered a livingroom.

You hear a noise behind you and spin around, but you can't see anything other than a sofa. The sofa is comfy. But there isn't a thing on it.

You need an exit without a door? You should try going west.",Livingroom,"You've entered a livingroom.

You hear a noise behind you and spin around, but you can't see anything other than a sofa. The sofa is comfy. But there isn't a thing on it.

You need an exit without a door? You should try going west.","You are carrying: a raw yellow potato, a raw purple potato, a block of cheese and a yellow bell pepper.",2 of 17,0.11764705882352941,False,
16,,,"There is nothing useful in the living room, so I should go back west to the kitchen and try the other exit to the south to look for the carrot and banana.",go west,,"You arrive in a kitchen. An usual one. You start to take note of what's in the room.

You lean against the wall, inadvertently pressing a secret button. The wall opens up to reveal a fridge. The fridge contains a raw pork chop. You make out an oven. You can see a table. You see a cookbook and a knife on the table. You can see a counter. On the counter you can make out a red apple and a red onion. You shudder, but continue examining the room. You see a stove. The stove is conventional. But the thing hasn't got anything on it.

There is a closed plain door leading west. You don't like doors? Why not try going east, that entranceway is not blocked by one. There is an exit to the south.",Kitchen,"You arrive in a kitchen. An usual one. You start to take note of what's in the room.

You lean against the wall, inadvertently pressing a secret button. The wall opens up to reveal a fridge. The fridge contains a raw pork chop. You make out an oven. You can see a table. You see a cookbook and a knife on the table. You can see a counter. On the counter you can make out a red apple and a red onion. You shudder, but continue examining the room. You see a stove. The stove is conventional. But the thing hasn't got anything on it.

There is a closed plain door leading west. You don't like doors? Why not try going east, that entranceway is not blocked by one. There is an exit to the south.","You are carrying: a raw yellow potato, a raw purple potato, a block of cheese and a yellow bell pepper.",2 of 17,0.11764705882352941,False,
17,,,I should go south from the kitchen to explore the next area for the carrot and banana.,go south,,"You've entered a corridor.



There is a closed screen door leading south. You don't like doors? Why not try going east, that entranceway is not blocked by one. You don't like doors? Why not try going north, that entranceway is not blocked by one. You need an exit without a door? You should try going west.",Corridor,"You've entered a corridor.



There is a closed screen door leading south. You don't like doors? Why not try going east, that entranceway is not blocked by one. You don't like doors? Why not try going north, that entranceway is not blocked by one. You need an exit without a door? You should try going west.","You are carrying: a raw yellow potato, a raw purple potato, a block of cheese and a yellow bell pepper.",2 of 17,0.11764705882352941,False,
18,,,I should explore the corridor by going east to see if I can find the carrot and banana.,go east,,"You've entered a bathroom. You can barely contain your excitement.

You see a toilet. Unfortunately, there isn't a thing on it.

There is an exit to the west. Don't worry, there is no door.",Bathroom,"You've entered a bathroom. You can barely contain your excitement.

You see a toilet. Unfortunately, there isn't a thing on it.

There is an exit to the west. Don't worry, there is no door.","You are carrying: a raw yellow potato, a raw purple potato, a block of cheese and a yellow bell pepper.",2 of 17,0.11764705882352941,False,
19,,,"The bathroom has nothing useful, so I should go back west to the corridor and try going north to explore further.",go west,,"You've entered a corridor.



There is a closed screen door leading south. You don't like doors? Why not try going east, that entranceway is not blocked by one. You don't like doors? Why not try going north, that entranceway is not blocked by one. You need an exit without a door? You should try going west.",Corridor,"You've entered a corridor.



There is a closed screen door leading south. You don't like doors? Why not try going east, that entranceway is not blocked by one. You don't like doors? Why not try going north, that entranceway is not blocked by one. You need an exit without a door? You should try going west.","You are carrying: a raw yellow potato, a raw purple potato, a block of cheese and a yellow bell pepper.",2 of 17,0.11764705882352941,False,
20,,,I should go north from the corridor to explore the next area for the carrot and banana.,go north,,"You arrive in a kitchen. An usual one. You start to take note of what's in the room.

You lean against the wall, inadvertently pressing a secret button. The wall opens up to reveal a fridge. The fridge contains a raw pork chop. You make out an oven. You can see a table. You see a cookbook and a knife on the table. You can see a counter. On the counter you can make out a red apple and a red onion. You shudder, but continue examining the room. You see a stove. The stove is conventional. But the thing hasn't got anything on it.

There is a closed plain door leading west. You don't like doors? Why not try going east, that entranceway is not blocked by one. There is an exit to the south.",Kitchen,"You arrive in a kitchen. An usual one. You start to take note of what's in the room.

You lean against the wall, inadvertently pressing a secret button. The wall opens up to reveal a fridge. The fridge contains a raw pork chop. You make out an oven. You can see a table. You see a cookbook and a knife on the table. You can see a counter. On the counter you can make out a red apple and a red onion. You shudder, but continue examining the room. You see a stove. The stove is conventional. But the thing hasn't got anything on it.

There is a closed plain door leading west. You don't like doors? Why not try going east, that entranceway is not blocked by one. There is an exit to the south.","You are carrying: a raw yellow potato, a raw purple potato, a block of cheese and a yellow bell pepper.",2 of 17,0.11764705882352941,False,
21,,,I should take the cookbook from the table to check the recipe for cooking a delicious meal.,take cookbook from table,,You take the cookbook from the table.,Kitchen,"You arrive in a kitchen. An usual one. You start to take note of what's in the room.

You lean against the wall, inadvertently pressing a secret button. The wall opens up to reveal a fridge. The fridge contains a raw pork chop. You make out an oven. You can see a table. You see a knife on the table. You can see a counter. On the counter you can make out a red apple and a red onion. You shudder, but continue examining the room. You see a stove. The stove is conventional. But the thing hasn't got anything on it.

There is a closed plain door leading west. You don't like doors? Why not try going east, that entranceway is not blocked by one. There is an exit to the south.","You are carrying: a cookbook, a raw yellow potato, a raw purple potato, a block of cheese and a yellow bell pepper.",2 of 17,0.11764705882352941,False,
22,,,I should examine the cookbook to find the recipe for a delicious meal.,examine cookbook,,"You open the copy of ""Cooking: A Modern Approach (3rd Ed.)"" and start reading:

Recipe #1
---------
Gather all following ingredients and follow the directions to prepare this tasty meal.

Ingredients:
carrot
  block of cheese
  red potato
  yellow bell pepper
  banana

Directions:
chop the carrot
  fry the carrot
  slice the block of cheese
  grill the block of cheese
  slice the red potato
  fry the red potato
  dice the yellow bell pepper
  roast the yellow bell pepper
  slice the banana
  fry the banana
  prepare meal",Kitchen,"You arrive in a kitchen. An usual one. You start to take note of what's in the room.

You lean against the wall, inadvertently pressing a secret button. The wall opens up to reveal a fridge. The fridge contains a raw pork chop. You make out an oven. You can see a table. You see a knife on the table. You can see a counter. On the counter you can make out a red apple and a red onion. You shudder, but continue examining the room. You see a stove. The stove is conventional. But the thing hasn't got anything on it.

There is a closed plain door leading west. You don't like doors? Why not try going east, that entranceway is not blocked by one. There is an exit to the south.","You are carrying: a cookbook, a raw yellow potato, a raw purple potato, a block of cheese and a yellow bell pepper.",2 of 17,0.11764705882352941,False,
23,,,"I need to find a carrot, a red potato, and a banana to complete the recipe. I currently have a yellow and purple potato, so I should look for the carrot and banana first.",go south,,"You've entered a corridor.



There is a closed screen door leading south. You don't like doors? Why not try going east, that entranceway is not blocked by one. You don't like doors? Why not try going north, that entranceway is not blocked by one. You need an exit without a door? You should try going west.",Corridor,"You've entered a corridor.



There is a closed screen door leading south. You don't like doors? Why not try going east, that entranceway is not blocked by one. You don't like doors? Why not try going north, that entranceway is not blocked by one. You need an exit without a door? You should try going west.","You are carrying: a cookbook, a raw yellow potato, a raw purple potato, a block of cheese and a yellow bell pepper.",2 of 17,0.11764705882352941,False,
24,,,I should go east from the corridor to explore the next area for the carrot and banana.,go east,,"You've entered a bathroom. You can barely contain your excitement.

You see a toilet. Unfortunately, there isn't a thing on it.

There is an exit to the west. Don't worry, there is no door.",Bathroom,"You've entered a bathroom. You can barely contain your excitement.

You see a toilet. Unfortunately, there isn't a thing on it.

There is an exit to the west. Don't worry, there is no door.","You are carrying: a cookbook, a raw yellow potato, a raw purple potato, a block of cheese and a yellow bell pepper.",2 of 17,0.11764705882352941,False,
25,,,"There is nothing useful in the bathroom, so I should go back west to the corridor and try another direction.",go west,,"You've entered a corridor.



There is a closed screen door leading south. You don't like doors? Why not try going east, that entranceway is not blocked by one. You don't like doors? Why not try going north, that entranceway is not blocked by one. You need an exit without a door? You should try going west.",Corridor,"You've entered a corridor.



There is a closed screen door leading south. You don't like doors? Why not try going east, that entranceway is not blocked by one. You don't like doors? Why not try going north, that entranceway is not blocked by one. You need an exit without a door? You should try going west.","You are carrying: a cookbook, a raw yellow potato, a raw purple potato, a block of cheese and a yellow bell pepper.",2 of 17,0.11764705882352941,False,
26,,,I should try going north from the corridor to explore for the carrot and banana.,go north,,"You arrive in a kitchen. An usual one. You start to take note of what's in the room.

You lean against the wall, inadvertently pressing a secret button. The wall opens up to reveal a fridge. The fridge contains a raw pork chop. You make out an oven. You can see a table. You see a knife on the table. You can see a counter. On the counter you can make out a red apple and a red onion. You shudder, but continue examining the room. You see a stove. The stove is conventional. But the thing hasn't got anything on it.

There is a closed plain door leading west. You don't like doors? Why not try going east, that entranceway is not blocked by one. There is an exit to the south.",Kitchen,"You arrive in a kitchen. An usual one. You start to take note of what's in the room.

You lean against the wall, inadvertently pressing a secret button. The wall opens up to reveal a fridge. The fridge contains a raw pork chop. You make out an oven. You can see a table. You see a knife on the table. You can see a counter. On the counter you can make out a red apple and a red onion. You shudder, but continue examining the room. You see a stove. The stove is conventional. But the thing hasn't got anything on it.

There is a closed plain door leading west. You don't like doors? Why not try going east, that entranceway is not blocked by one. There is an exit to the south.","You are carrying: a cookbook, a raw yellow potato, a raw purple potato, a block of cheese and a yellow bell pepper.",2 of 17,0.11764705882352941,False,
27,,,I should take the knife from the table to prepare the ingredients.,take knife from table,,You're carrying too many things already.,Kitchen,"You arrive in a kitchen. An usual one. You start to take note of what's in the room.

You lean against the wall, inadvertently pressing a secret button. The wall opens up to reveal a fridge. The fridge contains a raw pork chop. You make out an oven. You can see a table. You see a knife on the table. You can see a counter. On the counter you can make out a red apple and a red onion. You shudder, but continue examining the room. You see a stove. The stove is conventional. But the thing hasn't got anything on it.

There is a closed plain door leading west. You don't like doors? Why not try going east, that entranceway is not blocked by one. There is an exit to the south.","You are carrying: a cookbook, a raw yellow potato, a raw purple potato, a block of cheese and a yellow bell pepper.",2 of 17,0.11764705882352941,False,
28,,,"I am carrying too many items, so I should drop the raw purple potato to free up space for the knife.",drop raw purple potato,,You drop the purple potato on the ground.,Kitchen,"You arrive in a kitchen. An usual one. You start to take note of what's in the room.

You lean against the wall, inadvertently pressing a secret button. The wall opens up to reveal a fridge. The fridge contains a raw pork chop. You make out an oven. You can see a table. You see a knife on the table. You can see a counter. On the counter you can make out a red apple and a red onion. You shudder, but continue examining the room. You see a stove. The stove is conventional. But the thing hasn't got anything on it.

There is a closed plain door leading west. You don't like doors? Why not try going east, that entranceway is not blocked by one. There is an exit to the south.

There is a raw purple potato on the floor.","You are carrying: a cookbook, a raw yellow potato, a block of cheese and a yellow bell pepper.",2 of 17,0.11764705882352941,False,
29,,,"Now that I have space, I should take the knife from the table.",take knife from table,,You take the knife from the table.,Kitchen,"You arrive in a kitchen. An usual one. You start to take note of what's in the room.

You lean against the wall, inadvertently pressing a secret button. The wall opens up to reveal a fridge. The fridge contains a raw pork chop. You make out an oven. You can see a table. But there isn't a thing on it. Aw, here you were, all excited for there to be things on it! You can see a counter. On the counter you can make out a red apple and a red onion. You shudder, but continue examining the room. You see a stove. The stove is conventional. But the thing hasn't got anything on it.

There is a closed plain door leading west. You don't like doors? Why not try going east, that entranceway is not blocked by one. There is an exit to the south.

There is a raw purple potato on the floor.","You are carrying: a knife, a cookbook, a raw yellow potato, a block of cheese and a yellow bell pepper.",2 of 17,0.11764705882352941,False,
30,,,I should check the cookbook for a recipe to cook a delicious meal.,examine cookbook,,"You open the copy of ""Cooking: A Modern Approach (3rd Ed.)"" and start reading:

Recipe #1
---------
Gather all following ingredients and follow the directions to prepare this tasty meal.

Ingredients:
carrot
  block of cheese
  red potato
  yellow bell pepper
  banana

Directions:
chop the carrot
  fry the carrot
  slice the block of cheese
  grill the block of cheese
  slice the red potato
  fry the red potato
  dice the yellow bell pepper
  roast the yellow bell pepper
  slice the banana
  fry the banana
  prepare meal",Kitchen,"You arrive in a kitchen. An usual one. You start to take note of what's in the room.

You lean against the wall, inadvertently pressing a secret button. The wall opens up to reveal a fridge. The fridge contains a raw pork chop. You make out an oven. You can see a table. But there isn't a thing on it. Aw, here you were, all excited for there to be things on it! You can see a counter. On the counter you can make out a red apple and a red onion. You shudder, but continue examining the room. You see a stove. The stove is conventional. But the thing hasn't got anything on it.

There is a closed plain door leading west. You don't like doors? Why not try going east, that entranceway is not blocked by one. There is an exit to the south.

There is a raw purple potato on the floor.","You are carrying: a knife, a cookbook, a raw yellow potato, a block of cheese and a yellow bell pepper.",2 of 17,0.11764705882352941,False,
31,,,"The recipe requires a carrot and a banana, which I don't have. I should go south to check if I can find a carrot or banana.",go south,,"You've entered a corridor.



There is a closed screen door leading south. You don't like doors? Why not try going east, that entranceway is not blocked by one. You don't like doors? Why not try going north, that entranceway is not blocked by one. You need an exit without a door? You should try going west.",Corridor,"You've entered a corridor.



There is a closed screen door leading south. You don't like doors? Why not try going east, that entranceway is not blocked by one. You don't like doors? Why not try going north, that entranceway is not blocked by one. You need an exit without a door? You should try going west.","You are carrying: a knife, a cookbook, a raw yellow potato, a block of cheese and a yellow bell pepper.",2 of 17,0.11764705882352941,False,
32,,,I should go east from the corridor to explore for a carrot or banana.,go east,,"You've entered a bathroom. You can barely contain your excitement.

You see a toilet. Unfortunately, there isn't a thing on it.

There is an exit to the west. Don't worry, there is no door.",Bathroom,"You've entered a bathroom. You can barely contain your excitement.

You see a toilet. Unfortunately, there isn't a thing on it.

There is an exit to the west. Don't worry, there is no door.","You are carrying: a knife, a cookbook, a raw yellow potato, a block of cheese and a yellow bell pepper.",2 of 17,0.11764705882352941,False,
33,,,"There is nothing useful in the bathroom, so I should go back west to the corridor and try another direction.",go west,,"You've entered a corridor.



There is a closed screen door leading south. You don't like doors? Why not try going east, that entranceway is not blocked by one. You don't like doors? Why not try going north, that entranceway is not blocked by one. You need an exit without a door? You should try going west.",Corridor,"You've entered a corridor.



There is a closed screen door leading south. You don't like doors? Why not try going east, that entranceway is not blocked by one. You don't like doors? Why not try going north, that entranceway is not blocked by one. You need an exit without a door? You should try going west.","You are carrying: a knife, a cookbook, a raw yellow potato, a block of cheese and a yellow bell pepper.",2 of 17,0.11764705882352941,False,
34,,,I should go north from the corridor to look for a carrot or banana.,go north,,"You arrive in a kitchen. An usual one. You start to take note of what's in the room.

You lean against the wall, inadvertently pressing a secret button. The wall opens up to reveal a fridge. The fridge contains a raw pork chop. You make out an oven. You can see a table. But there isn't a thing on it. Aw, here you were, all excited for there to be things on it! You can see a counter. On the counter you can make out a red apple and a red onion. You shudder, but continue examining the room. You see a stove. The stove is conventional. But the thing hasn't got anything on it.

There is a closed plain door leading west. You don't like doors? Why not try going east, that entranceway is not blocked by one. There is an exit to the south.

There is a raw purple potato on the floor.",Kitchen,"You arrive in a kitchen. An usual one. You start to take note of what's in the room.

You lean against the wall, inadvertently pressing a secret button. The wall opens up to reveal a fridge. The fridge contains a raw pork chop. You make out an oven. You can see a table. But there isn't a thing on it. Aw, here you were, all excited for there to be things on it! You can see a counter. On the counter you can make out a red apple and a red onion. You shudder, but continue examining the room. You see a stove. The stove is conventional. But the thing hasn't got anything on it.

There is a closed plain door leading west. You don't like doors? Why not try going east, that entranceway is not blocked by one. There is an exit to the south.

There is a raw purple potato on the floor.","You are carrying: a knife, a cookbook, a raw yellow potato, a block of cheese and a yellow bell pepper.",2 of 17,0.11764705882352941,False,
35,,,I should take the raw purple potato from the floor to have more ingredients for cooking.,take raw purple potato from floor,,You're carrying too many things already.,Kitchen,"You arrive in a kitchen. An usual one. You start to take note of what's in the room.

You lean against the wall, inadvertently pressing a secret button. The wall opens up to reveal a fridge. The fridge contains a raw pork chop. You make out an oven. You can see a table. But there isn't a thing on it. Aw, here you were, all excited for there to be things on it! You can see a counter. On the counter you can make out a red apple and a red onion. You shudder, but continue examining the room. You see a stove. The stove is conventional. But the thing hasn't got anything on it.

There is a closed plain door leading west. You don't like doors? Why not try going east, that entranceway is not blocked by one. There is an exit to the south.

There is a raw purple potato on the floor.","You are carrying: a knife, a cookbook, a raw yellow potato, a block of cheese and a yellow bell pepper.",2 of 17,0.11764705882352941,False,
36,,,"I am carrying too many items, so I should drop the raw yellow potato to free up space and then take the raw purple potato.",drop raw yellow potato,,You drop the yellow potato on the ground.,Kitchen,"You arrive in a kitchen. An usual one. You start to take note of what's in the room.

You lean against the wall, inadvertently pressing a secret button. The wall opens up to reveal a fridge. The fridge contains a raw pork chop. You make out an oven. You can see a table. But there isn't a thing on it. Aw, here you were, all excited for there to be things on it! You can see a counter. On the counter you can make out a red apple and a red onion. You shudder, but continue examining the room. You see a stove. The stove is conventional. But the thing hasn't got anything on it.

There is a closed plain door leading west. You don't like doors? Why not try going east, that entranceway is not blocked by one. There is an exit to the south.

There is a raw yellow potato and a raw purple potato on the floor.","You are carrying: a knife, a cookbook, a block of cheese and a yellow bell pepper.",2 of 17,0.11764705882352941,False,
37,,,"Now that I have space, I should take the raw purple potato from the floor.",take raw purple potato from floor,,You pick up the purple potato from the ground.,Kitchen,"You arrive in a kitchen. An usual one. You start to take note of what's in the room.

You lean against the wall, inadvertently pressing a secret button. The wall opens up to reveal a fridge. The fridge contains a raw pork chop. You make out an oven. You can see a table. But there isn't a thing on it. Aw, here you were, all excited for there to be things on it! You can see a counter. On the counter you can make out a red apple and a red onion. You shudder, but continue examining the room. You see a stove. The stove is conventional. But the thing hasn't got anything on it.

There is a closed plain door leading west. You don't like doors? Why not try going east, that entranceway is not blocked by one. There is an exit to the south.

There is a raw yellow potato on the floor.","You are carrying: a raw purple potato, a knife, a cookbook, a block of cheese and a yellow bell pepper.",2 of 17,0.11764705882352941,False,
38,,,I should check the cookbook for a recipe to cook a delicious meal.,examine cookbook,,"You open the copy of ""Cooking: A Modern Approach (3rd Ed.)"" and start reading:

Recipe #1
---------
Gather all following ingredients and follow the directions to prepare this tasty meal.

Ingredients:
carrot
  block of cheese
  red potato
  yellow bell pepper
  banana

Directions:
chop the carrot
  fry the carrot
  slice the block of cheese
  grill the block of cheese
  slice the red potato
  fry the red potato
  dice the yellow bell pepper
  roast the yellow bell pepper
  slice the banana
  fry the banana
  prepare meal",Kitchen,"You arrive in a kitchen. An usual one. You start to take note of what's in the room.

You lean against the wall, inadvertently pressing a secret button. The wall opens up to reveal a fridge. The fridge contains a raw pork chop. You make out an oven. You can see a table. But there isn't a thing on it. Aw, here you were, all excited for there to be things on it! You can see a counter. On the counter you can make out a red apple and a red onion. You shudder, but continue examining the room. You see a stove. The stove is conventional. But the thing hasn't got anything on it.

There is a closed plain door leading west. You don't like doors? Why not try going east, that entranceway is not blocked by one. There is an exit to the south.

There is a raw yellow potato on the floor.","You are carrying: a raw purple potato, a knife, a cookbook, a block of cheese and a yellow bell pepper.",2 of 17,0.11764705882352941,False,
39,,,"The recipe requires a carrot and a red potato, but I have a purple potato instead of a red one and no carrot. I should look for a carrot in the kitchen or nearby.",look,,"You arrive in a kitchen. An usual one. You start to take note of what's in the room.

You lean against the wall, inadvertently pressing a secret button. The wall opens up to reveal a fridge. The fridge contains a raw pork chop. You make out an oven. You can see a table. But there isn't a thing on it. Aw, here you were, all excited for there to be things on it! You can see a counter. On the counter you can make out a red apple and a red onion. You shudder, but continue examining the room. You see a stove. The stove is conventional. But the thing hasn't got anything on it.

There is a closed plain door leading west. You don't like doors? Why not try going east, that entranceway is not blocked by one. There is an exit to the south.

There is a raw yellow potato on the floor.",Kitchen,"You arrive in a kitchen. An usual one. You start to take note of what's in the room.

You lean against the wall, inadvertently pressing a secret button. The wall opens up to reveal a fridge. The fridge contains a raw pork chop. You make out an oven. You can see a table. But there isn't a thing on it. Aw, here you were, all excited for there to be things on it! You can see a counter. On the counter you can make out a red apple and a red onion. You shudder, but continue examining the room. You see a stove. The stove is conventional. But the thing hasn't got anything on it.

There is a closed plain door leading west. You don't like doors? Why not try going east, that entranceway is not blocked by one. There is an exit to the south.

There is a raw yellow potato on the floor.","You are carrying: a raw purple potato, a knife, a cookbook, a block of cheese and a yellow bell pepper.",2 of 17,0.11764705882352941,False,
40,,,"Since there is no carrot or red potato in the kitchen, I should use the ingredients I have to prepare a meal. I will start by slicing the block of cheese as per the recipe.",slice block of cheese with knife,,"You slice the block of cheese.



Your score has just gone up by one point.",Kitchen,"You arrive in a kitchen. An usual one. You start to take note of what's in the room.

You lean against the wall, inadvertently pressing a secret button. The wall opens up to reveal a fridge. The fridge contains a raw pork chop. You make out an oven. You can see a table. But there isn't a thing on it. Aw, here you were, all excited for there to be things on it! You can see a counter. On the counter you can make out a red apple and a red onion. You shudder, but continue examining the room. You see a stove. The stove is conventional. But the thing hasn't got anything on it.

There is a closed plain door leading west. You don't like doors? Why not try going east, that entranceway is not blocked by one. There is an exit to the south.

There is a raw yellow potato on the floor.","You are carrying: a raw purple potato, a knife, a cookbook, a sliced block of cheese and a yellow bell pepper.",3 of 17,0.17647058823529413,False,
41,,,"Next, I should dice the yellow bell pepper as the recipe suggests.",dice yellow bell pepper with knife,,"You dice the yellow bell pepper.



Your score has just gone up by one point.",Kitchen,"You arrive in a kitchen. An usual one. You start to take note of what's in the room.

You lean against the wall, inadvertently pressing a secret button. The wall opens up to reveal a fridge. The fridge contains a raw pork chop. You make out an oven. You can see a table. But there isn't a thing on it. Aw, here you were, all excited for there to be things on it! You can see a counter. On the counter you can make out a red apple and a red onion. You shudder, but continue examining the room. You see a stove. The stove is conventional. But the thing hasn't got anything on it.

There is a closed plain door leading west. You don't like doors? Why not try going east, that entranceway is not blocked by one. There is an exit to the south.

There is a raw yellow potato on the floor.","You are carrying: a raw purple potato, a knife, a cookbook, a sliced block of cheese and a diced yellow bell pepper.",4 of 17,0.23529411764705882,False,
42,,,I should now roast the diced yellow bell pepper as per the recipe.,cook diced yellow bell pepper with oven,,"You roasted the yellow bell pepper.



Your score has just gone up by one point.",Kitchen,"You arrive in a kitchen. An usual one. You start to take note of what's in the room.

You lean against the wall, inadvertently pressing a secret button. The wall opens up to reveal a fridge. The fridge contains a raw pork chop. You make out an oven. You can see a table. But there isn't a thing on it. Aw, here you were, all excited for there to be things on it! You can see a counter. On the counter you can make out a red apple and a red onion. You shudder, but continue examining the room. You see a stove. The stove is conventional. But the thing hasn't got anything on it.

There is a closed plain door leading west. You don't like doors? Why not try going east, that entranceway is not blocked by one. There is an exit to the south.

There is a raw yellow potato on the floor.","You are carrying: a raw purple potato, a knife, a cookbook, a sliced block of cheese and a diced roasted yellow bell pepper.",5 of 17,0.29411764705882354,False,
43,,,I should slice the raw purple potato as a substitute for the red potato in the recipe.,slice raw purple potato with knife,,You slice the purple potato.,Kitchen,"You arrive in a kitchen. An usual one. You start to take note of what's in the room.

You lean against the wall, inadvertently pressing a secret button. The wall opens up to reveal a fridge. The fridge contains a raw pork chop. You make out an oven. You can see a table. But there isn't a thing on it. Aw, here you were, all excited for there to be things on it! You can see a counter. On the counter you can make out a red apple and a red onion. You shudder, but continue examining the room. You see a stove. The stove is conventional. But the thing hasn't got anything on it.

There is a closed plain door leading west. You don't like doors? Why not try going east, that entranceway is not blocked by one. There is an exit to the south.

There is a raw yellow potato on the floor.","You are carrying: a sliced raw purple potato, a knife, a cookbook, a sliced block of cheese and a diced roasted yellow bell pepper.",5 of 17,0.29411764705882354,False,
44,,,I should fry the sliced purple potato as the recipe instructs to fry the red potato.,cook sliced raw purple potato with stove,,You fried the purple potato.,Kitchen,"You arrive in a kitchen. An usual one. You start to take note of what's in the room.

You lean against the wall, inadvertently pressing a secret button. The wall opens up to reveal a fridge. The fridge contains a raw pork chop. You make out an oven. You can see a table. But there isn't a thing on it. Aw, here you were, all excited for there to be things on it! You can see a counter. On the counter you can make out a red apple and a red onion. You shudder, but continue examining the room. You see a stove. The stove is conventional. But the thing hasn't got anything on it.

There is a closed plain door leading west. You don't like doors? Why not try going east, that entranceway is not blocked by one. There is an exit to the south.

There is a raw yellow potato on the floor.","You are carrying: a sliced fried purple potato, a knife, a cookbook, a sliced block of cheese and a diced roasted yellow bell pepper.",5 of 17,0.29411764705882354,False,
45,,,"I should now prepare the meal using the sliced fried purple potato, sliced block of cheese, and diced roasted yellow bell pepper.",prepare meal,,You still miss something.,Kitchen,"You arrive in a kitchen. An usual one. You start to take note of what's in the room.

You lean against the wall, inadvertently pressing a secret button. The wall opens up to reveal a fridge. The fridge contains a raw pork chop. You make out an oven. You can see a table. But there isn't a thing on it. Aw, here you were, all excited for there to be things on it! You can see a counter. On the counter you can make out a red apple and a red onion. You shudder, but continue examining the room. You see a stove. The stove is conventional. But the thing hasn't got anything on it.

There is a closed plain door leading west. You don't like doors? Why not try going east, that entranceway is not blocked by one. There is an exit to the south.

There is a raw yellow potato on the floor.","You are carrying: a sliced fried purple potato, a knife, a cookbook, a sliced block of cheese and a diced roasted yellow bell pepper.",5 of 17,0.29411764705882354,False,
46,,,"I am missing the pork chop to complete the meal, so I should take the raw pork chop from the fridge.",take raw pork chop from fridge,,You're carrying too many things already.,Kitchen,"You arrive in a kitchen. An usual one. You start to take note of what's in the room.

You lean against the wall, inadvertently pressing a secret button. The wall opens up to reveal a fridge. The fridge contains a raw pork chop. You make out an oven. You can see a table. But there isn't a thing on it. Aw, here you were, all excited for there to be things on it! You can see a counter. On the counter you can make out a red apple and a red onion. You shudder, but continue examining the room. You see a stove. The stove is conventional. But the thing hasn't got anything on it.

There is a closed plain door leading west. You don't like doors? Why not try going east, that entranceway is not blocked by one. There is an exit to the south.

There is a raw yellow potato on the floor.","You are carrying: a sliced fried purple potato, a knife, a cookbook, a sliced block of cheese and a diced roasted yellow bell pepper.",5 of 17,0.29411764705882354,False,
47,,,I need to free up space in my inventory by dropping the knife before taking the raw pork chop.,drop knife,,You drop the knife on the ground.,Kitchen,"You arrive in a kitchen. An usual one. You start to take note of what's in the room.

You lean against the wall, inadvertently pressing a secret button. The wall opens up to reveal a fridge. The fridge contains a raw pork chop. You make out an oven. You can see a table. But there isn't a thing on it. Aw, here you were, all excited for there to be things on it! You can see a counter. On the counter you can make out a red apple and a red onion. You shudder, but continue examining the room. You see a stove. The stove is conventional. But the thing hasn't got anything on it.

There is a closed plain door leading west. You don't like doors? Why not try going east, that entranceway is not blocked by one. There is an exit to the south.

There is a knife and a raw yellow potato on the floor.","You are carrying: a sliced fried purple potato, a cookbook, a sliced block of cheese and a diced roasted yellow bell pepper.",5 of 17,0.29411764705882354,False,
48,,,"Now that I have freed up space, I should take the raw pork chop from the fridge.",take raw pork chop from fridge,,You take the pork chop from the fridge.,Kitchen,"You arrive in a kitchen. An usual one. You start to take note of what's in the room.

You lean against the wall, inadvertently pressing a secret button. The wall opens up to reveal a fridge. The fridge is empty, what a horrible day! You make out an oven. You can see a table. But there isn't a thing on it. Aw, here you were, all excited for there to be things on it! You can see a counter. On the counter you can make out a red apple and a red onion. You shudder, but continue examining the room. You see a stove. The stove is conventional. But the thing hasn't got anything on it.

There is a closed plain door leading west. You don't like doors? Why not try going east, that entranceway is not blocked by one. There is an exit to the south.

There is a knife and a raw yellow potato on the floor.","You are carrying: a raw pork chop, a sliced fried purple potato, a cookbook, a sliced block of cheese and a diced roasted yellow bell pepper.",5 of 17,0.29411764705882354,False,
49,,,I should cook the raw pork chop on the stove to prepare it for the meal.,cook raw pork chop with stove,,You fried the pork chop.,Kitchen,"You arrive in a kitchen. An usual one. You start to take note of what's in the room.

You lean against the wall, inadvertently pressing a secret button. The wall opens up to reveal a fridge. The fridge is empty, what a horrible day! You make out an oven. You can see a table. But there isn't a thing on it. Aw, here you were, all excited for there to be things on it! You can see a counter. On the counter you can make out a red apple and a red onion. You shudder, but continue examining the room. You see a stove. The stove is conventional. But the thing hasn't got anything on it.

There is a closed plain door leading west. You don't like doors? Why not try going east, that entranceway is not blocked by one. There is an exit to the south.

There is a knife and a raw yellow potato on the floor.","You are carrying: a fried pork chop, a sliced fried purple potato, a cookbook, a sliced block of cheese and a diced roasted yellow bell pepper.",5 of 17,0.29411764705882354,False,
50,,,"Now that all ingredients are ready, I should prepare the meal.",prepare meal,,You still miss something.,Kitchen,"You arrive in a kitchen. An usual one. You start to take note of what's in the room.

You lean against the wall, inadvertently pressing a secret button. The wall opens up to reveal a fridge. The fridge is empty, what a horrible day! You make out an oven. You can see a table. But there isn't a thing on it. Aw, here you were, all excited for there to be things on it! You can see a counter. On the counter you can make out a red apple and a red onion. You shudder, but continue examining the room. You see a stove. The stove is conventional. But the thing hasn't got anything on it.

There is a closed plain door leading west. You don't like doors? Why not try going east, that entranceway is not blocked by one. There is an exit to the south.

There is a knife and a raw yellow potato on the floor.","You are carrying: a fried pork chop, a sliced fried purple potato, a cookbook, a sliced block of cheese and a diced roasted yellow bell pepper.",5 of 17,0.29411764705882354,False,
51,,,"I am missing the raw yellow potato, so I should take it from the floor to complete the ingredients.",take raw yellow potato from floor,,You're carrying too many things already.,Kitchen,"You arrive in a kitchen. An usual one. You start to take note of what's in the room.

You lean against the wall, inadvertently pressing a secret button. The wall opens up to reveal a fridge. The fridge is empty, what a horrible day! You make out an oven. You can see a table. But there isn't a thing on it. Aw, here you were, all excited for there to be things on it! You can see a counter. On the counter you can make out a red apple and a red onion. You shudder, but continue examining the room. You see a stove. The stove is conventional. But the thing hasn't got anything on it.

There is a closed plain door leading west. You don't like doors? Why not try going east, that entranceway is not blocked by one. There is an exit to the south.

There is a knife and a raw yellow potato on the floor.","You are carrying: a fried pork chop, a sliced fried purple potato, a cookbook, a sliced block of cheese and a diced roasted yellow bell pepper.",5 of 17,0.29411764705882354,False,
52,,,I need to drop an item to free up space before taking the raw yellow potato.,drop sliced block of cheese,,You drop the block of cheese on the ground.,Kitchen,"You arrive in a kitchen. An usual one. You start to take note of what's in the room.

You lean against the wall, inadvertently pressing a secret button. The wall opens up to reveal a fridge. The fridge is empty, what a horrible day! You make out an oven. You can see a table. But there isn't a thing on it. Aw, here you were, all excited for there to be things on it! You can see a counter. On the counter you can make out a red apple and a red onion. You shudder, but continue examining the room. You see a stove. The stove is conventional. But the thing hasn't got anything on it.

There is a closed plain door leading west. You don't like doors? Why not try going east, that entranceway is not blocked by one. There is an exit to the south.

There is a sliced block of cheese, a knife and a raw yellow potato on the floor.","You are carrying: a fried pork chop, a sliced fried purple potato, a cookbook and a diced roasted yellow bell pepper.",5 of 17,0.29411764705882354,False,
53,,,"Now that I have space, I should take the raw yellow potato from the floor.",take raw yellow potato from floor,,You pick up the yellow potato from the ground.,Kitchen,"You arrive in a kitchen. An usual one. You start to take note of what's in the room.

You lean against the wall, inadvertently pressing a secret button. The wall opens up to reveal a fridge. The fridge is empty, what a horrible day! You make out an oven. You can see a table. But there isn't a thing on it. Aw, here you were, all excited for there to be things on it! You can see a counter. On the counter you can make out a red apple and a red onion. You shudder, but continue examining the room. You see a stove. The stove is conventional. But the thing hasn't got anything on it.

There is a closed plain door leading west. You don't like doors? Why not try going east, that entranceway is not blocked by one. There is an exit to the south.

There is a sliced block of cheese and a knife on the floor.","You are carrying: a raw yellow potato, a fried pork chop, a sliced fried purple potato, a cookbook and a diced roasted yellow bell pepper.",5 of 17,0.29411764705882354,False,
54,,,I should cook the raw yellow potato on the stove to prepare it for the meal.,cook raw yellow potato with stove,,You fried the yellow potato.,Kitchen,"You arrive in a kitchen. An usual one. You start to take note of what's in the room.

You lean against the wall, inadvertently pressing a secret button. The wall opens up to reveal a fridge. The fridge is empty, what a horrible day! You make out an oven. You can see a table. But there isn't a thing on it. Aw, here you were, all excited for there to be things on it! You can see a counter. On the counter you can make out a red apple and a red onion. You shudder, but continue examining the room. You see a stove. The stove is conventional. But the thing hasn't got anything on it.

There is a closed plain door leading west. You don't like doors? Why not try going east, that entranceway is not blocked by one. There is an exit to the south.

There is a sliced block of cheese and a knife on the floor.","You are carrying: a fried yellow potato, a fried pork chop, a sliced fried purple potato, a cookbook and a diced roasted yellow bell pepper.",5 of 17,0.29411764705882354,False,
55,,,"Now that all ingredients are ready, I should prepare the meal.",prepare meal,,You still miss something.,Kitchen,"You arrive in a kitchen. An usual one. You start to take note of what's in the room.

You lean against the wall, inadvertently pressing a secret button. The wall opens up to reveal a fridge. The fridge is empty, what a horrible day! You make out an oven. You can see a table. But there isn't a thing on it. Aw, here you were, all excited for there to be things on it! You can see a counter. On the counter you can make out a red apple and a red onion. You shudder, but continue examining the room. You see a stove. The stove is conventional. But the thing hasn't got anything on it.

There is a closed plain door leading west. You don't like doors? Why not try going east, that entranceway is not blocked by one. There is an exit to the south.

There is a sliced block of cheese and a knife on the floor.","You are carrying: a fried yellow potato, a fried pork chop, a sliced fried purple potato, a cookbook and a diced roasted yellow bell pepper.",5 of 17,0.29411764705882354,False,
56,,,"I am missing the sliced block of cheese for the meal, so I should take it from the floor.",take sliced block of cheese from floor,,You're carrying too many things already.,Kitchen,"You arrive in a kitchen. An usual one. You start to take note of what's in the room.

You lean against the wall, inadvertently pressing a secret button. The wall opens up to reveal a fridge. The fridge is empty, what a horrible day! You make out an oven. You can see a table. But there isn't a thing on it. Aw, here you were, all excited for there to be things on it! You can see a counter. On the counter you can make out a red apple and a red onion. You shudder, but continue examining the room. You see a stove. The stove is conventional. But the thing hasn't got anything on it.

There is a closed plain door leading west. You don't like doors? Why not try going east, that entranceway is not blocked by one. There is an exit to the south.

There is a sliced block of cheese and a knife on the floor.","You are carrying: a fried yellow potato, a fried pork chop, a sliced fried purple potato, a cookbook and a diced roasted yellow bell pepper.",5 of 17,0.29411764705882354,False,
57,,,I need to drop an item to free up space before taking the sliced block of cheese.,drop diced roasted yellow bell pepper,,You drop the yellow bell pepper on the ground.,Kitchen,"You arrive in a kitchen. An usual one. You start to take note of what's in the room.

You lean against the wall, inadvertently pressing a secret button. The wall opens up to reveal a fridge. The fridge is empty, what a horrible day! You make out an oven. You can see a table. But there isn't a thing on it. Aw, here you were, all excited for there to be things on it! You can see a counter. On the counter you can make out a red apple and a red onion. You shudder, but continue examining the room. You see a stove. The stove is conventional. But the thing hasn't got anything on it.

There is a closed plain door leading west. You don't like doors? Why not try going east, that entranceway is not blocked by one. There is an exit to the south.

There is a diced roasted yellow bell pepper, a sliced block of cheese and a knife on the floor.","You are carrying: a fried yellow potato, a fried pork chop, a sliced fried purple potato and a cookbook.",5 of 17,0.29411764705882354,False,
58,,,"Now that I have space, I should take the sliced block of cheese from the floor.",take sliced block of cheese from floor,,You pick up the block of cheese from the ground.,Kitchen,"You arrive in a kitchen. An usual one. You start to take note of what's in the room.

You lean against the wall, inadvertently pressing a secret button. The wall opens up to reveal a fridge. The fridge is empty, what a horrible day! You make out an oven. You can see a table. But there isn't a thing on it. Aw, here you were, all excited for there to be things on it! You can see a counter. On the counter you can make out a red apple and a red onion. You shudder, but continue examining the room. You see a stove. The stove is conventional. But the thing hasn't got anything on it.

There is a closed plain door leading west. You don't like doors? Why not try going east, that entranceway is not blocked by one. There is an exit to the south.

There is a diced roasted yellow bell pepper and a knife on the floor.","You are carrying: a sliced block of cheese, a fried yellow potato, a fried pork chop, a sliced fried purple potato and a cookbook.",5 of 17,0.29411764705882354,False,
59,,,"I have all the ingredients now, so I should prepare the meal.",prepare meal,,You still miss something.,Kitchen,"You arrive in a kitchen. An usual one. You start to take note of what's in the room.

You lean against the wall, inadvertently pressing a secret button. The wall opens up to reveal a fridge. The fridge is empty, what a horrible day! You make out an oven. You can see a table. But there isn't a thing on it. Aw, here you were, all excited for there to be things on it! You can see a counter. On the counter you can make out a red apple and a red onion. You shudder, but continue examining the room. You see a stove. The stove is conventional. But the thing hasn't got anything on it.

There is a closed plain door leading west. You don't like doors? Why not try going east, that entranceway is not blocked by one. There is an exit to the south.

There is a diced roasted yellow bell pepper and a knife on the floor.","You are carrying: a sliced block of cheese, a fried yellow potato, a fried pork chop, a sliced fried purple potato and a cookbook.",5 of 17,0.29411764705882354,False,
60,,,"I am missing the red onion from the counter, so I should take it.",take red onion from counter,,You're carrying too many things already.,Kitchen,"You arrive in a kitchen. An usual one. You start to take note of what's in the room.

You lean against the wall, inadvertently pressing a secret button. The wall opens up to reveal a fridge. The fridge is empty, what a horrible day! You make out an oven. You can see a table. But there isn't a thing on it. Aw, here you were, all excited for there to be things on it! You can see a counter. On the counter you can make out a red apple and a red onion. You shudder, but continue examining the room. You see a stove. The stove is conventional. But the thing hasn't got anything on it.

There is a closed plain door leading west. You don't like doors? Why not try going east, that entranceway is not blocked by one. There is an exit to the south.

There is a diced roasted yellow bell pepper and a knife on the floor.","You are carrying: a sliced block of cheese, a fried yellow potato, a fried pork chop, a sliced fried purple potato and a cookbook.",5 of 17,0.29411764705882354,False,
61,,,I need to drop an item to free space before taking the red onion.,drop sliced fried purple potato,,You drop the purple potato on the ground.,Kitchen,"You arrive in a kitchen. An usual one. You start to take note of what's in the room.

You lean against the wall, inadvertently pressing a secret button. The wall opens up to reveal a fridge. The fridge is empty, what a horrible day! You make out an oven. You can see a table. But there isn't a thing on it. Aw, here you were, all excited for there to be things on it! You can see a counter. On the counter you can make out a red apple and a red onion. You shudder, but continue examining the room. You see a stove. The stove is conventional. But the thing hasn't got anything on it.

There is a closed plain door leading west. You don't like doors? Why not try going east, that entranceway is not blocked by one. There is an exit to the south.

There is a sliced fried purple potato, a diced roasted yellow bell pepper and a knife on the floor.","You are carrying: a sliced block of cheese, a fried yellow potato, a fried pork chop and a cookbook.",5 of 17,0.29411764705882354,False,
62,,,"Now that I have space, I should take the red onion from the counter.",take red onion from counter,,You take the red onion from the counter.,Kitchen,"You arrive in a kitchen. An usual one. You start to take note of what's in the room.

You lean against the wall, inadvertently pressing a secret button. The wall opens up to reveal a fridge. The fridge is empty, what a horrible day! You make out an oven. You can see a table. But there isn't a thing on it. Aw, here you were, all excited for there to be things on it! You can see a counter. On the counter you can make out a red apple. You shudder, but continue examining the room. You see a stove. The stove is conventional. But the thing hasn't got anything on it.

There is a closed plain door leading west. You don't like doors? Why not try going east, that entranceway is not blocked by one. There is an exit to the south.

There is a sliced fried purple potato, a diced roasted yellow bell pepper and a knife on the floor.","You are carrying: a red onion, a sliced block of cheese, a fried yellow potato, a fried pork chop and a cookbook.",5 of 17,0.29411764705882354,False,
63,,,"I now have all the ingredients, so I should prepare the meal.",prepare meal,,You still miss something.,Kitchen,"You arrive in a kitchen. An usual one. You start to take note of what's in the room.

You lean against the wall, inadvertently pressing a secret button. The wall opens up to reveal a fridge. The fridge is empty, what a horrible day! You make out an oven. You can see a table. But there isn't a thing on it. Aw, here you were, all excited for there to be things on it! You can see a counter. On the counter you can make out a red apple. You shudder, but continue examining the room. You see a stove. The stove is conventional. But the thing hasn't got anything on it.

There is a closed plain door leading west. You don't like doors? Why not try going east, that entranceway is not blocked by one. There is an exit to the south.

There is a sliced fried purple potato, a diced roasted yellow bell pepper and a knife on the floor.","You are carrying: a red onion, a sliced block of cheese, a fried yellow potato, a fried pork chop and a cookbook.",5 of 17,0.29411764705882354,False,
64,,,"I am missing the red apple from the counter, so I should take it.",take red apple from counter,,You're carrying too many things already.,Kitchen,"You arrive in a kitchen. An usual one. You start to take note of what's in the room.

You lean against the wall, inadvertently pressing a secret button. The wall opens up to reveal a fridge. The fridge is empty, what a horrible day! You make out an oven. You can see a table. But there isn't a thing on it. Aw, here you were, all excited for there to be things on it! You can see a counter. On the counter you can make out a red apple. You shudder, but continue examining the room. You see a stove. The stove is conventional. But the thing hasn't got anything on it.

There is a closed plain door leading west. You don't like doors? Why not try going east, that entranceway is not blocked by one. There is an exit to the south.

There is a sliced fried purple potato, a diced roasted yellow bell pepper and a knife on the floor.","You are carrying: a red onion, a sliced block of cheese, a fried yellow potato, a fried pork chop and a cookbook.",5 of 17,0.29411764705882354,False,
65,,,I need to drop another item to free space before taking the red apple.,drop fried yellow potato,,You drop the yellow potato on the ground.,Kitchen,"You arrive in a kitchen. An usual one. You start to take note of what's in the room.

You lean against the wall, inadvertently pressing a secret button. The wall opens up to reveal a fridge. The fridge is empty, what a horrible day! You make out an oven. You can see a table. But there isn't a thing on it. Aw, here you were, all excited for there to be things on it! You can see a counter. On the counter you can make out a red apple. You shudder, but continue examining the room. You see a stove. The stove is conventional. But the thing hasn't got anything on it.

There is a closed plain door leading west. You don't like doors? Why not try going east, that entranceway is not blocked by one. There is an exit to the south.

There is a fried yellow potato, a sliced fried purple potato, a diced roasted yellow bell pepper and a knife on the floor.","You are carrying: a red onion, a sliced block of cheese, a fried pork chop and a cookbook.",5 of 17,0.29411764705882354,False,
66,,,"Now that I have space, I should take the red apple from the counter.",take red apple from counter,,You take the red apple from the counter.,Kitchen,"You arrive in a kitchen. An usual one. You start to take note of what's in the room.

You lean against the wall, inadvertently pressing a secret button. The wall opens up to reveal a fridge. The fridge is empty, what a horrible day! You make out an oven. You can see a table. But there isn't a thing on it. Aw, here you were, all excited for there to be things on it! You can see a counter. But there isn't a thing on it. Oh! Why couldn't there just be stuff on it? You see a stove. The stove is conventional. But the thing hasn't got anything on it.

There is a closed plain door leading west. You don't like doors? Why not try going east, that entranceway is not blocked by one. There is an exit to the south.

There is a fried yellow potato, a sliced fried purple potato, a diced roasted yellow bell pepper and a knife on the floor.","You are carrying: a red apple, a red onion, a sliced block of cheese, a fried pork chop and a cookbook.",5 of 17,0.29411764705882354,False,
67,,,"I now have all the ingredients needed, so I should prepare the meal.",prepare meal,,You still miss something.,Kitchen,"You arrive in a kitchen. An usual one. You start to take note of what's in the room.

You lean against the wall, inadvertently pressing a secret button. The wall opens up to reveal a fridge. The fridge is empty, what a horrible day! You make out an oven. You can see a table. But there isn't a thing on it. Aw, here you were, all excited for there to be things on it! You can see a counter. But there isn't a thing on it. Oh! Why couldn't there just be stuff on it? You see a stove. The stove is conventional. But the thing hasn't got anything on it.

There is a closed plain door leading west. You don't like doors? Why not try going east, that entranceway is not blocked by one. There is an exit to the south.

There is a fried yellow potato, a sliced fried purple potato, a diced roasted yellow bell pepper and a knife on the floor.","You are carrying: a red apple, a red onion, a sliced block of cheese, a fried pork chop and a cookbook.",5 of 17,0.29411764705882354,False,
68,,,"I am still missing an ingredient that might be on the floor, so I should take the sliced fried purple potato from the floor.",take sliced fried purple potato from floor,,You're carrying too many things already.,Kitchen,"You arrive in a kitchen. An usual one. You start to take note of what's in the room.

You lean against the wall, inadvertently pressing a secret button. The wall opens up to reveal a fridge. The fridge is empty, what a horrible day! You make out an oven. You can see a table. But there isn't a thing on it. Aw, here you were, all excited for there to be things on it! You can see a counter. But there isn't a thing on it. Oh! Why couldn't there just be stuff on it? You see a stove. The stove is conventional. But the thing hasn't got anything on it.

There is a closed plain door leading west. You don't like doors? Why not try going east, that entranceway is not blocked by one. There is an exit to the south.

There is a fried yellow potato, a sliced fried purple potato, a diced roasted yellow bell pepper and a knife on the floor.","You are carrying: a red apple, a red onion, a sliced block of cheese, a fried pork chop and a cookbook.",5 of 17,0.29411764705882354,False,
69,,,I need to drop an item to free space before taking the sliced fried purple potato.,drop red onion,,You drop the red onion on the ground.,Kitchen,"You arrive in a kitchen. An usual one. You start to take note of what's in the room.

You lean against the wall, inadvertently pressing a secret button. The wall opens up to reveal a fridge. The fridge is empty, what a horrible day! You make out an oven. You can see a table. But there isn't a thing on it. Aw, here you were, all excited for there to be things on it! You can see a counter. But there isn't a thing on it. Oh! Why couldn't there just be stuff on it? You see a stove. The stove is conventional. But the thing hasn't got anything on it.

There is a closed plain door leading west. You don't like doors? Why not try going east, that entranceway is not blocked by one. There is an exit to the south.

There is a red onion, a fried yellow potato, a sliced fried purple potato, a diced roasted yellow bell pepper and a knife on the floor.","You are carrying: a red apple, a sliced block of cheese, a fried pork chop and a cookbook.",5 of 17,0.29411764705882354,False,
70,,,"Now that I have space, I should take the sliced fried purple potato from the floor.",take sliced fried purple potato from floor,,You pick up the purple potato from the ground.,Kitchen,"You arrive in a kitchen. An usual one. You start to take note of what's in the room.

You lean against the wall, inadvertently pressing a secret button. The wall opens up to reveal a fridge. The fridge is empty, what a horrible day! You make out an oven. You can see a table. But there isn't a thing on it. Aw, here you were, all excited for there to be things on it! You can see a counter. But there isn't a thing on it. Oh! Why couldn't there just be stuff on it? You see a stove. The stove is conventional. But the thing hasn't got anything on it.

There is a closed plain door leading west. You don't like doors? Why not try going east, that entranceway is not blocked by one. There is an exit to the south.

There is a red onion, a fried yellow potato, a diced roasted yellow bell pepper and a knife on the floor.","You are carrying: a sliced fried purple potato, a red apple, a sliced block of cheese, a fried pork chop and a cookbook.",5 of 17,0.29411764705882354,False,
71,,,"I have all the ingredients now, so I should prepare the meal.",prepare meal,,You still miss something.,Kitchen,"You arrive in a kitchen. An usual one. You start to take note of what's in the room.

You lean against the wall, inadvertently pressing a secret button. The wall opens up to reveal a fridge. The fridge is empty, what a horrible day! You make out an oven. You can see a table. But there isn't a thing on it. Aw, here you were, all excited for there to be things on it! You can see a counter. But there isn't a thing on it. Oh! Why couldn't there just be stuff on it? You see a stove. The stove is conventional. But the thing hasn't got anything on it.

There is a closed plain door leading west. You don't like doors? Why not try going east, that entranceway is not blocked by one. There is an exit to the south.

There is a red onion, a fried yellow potato, a diced roasted yellow bell pepper and a knife on the floor.","You are carrying: a sliced fried purple potato, a red apple, a sliced block of cheese, a fried pork chop and a cookbook.",5 of 17,0.29411764705882354,False,
72,,,"I am still missing an ingredient, possibly the fried yellow potato on the floor, so I should drop the red apple to free space and then take the fried yellow potato.",drop red apple,,You drop the red apple on the ground.,Kitchen,"You arrive in a kitchen. An usual one. You start to take note of what's in the room.

You lean against the wall, inadvertently pressing a secret button. The wall opens up to reveal a fridge. The fridge is empty, what a horrible day! You make out an oven. You can see a table. But there isn't a thing on it. Aw, here you were, all excited for there to be things on it! You can see a counter. But there isn't a thing on it. Oh! Why couldn't there just be stuff on it? You see a stove. The stove is conventional. But the thing hasn't got anything on it.

There is a closed plain door leading west. You don't like doors? Why not try going east, that entranceway is not blocked by one. There is an exit to the south.

There is a red apple, a red onion, a fried yellow potato, a diced roasted yellow bell pepper and a knife on the floor.","You are carrying: a sliced fried purple potato, a sliced block of cheese, a fried pork chop and a cookbook.",5 of 17,0.29411764705882354,False,
73,,,"Now that I have space, I should take the fried yellow potato from the floor.",take fried yellow potato from floor,,You pick up the yellow potato from the ground.,Kitchen,"You arrive in a kitchen. An usual one. You start to take note of what's in the room.

You lean against the wall, inadvertently pressing a secret button. The wall opens up to reveal a fridge. The fridge is empty, what a horrible day! You make out an oven. You can see a table. But there isn't a thing on it. Aw, here you were, all excited for there to be things on it! You can see a counter. But there isn't a thing on it. Oh! Why couldn't there just be stuff on it? You see a stove. The stove is conventional. But the thing hasn't got anything on it.

There is a closed plain door leading west. You don't like doors? Why not try going east, that entranceway is not blocked by one. There is an exit to the south.

There is a red apple, a red onion, a diced roasted yellow bell pepper and a knife on the floor.","You are carrying: a fried yellow potato, a sliced fried purple potato, a sliced block of cheese, a fried pork chop and a cookbook.",5 of 17,0.29411764705882354,False,
74,,,"I have all the ingredients now, so I should prepare the meal.",prepare meal,,You still miss something.,Kitchen,"You arrive in a kitchen. An usual one. You start to take note of what's in the room.

You lean against the wall, inadvertently pressing a secret button. The wall opens up to reveal a fridge. The fridge is empty, what a horrible day! You make out an oven. You can see a table. But there isn't a thing on it. Aw, here you were, all excited for there to be things on it! You can see a counter. But there isn't a thing on it. Oh! Why couldn't there just be stuff on it? You see a stove. The stove is conventional. But the thing hasn't got anything on it.

There is a closed plain door leading west. You don't like doors? Why not try going east, that entranceway is not blocked by one. There is an exit to the south.

There is a red apple, a red onion, a diced roasted yellow bell pepper and a knife on the floor.","You are carrying: a fried yellow potato, a sliced fried purple potato, a sliced block of cheese, a fried pork chop and a cookbook.",5 of 17,0.29411764705882354,False,
75,,,"I am still missing an ingredient, possibly the red onion on the floor, so I should take the red onion.",take red onion from floor,,You're carrying too many things already.,Kitchen,"You arrive in a kitchen. An usual one. You start to take note of what's in the room.

You lean against the wall, inadvertently pressing a secret button. The wall opens up to reveal a fridge. The fridge is empty, what a horrible day! You make out an oven. You can see a table. But there isn't a thing on it. Aw, here you were, all excited for there to be things on it! You can see a counter. But there isn't a thing on it. Oh! Why couldn't there just be stuff on it? You see a stove. The stove is conventional. But the thing hasn't got anything on it.

There is a closed plain door leading west. You don't like doors? Why not try going east, that entranceway is not blocked by one. There is an exit to the south.

There is a red apple, a red onion, a diced roasted yellow bell pepper and a knife on the floor.","You are carrying: a fried yellow potato, a sliced fried purple potato, a sliced block of cheese, a fried pork chop and a cookbook.",5 of 17,0.29411764705882354,False,
76,,,I need to free up space by dropping an item before taking the red onion.,drop sliced block of cheese,,You drop the block of cheese on the ground.,Kitchen,"You arrive in a kitchen. An usual one. You start to take note of what's in the room.

You lean against the wall, inadvertently pressing a secret button. The wall opens up to reveal a fridge. The fridge is empty, what a horrible day! You make out an oven. You can see a table. But there isn't a thing on it. Aw, here you were, all excited for there to be things on it! You can see a counter. But there isn't a thing on it. Oh! Why couldn't there just be stuff on it? You see a stove. The stove is conventional. But the thing hasn't got anything on it.

There is a closed plain door leading west. You don't like doors? Why not try going east, that entranceway is not blocked by one. There is an exit to the south.

There is a sliced block of cheese, a red apple, a red onion, a diced roasted yellow bell pepper and a knife on the floor.","You are carrying: a fried yellow potato, a sliced fried purple potato, a fried pork chop and a cookbook.",5 of 17,0.29411764705882354,False,
77,,,"Now that I have space, I should take the red onion from the floor.",take red onion from floor,,You pick up the red onion from the ground.,Kitchen,"You arrive in a kitchen. An usual one. You start to take note of what's in the room.

You lean against the wall, inadvertently pressing a secret button. The wall opens up to reveal a fridge. The fridge is empty, what a horrible day! You make out an oven. You can see a table. But there isn't a thing on it. Aw, here you were, all excited for there to be things on it! You can see a counter. But there isn't a thing on it. Oh! Why couldn't there just be stuff on it? You see a stove. The stove is conventional. But the thing hasn't got anything on it.

There is a closed plain door leading west. You don't like doors? Why not try going east, that entranceway is not blocked by one. There is an exit to the south.

There is a sliced block of cheese, a red apple, a diced roasted yellow bell pepper and a knife on the floor.","You are carrying: a red onion, a fried yellow potato, a sliced fried purple potato, a fried pork chop and a cookbook.",5 of 17,0.29411764705882354,False,
78,,,"I have all the necessary ingredients now, so I should prepare the meal.",prepare meal,,You still miss something.,Kitchen,"You arrive in a kitchen. An usual one. You start to take note of what's in the room.

You lean against the wall, inadvertently pressing a secret button. The wall opens up to reveal a fridge. The fridge is empty, what a horrible day! You make out an oven. You can see a table. But there isn't a thing on it. Aw, here you were, all excited for there to be things on it! You can see a counter. But there isn't a thing on it. Oh! Why couldn't there just be stuff on it? You see a stove. The stove is conventional. But the thing hasn't got anything on it.

There is a closed plain door leading west. You don't like doors? Why not try going east, that entranceway is not blocked by one. There is an exit to the south.

There is a sliced block of cheese, a red apple, a diced roasted yellow bell pepper and a knife on the floor.","You are carrying: a red onion, a fried yellow potato, a sliced fried purple potato, a fried pork chop and a cookbook.",5 of 17,0.29411764705882354,False,
79,,,"I am still missing the red apple, so I should take the red apple from the floor.",take red apple from floor,,You're carrying too many things already.,Kitchen,"You arrive in a kitchen. An usual one. You start to take note of what's in the room.

You lean against the wall, inadvertently pressing a secret button. The wall opens up to reveal a fridge. The fridge is empty, what a horrible day! You make out an oven. You can see a table. But there isn't a thing on it. Aw, here you were, all excited for there to be things on it! You can see a counter. But there isn't a thing on it. Oh! Why couldn't there just be stuff on it? You see a stove. The stove is conventional. But the thing hasn't got anything on it.

There is a closed plain door leading west. You don't like doors? Why not try going east, that entranceway is not blocked by one. There is an exit to the south.

There is a sliced block of cheese, a red apple, a diced roasted yellow bell pepper and a knife on the floor.","You are carrying: a red onion, a fried yellow potato, a sliced fried purple potato, a fried pork chop and a cookbook.",5 of 17,0.29411764705882354,False,
80,,,"I need to drop an item to make space for the red apple, so I will drop the fried pork chop.",drop fried pork chop,,You drop the pork chop on the ground.,Kitchen,"You arrive in a kitchen. An usual one. You start to take note of what's in the room.

You lean against the wall, inadvertently pressing a secret button. The wall opens up to reveal a fridge. The fridge is empty, what a horrible day! You make out an oven. You can see a table. But there isn't a thing on it. Aw, here you were, all excited for there to be things on it! You can see a counter. But there isn't a thing on it. Oh! Why couldn't there just be stuff on it? You see a stove. The stove is conventional. But the thing hasn't got anything on it.

There is a closed plain door leading west. You don't like doors? Why not try going east, that entranceway is not blocked by one. There is an exit to the south.

There is a fried pork chop, a sliced block of cheese, a red apple, a diced roasted yellow bell pepper and a knife on the floor.","You are carrying: a red onion, a fried yellow potato, a sliced fried purple potato and a cookbook.",5 of 17,0.29411764705882354,False,
81,,,"Now that I have space, I should take the red apple from the floor.",take red apple from floor,,You pick up the red apple from the ground.,Kitchen,"You arrive in a kitchen. An usual one. You start to take note of what's in the room.

You lean against the wall, inadvertently pressing a secret button. The wall opens up to reveal a fridge. The fridge is empty, what a horrible day! You make out an oven. You can see a table. But there isn't a thing on it. Aw, here you were, all excited for there to be things on it! You can see a counter. But there isn't a thing on it. Oh! Why couldn't there just be stuff on it? You see a stove. The stove is conventional. But the thing hasn't got anything on it.

There is a closed plain door leading west. You don't like doors? Why not try going east, that entranceway is not blocked by one. There is an exit to the south.

There is a fried pork chop, a sliced block of cheese, a diced roasted yellow bell pepper and a knife on the floor.","You are carrying: a red apple, a red onion, a fried yellow potato, a sliced fried purple potato and a cookbook.",5 of 17,0.29411764705882354,False,
82,,,"I have all the ingredients now, so I should prepare the meal.",prepare meal,,You still miss something.,Kitchen,"You arrive in a kitchen. An usual one. You start to take note of what's in the room.

You lean against the wall, inadvertently pressing a secret button. The wall opens up to reveal a fridge. The fridge is empty, what a horrible day! You make out an oven. You can see a table. But there isn't a thing on it. Aw, here you were, all excited for there to be things on it! You can see a counter. But there isn't a thing on it. Oh! Why couldn't there just be stuff on it? You see a stove. The stove is conventional. But the thing hasn't got anything on it.

There is a closed plain door leading west. You don't like doors? Why not try going east, that entranceway is not blocked by one. There is an exit to the south.

There is a fried pork chop, a sliced block of cheese, a diced roasted yellow bell pepper and a knife on the floor.","You are carrying: a red apple, a red onion, a fried yellow potato, a sliced fried purple potato and a cookbook.",5 of 17,0.29411764705882354,False,
83,,,"I am missing the sliced block of cheese, so I should take the sliced block of cheese from the floor.",take sliced block of cheese from floor,,You're carrying too many things already.,Kitchen,"You arrive in a kitchen. An usual one. You start to take note of what's in the room.

You lean against the wall, inadvertently pressing a secret button. The wall opens up to reveal a fridge. The fridge is empty, what a horrible day! You make out an oven. You can see a table. But there isn't a thing on it. Aw, here you were, all excited for there to be things on it! You can see a counter. But there isn't a thing on it. Oh! Why couldn't there just be stuff on it? You see a stove. The stove is conventional. But the thing hasn't got anything on it.

There is a closed plain door leading west. You don't like doors? Why not try going east, that entranceway is not blocked by one. There is an exit to the south.

There is a fried pork chop, a sliced block of cheese, a diced roasted yellow bell pepper and a knife on the floor.","You are carrying: a red apple, a red onion, a fried yellow potato, a sliced fried purple potato and a cookbook.",5 of 17,0.29411764705882354,False,
84,,,"I need to drop an item to make space for the sliced block of cheese, so I will drop the sliced fried purple potato.",drop sliced fried purple potato,,You drop the purple potato on the ground.,Kitchen,"You arrive in a kitchen. An usual one. You start to take note of what's in the room.

You lean against the wall, inadvertently pressing a secret button. The wall opens up to reveal a fridge. The fridge is empty, what a horrible day! You make out an oven. You can see a table. But there isn't a thing on it. Aw, here you were, all excited for there to be things on it! You can see a counter. But there isn't a thing on it. Oh! Why couldn't there just be stuff on it? You see a stove. The stove is conventional. But the thing hasn't got anything on it.

There is a closed plain door leading west. You don't like doors? Why not try going east, that entranceway is not blocked by one. There is an exit to the south.

There is a sliced fried purple potato, a fried pork chop, a sliced block of cheese, a diced roasted yellow bell pepper and a knife on the floor.","You are carrying: a red apple, a red onion, a fried yellow potato and a cookbook.",5 of 17,0.29411764705882354,False,
85,,,"Now that I have space, I should take the sliced block of cheese from the floor.",take sliced block of cheese from floor,,You pick up the block of cheese from the ground.,Kitchen,"You arrive in a kitchen. An usual one. You start to take note of what's in the room.

You lean against the wall, inadvertently pressing a secret button. The wall opens up to reveal a fridge. The fridge is empty, what a horrible day! You make out an oven. You can see a table. But there isn't a thing on it. Aw, here you were, all excited for there to be things on it! You can see a counter. But there isn't a thing on it. Oh! Why couldn't there just be stuff on it? You see a stove. The stove is conventional. But the thing hasn't got anything on it.

There is a closed plain door leading west. You don't like doors? Why not try going east, that entranceway is not blocked by one. There is an exit to the south.

There is a sliced fried purple potato, a fried pork chop, a diced roasted yellow bell pepper and a knife on the floor.","You are carrying: a sliced block of cheese, a red apple, a red onion, a fried yellow potato and a cookbook.",5 of 17,0.29411764705882354,False,
86,,,"I have all the ingredients now, so I should prepare the meal.",prepare meal,,You still miss something.,Kitchen,"You arrive in a kitchen. An usual one. You start to take note of what's in the room.

You lean against the wall, inadvertently pressing a secret button. The wall opens up to reveal a fridge. The fridge is empty, what a horrible day! You make out an oven. You can see a table. But there isn't a thing on it. Aw, here you were, all excited for there to be things on it! You can see a counter. But there isn't a thing on it. Oh! Why couldn't there just be stuff on it? You see a stove. The stove is conventional. But the thing hasn't got anything on it.

There is a closed plain door leading west. You don't like doors? Why not try going east, that entranceway is not blocked by one. There is an exit to the south.

There is a sliced fried purple potato, a fried pork chop, a diced roasted yellow bell pepper and a knife on the floor.","You are carrying: a sliced block of cheese, a red apple, a red onion, a fried yellow potato and a cookbook.",5 of 17,0.29411764705882354,False,
87,,,"I am missing the fried pork chop, so I should take the fried pork chop from the floor.",take fried pork chop from floor,,You're carrying too many things already.,Kitchen,"You arrive in a kitchen. An usual one. You start to take note of what's in the room.

You lean against the wall, inadvertently pressing a secret button. The wall opens up to reveal a fridge. The fridge is empty, what a horrible day! You make out an oven. You can see a table. But there isn't a thing on it. Aw, here you were, all excited for there to be things on it! You can see a counter. But there isn't a thing on it. Oh! Why couldn't there just be stuff on it? You see a stove. The stove is conventional. But the thing hasn't got anything on it.

There is a closed plain door leading west. You don't like doors? Why not try going east, that entranceway is not blocked by one. There is an exit to the south.

There is a sliced fried purple potato, a fried pork chop, a diced roasted yellow bell pepper and a knife on the floor.","You are carrying: a sliced block of cheese, a red apple, a red onion, a fried yellow potato and a cookbook.",5 of 17,0.29411764705882354,False,
88,,,"I need to drop an item to make space for the fried pork chop, so I will drop the red apple.",drop red apple,,You drop the red apple on the ground.,Kitchen,"You arrive in a kitchen. An usual one. You start to take note of what's in the room.

You lean against the wall, inadvertently pressing a secret button. The wall opens up to reveal a fridge. The fridge is empty, what a horrible day! You make out an oven. You can see a table. But there isn't a thing on it. Aw, here you were, all excited for there to be things on it! You can see a counter. But there isn't a thing on it. Oh! Why couldn't there just be stuff on it? You see a stove. The stove is conventional. But the thing hasn't got anything on it.

There is a closed plain door leading west. You don't like doors? Why not try going east, that entranceway is not blocked by one. There is an exit to the south.

There is a red apple, a sliced fried purple potato, a fried pork chop, a diced roasted yellow bell pepper and a knife on the floor.","You are carrying: a sliced block of cheese, a red onion, a fried yellow potato and a cookbook.",5 of 17,0.29411764705882354,False,
89,,,"Now that I have space, I should take the fried pork chop from the floor.",take fried pork chop from floor,,You pick up the pork chop from the ground.,Kitchen,"You arrive in a kitchen. An usual one. You start to take note of what's in the room.

You lean against the wall, inadvertently pressing a secret button. The wall opens up to reveal a fridge. The fridge is empty, what a horrible day! You make out an oven. You can see a table. But there isn't a thing on it. Aw, here you were, all excited for there to be things on it! You can see a counter. But there isn't a thing on it. Oh! Why couldn't there just be stuff on it? You see a stove. The stove is conventional. But the thing hasn't got anything on it.

There is a closed plain door leading west. You don't like doors? Why not try going east, that entranceway is not blocked by one. There is an exit to the south.

There is a red apple, a sliced fried purple potato, a diced roasted yellow bell pepper and a knife on the floor.","You are carrying: a fried pork chop, a sliced block of cheese, a red onion, a fried yellow potato and a cookbook.",5 of 17,0.29411764705882354,False,
90,,,"I have all the necessary ingredients now, so I should prepare the meal.",prepare meal,,You still miss something.,Kitchen,"You arrive in a kitchen. An usual one. You start to take note of what's in the room.

You lean against the wall, inadvertently pressing a secret button. The wall opens up to reveal a fridge. The fridge is empty, what a horrible day! You make out an oven. You can see a table. But there isn't a thing on it. Aw, here you were, all excited for there to be things on it! You can see a counter. But there isn't a thing on it. Oh! Why couldn't there just be stuff on it? You see a stove. The stove is conventional. But the thing hasn't got anything on it.

There is a closed plain door leading west. You don't like doors? Why not try going east, that entranceway is not blocked by one. There is an exit to the south.

There is a red apple, a sliced fried purple potato, a diced roasted yellow bell pepper and a knife on the floor.","You are carrying: a fried pork chop, a sliced block of cheese, a red onion, a fried yellow potato and a cookbook.",5 of 17,0.29411764705882354,False,
91,,,"I am missing the diced roasted yellow bell pepper, so I should take it from the floor.",take diced roasted yellow bell pepper from floor,,You're carrying too many things already.,Kitchen,"You arrive in a kitchen. An usual one. You start to take note of what's in the room.

You lean against the wall, inadvertently pressing a secret button. The wall opens up to reveal a fridge. The fridge is empty, what a horrible day! You make out an oven. You can see a table. But there isn't a thing on it. Aw, here you were, all excited for there to be things on it! You can see a counter. But there isn't a thing on it. Oh! Why couldn't there just be stuff on it? You see a stove. The stove is conventional. But the thing hasn't got anything on it.

There is a closed plain door leading west. You don't like doors? Why not try going east, that entranceway is not blocked by one. There is an exit to the south.

There is a red apple, a sliced fried purple potato, a diced roasted yellow bell pepper and a knife on the floor.","You are carrying: a fried pork chop, a sliced block of cheese, a red onion, a fried yellow potato and a cookbook.",5 of 17,0.29411764705882354,False,
92,,,"I need to drop an item to make space for the diced roasted yellow bell pepper, so I will drop the red onion.",drop red onion,,You drop the red onion on the ground.,Kitchen,"You arrive in a kitchen. An usual one. You start to take note of what's in the room.

You lean against the wall, inadvertently pressing a secret button. The wall opens up to reveal a fridge. The fridge is empty, what a horrible day! You make out an oven. You can see a table. But there isn't a thing on it. Aw, here you were, all excited for there to be things on it! You can see a counter. But there isn't a thing on it. Oh! Why couldn't there just be stuff on it? You see a stove. The stove is conventional. But the thing hasn't got anything on it.

There is a closed plain door leading west. You don't like doors? Why not try going east, that entranceway is not blocked by one. There is an exit to the south.

There is a red onion, a red apple, a sliced fried purple potato, a diced roasted yellow bell pepper and a knife on the floor.","You are carrying: a fried pork chop, a sliced block of cheese, a fried yellow potato and a cookbook.",5 of 17,0.29411764705882354,False,
93,,,"Now that I have space, I should take the diced roasted yellow bell pepper from the floor.",take diced roasted yellow bell pepper from floor,,You pick up the yellow bell pepper from the ground.,Kitchen,"You arrive in a kitchen. An usual one. You start to take note of what's in the room.

You lean against the wall, inadvertently pressing a secret button. The wall opens up to reveal a fridge. The fridge is empty, what a horrible day! You make out an oven. You can see a table. But there isn't a thing on it. Aw, here you were, all excited for there to be things on it! You can see a counter. But there isn't a thing on it. Oh! Why couldn't there just be stuff on it? You see a stove. The stove is conventional. But the thing hasn't got anything on it.

There is a closed plain door leading west. You don't like doors? Why not try going east, that entranceway is not blocked by one. There is an exit to the south.

There is a red onion, a red apple, a sliced fried purple potato and a knife on the floor.","You are carrying: a diced roasted yellow bell pepper, a fried pork chop, a sliced block of cheese, a fried yellow potato and a cookbook.",5 of 17,0.29411764705882354,False,
94,,,"I have all the necessary ingredients now, so I should prepare the meal.",prepare meal,,You still miss something.,Kitchen,"You arrive in a kitchen. An usual one. You start to take note of what's in the room.

You lean against the wall, inadvertently pressing a secret button. The wall opens up to reveal a fridge. The fridge is empty, what a horrible day! You make out an oven. You can see a table. But there isn't a thing on it. Aw, here you were, all excited for there to be things on it! You can see a counter. But there isn't a thing on it. Oh! Why couldn't there just be stuff on it? You see a stove. The stove is conventional. But the thing hasn't got anything on it.

There is a closed plain door leading west. You don't like doors? Why not try going east, that entranceway is not blocked by one. There is an exit to the south.

There is a red onion, a red apple, a sliced fried purple potato and a knife on the floor.","You are carrying: a diced roasted yellow bell pepper, a fried pork chop, a sliced block of cheese, a fried yellow potato and a cookbook.",5 of 17,0.29411764705882354,False,
95,,,"I am missing the red apple, so I should take it from the floor.",take red apple from floor,,You're carrying too many things already.,Kitchen,"You arrive in a kitchen. An usual one. You start to take note of what's in the room.

You lean against the wall, inadvertently pressing a secret button. The wall opens up to reveal a fridge. The fridge is empty, what a horrible day! You make out an oven. You can see a table. But there isn't a thing on it. Aw, here you were, all excited for there to be things on it! You can see a counter. But there isn't a thing on it. Oh! Why couldn't there just be stuff on it? You see a stove. The stove is conventional. But the thing hasn't got anything on it.

There is a closed plain door leading west. You don't like doors? Why not try going east, that entranceway is not blocked by one. There is an exit to the south.

There is a red onion, a red apple, a sliced fried purple potato and a knife on the floor.","You are carrying: a diced roasted yellow bell pepper, a fried pork chop, a sliced block of cheese, a fried yellow potato and a cookbook.",5 of 17,0.29411764705882354,False,
96,,,"I need to drop an item to make space for the red apple, so I will drop the fried yellow potato.",drop fried yellow potato,,You drop the yellow potato on the ground.,Kitchen,"You arrive in a kitchen. An usual one. You start to take note of what's in the room.

You lean against the wall, inadvertently pressing a secret button. The wall opens up to reveal a fridge. The fridge is empty, what a horrible day! You make out an oven. You can see a table. But there isn't a thing on it. Aw, here you were, all excited for there to be things on it! You can see a counter. But there isn't a thing on it. Oh! Why couldn't there just be stuff on it? You see a stove. The stove is conventional. But the thing hasn't got anything on it.

There is a closed plain door leading west. You don't like doors? Why not try going east, that entranceway is not blocked by one. There is an exit to the south.

There is a fried yellow potato, a red onion, a red apple, a sliced fried purple potato and a knife on the floor.","You are carrying: a diced roasted yellow bell pepper, a fried pork chop, a sliced block of cheese and a cookbook.",5 of 17,0.29411764705882354,False,
97,,,"Now that I have space, I should take the red apple from the floor.",take red apple from floor,,You pick up the red apple from the ground.,Kitchen,"You arrive in a kitchen. An usual one. You start to take note of what's in the room.

You lean against the wall, inadvertently pressing a secret button. The wall opens up to reveal a fridge. The fridge is empty, what a horrible day! You make out an oven. You can see a table. But there isn't a thing on it. Aw, here you were, all excited for there to be things on it! You can see a counter. But there isn't a thing on it. Oh! Why couldn't there just be stuff on it? You see a stove. The stove is conventional. But the thing hasn't got anything on it.

There is a closed plain door leading west. You don't like doors? Why not try going east, that entranceway is not blocked by one. There is an exit to the south.

There is a fried yellow potato, a red onion, a sliced fried purple potato and a knife on the floor.","You are carrying: a red apple, a diced roasted yellow bell pepper, a fried pork chop, a sliced block of cheese and a cookbook.",5 of 17,0.29411764705882354,False,
98,,,"I have all the ingredients now, so I should prepare the meal.",prepare meal,,You still miss something.,Kitchen,"You arrive in a kitchen. An usual one. You start to take note of what's in the room.

You lean against the wall, inadvertently pressing a secret button. The wall opens up to reveal a fridge. The fridge is empty, what a horrible day! You make out an oven. You can see a table. But there isn't a thing on it. Aw, here you were, all excited for there to be things on it! You can see a counter. But there isn't a thing on it. Oh! Why couldn't there just be stuff on it? You see a stove. The stove is conventional. But the thing hasn't got anything on it.

There is a closed plain door leading west. You don't like doors? Why not try going east, that entranceway is not blocked by one. There is an exit to the south.

There is a fried yellow potato, a red onion, a sliced fried purple potato and a knife on the floor.","You are carrying: a red apple, a diced roasted yellow bell pepper, a fried pork chop, a sliced block of cheese and a cookbook.",5 of 17,0.29411764705882354,False,
99,,,"I am missing the red onion, so I should take it from the floor.",take red onion from floor,,You're carrying too many things already.,Kitchen,"You arrive in a kitchen. An usual one. You start to take note of what's in the room.

You lean against the wall, inadvertently pressing a secret button. The wall opens up to reveal a fridge. The fridge is empty, what a horrible day! You make out an oven. You can see a table. But there isn't a thing on it. Aw, here you were, all excited for there to be things on it! You can see a counter. But there isn't a thing on it. Oh! Why couldn't there just be stuff on it? You see a stove. The stove is conventional. But the thing hasn't got anything on it.

There is a closed plain door leading west. You don't like doors? Why not try going east, that entranceway is not blocked by one. There is an exit to the south.

There is a fried yellow potato, a red onion, a sliced fried purple potato and a knife on the floor.","You are carrying: a red apple, a diced roasted yellow bell pepper, a fried pork chop, a sliced block of cheese and a cookbook.",5 of 17,0.29411764705882354,False,
100,,,"I need to drop an item to make space for the red onion, so I will drop the red apple.",drop red apple,,You drop the red apple on the ground.,Kitchen,"You arrive in a kitchen. An usual one. You start to take note of what's in the room.

You lean against the wall, inadvertently pressing a secret button. The wall opens up to reveal a fridge. The fridge is empty, what a horrible day! You make out an oven. You can see a table. But there isn't a thing on it. Aw, here you were, all excited for there to be things on it! You can see a counter. But there isn't a thing on it. Oh! Why couldn't there just be stuff on it? You see a stove. The stove is conventional. But the thing hasn't got anything on it.

There is a closed plain door leading west. You don't like doors? Why not try going east, that entranceway is not blocked by one. There is an exit to the south.

There is a red apple, a fried yellow potato, a red onion, a sliced fried purple potato and a knife on the floor.","You are carrying: a diced roasted yellow bell pepper, a fried pork chop, a sliced block of cheese and a cookbook.",5 of 17,0.29411764705882354,True,
