step_id,plan,summary,thought,action,task,feedback,location,description,inventory,score,reward,is_done,error
0,,,,,"You are hungry! Let's cook a delicious meal. Check the cookbook in the kitchen for the recipe. Once done, enjoy your meal!",,Backyard,"You've just shown up in a backyard.

You can see a patio chair. But the thing is empty. You can make out a patio table. The patio table is stylish. But the thing is empty, unfortunately. Aw, here you were, all excited for there to be things on it! You rest your hand against a wall, but you miss the wall and fall onto a BBQ.

There is a closed screen door leading north. There is a closed wooden door leading south. You need an exit without a door? You should try going west.",You are carrying: a carrot and a banana.,0 of 17,0.0,False,
1,,,I should go west to explore more and find the kitchen where the cookbook might be.,go west,,"You are in a garden. A normal kind of place.



You don't like doors? Why not try going east, that entranceway is not blocked by one.

There is a raw purple potato, a red hot pepper, a raw yellow potato and a yellow bell pepper on the floor.",Garden,"You are in a garden. A normal kind of place.



You don't like doors? Why not try going east, that entranceway is not blocked by one.

There is a raw purple potato, a red hot pepper, a raw yellow potato and a yellow bell pepper on the floor.",You are carrying: a carrot and a banana.,0 of 17,0.0,False,
2,,,"I should take the raw purple potato, red hot pepper, raw yellow potato, and yellow bell pepper from the floor to have more ingredients for cooking.","take raw purple potato, red hot pepper, raw yellow potato, yellow bell pepper from floor",,"purple potato: You pick up the purple potato from the ground.
red hot pepper: You pick up the red hot pepper from the ground.
yellow potato: You pick up the yellow potato from the ground.
yellow bell pepper: You're carrying too many things already.


Your score has just gone up by two points.",Garden,"You are in a garden. A normal kind of place.



You don't like doors? Why not try going east, that entranceway is not blocked by one.

There is a yellow bell pepper on the floor.","You are carrying: a raw yellow potato, a red hot pepper, a raw purple potato, a carrot and a banana.",2 of 17,0.11764705882352941,False,
3,,,I should drop the banana to be able to take the yellow bell pepper.,drop banana,,You drop the banana on the ground.,Garden,"You are in a garden. A normal kind of place.



You don't like doors? Why not try going east, that entranceway is not blocked by one.

There is a banana and a yellow bell pepper on the floor.","You are carrying: a raw yellow potato, a red hot pepper, a raw purple potato and a carrot.",2 of 17,0.11764705882352941,False,
4,,,I should take the yellow bell pepper from the floor now that I have space.,take yellow bell pepper from floor,,You pick up the yellow bell pepper from the ground.,Garden,"You are in a garden. A normal kind of place.



You don't like doors? Why not try going east, that entranceway is not blocked by one.

There is a banana on the floor.","You are carrying: a yellow bell pepper, a raw yellow potato, a red hot pepper, a raw purple potato and a carrot.",2 of 17,0.11764705882352941,False,
5,,,I should go east to find the kitchen or the cookbook for the recipe.,go east,,"You've just shown up in a backyard.

You can see a patio chair. But the thing is empty. You can make out a patio table. The patio table is stylish. But the thing is empty, unfortunately. Aw, here you were, all excited for there to be things on it! You rest your hand against a wall, but you miss the wall and fall onto a BBQ.

There is a closed screen door leading north. There is a closed wooden door leading south. You need an exit without a door? You should try going west.",Backyard,"You've just shown up in a backyard.

You can see a patio chair. But the thing is empty. You can make out a patio table. The patio table is stylish. But the thing is empty, unfortunately. Aw, here you were, all excited for there to be things on it! You rest your hand against a wall, but you miss the wall and fall onto a BBQ.

There is a closed screen door leading north. There is a closed wooden door leading south. You need an exit without a door? You should try going west.","You are carrying: a yellow bell pepper, a raw yellow potato, a red hot pepper, a raw purple potato and a carrot.",2 of 17,0.11764705882352941,False,
6,,,I should try going north through the closed screen door to see if I can access the kitchen or find the cookbook.,open screen door,,You open screen door.,Backyard,"You've just shown up in a backyard.

You can see a patio chair. But the thing is empty. You can make out a patio table. The patio table is stylish. But the thing is empty, unfortunately. Aw, here you were, all excited for there to be things on it! You rest your hand against a wall, but you miss the wall and fall onto a BBQ.

There is an open screen door leading north. There is a closed wooden door leading south. You need an exit without a door? You should try going west.","You are carrying: a yellow bell pepper, a raw yellow potato, a red hot pepper, a raw purple potato and a carrot.",2 of 17,0.11764705882352941,False,
7,,,I should go north through the open screen door to explore further.,go north,,"I am required to announce that you are now in the kitchen.

You see a fridge. You can make out a closed oven here. You can see a table. The table is massive. On the table you can see a knife. You can make out a counter. The counter is vast. On the counter you make out a red apple and a cookbook. You see a stove. But the thing is empty.

There is an open screen door leading south. There is a closed plain door leading west. You don't like doors? Why not try going east, that entranceway is not blocked by one.",Kitchen,"I am required to announce that you are now in the kitchen.

You see a fridge. You can make out a closed oven here. You can see a table. The table is massive. On the table you can see a knife. You can make out a counter. The counter is vast. On the counter you make out a red apple and a cookbook. You see a stove. But the thing is empty.

There is an open screen door leading south. There is a closed plain door leading west. You don't like doors? Why not try going east, that entranceway is not blocked by one.","You are carrying: a yellow bell pepper, a raw yellow potato, a red hot pepper, a raw purple potato and a carrot.",2 of 17,0.11764705882352941,False,
8,,,I should take the cookbook from the counter to check the recipe.,take cookbook from counter,,You're carrying too many things already.,Kitchen,"I am required to announce that you are now in the kitchen.

You see a fridge. You can make out a closed oven here. You can see a table. The table is massive. On the table you can see a knife. You can make out a counter. The counter is vast. On the counter you make out a red apple and a cookbook. You see a stove. But the thing is empty.

There is an open screen door leading south. There is a closed plain door leading west. You don't like doors? Why not try going east, that entranceway is not blocked by one.","You are carrying: a yellow bell pepper, a raw yellow potato, a red hot pepper, a raw purple potato and a carrot.",2 of 17,0.11764705882352941,False,
9,,,I need to free up inventory space by dropping an item before taking the cookbook.,drop red hot pepper,,You drop the red hot pepper on the ground.,Kitchen,"I am required to announce that you are now in the kitchen.

You see a fridge. You can make out a closed oven here. You can see a table. The table is massive. On the table you can see a knife. You can make out a counter. The counter is vast. On the counter you make out a red apple and a cookbook. You see a stove. But the thing is empty.

There is an open screen door leading south. There is a closed plain door leading west. You don't like doors? Why not try going east, that entranceway is not blocked by one.

There is a red hot pepper on the floor.","You are carrying: a yellow bell pepper, a raw yellow potato, a raw purple potato and a carrot.",2 of 17,0.11764705882352941,False,
10,,,"Now that I have freed up space, I should take the cookbook from the counter.",take cookbook from counter,,You take the cookbook from the counter.,Kitchen,"I am required to announce that you are now in the kitchen.

You see a fridge. You can make out a closed oven here. You can see a table. The table is massive. On the table you can see a knife. You can make out a counter. The counter is vast. On the counter you make out a red apple. You see a stove. But the thing is empty.

There is an open screen door leading south. There is a closed plain door leading west. You don't like doors? Why not try going east, that entranceway is not blocked by one.

There is a red hot pepper on the floor.","You are carrying: a cookbook, a yellow bell pepper, a raw yellow potato, a raw purple potato and a carrot.",2 of 17,0.11764705882352941,False,
11,,,I should examine the cookbook to find the recipe for a delicious meal.,examine cookbook,,"You open the copy of ""Cooking: A Modern Approach (3rd Ed.)"" and start reading:

Recipe #1
---------
Gather all following ingredients and follow the directions to prepare this tasty meal.

Ingredients:
red hot pepper
  block of cheese
  purple potato
  white onion
  red apple

Directions:
slice the red hot pepper
  fry the red hot pepper
  slice the block of cheese
  grill the block of cheese
  slice the purple potato
  roast the purple potato
  dice the white onion
  roast the white onion
  slice the red apple
  grill the red apple
  prepare meal",Kitchen,"I am required to announce that you are now in the kitchen.

You see a fridge. You can make out a closed oven here. You can see a table. The table is massive. On the table you can see a knife. You can make out a counter. The counter is vast. On the counter you make out a red apple. You see a stove. But the thing is empty.

There is an open screen door leading south. There is a closed plain door leading west. You don't like doors? Why not try going east, that entranceway is not blocked by one.

There is a red hot pepper on the floor.","You are carrying: a cookbook, a yellow bell pepper, a raw yellow potato, a raw purple potato and a carrot.",2 of 17,0.11764705882352941,False,
12,,,"I need to gather the required ingredients from the recipe: red hot pepper, block of cheese, purple potato, white onion, and red apple. I already have a purple potato and a red hot pepper on the floor, so I should take the red hot pepper from the floor and take the red apple from the counter.",take red hot pepper from floor,,You're carrying too many things already.,Kitchen,"I am required to announce that you are now in the kitchen.

You see a fridge. You can make out a closed oven here. You can see a table. The table is massive. On the table you can see a knife. You can make out a counter. The counter is vast. On the counter you make out a red apple. You see a stove. But the thing is empty.

There is an open screen door leading south. There is a closed plain door leading west. You don't like doors? Why not try going east, that entranceway is not blocked by one.

There is a red hot pepper on the floor.","You are carrying: a cookbook, a yellow bell pepper, a raw yellow potato, a raw purple potato and a carrot.",2 of 17,0.11764705882352941,False,
13,,,I need to drop an item to free up space before taking the red hot pepper from the floor.,drop yellow bell pepper,,You drop the yellow bell pepper on the ground.,Kitchen,"I am required to announce that you are now in the kitchen.

You see a fridge. You can make out a closed oven here. You can see a table. The table is massive. On the table you can see a knife. You can make out a counter. The counter is vast. On the counter you make out a red apple. You see a stove. But the thing is empty.

There is an open screen door leading south. There is a closed plain door leading west. You don't like doors? Why not try going east, that entranceway is not blocked by one.

There is a yellow bell pepper and a red hot pepper on the floor.","You are carrying: a cookbook, a raw yellow potato, a raw purple potato and a carrot.",2 of 17,0.11764705882352941,False,
14,,,"Now that I have freed up space, I should take the red hot pepper from the floor.",take red hot pepper from floor,,You pick up the red hot pepper from the ground.,Kitchen,"I am required to announce that you are now in the kitchen.

You see a fridge. You can make out a closed oven here. You can see a table. The table is massive. On the table you can see a knife. You can make out a counter. The counter is vast. On the counter you make out a red apple. You see a stove. But the thing is empty.

There is an open screen door leading south. There is a closed plain door leading west. You don't like doors? Why not try going east, that entranceway is not blocked by one.

There is a yellow bell pepper on the floor.","You are carrying: a red hot pepper, a cookbook, a raw yellow potato, a raw purple potato and a carrot.",2 of 17,0.11764705882352941,False,
15,,,I should take the red apple from the counter to have all the ingredients I can currently get.,take red apple from counter,,You're carrying too many things already.,Kitchen,"I am required to announce that you are now in the kitchen.

You see a fridge. You can make out a closed oven here. You can see a table. The table is massive. On the table you can see a knife. You can make out a counter. The counter is vast. On the counter you make out a red apple. You see a stove. But the thing is empty.

There is an open screen door leading south. There is a closed plain door leading west. You don't like doors? Why not try going east, that entranceway is not blocked by one.

There is a yellow bell pepper on the floor.","You are carrying: a red hot pepper, a cookbook, a raw yellow potato, a raw purple potato and a carrot.",2 of 17,0.11764705882352941,False,
16,,,I need to drop another item to free up space before taking the red apple from the counter.,drop raw yellow potato,,You drop the yellow potato on the ground.,Kitchen,"I am required to announce that you are now in the kitchen.

You see a fridge. You can make out a closed oven here. You can see a table. The table is massive. On the table you can see a knife. You can make out a counter. The counter is vast. On the counter you make out a red apple. You see a stove. But the thing is empty.

There is an open screen door leading south. There is a closed plain door leading west. You don't like doors? Why not try going east, that entranceway is not blocked by one.

There is a raw yellow potato and a yellow bell pepper on the floor.","You are carrying: a red hot pepper, a cookbook, a raw purple potato and a carrot.",2 of 17,0.11764705882352941,False,
17,,,"Now that I have freed up space, I should take the red apple from the counter.",take red apple from counter,,"You take the red apple from the counter.



Your score has just gone up by one point.",Kitchen,"I am required to announce that you are now in the kitchen.

You see a fridge. You can make out a closed oven here. You can see a table. The table is massive. On the table you can see a knife. You can make out a counter. The counter is vast. But there isn't a thing on it. You see a stove. But the thing is empty.

There is an open screen door leading south. There is a closed plain door leading west. You don't like doors? Why not try going east, that entranceway is not blocked by one.

There is a raw yellow potato and a yellow bell pepper on the floor.","You are carrying: a red apple, a red hot pepper, a cookbook, a raw purple potato and a carrot.",3 of 17,0.17647058823529413,False,
18,,,I should check the cookbook for a recipe to cook a delicious meal.,examine cookbook,,"You open the copy of ""Cooking: A Modern Approach (3rd Ed.)"" and start reading:

Recipe #1
---------
Gather all following ingredients and follow the directions to prepare this tasty meal.

Ingredients:
red hot pepper
  block of cheese
  purple potato
  white onion
  red apple

Directions:
slice the red hot pepper
  fry the red hot pepper
  slice the block of cheese
  grill the block of cheese
  slice the purple potato
  roast the purple potato
  dice the white onion
  roast the white onion
  slice the red apple
  grill the red apple
  prepare meal",Kitchen,"I am required to announce that you are now in the kitchen.

You see a fridge. You can make out a closed oven here. You can see a table. The table is massive. On the table you can see a knife. You can make out a counter. The counter is vast. But there isn't a thing on it. You see a stove. But the thing is empty.

There is an open screen door leading south. There is a closed plain door leading west. You don't like doors? Why not try going east, that entranceway is not blocked by one.

There is a raw yellow potato and a yellow bell pepper on the floor.","You are carrying: a red apple, a red hot pepper, a cookbook, a raw purple potato and a carrot.",3 of 17,0.17647058823529413,False,
19,,,I need to find the block of cheese and white onion to complete the recipe.,open fridge,,"You open the fridge, revealing a white onion and a red onion.",Kitchen,"I am required to announce that you are now in the kitchen.

You see a fridge. The fridge contains a white onion and a red onion. You can make out a closed oven here. You can see a table. The table is massive. On the table you can see a knife. You can make out a counter. The counter is vast. But there isn't a thing on it. You see a stove. But the thing is empty.

There is an open screen door leading south. There is a closed plain door leading west. You don't like doors? Why not try going east, that entranceway is not blocked by one.

There is a raw yellow potato and a yellow bell pepper on the floor.","You are carrying: a red apple, a red hot pepper, a cookbook, a raw purple potato and a carrot.",3 of 17,0.17647058823529413,False,
20,,,I should take the white onion from the fridge to have it for the recipe.,take white onion from fridge,,You're carrying too many things already.,Kitchen,"I am required to announce that you are now in the kitchen.

You see a fridge. The fridge contains a white onion and a red onion. You can make out a closed oven here. You can see a table. The table is massive. On the table you can see a knife. You can make out a counter. The counter is vast. But there isn't a thing on it. You see a stove. But the thing is empty.

There is an open screen door leading south. There is a closed plain door leading west. You don't like doors? Why not try going east, that entranceway is not blocked by one.

There is a raw yellow potato and a yellow bell pepper on the floor.","You are carrying: a red apple, a red hot pepper, a cookbook, a raw purple potato and a carrot.",3 of 17,0.17647058823529413,False,
21,,,I need to drop an item to free up space before taking the white onion.,drop carrot,,You drop the carrot on the ground.,Kitchen,"I am required to announce that you are now in the kitchen.

You see a fridge. The fridge contains a white onion and a red onion. You can make out a closed oven here. You can see a table. The table is massive. On the table you can see a knife. You can make out a counter. The counter is vast. But there isn't a thing on it. You see a stove. But the thing is empty.

There is an open screen door leading south. There is a closed plain door leading west. You don't like doors? Why not try going east, that entranceway is not blocked by one.

There is a carrot, a raw yellow potato and a yellow bell pepper on the floor.","You are carrying: a red apple, a red hot pepper, a cookbook and a raw purple potato.",3 of 17,0.17647058823529413,False,
22,,,"Now that I have space, I should take the white onion from the fridge.",take white onion from fridge,,"You take the white onion from the fridge.



Your score has just gone up by one point.",Kitchen,"I am required to announce that you are now in the kitchen.

You see a fridge. The fridge contains a red onion. You can make out a closed oven here. You can see a table. The table is massive. On the table you can see a knife. You can make out a counter. The counter is vast. But there isn't a thing on it. You see a stove. But the thing is empty.

There is an open screen door leading south. There is a closed plain door leading west. You don't like doors? Why not try going east, that entranceway is not blocked by one.

There is a carrot, a raw yellow potato and a yellow bell pepper on the floor.","You are carrying: a white onion, a red apple, a red hot pepper, a cookbook and a raw purple potato.",4 of 17,0.23529411764705882,False,
23,,,I need to find the block of cheese to complete the recipe.,look around kitchen,,You can't see any such thing.,Kitchen,"I am required to announce that you are now in the kitchen.

You see a fridge. The fridge contains a red onion. You can make out a closed oven here. You can see a table. The table is massive. On the table you can see a knife. You can make out a counter. The counter is vast. But there isn't a thing on it. You see a stove. But the thing is empty.

There is an open screen door leading south. There is a closed plain door leading west. You don't like doors? Why not try going east, that entranceway is not blocked by one.

There is a carrot, a raw yellow potato and a yellow bell pepper on the floor.","You are carrying: a white onion, a red apple, a red hot pepper, a cookbook and a raw purple potato.",4 of 17,0.23529411764705882,False,
24,,,I should check the fridge again to see if the block of cheese is inside.,open fridge,,That's already open.,Kitchen,"I am required to announce that you are now in the kitchen.

You see a fridge. The fridge contains a red onion. You can make out a closed oven here. You can see a table. The table is massive. On the table you can see a knife. You can make out a counter. The counter is vast. But there isn't a thing on it. You see a stove. But the thing is empty.

There is an open screen door leading south. There is a closed plain door leading west. You don't like doors? Why not try going east, that entranceway is not blocked by one.

There is a carrot, a raw yellow potato and a yellow bell pepper on the floor.","You are carrying: a white onion, a red apple, a red hot pepper, a cookbook and a raw purple potato.",4 of 17,0.23529411764705882,False,
25,,,"Since the block of cheese is not in the kitchen or fridge, I should check the floor items for anything useful for the recipe.",examine raw yellow potato,,That's a raw yellow potato!,Kitchen,"I am required to announce that you are now in the kitchen.

You see a fridge. The fridge contains a red onion. You can make out a closed oven here. You can see a table. The table is massive. On the table you can see a knife. You can make out a counter. The counter is vast. But there isn't a thing on it. You see a stove. But the thing is empty.

There is an open screen door leading south. There is a closed plain door leading west. You don't like doors? Why not try going east, that entranceway is not blocked by one.

There is a carrot, a raw yellow potato and a yellow bell pepper on the floor.","You are carrying: a white onion, a red apple, a red hot pepper, a cookbook and a raw purple potato.",4 of 17,0.23529411764705882,False,
26,,,I should examine the yellow bell pepper on the floor to see if it is useful for the recipe.,examine yellow bell pepper,,The yellow bell pepper looks tempting.,Kitchen,"I am required to announce that you are now in the kitchen.

You see a fridge. The fridge contains a red onion. You can make out a closed oven here. You can see a table. The table is massive. On the table you can see a knife. You can make out a counter. The counter is vast. But there isn't a thing on it. You see a stove. But the thing is empty.

There is an open screen door leading south. There is a closed plain door leading west. You don't like doors? Why not try going east, that entranceway is not blocked by one.

There is a carrot, a raw yellow potato and a yellow bell pepper on the floor.","You are carrying: a white onion, a red apple, a red hot pepper, a cookbook and a raw purple potato.",4 of 17,0.23529411764705882,False,
27,,,I should check the cookbook for the recipe to know what ingredients I need to cook the meal.,examine cookbook,,"You open the copy of ""Cooking: A Modern Approach (3rd Ed.)"" and start reading:

Recipe #1
---------
Gather all following ingredients and follow the directions to prepare this tasty meal.

Ingredients:
red hot pepper
  block of cheese
  purple potato
  white onion
  red apple

Directions:
slice the red hot pepper
  fry the red hot pepper
  slice the block of cheese
  grill the block of cheese
  slice the purple potato
  roast the purple potato
  dice the white onion
  roast the white onion
  slice the red apple
  grill the red apple
  prepare meal",Kitchen,"I am required to announce that you are now in the kitchen.

You see a fridge. The fridge contains a red onion. You can make out a closed oven here. You can see a table. The table is massive. On the table you can see a knife. You can make out a counter. The counter is vast. But there isn't a thing on it. You see a stove. But the thing is empty.

There is an open screen door leading south. There is a closed plain door leading west. You don't like doors? Why not try going east, that entranceway is not blocked by one.

There is a carrot, a raw yellow potato and a yellow bell pepper on the floor.","You are carrying: a white onion, a red apple, a red hot pepper, a cookbook and a raw purple potato.",4 of 17,0.23529411764705882,False,
28,,,I need to find the block of cheese since I have all other ingredients. I should check the fridge again carefully.,examine fridge,,"The fridge looks towering. You can see inside it.

In the fridge is a red onion.",Kitchen,"I am required to announce that you are now in the kitchen.

You see a fridge. The fridge contains a red onion. You can make out a closed oven here. You can see a table. The table is massive. On the table you can see a knife. You can make out a counter. The counter is vast. But there isn't a thing on it. You see a stove. But the thing is empty.

There is an open screen door leading south. There is a closed plain door leading west. You don't like doors? Why not try going east, that entranceway is not blocked by one.

There is a carrot, a raw yellow potato and a yellow bell pepper on the floor.","You are carrying: a white onion, a red apple, a red hot pepper, a cookbook and a raw purple potato.",4 of 17,0.23529411764705882,False,
29,,,"Since the block of cheese is not in the fridge or on the floor, I should check the table for the block of cheese.",examine table,,"The table is durable.

On the table is a knife.",Kitchen,"I am required to announce that you are now in the kitchen.

You see a fridge. The fridge contains a red onion. You can make out a closed oven here. You can see a table. The table is massive. On the table you can see a knife. You can make out a counter. The counter is vast. But there isn't a thing on it. You see a stove. But the thing is empty.

There is an open screen door leading south. There is a closed plain door leading west. You don't like doors? Why not try going east, that entranceway is not blocked by one.

There is a carrot, a raw yellow potato and a yellow bell pepper on the floor.","You are carrying: a white onion, a red apple, a red hot pepper, a cookbook and a raw purple potato.",4 of 17,0.23529411764705882,False,
30,,,I should check the floor items again to see if the block of cheese is there.,examine carrot,,That's a carrot!,Kitchen,"I am required to announce that you are now in the kitchen.

You see a fridge. The fridge contains a red onion. You can make out a closed oven here. You can see a table. The table is massive. On the table you can see a knife. You can make out a counter. The counter is vast. But there isn't a thing on it. You see a stove. But the thing is empty.

There is an open screen door leading south. There is a closed plain door leading west. You don't like doors? Why not try going east, that entranceway is not blocked by one.

There is a carrot, a raw yellow potato and a yellow bell pepper on the floor.","You are carrying: a white onion, a red apple, a red hot pepper, a cookbook and a raw purple potato.",4 of 17,0.23529411764705882,False,
31,,,I should check the yellow bell pepper on the floor again to confirm if it is the block of cheese or not.,examine yellow bell pepper,,The yellow bell pepper looks tempting.,Kitchen,"I am required to announce that you are now in the kitchen.

You see a fridge. The fridge contains a red onion. You can make out a closed oven here. You can see a table. The table is massive. On the table you can see a knife. You can make out a counter. The counter is vast. But there isn't a thing on it. You see a stove. But the thing is empty.

There is an open screen door leading south. There is a closed plain door leading west. You don't like doors? Why not try going east, that entranceway is not blocked by one.

There is a carrot, a raw yellow potato and a yellow bell pepper on the floor.","You are carrying: a white onion, a red apple, a red hot pepper, a cookbook and a raw purple potato.",4 of 17,0.23529411764705882,False,
32,,,"Since the block of cheese is not visible anywhere, I should check the closed oven to see if it is inside.",open oven,,You open the oven.,Kitchen,"I am required to announce that you are now in the kitchen.

You see a fridge. The fridge contains a red onion. You can make out an opened oven here. What a letdown! The oven is empty! You can see a table. The table is massive. On the table you can see a knife. You can make out a counter. The counter is vast. But there isn't a thing on it. You see a stove. But the thing is empty.

There is an open screen door leading south. There is a closed plain door leading west. You don't like doors? Why not try going east, that entranceway is not blocked by one.

There is a carrot, a raw yellow potato and a yellow bell pepper on the floor.","You are carrying: a white onion, a red apple, a red hot pepper, a cookbook and a raw purple potato.",4 of 17,0.23529411764705882,False,
33,,,"Since the block of cheese is not in the kitchen, I should check the room to the east for the block of cheese.",go east,,"You've entered a corridor.



You don't like doors? Why not try going east, that entranceway is not blocked by one. There is an exit to the south. There is an exit to the west. Don't worry, there is no door.",Corridor,"You've entered a corridor.



You don't like doors? Why not try going east, that entranceway is not blocked by one. There is an exit to the south. There is an exit to the west. Don't worry, there is no door.","You are carrying: a white onion, a red apple, a red hot pepper, a cookbook and a raw purple potato.",4 of 17,0.23529411764705882,False,
34,,,I should go east again to explore further for the block of cheese.,go east,,"You find yourself in a bedroom. A typical kind of place.

You see a bed. Unfortunately, there isn't a thing on it.

There is an exit to the east. Don't worry, there is no door. You need an exit without a door? You should try going west.",Bedroom,"You find yourself in a bedroom. A typical kind of place.

You see a bed. Unfortunately, there isn't a thing on it.

There is an exit to the east. Don't worry, there is no door. You need an exit without a door? You should try going west.","You are carrying: a white onion, a red apple, a red hot pepper, a cookbook and a raw purple potato.",4 of 17,0.23529411764705882,False,
35,,,I should go east to continue exploring for the block of cheese.,go east,,"You arrive in a livingroom. An ordinary one. You can barely contain your excitement.

You make out a sofa. The sofa is comfy. But the thing hasn't got anything on it.

There is a closed fiberglass door leading south. There is an exit to the west. Don't worry, there is no door.",Livingroom,"You arrive in a livingroom. An ordinary one. You can barely contain your excitement.

You make out a sofa. The sofa is comfy. But the thing hasn't got anything on it.

There is a closed fiberglass door leading south. There is an exit to the west. Don't worry, there is no door.","You are carrying: a white onion, a red apple, a red hot pepper, a cookbook and a raw purple potato.",4 of 17,0.23529411764705882,False,
36,,,I should go west to return to the corridor and explore the other exits for the block of cheese.,go west,,"You find yourself in a bedroom. A typical kind of place.

You see a bed. Unfortunately, there isn't a thing on it.

There is an exit to the east. Don't worry, there is no door. You need an exit without a door? You should try going west.",Bedroom,"You find yourself in a bedroom. A typical kind of place.

You see a bed. Unfortunately, there isn't a thing on it.

There is an exit to the east. Don't worry, there is no door. You need an exit without a door? You should try going west.","You are carrying: a white onion, a red apple, a red hot pepper, a cookbook and a raw purple potato.",4 of 17,0.23529411764705882,False,
37,,,I should go west to return to the corridor and then try going south to explore for the block of cheese.,go west,,"You've entered a corridor.



You don't like doors? Why not try going east, that entranceway is not blocked by one. There is an exit to the south. There is an exit to the west. Don't worry, there is no door.",Corridor,"You've entered a corridor.



You don't like doors? Why not try going east, that entranceway is not blocked by one. There is an exit to the south. There is an exit to the west. Don't worry, there is no door.","You are carrying: a white onion, a red apple, a red hot pepper, a cookbook and a raw purple potato.",4 of 17,0.23529411764705882,False,
38,,,I should go south from the corridor to check if the block of cheese is there.,go south,,"You are in a bathroom. An usual kind of place. You decide to start listing off everything you see in the room, as if you were in a text adventure.

If you haven't noticed it already, there seems to be something there by the wall, it's a toilet. But oh no! there's nothing on this piece of junk. It would have been so cool if there was stuff on the toilet! oh well.

You need an exit without a door? You should try going north.",Bathroom,"You are in a bathroom. An usual kind of place. You decide to start listing off everything you see in the room, as if you were in a text adventure.

If you haven't noticed it already, there seems to be something there by the wall, it's a toilet. But oh no! there's nothing on this piece of junk. It would have been so cool if there was stuff on the toilet! oh well.

You need an exit without a door? You should try going north.","You are carrying: a white onion, a red apple, a red hot pepper, a cookbook and a raw purple potato.",4 of 17,0.23529411764705882,False,
39,,,I should go north to return to the corridor and then try going west to explore for the block of cheese.,go north,,"You've entered a corridor.



You don't like doors? Why not try going east, that entranceway is not blocked by one. There is an exit to the south. There is an exit to the west. Don't worry, there is no door.",Corridor,"You've entered a corridor.



You don't like doors? Why not try going east, that entranceway is not blocked by one. There is an exit to the south. There is an exit to the west. Don't worry, there is no door.","You are carrying: a white onion, a red apple, a red hot pepper, a cookbook and a raw purple potato.",4 of 17,0.23529411764705882,False,
40,,,I should go west from the corridor to explore for the block of cheese.,go west,,"I am required to announce that you are now in the kitchen.

You see a fridge. The fridge contains a red onion. You can make out an opened oven here. What a letdown! The oven is empty! You can see a table. The table is massive. On the table you can see a knife. You can make out a counter. The counter is vast. But there isn't a thing on it. You see a stove. But the thing is empty.

There is an open screen door leading south. There is a closed plain door leading west. You don't like doors? Why not try going east, that entranceway is not blocked by one.

There is a carrot, a raw yellow potato and a yellow bell pepper on the floor.",Kitchen,"I am required to announce that you are now in the kitchen.

You see a fridge. The fridge contains a red onion. You can make out an opened oven here. What a letdown! The oven is empty! You can see a table. The table is massive. On the table you can see a knife. You can make out a counter. The counter is vast. But there isn't a thing on it. You see a stove. But the thing is empty.

There is an open screen door leading south. There is a closed plain door leading west. You don't like doors? Why not try going east, that entranceway is not blocked by one.

There is a carrot, a raw yellow potato and a yellow bell pepper on the floor.","You are carrying: a white onion, a red apple, a red hot pepper, a cookbook and a raw purple potato.",4 of 17,0.23529411764705882,False,
41,,,I should take the knife from the table to prepare the meal.,take knife from table,,You're carrying too many things already.,Kitchen,"I am required to announce that you are now in the kitchen.

You see a fridge. The fridge contains a red onion. You can make out an opened oven here. What a letdown! The oven is empty! You can see a table. The table is massive. On the table you can see a knife. You can make out a counter. The counter is vast. But there isn't a thing on it. You see a stove. But the thing is empty.

There is an open screen door leading south. There is a closed plain door leading west. You don't like doors? Why not try going east, that entranceway is not blocked by one.

There is a carrot, a raw yellow potato and a yellow bell pepper on the floor.","You are carrying: a white onion, a red apple, a red hot pepper, a cookbook and a raw purple potato.",4 of 17,0.23529411764705882,False,
42,,,I should drop the red apple to free up inventory space so I can take the knife.,drop red apple,,You drop the red apple on the ground.,Kitchen,"I am required to announce that you are now in the kitchen.

You see a fridge. The fridge contains a red onion. You can make out an opened oven here. What a letdown! The oven is empty! You can see a table. The table is massive. On the table you can see a knife. You can make out a counter. The counter is vast. But there isn't a thing on it. You see a stove. But the thing is empty.

There is an open screen door leading south. There is a closed plain door leading west. You don't like doors? Why not try going east, that entranceway is not blocked by one.

There is a red apple, a carrot, a raw yellow potato and a yellow bell pepper on the floor.","You are carrying: a white onion, a red hot pepper, a cookbook and a raw purple potato.",4 of 17,0.23529411764705882,False,
43,,,I should take the knife from the table now that I have inventory space.,take knife from table,,You take the knife from the table.,Kitchen,"I am required to announce that you are now in the kitchen.

You see a fridge. The fridge contains a red onion. You can make out an opened oven here. What a letdown! The oven is empty! You can see a table. The table is massive. Unfortunately, there isn't a thing on it. You can make out a counter. The counter is vast. But there isn't a thing on it. You see a stove. But the thing is empty.

There is an open screen door leading south. There is a closed plain door leading west. You don't like doors? Why not try going east, that entranceway is not blocked by one.

There is a red apple, a carrot, a raw yellow potato and a yellow bell pepper on the floor.","You are carrying: a knife, a white onion, a red hot pepper, a cookbook and a raw purple potato.",4 of 17,0.23529411764705882,False,
44,,,I should take the carrot from the floor to have more ingredients for cooking.,take carrot from floor,,You're carrying too many things already.,Kitchen,"I am required to announce that you are now in the kitchen.

You see a fridge. The fridge contains a red onion. You can make out an opened oven here. What a letdown! The oven is empty! You can see a table. The table is massive. Unfortunately, there isn't a thing on it. You can make out a counter. The counter is vast. But there isn't a thing on it. You see a stove. But the thing is empty.

There is an open screen door leading south. There is a closed plain door leading west. You don't like doors? Why not try going east, that entranceway is not blocked by one.

There is a red apple, a carrot, a raw yellow potato and a yellow bell pepper on the floor.","You are carrying: a knife, a white onion, a red hot pepper, a cookbook and a raw purple potato.",4 of 17,0.23529411764705882,False,
45,,,I should drop the white onion to free up inventory space so I can take the carrot.,drop white onion,,You drop the white onion on the ground.,Kitchen,"I am required to announce that you are now in the kitchen.

You see a fridge. The fridge contains a red onion. You can make out an opened oven here. What a letdown! The oven is empty! You can see a table. The table is massive. Unfortunately, there isn't a thing on it. You can make out a counter. The counter is vast. But there isn't a thing on it. You see a stove. But the thing is empty.

There is an open screen door leading south. There is a closed plain door leading west. You don't like doors? Why not try going east, that entranceway is not blocked by one.

There is a white onion, a red apple, a carrot, a raw yellow potato and a yellow bell pepper on the floor.","You are carrying: a knife, a red hot pepper, a cookbook and a raw purple potato.",4 of 17,0.23529411764705882,False,
46,,,I should take the carrot from the floor now that I have inventory space.,take carrot from floor,,You pick up the carrot from the ground.,Kitchen,"I am required to announce that you are now in the kitchen.

You see a fridge. The fridge contains a red onion. You can make out an opened oven here. What a letdown! The oven is empty! You can see a table. The table is massive. Unfortunately, there isn't a thing on it. You can make out a counter. The counter is vast. But there isn't a thing on it. You see a stove. But the thing is empty.

There is an open screen door leading south. There is a closed plain door leading west. You don't like doors? Why not try going east, that entranceway is not blocked by one.

There is a white onion, a red apple, a raw yellow potato and a yellow bell pepper on the floor.","You are carrying: a carrot, a knife, a red hot pepper, a cookbook and a raw purple potato.",4 of 17,0.23529411764705882,False,
47,,,I should check the cookbook for a recipe to cook a delicious meal.,examine cookbook,,"You open the copy of ""Cooking: A Modern Approach (3rd Ed.)"" and start reading:

Recipe #1
---------
Gather all following ingredients and follow the directions to prepare this tasty meal.

Ingredients:
red hot pepper
  block of cheese
  purple potato
  white onion
  red apple

Directions:
slice the red hot pepper
  fry the red hot pepper
  slice the block of cheese
  grill the block of cheese
  slice the purple potato
  roast the purple potato
  dice the white onion
  roast the white onion
  slice the red apple
  grill the red apple
  prepare meal",Kitchen,"I am required to announce that you are now in the kitchen.

You see a fridge. The fridge contains a red onion. You can make out an opened oven here. What a letdown! The oven is empty! You can see a table. The table is massive. Unfortunately, there isn't a thing on it. You can make out a counter. The counter is vast. But there isn't a thing on it. You see a stove. But the thing is empty.

There is an open screen door leading south. There is a closed plain door leading west. You don't like doors? Why not try going east, that entranceway is not blocked by one.

There is a white onion, a red apple, a raw yellow potato and a yellow bell pepper on the floor.","You are carrying: a carrot, a knife, a red hot pepper, a cookbook and a raw purple potato.",4 of 17,0.23529411764705882,False,
48,,,"I need to gather the required ingredients from the recipe: red hot pepper, block of cheese, purple potato, white onion, and red apple. I currently have the red hot pepper, purple potato, and carrot (not needed). I should drop the carrot and take the red apple from the floor.",drop carrot; take red apple from floor,,You can't see any such thing.,Kitchen,"I am required to announce that you are now in the kitchen.

You see a fridge. The fridge contains a red onion. You can make out an opened oven here. What a letdown! The oven is empty! You can see a table. The table is massive. Unfortunately, there isn't a thing on it. You can make out a counter. The counter is vast. But there isn't a thing on it. You see a stove. But the thing is empty.

There is an open screen door leading south. There is a closed plain door leading west. You don't like doors? Why not try going east, that entranceway is not blocked by one.

There is a white onion, a red apple, a raw yellow potato and a yellow bell pepper on the floor.","You are carrying: a carrot, a knife, a red hot pepper, a cookbook and a raw purple potato.",4 of 17,0.23529411764705882,False,
49,,,"I mistakenly tried to drop the carrot and take the red apple in one command. I should first drop the carrot, then take the red apple.",drop carrot,,You drop the carrot on the ground.,Kitchen,"I am required to announce that you are now in the kitchen.

You see a fridge. The fridge contains a red onion. You can make out an opened oven here. What a letdown! The oven is empty! You can see a table. The table is massive. Unfortunately, there isn't a thing on it. You can make out a counter. The counter is vast. But there isn't a thing on it. You see a stove. But the thing is empty.

There is an open screen door leading south. There is a closed plain door leading west. You don't like doors? Why not try going east, that entranceway is not blocked by one.

There is a carrot, a white onion, a red apple, a raw yellow potato and a yellow bell pepper on the floor.","You are carrying: a knife, a red hot pepper, a cookbook and a raw purple potato.",4 of 17,0.23529411764705882,False,
50,,,"Now that I have dropped the carrot, I should take the red apple from the floor.",take red apple from floor,,You pick up the red apple from the ground.,Kitchen,"I am required to announce that you are now in the kitchen.

You see a fridge. The fridge contains a red onion. You can make out an opened oven here. What a letdown! The oven is empty! You can see a table. The table is massive. Unfortunately, there isn't a thing on it. You can make out a counter. The counter is vast. But there isn't a thing on it. You see a stove. But the thing is empty.

There is an open screen door leading south. There is a closed plain door leading west. You don't like doors? Why not try going east, that entranceway is not blocked by one.

There is a carrot, a white onion, a raw yellow potato and a yellow bell pepper on the floor.","You are carrying: a red apple, a knife, a red hot pepper, a cookbook and a raw purple potato.",4 of 17,0.23529411764705882,False,
51,,,"I need to get the block of cheese and the white onion for the recipe. The white onion is on the floor, so I should take it. The block of cheese is not visible, so I should check the fridge.",take white onion from floor,,You're carrying too many things already.,Kitchen,"I am required to announce that you are now in the kitchen.

You see a fridge. The fridge contains a red onion. You can make out an opened oven here. What a letdown! The oven is empty! You can see a table. The table is massive. Unfortunately, there isn't a thing on it. You can make out a counter. The counter is vast. But there isn't a thing on it. You see a stove. But the thing is empty.

There is an open screen door leading south. There is a closed plain door leading west. You don't like doors? Why not try going east, that entranceway is not blocked by one.

There is a carrot, a white onion, a raw yellow potato and a yellow bell pepper on the floor.","You are carrying: a red apple, a knife, a red hot pepper, a cookbook and a raw purple potato.",4 of 17,0.23529411764705882,False,
52,,,"I am carrying too many items. I should drop the raw purple potato to free up space, then take the white onion from the floor.",drop raw purple potato; take white onion from floor,,I only understood you as far as wanting to drop the purple potato.,Kitchen,"I am required to announce that you are now in the kitchen.

You see a fridge. The fridge contains a red onion. You can make out an opened oven here. What a letdown! The oven is empty! You can see a table. The table is massive. Unfortunately, there isn't a thing on it. You can make out a counter. The counter is vast. But there isn't a thing on it. You see a stove. But the thing is empty.

There is an open screen door leading south. There is a closed plain door leading west. You don't like doors? Why not try going east, that entranceway is not blocked by one.

There is a carrot, a white onion, a raw yellow potato and a yellow bell pepper on the floor.","You are carrying: a red apple, a knife, a red hot pepper, a cookbook and a raw purple potato.",4 of 17,0.23529411764705882,False,
53,,,"I need to drop the raw purple potato first to free space, then I will take the white onion from the floor.",drop raw purple potato,,You drop the purple potato on the ground.,Kitchen,"I am required to announce that you are now in the kitchen.

You see a fridge. The fridge contains a red onion. You can make out an opened oven here. What a letdown! The oven is empty! You can see a table. The table is massive. Unfortunately, there isn't a thing on it. You can make out a counter. The counter is vast. But there isn't a thing on it. You see a stove. But the thing is empty.

There is an open screen door leading south. There is a closed plain door leading west. You don't like doors? Why not try going east, that entranceway is not blocked by one.

There is a raw purple potato, a carrot, a white onion, a raw yellow potato and a yellow bell pepper on the floor.","You are carrying: a red apple, a knife, a red hot pepper and a cookbook.",4 of 17,0.23529411764705882,False,
54,,,"Now that I have dropped the raw purple potato, I should take the white onion from the floor.",take white onion from floor,,You pick up the white onion from the ground.,Kitchen,"I am required to announce that you are now in the kitchen.

You see a fridge. The fridge contains a red onion. You can make out an opened oven here. What a letdown! The oven is empty! You can see a table. The table is massive. Unfortunately, there isn't a thing on it. You can make out a counter. The counter is vast. But there isn't a thing on it. You see a stove. But the thing is empty.

There is an open screen door leading south. There is a closed plain door leading west. You don't like doors? Why not try going east, that entranceway is not blocked by one.

There is a raw purple potato, a carrot, a raw yellow potato and a yellow bell pepper on the floor.","You are carrying: a white onion, a red apple, a knife, a red hot pepper and a cookbook.",4 of 17,0.23529411764705882,False,
55,,,I should check the fridge to see if there is a block of cheese or any other ingredients needed for the recipe.,open fridge,,That's already open.,Kitchen,"I am required to announce that you are now in the kitchen.

You see a fridge. The fridge contains a red onion. You can make out an opened oven here. What a letdown! The oven is empty! You can see a table. The table is massive. Unfortunately, there isn't a thing on it. You can make out a counter. The counter is vast. But there isn't a thing on it. You see a stove. But the thing is empty.

There is an open screen door leading south. There is a closed plain door leading west. You don't like doors? Why not try going east, that entranceway is not blocked by one.

There is a raw purple potato, a carrot, a raw yellow potato and a yellow bell pepper on the floor.","You are carrying: a white onion, a red apple, a knife, a red hot pepper and a cookbook.",4 of 17,0.23529411764705882,False,
56,,,I should take the red onion from the fridge to have more ingredients for cooking.,take red onion from fridge,,You're carrying too many things already.,Kitchen,"I am required to announce that you are now in the kitchen.

You see a fridge. The fridge contains a red onion. You can make out an opened oven here. What a letdown! The oven is empty! You can see a table. The table is massive. Unfortunately, there isn't a thing on it. You can make out a counter. The counter is vast. But there isn't a thing on it. You see a stove. But the thing is empty.

There is an open screen door leading south. There is a closed plain door leading west. You don't like doors? Why not try going east, that entranceway is not blocked by one.

There is a raw purple potato, a carrot, a raw yellow potato and a yellow bell pepper on the floor.","You are carrying: a white onion, a red apple, a knife, a red hot pepper and a cookbook.",4 of 17,0.23529411764705882,False,
57,,,I am carrying too many items to take the red onion. I should drop the red apple to free space.,drop red apple,,You drop the red apple on the ground.,Kitchen,"I am required to announce that you are now in the kitchen.

You see a fridge. The fridge contains a red onion. You can make out an opened oven here. What a letdown! The oven is empty! You can see a table. The table is massive. Unfortunately, there isn't a thing on it. You can make out a counter. The counter is vast. But there isn't a thing on it. You see a stove. But the thing is empty.

There is an open screen door leading south. There is a closed plain door leading west. You don't like doors? Why not try going east, that entranceway is not blocked by one.

There is a red apple, a raw purple potato, a carrot, a raw yellow potato and a yellow bell pepper on the floor.","You are carrying: a white onion, a knife, a red hot pepper and a cookbook.",4 of 17,0.23529411764705882,False,
58,,,"Now that I have freed space by dropping the red apple, I should take the red onion from the fridge.",take red onion from fridge,,You take the red onion from the fridge.,Kitchen,"I am required to announce that you are now in the kitchen.

You see a fridge. What a letdown! The fridge is empty! You can make out an opened oven here. What a letdown! The oven is empty! You can see a table. The table is massive. Unfortunately, there isn't a thing on it. You can make out a counter. The counter is vast. But there isn't a thing on it. You see a stove. But the thing is empty.

There is an open screen door leading south. There is a closed plain door leading west. You don't like doors? Why not try going east, that entranceway is not blocked by one.

There is a red apple, a raw purple potato, a carrot, a raw yellow potato and a yellow bell pepper on the floor.","You are carrying: a red onion, a white onion, a knife, a red hot pepper and a cookbook.",4 of 17,0.23529411764705882,False,
59,,,I should check the cookbook to find a recipe for a delicious meal using the ingredients I have.,examine cookbook,,"You open the copy of ""Cooking: A Modern Approach (3rd Ed.)"" and start reading:

Recipe #1
---------
Gather all following ingredients and follow the directions to prepare this tasty meal.

Ingredients:
red hot pepper
  block of cheese
  purple potato
  white onion
  red apple

Directions:
slice the red hot pepper
  fry the red hot pepper
  slice the block of cheese
  grill the block of cheese
  slice the purple potato
  roast the purple potato
  dice the white onion
  roast the white onion
  slice the red apple
  grill the red apple
  prepare meal",Kitchen,"I am required to announce that you are now in the kitchen.

You see a fridge. What a letdown! The fridge is empty! You can make out an opened oven here. What a letdown! The oven is empty! You can see a table. The table is massive. Unfortunately, there isn't a thing on it. You can make out a counter. The counter is vast. But there isn't a thing on it. You see a stove. But the thing is empty.

There is an open screen door leading south. There is a closed plain door leading west. You don't like doors? Why not try going east, that entranceway is not blocked by one.

There is a red apple, a raw purple potato, a carrot, a raw yellow potato and a yellow bell pepper on the floor.","You are carrying: a red onion, a white onion, a knife, a red hot pepper and a cookbook.",4 of 17,0.23529411764705882,False,
60,,,"I need to find a block of cheese to complete the recipe, as I already have the red hot pepper, purple potato, white onion, and red apple.",look,,"I am required to announce that you are now in the kitchen.

You see a fridge. What a letdown! The fridge is empty! You can make out an opened oven here. What a letdown! The oven is empty! You can see a table. The table is massive. Unfortunately, there isn't a thing on it. You can make out a counter. The counter is vast. But there isn't a thing on it. You see a stove. But the thing is empty.

There is an open screen door leading south. There is a closed plain door leading west. You don't like doors? Why not try going east, that entranceway is not blocked by one.

There is a red apple, a raw purple potato, a carrot, a raw yellow potato and a yellow bell pepper on the floor.",Kitchen,"I am required to announce that you are now in the kitchen.

You see a fridge. What a letdown! The fridge is empty! You can make out an opened oven here. What a letdown! The oven is empty! You can see a table. The table is massive. Unfortunately, there isn't a thing on it. You can make out a counter. The counter is vast. But there isn't a thing on it. You see a stove. But the thing is empty.

There is an open screen door leading south. There is a closed plain door leading west. You don't like doors? Why not try going east, that entranceway is not blocked by one.

There is a red apple, a raw purple potato, a carrot, a raw yellow potato and a yellow bell pepper on the floor.","You are carrying: a red onion, a white onion, a knife, a red hot pepper and a cookbook.",4 of 17,0.23529411764705882,False,
61,,,"Since the block of cheese is not visible in the kitchen, I should go east to check if it is in the next room.",go east,,"You've entered a corridor.



You don't like doors? Why not try going east, that entranceway is not blocked by one. There is an exit to the south. There is an exit to the west. Don't worry, there is no door.",Corridor,"You've entered a corridor.



You don't like doors? Why not try going east, that entranceway is not blocked by one. There is an exit to the south. There is an exit to the west. Don't worry, there is no door.","You are carrying: a red onion, a white onion, a knife, a red hot pepper and a cookbook.",4 of 17,0.23529411764705882,False,
62,,,I should go west to return to the kitchen and then try going south to explore another area for the block of cheese.,go west,,"I am required to announce that you are now in the kitchen.

You see a fridge. What a letdown! The fridge is empty! You can make out an opened oven here. What a letdown! The oven is empty! You can see a table. The table is massive. Unfortunately, there isn't a thing on it. You can make out a counter. The counter is vast. But there isn't a thing on it. You see a stove. But the thing is empty.

There is an open screen door leading south. There is a closed plain door leading west. You don't like doors? Why not try going east, that entranceway is not blocked by one.

There is a red apple, a raw purple potato, a carrot, a raw yellow potato and a yellow bell pepper on the floor.",Kitchen,"I am required to announce that you are now in the kitchen.

You see a fridge. What a letdown! The fridge is empty! You can make out an opened oven here. What a letdown! The oven is empty! You can see a table. The table is massive. Unfortunately, there isn't a thing on it. You can make out a counter. The counter is vast. But there isn't a thing on it. You see a stove. But the thing is empty.

There is an open screen door leading south. There is a closed plain door leading west. You don't like doors? Why not try going east, that entranceway is not blocked by one.

There is a red apple, a raw purple potato, a carrot, a raw yellow potato and a yellow bell pepper on the floor.","You are carrying: a red onion, a white onion, a knife, a red hot pepper and a cookbook.",4 of 17,0.23529411764705882,False,
63,,,I should go south through the open screen door to explore the area for the block of cheese.,go south,,"You've just shown up in a backyard.

You can see a patio chair. But the thing is empty. You can make out a patio table. The patio table is stylish. But the thing is empty, unfortunately. Aw, here you were, all excited for there to be things on it! You rest your hand against a wall, but you miss the wall and fall onto a BBQ.

There is an open screen door leading north. There is a closed wooden door leading south. You need an exit without a door? You should try going west.",Backyard,"You've just shown up in a backyard.

You can see a patio chair. But the thing is empty. You can make out a patio table. The patio table is stylish. But the thing is empty, unfortunately. Aw, here you were, all excited for there to be things on it! You rest your hand against a wall, but you miss the wall and fall onto a BBQ.

There is an open screen door leading north. There is a closed wooden door leading south. You need an exit without a door? You should try going west.","You are carrying: a red onion, a white onion, a knife, a red hot pepper and a cookbook.",4 of 17,0.23529411764705882,False,
64,,,"Since the backyard and patio table are empty, I should go west to explore another area for the block of cheese.",go west,,"You are in a garden. A normal kind of place.



You don't like doors? Why not try going east, that entranceway is not blocked by one.

There is a banana on the floor.",Garden,"You are in a garden. A normal kind of place.



You don't like doors? Why not try going east, that entranceway is not blocked by one.

There is a banana on the floor.","You are carrying: a red onion, a white onion, a knife, a red hot pepper and a cookbook.",4 of 17,0.23529411764705882,False,
65,,,"There is no block of cheese visible here, so I should go back east to the backyard and then try going north to the kitchen to continue searching.",go east,,"You've just shown up in a backyard.

You can see a patio chair. But the thing is empty. You can make out a patio table. The patio table is stylish. But the thing is empty, unfortunately. Aw, here you were, all excited for there to be things on it! You rest your hand against a wall, but you miss the wall and fall onto a BBQ.

There is an open screen door leading north. There is a closed wooden door leading south. You need an exit without a door? You should try going west.",Backyard,"You've just shown up in a backyard.

You can see a patio chair. But the thing is empty. You can make out a patio table. The patio table is stylish. But the thing is empty, unfortunately. Aw, here you were, all excited for there to be things on it! You rest your hand against a wall, but you miss the wall and fall onto a BBQ.

There is an open screen door leading north. There is a closed wooden door leading south. You need an exit without a door? You should try going west.","You are carrying: a red onion, a white onion, a knife, a red hot pepper and a cookbook.",4 of 17,0.23529411764705882,False,
66,,,I should go north through the open screen door to return to the kitchen.,go north,,"I am required to announce that you are now in the kitchen.

You see a fridge. What a letdown! The fridge is empty! You can make out an opened oven here. What a letdown! The oven is empty! You can see a table. The table is massive. Unfortunately, there isn't a thing on it. You can make out a counter. The counter is vast. But there isn't a thing on it. You see a stove. But the thing is empty.

There is an open screen door leading south. There is a closed plain door leading west. You don't like doors? Why not try going east, that entranceway is not blocked by one.

There is a red apple, a raw purple potato, a carrot, a raw yellow potato and a yellow bell pepper on the floor.",Kitchen,"I am required to announce that you are now in the kitchen.

You see a fridge. What a letdown! The fridge is empty! You can make out an opened oven here. What a letdown! The oven is empty! You can see a table. The table is massive. Unfortunately, there isn't a thing on it. You can make out a counter. The counter is vast. But there isn't a thing on it. You see a stove. But the thing is empty.

There is an open screen door leading south. There is a closed plain door leading west. You don't like doors? Why not try going east, that entranceway is not blocked by one.

There is a red apple, a raw purple potato, a carrot, a raw yellow potato and a yellow bell pepper on the floor.","You are carrying: a red onion, a white onion, a knife, a red hot pepper and a cookbook.",4 of 17,0.23529411764705882,False,
67,,,I should take the cookbook and examine it to find a recipe for a delicious meal.,examine cookbook,,"You open the copy of ""Cooking: A Modern Approach (3rd Ed.)"" and start reading:

Recipe #1
---------
Gather all following ingredients and follow the directions to prepare this tasty meal.

Ingredients:
red hot pepper
  block of cheese
  purple potato
  white onion
  red apple

Directions:
slice the red hot pepper
  fry the red hot pepper
  slice the block of cheese
  grill the block of cheese
  slice the purple potato
  roast the purple potato
  dice the white onion
  roast the white onion
  slice the red apple
  grill the red apple
  prepare meal",Kitchen,"I am required to announce that you are now in the kitchen.

You see a fridge. What a letdown! The fridge is empty! You can make out an opened oven here. What a letdown! The oven is empty! You can see a table. The table is massive. Unfortunately, there isn't a thing on it. You can make out a counter. The counter is vast. But there isn't a thing on it. You see a stove. But the thing is empty.

There is an open screen door leading south. There is a closed plain door leading west. You don't like doors? Why not try going east, that entranceway is not blocked by one.

There is a red apple, a raw purple potato, a carrot, a raw yellow potato and a yellow bell pepper on the floor.","You are carrying: a red onion, a white onion, a knife, a red hot pepper and a cookbook.",4 of 17,0.23529411764705882,False,
68,,,I need to find the block of cheese and the purple potato to complete the recipe. I will take the purple potato from the floor first.,take purple potato from floor,,You're carrying too many things already.,Kitchen,"I am required to announce that you are now in the kitchen.

You see a fridge. What a letdown! The fridge is empty! You can make out an opened oven here. What a letdown! The oven is empty! You can see a table. The table is massive. Unfortunately, there isn't a thing on it. You can make out a counter. The counter is vast. But there isn't a thing on it. You see a stove. But the thing is empty.

There is an open screen door leading south. There is a closed plain door leading west. You don't like doors? Why not try going east, that entranceway is not blocked by one.

There is a red apple, a raw purple potato, a carrot, a raw yellow potato and a yellow bell pepper on the floor.","You are carrying: a red onion, a white onion, a knife, a red hot pepper and a cookbook.",4 of 17,0.23529411764705882,False,
69,,,"I am carrying too many items, so I should drop the red onion to free up space.",drop red onion,,You drop the red onion on the ground.,Kitchen,"I am required to announce that you are now in the kitchen.

You see a fridge. What a letdown! The fridge is empty! You can make out an opened oven here. What a letdown! The oven is empty! You can see a table. The table is massive. Unfortunately, there isn't a thing on it. You can make out a counter. The counter is vast. But there isn't a thing on it. You see a stove. But the thing is empty.

There is an open screen door leading south. There is a closed plain door leading west. You don't like doors? Why not try going east, that entranceway is not blocked by one.

There is a red onion, a red apple, a raw purple potato, a carrot, a raw yellow potato and a yellow bell pepper on the floor.","You are carrying: a white onion, a knife, a red hot pepper and a cookbook.",4 of 17,0.23529411764705882,False,
70,,,"Now that I have space, I should take the purple potato from the floor.",take purple potato from floor,,You pick up the purple potato from the ground.,Kitchen,"I am required to announce that you are now in the kitchen.

You see a fridge. What a letdown! The fridge is empty! You can make out an opened oven here. What a letdown! The oven is empty! You can see a table. The table is massive. Unfortunately, there isn't a thing on it. You can make out a counter. The counter is vast. But there isn't a thing on it. You see a stove. But the thing is empty.

There is an open screen door leading south. There is a closed plain door leading west. You don't like doors? Why not try going east, that entranceway is not blocked by one.

There is a red onion, a red apple, a carrot, a raw yellow potato and a yellow bell pepper on the floor.","You are carrying: a raw purple potato, a white onion, a knife, a red hot pepper and a cookbook.",4 of 17,0.23529411764705882,False,
71,,,"I need to find the block of cheese to complete the recipe, so I should look around the kitchen for it.",look,,"I am required to announce that you are now in the kitchen.

You see a fridge. What a letdown! The fridge is empty! You can make out an opened oven here. What a letdown! The oven is empty! You can see a table. The table is massive. Unfortunately, there isn't a thing on it. You can make out a counter. The counter is vast. But there isn't a thing on it. You see a stove. But the thing is empty.

There is an open screen door leading south. There is a closed plain door leading west. You don't like doors? Why not try going east, that entranceway is not blocked by one.

There is a red onion, a red apple, a carrot, a raw yellow potato and a yellow bell pepper on the floor.",Kitchen,"I am required to announce that you are now in the kitchen.

You see a fridge. What a letdown! The fridge is empty! You can make out an opened oven here. What a letdown! The oven is empty! You can see a table. The table is massive. Unfortunately, there isn't a thing on it. You can make out a counter. The counter is vast. But there isn't a thing on it. You see a stove. But the thing is empty.

There is an open screen door leading south. There is a closed plain door leading west. You don't like doors? Why not try going east, that entranceway is not blocked by one.

There is a red onion, a red apple, a carrot, a raw yellow potato and a yellow bell pepper on the floor.","You are carrying: a raw purple potato, a white onion, a knife, a red hot pepper and a cookbook.",4 of 17,0.23529411764705882,False,
72,,,"Since the block of cheese is not visible in the kitchen, I should check the fridge to see if it is inside.",open fridge,,That's already open.,Kitchen,"I am required to announce that you are now in the kitchen.

You see a fridge. What a letdown! The fridge is empty! You can make out an opened oven here. What a letdown! The oven is empty! You can see a table. The table is massive. Unfortunately, there isn't a thing on it. You can make out a counter. The counter is vast. But there isn't a thing on it. You see a stove. But the thing is empty.

There is an open screen door leading south. There is a closed plain door leading west. You don't like doors? Why not try going east, that entranceway is not blocked by one.

There is a red onion, a red apple, a carrot, a raw yellow potato and a yellow bell pepper on the floor.","You are carrying: a raw purple potato, a white onion, a knife, a red hot pepper and a cookbook.",4 of 17,0.23529411764705882,False,
73,,,"The fridge is empty, so I should check the other rooms by going east to see if the block of cheese is there.",go east,,"You've entered a corridor.



You don't like doors? Why not try going east, that entranceway is not blocked by one. There is an exit to the south. There is an exit to the west. Don't worry, there is no door.",Corridor,"You've entered a corridor.



You don't like doors? Why not try going east, that entranceway is not blocked by one. There is an exit to the south. There is an exit to the west. Don't worry, there is no door.","You are carrying: a raw purple potato, a white onion, a knife, a red hot pepper and a cookbook.",4 of 17,0.23529411764705882,False,
74,,,I should go south from the corridor to explore another room for the block of cheese.,go south,,"You are in a bathroom. An usual kind of place. You decide to start listing off everything you see in the room, as if you were in a text adventure.

If you haven't noticed it already, there seems to be something there by the wall, it's a toilet. But oh no! there's nothing on this piece of junk. It would have been so cool if there was stuff on the toilet! oh well.

You need an exit without a door? You should try going north.",Bathroom,"You are in a bathroom. An usual kind of place. You decide to start listing off everything you see in the room, as if you were in a text adventure.

If you haven't noticed it already, there seems to be something there by the wall, it's a toilet. But oh no! there's nothing on this piece of junk. It would have been so cool if there was stuff on the toilet! oh well.

You need an exit without a door? You should try going north.","You are carrying: a raw purple potato, a white onion, a knife, a red hot pepper and a cookbook.",4 of 17,0.23529411764705882,False,
75,,,"The bathroom has nothing useful, so I should go back north to the corridor and then try going west to explore another room.",go north,,"You've entered a corridor.



You don't like doors? Why not try going east, that entranceway is not blocked by one. There is an exit to the south. There is an exit to the west. Don't worry, there is no door.",Corridor,"You've entered a corridor.



You don't like doors? Why not try going east, that entranceway is not blocked by one. There is an exit to the south. There is an exit to the west. Don't worry, there is no door.","You are carrying: a raw purple potato, a white onion, a knife, a red hot pepper and a cookbook.",4 of 17,0.23529411764705882,False,
76,,,I should go west from the corridor to check the other room for the block of cheese.,go west,,"I am required to announce that you are now in the kitchen.

You see a fridge. What a letdown! The fridge is empty! You can make out an opened oven here. What a letdown! The oven is empty! You can see a table. The table is massive. Unfortunately, there isn't a thing on it. You can make out a counter. The counter is vast. But there isn't a thing on it. You see a stove. But the thing is empty.

There is an open screen door leading south. There is a closed plain door leading west. You don't like doors? Why not try going east, that entranceway is not blocked by one.

There is a red onion, a red apple, a carrot, a raw yellow potato and a yellow bell pepper on the floor.",Kitchen,"I am required to announce that you are now in the kitchen.

You see a fridge. What a letdown! The fridge is empty! You can make out an opened oven here. What a letdown! The oven is empty! You can see a table. The table is massive. Unfortunately, there isn't a thing on it. You can make out a counter. The counter is vast. But there isn't a thing on it. You see a stove. But the thing is empty.

There is an open screen door leading south. There is a closed plain door leading west. You don't like doors? Why not try going east, that entranceway is not blocked by one.

There is a red onion, a red apple, a carrot, a raw yellow potato and a yellow bell pepper on the floor.","You are carrying: a raw purple potato, a white onion, a knife, a red hot pepper and a cookbook.",4 of 17,0.23529411764705882,False,
77,,,"I should take the red onion, red apple, carrot, raw yellow potato, and yellow bell pepper from the floor to have ingredients for cooking.",take red onion from floor,,You're carrying too many things already.,Kitchen,"I am required to announce that you are now in the kitchen.

You see a fridge. What a letdown! The fridge is empty! You can make out an opened oven here. What a letdown! The oven is empty! You can see a table. The table is massive. Unfortunately, there isn't a thing on it. You can make out a counter. The counter is vast. But there isn't a thing on it. You see a stove. But the thing is empty.

There is an open screen door leading south. There is a closed plain door leading west. You don't like doors? Why not try going east, that entranceway is not blocked by one.

There is a red onion, a red apple, a carrot, a raw yellow potato and a yellow bell pepper on the floor.","You are carrying: a raw purple potato, a white onion, a knife, a red hot pepper and a cookbook.",4 of 17,0.23529411764705882,False,
78,,,"I am carrying too many items, so I should drop the raw purple potato to free up space for other ingredients.",drop raw purple potato,,You drop the purple potato on the ground.,Kitchen,"I am required to announce that you are now in the kitchen.

You see a fridge. What a letdown! The fridge is empty! You can make out an opened oven here. What a letdown! The oven is empty! You can see a table. The table is massive. Unfortunately, there isn't a thing on it. You can make out a counter. The counter is vast. But there isn't a thing on it. You see a stove. But the thing is empty.

There is an open screen door leading south. There is a closed plain door leading west. You don't like doors? Why not try going east, that entranceway is not blocked by one.

There is a raw purple potato, a red onion, a red apple, a carrot, a raw yellow potato and a yellow bell pepper on the floor.","You are carrying: a white onion, a knife, a red hot pepper and a cookbook.",4 of 17,0.23529411764705882,False,
79,,,"Now that I have space, I should take the red onion from the floor.",take red onion from floor,,You pick up the red onion from the ground.,Kitchen,"I am required to announce that you are now in the kitchen.

You see a fridge. What a letdown! The fridge is empty! You can make out an opened oven here. What a letdown! The oven is empty! You can see a table. The table is massive. Unfortunately, there isn't a thing on it. You can make out a counter. The counter is vast. But there isn't a thing on it. You see a stove. But the thing is empty.

There is an open screen door leading south. There is a closed plain door leading west. You don't like doors? Why not try going east, that entranceway is not blocked by one.

There is a raw purple potato, a red apple, a carrot, a raw yellow potato and a yellow bell pepper on the floor.","You are carrying: a red onion, a white onion, a knife, a red hot pepper and a cookbook.",4 of 17,0.23529411764705882,False,
80,,,I should drop the white onion to free up space for more ingredients.,drop white onion,,You drop the white onion on the ground.,Kitchen,"I am required to announce that you are now in the kitchen.

You see a fridge. What a letdown! The fridge is empty! You can make out an opened oven here. What a letdown! The oven is empty! You can see a table. The table is massive. Unfortunately, there isn't a thing on it. You can make out a counter. The counter is vast. But there isn't a thing on it. You see a stove. But the thing is empty.

There is an open screen door leading south. There is a closed plain door leading west. You don't like doors? Why not try going east, that entranceway is not blocked by one.

There is a white onion, a raw purple potato, a red apple, a carrot, a raw yellow potato and a yellow bell pepper on the floor.","You are carrying: a red onion, a knife, a red hot pepper and a cookbook.",4 of 17,0.23529411764705882,False,
81,,,I should take the carrot from the floor to have more ingredients for cooking.,take carrot from floor,,You pick up the carrot from the ground.,Kitchen,"I am required to announce that you are now in the kitchen.

You see a fridge. What a letdown! The fridge is empty! You can make out an opened oven here. What a letdown! The oven is empty! You can see a table. The table is massive. Unfortunately, there isn't a thing on it. You can make out a counter. The counter is vast. But there isn't a thing on it. You see a stove. But the thing is empty.

There is an open screen door leading south. There is a closed plain door leading west. You don't like doors? Why not try going east, that entranceway is not blocked by one.

There is a white onion, a raw purple potato, a red apple, a raw yellow potato and a yellow bell pepper on the floor.","You are carrying: a carrot, a red onion, a knife, a red hot pepper and a cookbook.",4 of 17,0.23529411764705882,False,
82,,,I should drop the red hot pepper to free up space for more ingredients.,drop red hot pepper,,You drop the red hot pepper on the ground.,Kitchen,"I am required to announce that you are now in the kitchen.

You see a fridge. What a letdown! The fridge is empty! You can make out an opened oven here. What a letdown! The oven is empty! You can see a table. The table is massive. Unfortunately, there isn't a thing on it. You can make out a counter. The counter is vast. But there isn't a thing on it. You see a stove. But the thing is empty.

There is an open screen door leading south. There is a closed plain door leading west. You don't like doors? Why not try going east, that entranceway is not blocked by one.

There is a red hot pepper, a white onion, a raw purple potato, a red apple, a raw yellow potato and a yellow bell pepper on the floor.","You are carrying: a carrot, a red onion, a knife and a cookbook.",4 of 17,0.23529411764705882,False,
83,,,I should take the yellow bell pepper from the floor to add to my ingredients.,take yellow bell pepper from floor,,You pick up the yellow bell pepper from the ground.,Kitchen,"I am required to announce that you are now in the kitchen.

You see a fridge. What a letdown! The fridge is empty! You can make out an opened oven here. What a letdown! The oven is empty! You can see a table. The table is massive. Unfortunately, there isn't a thing on it. You can make out a counter. The counter is vast. But there isn't a thing on it. You see a stove. But the thing is empty.

There is an open screen door leading south. There is a closed plain door leading west. You don't like doors? Why not try going east, that entranceway is not blocked by one.

There is a red hot pepper, a white onion, a raw purple potato, a red apple and a raw yellow potato on the floor.","You are carrying: a yellow bell pepper, a carrot, a red onion, a knife and a cookbook.",4 of 17,0.23529411764705882,False,
84,,,I should check the cookbook for a recipe to cook a delicious meal.,examine cookbook,,"You open the copy of ""Cooking: A Modern Approach (3rd Ed.)"" and start reading:

Recipe #1
---------
Gather all following ingredients and follow the directions to prepare this tasty meal.

Ingredients:
red hot pepper
  block of cheese
  purple potato
  white onion
  red apple

Directions:
slice the red hot pepper
  fry the red hot pepper
  slice the block of cheese
  grill the block of cheese
  slice the purple potato
  roast the purple potato
  dice the white onion
  roast the white onion
  slice the red apple
  grill the red apple
  prepare meal",Kitchen,"I am required to announce that you are now in the kitchen.

You see a fridge. What a letdown! The fridge is empty! You can make out an opened oven here. What a letdown! The oven is empty! You can see a table. The table is massive. Unfortunately, there isn't a thing on it. You can make out a counter. The counter is vast. But there isn't a thing on it. You see a stove. But the thing is empty.

There is an open screen door leading south. There is a closed plain door leading west. You don't like doors? Why not try going east, that entranceway is not blocked by one.

There is a red hot pepper, a white onion, a raw purple potato, a red apple and a raw yellow potato on the floor.","You are carrying: a yellow bell pepper, a carrot, a red onion, a knife and a cookbook.",4 of 17,0.23529411764705882,False,
85,,,"I need to gather the required ingredients for the recipe: red hot pepper, block of cheese, purple potato, white onion, and red apple. I currently have none of these in my inventory, so I should take the red hot pepper, white onion, purple potato, and red apple from the floor first.",take red hot pepper from floor,,You're carrying too many things already.,Kitchen,"I am required to announce that you are now in the kitchen.

You see a fridge. What a letdown! The fridge is empty! You can make out an opened oven here. What a letdown! The oven is empty! You can see a table. The table is massive. Unfortunately, there isn't a thing on it. You can make out a counter. The counter is vast. But there isn't a thing on it. You see a stove. But the thing is empty.

There is an open screen door leading south. There is a closed plain door leading west. You don't like doors? Why not try going east, that entranceway is not blocked by one.

There is a red hot pepper, a white onion, a raw purple potato, a red apple and a raw yellow potato on the floor.","You are carrying: a yellow bell pepper, a carrot, a red onion, a knife and a cookbook.",4 of 17,0.23529411764705882,False,
86,,,"I am carrying too many items, so I should drop the yellow bell pepper and the carrot to free up space for the required ingredients.",drop yellow bell pepper; drop carrot,,I only understood you as far as wanting to drop the yellow bell pepper.,Kitchen,"I am required to announce that you are now in the kitchen.

You see a fridge. What a letdown! The fridge is empty! You can make out an opened oven here. What a letdown! The oven is empty! You can see a table. The table is massive. Unfortunately, there isn't a thing on it. You can make out a counter. The counter is vast. But there isn't a thing on it. You see a stove. But the thing is empty.

There is an open screen door leading south. There is a closed plain door leading west. You don't like doors? Why not try going east, that entranceway is not blocked by one.

There is a red hot pepper, a white onion, a raw purple potato, a red apple and a raw yellow potato on the floor.","You are carrying: a yellow bell pepper, a carrot, a red onion, a knife and a cookbook.",4 of 17,0.23529411764705882,False,
87,,,I should drop the yellow bell pepper first to free up space.,drop yellow bell pepper,,You drop the yellow bell pepper on the ground.,Kitchen,"I am required to announce that you are now in the kitchen.

You see a fridge. What a letdown! The fridge is empty! You can make out an opened oven here. What a letdown! The oven is empty! You can see a table. The table is massive. Unfortunately, there isn't a thing on it. You can make out a counter. The counter is vast. But there isn't a thing on it. You see a stove. But the thing is empty.

There is an open screen door leading south. There is a closed plain door leading west. You don't like doors? Why not try going east, that entranceway is not blocked by one.

There is a yellow bell pepper, a red hot pepper, a white onion, a raw purple potato, a red apple and a raw yellow potato on the floor.","You are carrying: a carrot, a red onion, a knife and a cookbook.",4 of 17,0.23529411764705882,False,
88,,,I should drop the carrot as well to free up more space for the required ingredients.,drop carrot,,You drop the carrot on the ground.,Kitchen,"I am required to announce that you are now in the kitchen.

You see a fridge. What a letdown! The fridge is empty! You can make out an opened oven here. What a letdown! The oven is empty! You can see a table. The table is massive. Unfortunately, there isn't a thing on it. You can make out a counter. The counter is vast. But there isn't a thing on it. You see a stove. But the thing is empty.

There is an open screen door leading south. There is a closed plain door leading west. You don't like doors? Why not try going east, that entranceway is not blocked by one.

There is a carrot, a yellow bell pepper, a red hot pepper, a white onion, a raw purple potato, a red apple and a raw yellow potato on the floor.","You are carrying: a red onion, a knife and a cookbook.",4 of 17,0.23529411764705882,False,
89,,,"I should now take the red hot pepper, white onion, purple potato, and red apple from the floor as they are required for the recipe.",take red hot pepper from floor,,You pick up the red hot pepper from the ground.,Kitchen,"I am required to announce that you are now in the kitchen.

You see a fridge. What a letdown! The fridge is empty! You can make out an opened oven here. What a letdown! The oven is empty! You can see a table. The table is massive. Unfortunately, there isn't a thing on it. You can make out a counter. The counter is vast. But there isn't a thing on it. You see a stove. But the thing is empty.

There is an open screen door leading south. There is a closed plain door leading west. You don't like doors? Why not try going east, that entranceway is not blocked by one.

There is a carrot, a yellow bell pepper, a white onion, a raw purple potato, a red apple and a raw yellow potato on the floor.","You are carrying: a red hot pepper, a red onion, a knife and a cookbook.",4 of 17,0.23529411764705882,False,
90,,,I should drop the red onion since it is not part of the recipe and I need to pick up the white onion instead.,drop red onion,,You drop the red onion on the ground.,Kitchen,"I am required to announce that you are now in the kitchen.

You see a fridge. What a letdown! The fridge is empty! You can make out an opened oven here. What a letdown! The oven is empty! You can see a table. The table is massive. Unfortunately, there isn't a thing on it. You can make out a counter. The counter is vast. But there isn't a thing on it. You see a stove. But the thing is empty.

There is an open screen door leading south. There is a closed plain door leading west. You don't like doors? Why not try going east, that entranceway is not blocked by one.

There is a red onion, a carrot, a yellow bell pepper, a white onion, a raw purple potato, a red apple and a raw yellow potato on the floor.","You are carrying: a red hot pepper, a knife and a cookbook.",4 of 17,0.23529411764705882,False,
91,,,I should take the white onion from the floor to have the correct ingredients for the recipe.,take white onion from floor,,You pick up the white onion from the ground.,Kitchen,"I am required to announce that you are now in the kitchen.

You see a fridge. What a letdown! The fridge is empty! You can make out an opened oven here. What a letdown! The oven is empty! You can see a table. The table is massive. Unfortunately, there isn't a thing on it. You can make out a counter. The counter is vast. But there isn't a thing on it. You see a stove. But the thing is empty.

There is an open screen door leading south. There is a closed plain door leading west. You don't like doors? Why not try going east, that entranceway is not blocked by one.

There is a red onion, a carrot, a yellow bell pepper, a raw purple potato, a red apple and a raw yellow potato on the floor.","You are carrying: a white onion, a red hot pepper, a knife and a cookbook.",4 of 17,0.23529411764705882,False,
92,,,I should take the raw purple potato from the floor to complete the ingredients needed.,take raw purple potato from floor,,You pick up the purple potato from the ground.,Kitchen,"I am required to announce that you are now in the kitchen.

You see a fridge. What a letdown! The fridge is empty! You can make out an opened oven here. What a letdown! The oven is empty! You can see a table. The table is massive. Unfortunately, there isn't a thing on it. You can make out a counter. The counter is vast. But there isn't a thing on it. You see a stove. But the thing is empty.

There is an open screen door leading south. There is a closed plain door leading west. You don't like doors? Why not try going east, that entranceway is not blocked by one.

There is a red onion, a carrot, a yellow bell pepper, a red apple and a raw yellow potato on the floor.","You are carrying: a raw purple potato, a white onion, a red hot pepper, a knife and a cookbook.",4 of 17,0.23529411764705882,False,
93,,,I should take the red apple from the floor to have all the ingredients needed for the recipe.,take red apple from floor,,You're carrying too many things already.,Kitchen,"I am required to announce that you are now in the kitchen.

You see a fridge. What a letdown! The fridge is empty! You can make out an opened oven here. What a letdown! The oven is empty! You can see a table. The table is massive. Unfortunately, there isn't a thing on it. You can make out a counter. The counter is vast. But there isn't a thing on it. You see a stove. But the thing is empty.

There is an open screen door leading south. There is a closed plain door leading west. You don't like doors? Why not try going east, that entranceway is not blocked by one.

There is a red onion, a carrot, a yellow bell pepper, a red apple and a raw yellow potato on the floor.","You are carrying: a raw purple potato, a white onion, a red hot pepper, a knife and a cookbook.",4 of 17,0.23529411764705882,False,
94,,,"I am carrying too many items, so I should drop the knife to make space for the red apple.",drop knife,,You drop the knife on the ground.,Kitchen,"I am required to announce that you are now in the kitchen.

You see a fridge. What a letdown! The fridge is empty! You can make out an opened oven here. What a letdown! The oven is empty! You can see a table. The table is massive. Unfortunately, there isn't a thing on it. You can make out a counter. The counter is vast. But there isn't a thing on it. You see a stove. But the thing is empty.

There is an open screen door leading south. There is a closed plain door leading west. You don't like doors? Why not try going east, that entranceway is not blocked by one.

There is a knife, a red onion, a carrot, a yellow bell pepper, a red apple and a raw yellow potato on the floor.","You are carrying: a raw purple potato, a white onion, a red hot pepper and a cookbook.",4 of 17,0.23529411764705882,False,
95,,,"Now that I have space, I should take the red apple from the floor.",take red apple from floor,,You pick up the red apple from the ground.,Kitchen,"I am required to announce that you are now in the kitchen.

You see a fridge. What a letdown! The fridge is empty! You can make out an opened oven here. What a letdown! The oven is empty! You can see a table. The table is massive. Unfortunately, there isn't a thing on it. You can make out a counter. The counter is vast. But there isn't a thing on it. You see a stove. But the thing is empty.

There is an open screen door leading south. There is a closed plain door leading west. You don't like doors? Why not try going east, that entranceway is not blocked by one.

There is a knife, a red onion, a carrot, a yellow bell pepper and a raw yellow potato on the floor.","You are carrying: a red apple, a raw purple potato, a white onion, a red hot pepper and a cookbook.",4 of 17,0.23529411764705882,False,
96,,,I should examine the cookbook to find the recipe for the meal I want to cook.,examine cookbook,,"You open the copy of ""Cooking: A Modern Approach (3rd Ed.)"" and start reading:

Recipe #1
---------
Gather all following ingredients and follow the directions to prepare this tasty meal.

Ingredients:
red hot pepper
  block of cheese
  purple potato
  white onion
  red apple

Directions:
slice the red hot pepper
  fry the red hot pepper
  slice the block of cheese
  grill the block of cheese
  slice the purple potato
  roast the purple potato
  dice the white onion
  roast the white onion
  slice the red apple
  grill the red apple
  prepare meal",Kitchen,"I am required to announce that you are now in the kitchen.

You see a fridge. What a letdown! The fridge is empty! You can make out an opened oven here. What a letdown! The oven is empty! You can see a table. The table is massive. Unfortunately, there isn't a thing on it. You can make out a counter. The counter is vast. But there isn't a thing on it. You see a stove. But the thing is empty.

There is an open screen door leading south. There is a closed plain door leading west. You don't like doors? Why not try going east, that entranceway is not blocked by one.

There is a knife, a red onion, a carrot, a yellow bell pepper and a raw yellow potato on the floor.","You are carrying: a red apple, a raw purple potato, a white onion, a red hot pepper and a cookbook.",4 of 17,0.23529411764705882,False,
97,,,"I need a block of cheese to complete the recipe, so I should go east to look for it.",go east,,"You've entered a corridor.



You don't like doors? Why not try going east, that entranceway is not blocked by one. There is an exit to the south. There is an exit to the west. Don't worry, there is no door.",Corridor,"You've entered a corridor.



You don't like doors? Why not try going east, that entranceway is not blocked by one. There is an exit to the south. There is an exit to the west. Don't worry, there is no door.","You are carrying: a red apple, a raw purple potato, a white onion, a red hot pepper and a cookbook.",4 of 17,0.23529411764705882,False,
98,,,I should go east again to continue searching for the block of cheese.,go east,,"You find yourself in a bedroom. A typical kind of place.

You see a bed. Unfortunately, there isn't a thing on it.

There is an exit to the east. Don't worry, there is no door. You need an exit without a door? You should try going west.",Bedroom,"You find yourself in a bedroom. A typical kind of place.

You see a bed. Unfortunately, there isn't a thing on it.

There is an exit to the east. Don't worry, there is no door. You need an exit without a door? You should try going west.","You are carrying: a red apple, a raw purple potato, a white onion, a red hot pepper and a cookbook.",4 of 17,0.23529411764705882,False,
99,,,I should go east to continue searching for the block of cheese.,go east,,"You arrive in a livingroom. An ordinary one. You can barely contain your excitement.

You make out a sofa. The sofa is comfy. But the thing hasn't got anything on it.

There is a closed fiberglass door leading south. There is an exit to the west. Don't worry, there is no door.",Livingroom,"You arrive in a livingroom. An ordinary one. You can barely contain your excitement.

You make out a sofa. The sofa is comfy. But the thing hasn't got anything on it.

There is a closed fiberglass door leading south. There is an exit to the west. Don't worry, there is no door.","You are carrying: a red apple, a raw purple potato, a white onion, a red hot pepper and a cookbook.",4 of 17,0.23529411764705882,False,
100,,,I should go west to explore more rooms for the block of cheese.,go west,,"You find yourself in a bedroom. A typical kind of place.

You see a bed. Unfortunately, there isn't a thing on it.

There is an exit to the east. Don't worry, there is no door. You need an exit without a door? You should try going west.",Bedroom,"You find yourself in a bedroom. A typical kind of place.

You see a bed. Unfortunately, there isn't a thing on it.

There is an exit to the east. Don't worry, there is no door. You need an exit without a door? You should try going west.","You are carrying: a red apple, a raw purple potato, a white onion, a red hot pepper and a cookbook.",4 of 17,0.23529411764705882,True,
