step_id,plan,summary,thought,action,task,feedback,location,description,inventory,score,reward,is_done,error
0,,,,,"You are hungry! Let's cook a delicious meal. Check the cookbook in the kitchen for the recipe. Once done, enjoy your meal!",,Livingroom,"Well I'll be, you are in the place we're calling the livingroom. Let's see what's in here.

You see a sofa. The sofa is comfy. But there isn't a thing on it.

You don't like doors? Why not try going east, that entranceway is not blocked by one. There is an exit to the west.","You are carrying: a red apple, a raw red potato, a white onion, a raw purple potato and a red onion.",0 of 16,0.0,False,
1,,,I should go east to the kitchen to check the cookbook for the recipe.,go east,,"You find yourself in a kitchen. A normal kind of place. You decide to start listing off everything you see in the room, as if you were in a text adventure.

Hey, want to see a fridge? Look over there, a fridge. You see an oven. Look out! It's a- oh, never mind, it's just a table. But the thing is empty. As if things weren't amazing enough already, you can even see a counter. The counter is vast. On the counter you see a banana, a raw yellow potato, a yellow bell pepper, a cookbook and a knife. Wow! Just like in the movies! You can make out a stove. But oh no! there's nothing on this piece of junk. What, you think everything in TextWorld should have stuff on it?

There is a closed plain door leading east. There is an exit to the west.",Kitchen,"You find yourself in a kitchen. A normal kind of place. You decide to start listing off everything you see in the room, as if you were in a text adventure.

Hey, want to see a fridge? Look over there, a fridge. You see an oven. Look out! It's a- oh, never mind, it's just a table. But the thing is empty. As if things weren't amazing enough already, you can even see a counter. The counter is vast. On the counter you see a banana, a raw yellow potato, a yellow bell pepper, a cookbook and a knife. Wow! Just like in the movies! You can make out a stove. But oh no! there's nothing on this piece of junk. What, you think everything in TextWorld should have stuff on it?

There is a closed plain door leading east. There is an exit to the west.","You are carrying: a red apple, a raw red potato, a white onion, a raw purple potato and a red onion.",0 of 16,0.0,False,
2,,,I should examine the cookbook on the counter to find the recipe for a delicious meal.,examine cookbook,,"You open the copy of ""Cooking: A Modern Approach (3rd Ed.)"" and start reading:

Recipe #1
---------
Gather all following ingredients and follow the directions to prepare this tasty meal.

Ingredients:
banana
  red apple
  block of cheese
  orange bell pepper
  pork chop

Directions:
chop the banana
  grill the banana
  slice the red apple
  roast the red apple
  dice the block of cheese
  grill the block of cheese
  chop the orange bell pepper
  grill the orange bell pepper
  dice the pork chop
  grill the pork chop
  prepare meal",Kitchen,"You find yourself in a kitchen. A normal kind of place. You decide to start listing off everything you see in the room, as if you were in a text adventure.

Hey, want to see a fridge? Look over there, a fridge. You see an oven. Look out! It's a- oh, never mind, it's just a table. But the thing is empty. As if things weren't amazing enough already, you can even see a counter. The counter is vast. On the counter you see a banana, a raw yellow potato, a yellow bell pepper, a cookbook and a knife. Wow! Just like in the movies! You can make out a stove. But oh no! there's nothing on this piece of junk. What, you think everything in TextWorld should have stuff on it?

There is a closed plain door leading east. There is an exit to the west.","You are carrying: a red apple, a raw red potato, a white onion, a raw purple potato and a red onion.",0 of 16,0.0,False,
3,,,"I need to gather the ingredients from the counter that match the recipe: banana. I already have a red apple in my inventory, so I should take the banana from the counter next.",take banana from counter,,You're carrying too many things already.,Kitchen,"You find yourself in a kitchen. A normal kind of place. You decide to start listing off everything you see in the room, as if you were in a text adventure.

Hey, want to see a fridge? Look over there, a fridge. You see an oven. Look out! It's a- oh, never mind, it's just a table. But the thing is empty. As if things weren't amazing enough already, you can even see a counter. The counter is vast. On the counter you see a banana, a raw yellow potato, a yellow bell pepper, a cookbook and a knife. Wow! Just like in the movies! You can make out a stove. But oh no! there's nothing on this piece of junk. What, you think everything in TextWorld should have stuff on it?

There is a closed plain door leading east. There is an exit to the west.","You are carrying: a red apple, a raw red potato, a white onion, a raw purple potato and a red onion.",0 of 16,0.0,False,
4,,,"I am carrying too many items, so I should drop unnecessary items to make space for the banana. I will drop the raw red potato, raw purple potato, white onion, and red onion to free up inventory space.","drop raw red potato, raw purple potato, white onion, red onion",,"red potato: You drop the red potato on the ground.
purple potato: You drop the purple potato on the ground.
white onion: You drop the white onion on the ground.
red onion: You drop the red onion on the ground.",Kitchen,"You find yourself in a kitchen. A normal kind of place. You decide to start listing off everything you see in the room, as if you were in a text adventure.

Hey, want to see a fridge? Look over there, a fridge. You see an oven. Look out! It's a- oh, never mind, it's just a table. But the thing is empty. As if things weren't amazing enough already, you can even see a counter. The counter is vast. On the counter you see a banana, a raw yellow potato, a yellow bell pepper, a cookbook and a knife. Wow! Just like in the movies! You can make out a stove. But oh no! there's nothing on this piece of junk. What, you think everything in TextWorld should have stuff on it?

There is a closed plain door leading east. There is an exit to the west.

There is a red onion, a white onion, a raw purple potato and a raw red potato on the floor.",You are carrying: a red apple.,0 of 16,0.0,False,
5,,,I should take the banana from the counter to have an ingredient for the meal.,take banana from counter,,"You take the banana from the counter.



Your score has just gone up by one point.",Kitchen,"You find yourself in a kitchen. A normal kind of place. You decide to start listing off everything you see in the room, as if you were in a text adventure.

Hey, want to see a fridge? Look over there, a fridge. You see an oven. Look out! It's a- oh, never mind, it's just a table. But the thing is empty. As if things weren't amazing enough already, you can even see a counter. The counter is vast. On the counter you see a raw yellow potato, a yellow bell pepper, a cookbook and a knife. Wow! Just like in the movies! You can make out a stove. But oh no! there's nothing on this piece of junk. What, you think everything in TextWorld should have stuff on it?

There is a closed plain door leading east. There is an exit to the west.

There is a red onion, a white onion, a raw purple potato and a raw red potato on the floor.",You are carrying: a banana and a red apple.,1 of 16,0.0625,False,
6,,,I should examine the cookbook on the counter to find a recipe for a delicious meal.,examine cookbook,,"You open the copy of ""Cooking: A Modern Approach (3rd Ed.)"" and start reading:

Recipe #1
---------
Gather all following ingredients and follow the directions to prepare this tasty meal.

Ingredients:
banana
  red apple
  block of cheese
  orange bell pepper
  pork chop

Directions:
chop the banana
  grill the banana
  slice the red apple
  roast the red apple
  dice the block of cheese
  grill the block of cheese
  chop the orange bell pepper
  grill the orange bell pepper
  dice the pork chop
  grill the pork chop
  prepare meal",Kitchen,"You find yourself in a kitchen. A normal kind of place. You decide to start listing off everything you see in the room, as if you were in a text adventure.

Hey, want to see a fridge? Look over there, a fridge. You see an oven. Look out! It's a- oh, never mind, it's just a table. But the thing is empty. As if things weren't amazing enough already, you can even see a counter. The counter is vast. On the counter you see a raw yellow potato, a yellow bell pepper, a cookbook and a knife. Wow! Just like in the movies! You can make out a stove. But oh no! there's nothing on this piece of junk. What, you think everything in TextWorld should have stuff on it?

There is a closed plain door leading east. There is an exit to the west.

There is a red onion, a white onion, a raw purple potato and a raw red potato on the floor.",You are carrying: a banana and a red apple.,1 of 16,0.0625,False,
7,,,"I need to gather the remaining ingredients from the recipe: block of cheese, orange bell pepper, and pork chop. I see a yellow bell pepper on the counter, so I should take it first.",take yellow bell pepper from counter,,You take the yellow bell pepper from the counter.,Kitchen,"You find yourself in a kitchen. A normal kind of place. You decide to start listing off everything you see in the room, as if you were in a text adventure.

Hey, want to see a fridge? Look over there, a fridge. You see an oven. Look out! It's a- oh, never mind, it's just a table. But the thing is empty. As if things weren't amazing enough already, you can even see a counter. The counter is vast. On the counter you see a raw yellow potato, a cookbook and a knife. Wow! Just like in the movies! You can make out a stove. But oh no! there's nothing on this piece of junk. What, you think everything in TextWorld should have stuff on it?

There is a closed plain door leading east. There is an exit to the west.

There is a red onion, a white onion, a raw purple potato and a raw red potato on the floor.","You are carrying: a yellow bell pepper, a banana and a red apple.",1 of 16,0.0625,False,
8,,,I still need to find the block of cheese and pork chop. I should check the fridge for these ingredients.,open fridge,,"You open the fridge, revealing a raw pork chop, a block of cheese and a carrot.",Kitchen,"You find yourself in a kitchen. A normal kind of place. You decide to start listing off everything you see in the room, as if you were in a text adventure.

Hey, want to see a fridge? Look over there, a fridge. The fridge contains a raw pork chop, a block of cheese and a carrot. You see an oven. Look out! It's a- oh, never mind, it's just a table. But the thing is empty. As if things weren't amazing enough already, you can even see a counter. The counter is vast. On the counter you see a raw yellow potato, a cookbook and a knife. Wow! Just like in the movies! You can make out a stove. But oh no! there's nothing on this piece of junk. What, you think everything in TextWorld should have stuff on it?

There is a closed plain door leading east. There is an exit to the west.

There is a red onion, a white onion, a raw purple potato and a raw red potato on the floor.","You are carrying: a yellow bell pepper, a banana and a red apple.",1 of 16,0.0625,False,
9,,,I should take the raw pork chop and the block of cheese from the fridge to prepare the meal.,take raw pork chop from fridge,,"You take the pork chop from the fridge.



Your score has just gone up by one point.",Kitchen,"You find yourself in a kitchen. A normal kind of place. You decide to start listing off everything you see in the room, as if you were in a text adventure.

Hey, want to see a fridge? Look over there, a fridge. The fridge contains a block of cheese and a carrot. You see an oven. Look out! It's a- oh, never mind, it's just a table. But the thing is empty. As if things weren't amazing enough already, you can even see a counter. The counter is vast. On the counter you see a raw yellow potato, a cookbook and a knife. Wow! Just like in the movies! You can make out a stove. But oh no! there's nothing on this piece of junk. What, you think everything in TextWorld should have stuff on it?

There is a closed plain door leading east. There is an exit to the west.

There is a red onion, a white onion, a raw purple potato and a raw red potato on the floor.","You are carrying: a raw pork chop, a yellow bell pepper, a banana and a red apple.",2 of 16,0.125,False,
10,,,I should take the block of cheese from the fridge to have all ingredients for the meal.,take block of cheese from fridge,,"You take the block of cheese from the fridge.



Your score has just gone up by one point.",Kitchen,"You find yourself in a kitchen. A normal kind of place. You decide to start listing off everything you see in the room, as if you were in a text adventure.

Hey, want to see a fridge? Look over there, a fridge. The fridge contains a carrot. You see an oven. Look out! It's a- oh, never mind, it's just a table. But the thing is empty. As if things weren't amazing enough already, you can even see a counter. The counter is vast. On the counter you see a raw yellow potato, a cookbook and a knife. Wow! Just like in the movies! You can make out a stove. But oh no! there's nothing on this piece of junk. What, you think everything in TextWorld should have stuff on it?

There is a closed plain door leading east. There is an exit to the west.

There is a red onion, a white onion, a raw purple potato and a raw red potato on the floor.","You are carrying: a block of cheese, a raw pork chop, a yellow bell pepper, a banana and a red apple.",3 of 16,0.1875,False,
11,,,I should examine the cookbook on the counter to find the recipe for the meal.,examine cookbook,,"You open the copy of ""Cooking: A Modern Approach (3rd Ed.)"" and start reading:

Recipe #1
---------
Gather all following ingredients and follow the directions to prepare this tasty meal.

Ingredients:
banana
  red apple
  block of cheese
  orange bell pepper
  pork chop

Directions:
chop the banana
  grill the banana
  slice the red apple
  roast the red apple
  dice the block of cheese
  grill the block of cheese
  chop the orange bell pepper
  grill the orange bell pepper
  dice the pork chop
  grill the pork chop
  prepare meal",Kitchen,"You find yourself in a kitchen. A normal kind of place. You decide to start listing off everything you see in the room, as if you were in a text adventure.

Hey, want to see a fridge? Look over there, a fridge. The fridge contains a carrot. You see an oven. Look out! It's a- oh, never mind, it's just a table. But the thing is empty. As if things weren't amazing enough already, you can even see a counter. The counter is vast. On the counter you see a raw yellow potato, a cookbook and a knife. Wow! Just like in the movies! You can make out a stove. But oh no! there's nothing on this piece of junk. What, you think everything in TextWorld should have stuff on it?

There is a closed plain door leading east. There is an exit to the west.

There is a red onion, a white onion, a raw purple potato and a raw red potato on the floor.","You are carrying: a block of cheese, a raw pork chop, a yellow bell pepper, a banana and a red apple.",3 of 16,0.1875,False,
12,,,"I need to get an orange bell pepper since I only have a yellow one, so I should take the orange bell pepper from the floor if available or find it first.",take orange bell pepper from floor,,You can't see any such thing.,Kitchen,"You find yourself in a kitchen. A normal kind of place. You decide to start listing off everything you see in the room, as if you were in a text adventure.

Hey, want to see a fridge? Look over there, a fridge. The fridge contains a carrot. You see an oven. Look out! It's a- oh, never mind, it's just a table. But the thing is empty. As if things weren't amazing enough already, you can even see a counter. The counter is vast. On the counter you see a raw yellow potato, a cookbook and a knife. Wow! Just like in the movies! You can make out a stove. But oh no! there's nothing on this piece of junk. What, you think everything in TextWorld should have stuff on it?

There is a closed plain door leading east. There is an exit to the west.

There is a red onion, a white onion, a raw purple potato and a raw red potato on the floor.","You are carrying: a block of cheese, a raw pork chop, a yellow bell pepper, a banana and a red apple.",3 of 16,0.1875,False,
13,,,"Since there is no orange bell pepper available, I will proceed with the ingredients I have and start by chopping the banana as per the recipe.",chop banana with knife,,You need to take the knife first.,Kitchen,"You find yourself in a kitchen. A normal kind of place. You decide to start listing off everything you see in the room, as if you were in a text adventure.

Hey, want to see a fridge? Look over there, a fridge. The fridge contains a carrot. You see an oven. Look out! It's a- oh, never mind, it's just a table. But the thing is empty. As if things weren't amazing enough already, you can even see a counter. The counter is vast. On the counter you see a raw yellow potato, a cookbook and a knife. Wow! Just like in the movies! You can make out a stove. But oh no! there's nothing on this piece of junk. What, you think everything in TextWorld should have stuff on it?

There is a closed plain door leading east. There is an exit to the west.

There is a red onion, a white onion, a raw purple potato and a raw red potato on the floor.","You are carrying: a block of cheese, a raw pork chop, a yellow bell pepper, a banana and a red apple.",3 of 16,0.1875,False,
14,,,I need to take the knife from the counter before I can chop the banana.,take knife from counter,,You're carrying too many things already.,Kitchen,"You find yourself in a kitchen. A normal kind of place. You decide to start listing off everything you see in the room, as if you were in a text adventure.

Hey, want to see a fridge? Look over there, a fridge. The fridge contains a carrot. You see an oven. Look out! It's a- oh, never mind, it's just a table. But the thing is empty. As if things weren't amazing enough already, you can even see a counter. The counter is vast. On the counter you see a raw yellow potato, a cookbook and a knife. Wow! Just like in the movies! You can make out a stove. But oh no! there's nothing on this piece of junk. What, you think everything in TextWorld should have stuff on it?

There is a closed plain door leading east. There is an exit to the west.

There is a red onion, a white onion, a raw purple potato and a raw red potato on the floor.","You are carrying: a block of cheese, a raw pork chop, a yellow bell pepper, a banana and a red apple.",3 of 16,0.1875,False,
15,,,I need to free up inventory space by dropping an item before I can take the knife.,drop banana,,You drop the banana on the ground.,Kitchen,"You find yourself in a kitchen. A normal kind of place. You decide to start listing off everything you see in the room, as if you were in a text adventure.

Hey, want to see a fridge? Look over there, a fridge. The fridge contains a carrot. You see an oven. Look out! It's a- oh, never mind, it's just a table. But the thing is empty. As if things weren't amazing enough already, you can even see a counter. The counter is vast. On the counter you see a raw yellow potato, a cookbook and a knife. Wow! Just like in the movies! You can make out a stove. But oh no! there's nothing on this piece of junk. What, you think everything in TextWorld should have stuff on it?

There is a closed plain door leading east. There is an exit to the west.

There is a banana, a red onion, a white onion, a raw purple potato and a raw red potato on the floor.","You are carrying: a block of cheese, a raw pork chop, a yellow bell pepper and a red apple.",3 of 16,0.1875,False,
16,,,I should take the knife from the counter to prepare the meal.,take knife from counter,,You take the knife from the counter.,Kitchen,"You find yourself in a kitchen. A normal kind of place. You decide to start listing off everything you see in the room, as if you were in a text adventure.

Hey, want to see a fridge? Look over there, a fridge. The fridge contains a carrot. You see an oven. Look out! It's a- oh, never mind, it's just a table. But the thing is empty. As if things weren't amazing enough already, you can even see a counter. The counter is vast. On the counter you see a raw yellow potato and a cookbook. Wow! Just like in the movies! You can make out a stove. But oh no! there's nothing on this piece of junk. What, you think everything in TextWorld should have stuff on it?

There is a closed plain door leading east. There is an exit to the west.

There is a banana, a red onion, a white onion, a raw purple potato and a raw red potato on the floor.","You are carrying: a knife, a block of cheese, a raw pork chop, a yellow bell pepper and a red apple.",3 of 16,0.1875,False,
17,,,I should examine the cookbook to find a recipe for a delicious meal.,examine cookbook,,"You open the copy of ""Cooking: A Modern Approach (3rd Ed.)"" and start reading:

Recipe #1
---------
Gather all following ingredients and follow the directions to prepare this tasty meal.

Ingredients:
banana
  red apple
  block of cheese
  orange bell pepper
  pork chop

Directions:
chop the banana
  grill the banana
  slice the red apple
  roast the red apple
  dice the block of cheese
  grill the block of cheese
  chop the orange bell pepper
  grill the orange bell pepper
  dice the pork chop
  grill the pork chop
  prepare meal",Kitchen,"You find yourself in a kitchen. A normal kind of place. You decide to start listing off everything you see in the room, as if you were in a text adventure.

Hey, want to see a fridge? Look over there, a fridge. The fridge contains a carrot. You see an oven. Look out! It's a- oh, never mind, it's just a table. But the thing is empty. As if things weren't amazing enough already, you can even see a counter. The counter is vast. On the counter you see a raw yellow potato and a cookbook. Wow! Just like in the movies! You can make out a stove. But oh no! there's nothing on this piece of junk. What, you think everything in TextWorld should have stuff on it?

There is a closed plain door leading east. There is an exit to the west.

There is a banana, a red onion, a white onion, a raw purple potato and a raw red potato on the floor.","You are carrying: a knife, a block of cheese, a raw pork chop, a yellow bell pepper and a red apple.",3 of 16,0.1875,False,
18,,,"I need to get an orange bell pepper and a banana to match the recipe ingredients, then start chopping the banana as the first step.",take banana from floor,,You're carrying too many things already.,Kitchen,"You find yourself in a kitchen. A normal kind of place. You decide to start listing off everything you see in the room, as if you were in a text adventure.

Hey, want to see a fridge? Look over there, a fridge. The fridge contains a carrot. You see an oven. Look out! It's a- oh, never mind, it's just a table. But the thing is empty. As if things weren't amazing enough already, you can even see a counter. The counter is vast. On the counter you see a raw yellow potato and a cookbook. Wow! Just like in the movies! You can make out a stove. But oh no! there's nothing on this piece of junk. What, you think everything in TextWorld should have stuff on it?

There is a closed plain door leading east. There is an exit to the west.

There is a banana, a red onion, a white onion, a raw purple potato and a raw red potato on the floor.","You are carrying: a knife, a block of cheese, a raw pork chop, a yellow bell pepper and a red apple.",3 of 16,0.1875,False,
19,,,"I need to free up inventory space by dropping an item I don't immediately need, then take the banana.",drop yellow bell pepper,,You drop the yellow bell pepper on the ground.,Kitchen,"You find yourself in a kitchen. A normal kind of place. You decide to start listing off everything you see in the room, as if you were in a text adventure.

Hey, want to see a fridge? Look over there, a fridge. The fridge contains a carrot. You see an oven. Look out! It's a- oh, never mind, it's just a table. But the thing is empty. As if things weren't amazing enough already, you can even see a counter. The counter is vast. On the counter you see a raw yellow potato and a cookbook. Wow! Just like in the movies! You can make out a stove. But oh no! there's nothing on this piece of junk. What, you think everything in TextWorld should have stuff on it?

There is a closed plain door leading east. There is an exit to the west.

There is a yellow bell pepper, a banana, a red onion, a white onion, a raw purple potato and a raw red potato on the floor.","You are carrying: a knife, a block of cheese, a raw pork chop and a red apple.",3 of 16,0.1875,False,
20,,,I should take the banana from the floor to have more ingredients for the meal.,take banana from floor,,You pick up the banana from the ground.,Kitchen,"You find yourself in a kitchen. A normal kind of place. You decide to start listing off everything you see in the room, as if you were in a text adventure.

Hey, want to see a fridge? Look over there, a fridge. The fridge contains a carrot. You see an oven. Look out! It's a- oh, never mind, it's just a table. But the thing is empty. As if things weren't amazing enough already, you can even see a counter. The counter is vast. On the counter you see a raw yellow potato and a cookbook. Wow! Just like in the movies! You can make out a stove. But oh no! there's nothing on this piece of junk. What, you think everything in TextWorld should have stuff on it?

There is a closed plain door leading east. There is an exit to the west.

There is a yellow bell pepper, a red onion, a white onion, a raw purple potato and a raw red potato on the floor.","You are carrying: a banana, a knife, a block of cheese, a raw pork chop and a red apple.",3 of 16,0.1875,False,
21,,,I should examine the cookbook on the counter to find a recipe for a delicious meal.,examine cookbook,,"You open the copy of ""Cooking: A Modern Approach (3rd Ed.)"" and start reading:

Recipe #1
---------
Gather all following ingredients and follow the directions to prepare this tasty meal.

Ingredients:
banana
  red apple
  block of cheese
  orange bell pepper
  pork chop

Directions:
chop the banana
  grill the banana
  slice the red apple
  roast the red apple
  dice the block of cheese
  grill the block of cheese
  chop the orange bell pepper
  grill the orange bell pepper
  dice the pork chop
  grill the pork chop
  prepare meal",Kitchen,"You find yourself in a kitchen. A normal kind of place. You decide to start listing off everything you see in the room, as if you were in a text adventure.

Hey, want to see a fridge? Look over there, a fridge. The fridge contains a carrot. You see an oven. Look out! It's a- oh, never mind, it's just a table. But the thing is empty. As if things weren't amazing enough already, you can even see a counter. The counter is vast. On the counter you see a raw yellow potato and a cookbook. Wow! Just like in the movies! You can make out a stove. But oh no! there's nothing on this piece of junk. What, you think everything in TextWorld should have stuff on it?

There is a closed plain door leading east. There is an exit to the west.

There is a yellow bell pepper, a red onion, a white onion, a raw purple potato and a raw red potato on the floor.","You are carrying: a banana, a knife, a block of cheese, a raw pork chop and a red apple.",3 of 16,0.1875,False,
22,,,I need to find and take the orange bell pepper to have all the ingredients for the recipe.,take orange bell pepper from floor,,You can't see any such thing.,Kitchen,"You find yourself in a kitchen. A normal kind of place. You decide to start listing off everything you see in the room, as if you were in a text adventure.

Hey, want to see a fridge? Look over there, a fridge. The fridge contains a carrot. You see an oven. Look out! It's a- oh, never mind, it's just a table. But the thing is empty. As if things weren't amazing enough already, you can even see a counter. The counter is vast. On the counter you see a raw yellow potato and a cookbook. Wow! Just like in the movies! You can make out a stove. But oh no! there's nothing on this piece of junk. What, you think everything in TextWorld should have stuff on it?

There is a closed plain door leading east. There is an exit to the west.

There is a yellow bell pepper, a red onion, a white onion, a raw purple potato and a raw red potato on the floor.","You are carrying: a banana, a knife, a block of cheese, a raw pork chop and a red apple.",3 of 16,0.1875,False,
23,,,"The orange bell pepper is not visible, but there is a yellow bell pepper on the floor which might be the intended ingredient. I will take the yellow bell pepper from the floor.",take yellow bell pepper from floor,,You're carrying too many things already.,Kitchen,"You find yourself in a kitchen. A normal kind of place. You decide to start listing off everything you see in the room, as if you were in a text adventure.

Hey, want to see a fridge? Look over there, a fridge. The fridge contains a carrot. You see an oven. Look out! It's a- oh, never mind, it's just a table. But the thing is empty. As if things weren't amazing enough already, you can even see a counter. The counter is vast. On the counter you see a raw yellow potato and a cookbook. Wow! Just like in the movies! You can make out a stove. But oh no! there's nothing on this piece of junk. What, you think everything in TextWorld should have stuff on it?

There is a closed plain door leading east. There is an exit to the west.

There is a yellow bell pepper, a red onion, a white onion, a raw purple potato and a raw red potato on the floor.","You are carrying: a banana, a knife, a block of cheese, a raw pork chop and a red apple.",3 of 16,0.1875,False,
24,,,"I am carrying too many items, so I should drop something to make space. The banana seems like a good item to drop since it is not essential for cooking a meal. Then I will take the yellow bell pepper.",drop banana,,You drop the banana on the ground.,Kitchen,"You find yourself in a kitchen. A normal kind of place. You decide to start listing off everything you see in the room, as if you were in a text adventure.

Hey, want to see a fridge? Look over there, a fridge. The fridge contains a carrot. You see an oven. Look out! It's a- oh, never mind, it's just a table. But the thing is empty. As if things weren't amazing enough already, you can even see a counter. The counter is vast. On the counter you see a raw yellow potato and a cookbook. Wow! Just like in the movies! You can make out a stove. But oh no! there's nothing on this piece of junk. What, you think everything in TextWorld should have stuff on it?

There is a closed plain door leading east. There is an exit to the west.

There is a banana, a yellow bell pepper, a red onion, a white onion, a raw purple potato and a raw red potato on the floor.","You are carrying: a knife, a block of cheese, a raw pork chop and a red apple.",3 of 16,0.1875,False,
25,,,"I have space now, so I should take the yellow bell pepper from the floor to use it for cooking.",take yellow bell pepper from floor,,You pick up the yellow bell pepper from the ground.,Kitchen,"You find yourself in a kitchen. A normal kind of place. You decide to start listing off everything you see in the room, as if you were in a text adventure.

Hey, want to see a fridge? Look over there, a fridge. The fridge contains a carrot. You see an oven. Look out! It's a- oh, never mind, it's just a table. But the thing is empty. As if things weren't amazing enough already, you can even see a counter. The counter is vast. On the counter you see a raw yellow potato and a cookbook. Wow! Just like in the movies! You can make out a stove. But oh no! there's nothing on this piece of junk. What, you think everything in TextWorld should have stuff on it?

There is a closed plain door leading east. There is an exit to the west.

There is a banana, a red onion, a white onion, a raw purple potato and a raw red potato on the floor.","You are carrying: a yellow bell pepper, a knife, a block of cheese, a raw pork chop and a red apple.",3 of 16,0.1875,False,
26,,,I should examine the cookbook on the counter to find a recipe for cooking a delicious meal.,examine cookbook,,"You open the copy of ""Cooking: A Modern Approach (3rd Ed.)"" and start reading:

Recipe #1
---------
Gather all following ingredients and follow the directions to prepare this tasty meal.

Ingredients:
banana
  red apple
  block of cheese
  orange bell pepper
  pork chop

Directions:
chop the banana
  grill the banana
  slice the red apple
  roast the red apple
  dice the block of cheese
  grill the block of cheese
  chop the orange bell pepper
  grill the orange bell pepper
  dice the pork chop
  grill the pork chop
  prepare meal",Kitchen,"You find yourself in a kitchen. A normal kind of place. You decide to start listing off everything you see in the room, as if you were in a text adventure.

Hey, want to see a fridge? Look over there, a fridge. The fridge contains a carrot. You see an oven. Look out! It's a- oh, never mind, it's just a table. But the thing is empty. As if things weren't amazing enough already, you can even see a counter. The counter is vast. On the counter you see a raw yellow potato and a cookbook. Wow! Just like in the movies! You can make out a stove. But oh no! there's nothing on this piece of junk. What, you think everything in TextWorld should have stuff on it?

There is a closed plain door leading east. There is an exit to the west.

There is a banana, a red onion, a white onion, a raw purple potato and a raw red potato on the floor.","You are carrying: a yellow bell pepper, a knife, a block of cheese, a raw pork chop and a red apple.",3 of 16,0.1875,False,
27,,,"I need to gather the ingredients from the recipe: banana, red apple, block of cheese, orange bell pepper, and pork chop. I have a red apple, block of cheese, pork chop, and yellow bell pepper (not orange). I should take the banana from the floor and check if I can use the yellow bell pepper instead of the orange one.",take banana from floor,,You're carrying too many things already.,Kitchen,"You find yourself in a kitchen. A normal kind of place. You decide to start listing off everything you see in the room, as if you were in a text adventure.

Hey, want to see a fridge? Look over there, a fridge. The fridge contains a carrot. You see an oven. Look out! It's a- oh, never mind, it's just a table. But the thing is empty. As if things weren't amazing enough already, you can even see a counter. The counter is vast. On the counter you see a raw yellow potato and a cookbook. Wow! Just like in the movies! You can make out a stove. But oh no! there's nothing on this piece of junk. What, you think everything in TextWorld should have stuff on it?

There is a closed plain door leading east. There is an exit to the west.

There is a banana, a red onion, a white onion, a raw purple potato and a raw red potato on the floor.","You are carrying: a yellow bell pepper, a knife, a block of cheese, a raw pork chop and a red apple.",3 of 16,0.1875,False,
28,,,"I am carrying too many items, so I should drop the yellow bell pepper to free up space and then take the banana.",drop yellow bell pepper,,You drop the yellow bell pepper on the ground.,Kitchen,"You find yourself in a kitchen. A normal kind of place. You decide to start listing off everything you see in the room, as if you were in a text adventure.

Hey, want to see a fridge? Look over there, a fridge. The fridge contains a carrot. You see an oven. Look out! It's a- oh, never mind, it's just a table. But the thing is empty. As if things weren't amazing enough already, you can even see a counter. The counter is vast. On the counter you see a raw yellow potato and a cookbook. Wow! Just like in the movies! You can make out a stove. But oh no! there's nothing on this piece of junk. What, you think everything in TextWorld should have stuff on it?

There is a closed plain door leading east. There is an exit to the west.

There is a yellow bell pepper, a banana, a red onion, a white onion, a raw purple potato and a raw red potato on the floor.","You are carrying: a knife, a block of cheese, a raw pork chop and a red apple.",3 of 16,0.1875,False,
29,,,I should take the banana from the floor to have more ingredients for cooking.,take banana from floor,,You pick up the banana from the ground.,Kitchen,"You find yourself in a kitchen. A normal kind of place. You decide to start listing off everything you see in the room, as if you were in a text adventure.

Hey, want to see a fridge? Look over there, a fridge. The fridge contains a carrot. You see an oven. Look out! It's a- oh, never mind, it's just a table. But the thing is empty. As if things weren't amazing enough already, you can even see a counter. The counter is vast. On the counter you see a raw yellow potato and a cookbook. Wow! Just like in the movies! You can make out a stove. But oh no! there's nothing on this piece of junk. What, you think everything in TextWorld should have stuff on it?

There is a closed plain door leading east. There is an exit to the west.

There is a yellow bell pepper, a red onion, a white onion, a raw purple potato and a raw red potato on the floor.","You are carrying: a banana, a knife, a block of cheese, a raw pork chop and a red apple.",3 of 16,0.1875,False,
30,,,I should examine the cookbook on the counter to find a recipe for cooking a delicious meal.,examine cookbook,,"You open the copy of ""Cooking: A Modern Approach (3rd Ed.)"" and start reading:

Recipe #1
---------
Gather all following ingredients and follow the directions to prepare this tasty meal.

Ingredients:
banana
  red apple
  block of cheese
  orange bell pepper
  pork chop

Directions:
chop the banana
  grill the banana
  slice the red apple
  roast the red apple
  dice the block of cheese
  grill the block of cheese
  chop the orange bell pepper
  grill the orange bell pepper
  dice the pork chop
  grill the pork chop
  prepare meal",Kitchen,"You find yourself in a kitchen. A normal kind of place. You decide to start listing off everything you see in the room, as if you were in a text adventure.

Hey, want to see a fridge? Look over there, a fridge. The fridge contains a carrot. You see an oven. Look out! It's a- oh, never mind, it's just a table. But the thing is empty. As if things weren't amazing enough already, you can even see a counter. The counter is vast. On the counter you see a raw yellow potato and a cookbook. Wow! Just like in the movies! You can make out a stove. But oh no! there's nothing on this piece of junk. What, you think everything in TextWorld should have stuff on it?

There is a closed plain door leading east. There is an exit to the west.

There is a yellow bell pepper, a red onion, a white onion, a raw purple potato and a raw red potato on the floor.","You are carrying: a banana, a knife, a block of cheese, a raw pork chop and a red apple.",3 of 16,0.1875,False,
31,,,I need to find and take the orange bell pepper from the floor to have all the ingredients for the recipe.,take yellow bell pepper from floor,,You're carrying too many things already.,Kitchen,"You find yourself in a kitchen. A normal kind of place. You decide to start listing off everything you see in the room, as if you were in a text adventure.

Hey, want to see a fridge? Look over there, a fridge. The fridge contains a carrot. You see an oven. Look out! It's a- oh, never mind, it's just a table. But the thing is empty. As if things weren't amazing enough already, you can even see a counter. The counter is vast. On the counter you see a raw yellow potato and a cookbook. Wow! Just like in the movies! You can make out a stove. But oh no! there's nothing on this piece of junk. What, you think everything in TextWorld should have stuff on it?

There is a closed plain door leading east. There is an exit to the west.

There is a yellow bell pepper, a red onion, a white onion, a raw purple potato and a raw red potato on the floor.","You are carrying: a banana, a knife, a block of cheese, a raw pork chop and a red apple.",3 of 16,0.1875,False,
32,,,I need to drop an item from my inventory to make space for the yellow bell pepper.,drop banana,,You drop the banana on the ground.,Kitchen,"You find yourself in a kitchen. A normal kind of place. You decide to start listing off everything you see in the room, as if you were in a text adventure.

Hey, want to see a fridge? Look over there, a fridge. The fridge contains a carrot. You see an oven. Look out! It's a- oh, never mind, it's just a table. But the thing is empty. As if things weren't amazing enough already, you can even see a counter. The counter is vast. On the counter you see a raw yellow potato and a cookbook. Wow! Just like in the movies! You can make out a stove. But oh no! there's nothing on this piece of junk. What, you think everything in TextWorld should have stuff on it?

There is a closed plain door leading east. There is an exit to the west.

There is a banana, a yellow bell pepper, a red onion, a white onion, a raw purple potato and a raw red potato on the floor.","You are carrying: a knife, a block of cheese, a raw pork chop and a red apple.",3 of 16,0.1875,False,
33,,,I should take the yellow bell pepper from the floor to use it for cooking.,take yellow bell pepper from floor,,You pick up the yellow bell pepper from the ground.,Kitchen,"You find yourself in a kitchen. A normal kind of place. You decide to start listing off everything you see in the room, as if you were in a text adventure.

Hey, want to see a fridge? Look over there, a fridge. The fridge contains a carrot. You see an oven. Look out! It's a- oh, never mind, it's just a table. But the thing is empty. As if things weren't amazing enough already, you can even see a counter. The counter is vast. On the counter you see a raw yellow potato and a cookbook. Wow! Just like in the movies! You can make out a stove. But oh no! there's nothing on this piece of junk. What, you think everything in TextWorld should have stuff on it?

There is a closed plain door leading east. There is an exit to the west.

There is a banana, a red onion, a white onion, a raw purple potato and a raw red potato on the floor.","You are carrying: a yellow bell pepper, a knife, a block of cheese, a raw pork chop and a red apple.",3 of 16,0.1875,False,
34,,,I should examine the cookbook on the counter to find a recipe for cooking a delicious meal.,examine cookbook,,"You open the copy of ""Cooking: A Modern Approach (3rd Ed.)"" and start reading:

Recipe #1
---------
Gather all following ingredients and follow the directions to prepare this tasty meal.

Ingredients:
banana
  red apple
  block of cheese
  orange bell pepper
  pork chop

Directions:
chop the banana
  grill the banana
  slice the red apple
  roast the red apple
  dice the block of cheese
  grill the block of cheese
  chop the orange bell pepper
  grill the orange bell pepper
  dice the pork chop
  grill the pork chop
  prepare meal",Kitchen,"You find yourself in a kitchen. A normal kind of place. You decide to start listing off everything you see in the room, as if you were in a text adventure.

Hey, want to see a fridge? Look over there, a fridge. The fridge contains a carrot. You see an oven. Look out! It's a- oh, never mind, it's just a table. But the thing is empty. As if things weren't amazing enough already, you can even see a counter. The counter is vast. On the counter you see a raw yellow potato and a cookbook. Wow! Just like in the movies! You can make out a stove. But oh no! there's nothing on this piece of junk. What, you think everything in TextWorld should have stuff on it?

There is a closed plain door leading east. There is an exit to the west.

There is a banana, a red onion, a white onion, a raw purple potato and a raw red potato on the floor.","You are carrying: a yellow bell pepper, a knife, a block of cheese, a raw pork chop and a red apple.",3 of 16,0.1875,False,
35,,,"I need to find and take the banana and orange bell pepper to match the recipe ingredients, then start chopping the banana as the first step in the recipe.",take banana from floor,,You're carrying too many things already.,Kitchen,"You find yourself in a kitchen. A normal kind of place. You decide to start listing off everything you see in the room, as if you were in a text adventure.

Hey, want to see a fridge? Look over there, a fridge. The fridge contains a carrot. You see an oven. Look out! It's a- oh, never mind, it's just a table. But the thing is empty. As if things weren't amazing enough already, you can even see a counter. The counter is vast. On the counter you see a raw yellow potato and a cookbook. Wow! Just like in the movies! You can make out a stove. But oh no! there's nothing on this piece of junk. What, you think everything in TextWorld should have stuff on it?

There is a closed plain door leading east. There is an exit to the west.

There is a banana, a red onion, a white onion, a raw purple potato and a raw red potato on the floor.","You are carrying: a yellow bell pepper, a knife, a block of cheese, a raw pork chop and a red apple.",3 of 16,0.1875,False,
36,,,"I am carrying too many items, so I should drop the yellow bell pepper to free up space, then take the banana.",drop yellow bell pepper,,You drop the yellow bell pepper on the ground.,Kitchen,"You find yourself in a kitchen. A normal kind of place. You decide to start listing off everything you see in the room, as if you were in a text adventure.

Hey, want to see a fridge? Look over there, a fridge. The fridge contains a carrot. You see an oven. Look out! It's a- oh, never mind, it's just a table. But the thing is empty. As if things weren't amazing enough already, you can even see a counter. The counter is vast. On the counter you see a raw yellow potato and a cookbook. Wow! Just like in the movies! You can make out a stove. But oh no! there's nothing on this piece of junk. What, you think everything in TextWorld should have stuff on it?

There is a closed plain door leading east. There is an exit to the west.

There is a yellow bell pepper, a banana, a red onion, a white onion, a raw purple potato and a raw red potato on the floor.","You are carrying: a knife, a block of cheese, a raw pork chop and a red apple.",3 of 16,0.1875,False,
37,,,I should take the banana from the floor to have more ingredients for cooking.,take banana from floor,,You pick up the banana from the ground.,Kitchen,"You find yourself in a kitchen. A normal kind of place. You decide to start listing off everything you see in the room, as if you were in a text adventure.

Hey, want to see a fridge? Look over there, a fridge. The fridge contains a carrot. You see an oven. Look out! It's a- oh, never mind, it's just a table. But the thing is empty. As if things weren't amazing enough already, you can even see a counter. The counter is vast. On the counter you see a raw yellow potato and a cookbook. Wow! Just like in the movies! You can make out a stove. But oh no! there's nothing on this piece of junk. What, you think everything in TextWorld should have stuff on it?

There is a closed plain door leading east. There is an exit to the west.

There is a yellow bell pepper, a red onion, a white onion, a raw purple potato and a raw red potato on the floor.","You are carrying: a banana, a knife, a block of cheese, a raw pork chop and a red apple.",3 of 16,0.1875,False,
38,,,I should examine the cookbook on the counter to find a recipe for cooking a delicious meal.,examine cookbook,,"You open the copy of ""Cooking: A Modern Approach (3rd Ed.)"" and start reading:

Recipe #1
---------
Gather all following ingredients and follow the directions to prepare this tasty meal.

Ingredients:
banana
  red apple
  block of cheese
  orange bell pepper
  pork chop

Directions:
chop the banana
  grill the banana
  slice the red apple
  roast the red apple
  dice the block of cheese
  grill the block of cheese
  chop the orange bell pepper
  grill the orange bell pepper
  dice the pork chop
  grill the pork chop
  prepare meal",Kitchen,"You find yourself in a kitchen. A normal kind of place. You decide to start listing off everything you see in the room, as if you were in a text adventure.

Hey, want to see a fridge? Look over there, a fridge. The fridge contains a carrot. You see an oven. Look out! It's a- oh, never mind, it's just a table. But the thing is empty. As if things weren't amazing enough already, you can even see a counter. The counter is vast. On the counter you see a raw yellow potato and a cookbook. Wow! Just like in the movies! You can make out a stove. But oh no! there's nothing on this piece of junk. What, you think everything in TextWorld should have stuff on it?

There is a closed plain door leading east. There is an exit to the west.

There is a yellow bell pepper, a red onion, a white onion, a raw purple potato and a raw red potato on the floor.","You are carrying: a banana, a knife, a block of cheese, a raw pork chop and a red apple.",3 of 16,0.1875,False,
39,,,I need to get the orange bell pepper from the floor and then follow the recipe steps starting with chopping the banana.,take yellow bell pepper from floor,,You're carrying too many things already.,Kitchen,"You find yourself in a kitchen. A normal kind of place. You decide to start listing off everything you see in the room, as if you were in a text adventure.

Hey, want to see a fridge? Look over there, a fridge. The fridge contains a carrot. You see an oven. Look out! It's a- oh, never mind, it's just a table. But the thing is empty. As if things weren't amazing enough already, you can even see a counter. The counter is vast. On the counter you see a raw yellow potato and a cookbook. Wow! Just like in the movies! You can make out a stove. But oh no! there's nothing on this piece of junk. What, you think everything in TextWorld should have stuff on it?

There is a closed plain door leading east. There is an exit to the west.

There is a yellow bell pepper, a red onion, a white onion, a raw purple potato and a raw red potato on the floor.","You are carrying: a banana, a knife, a block of cheese, a raw pork chop and a red apple.",3 of 16,0.1875,False,
40,,,I need to drop an item to free up space before taking the yellow bell pepper.,drop raw pork chop,,You drop the pork chop on the ground.,Kitchen,"You find yourself in a kitchen. A normal kind of place. You decide to start listing off everything you see in the room, as if you were in a text adventure.

Hey, want to see a fridge? Look over there, a fridge. The fridge contains a carrot. You see an oven. Look out! It's a- oh, never mind, it's just a table. But the thing is empty. As if things weren't amazing enough already, you can even see a counter. The counter is vast. On the counter you see a raw yellow potato and a cookbook. Wow! Just like in the movies! You can make out a stove. But oh no! there's nothing on this piece of junk. What, you think everything in TextWorld should have stuff on it?

There is a closed plain door leading east. There is an exit to the west.

There is a raw pork chop, a yellow bell pepper, a red onion, a white onion, a raw purple potato and a raw red potato on the floor.","You are carrying: a banana, a knife, a block of cheese and a red apple.",3 of 16,0.1875,False,
41,,,I should take the yellow bell pepper from the floor now that I have space.,take yellow bell pepper from floor,,You pick up the yellow bell pepper from the ground.,Kitchen,"You find yourself in a kitchen. A normal kind of place. You decide to start listing off everything you see in the room, as if you were in a text adventure.

Hey, want to see a fridge? Look over there, a fridge. The fridge contains a carrot. You see an oven. Look out! It's a- oh, never mind, it's just a table. But the thing is empty. As if things weren't amazing enough already, you can even see a counter. The counter is vast. On the counter you see a raw yellow potato and a cookbook. Wow! Just like in the movies! You can make out a stove. But oh no! there's nothing on this piece of junk. What, you think everything in TextWorld should have stuff on it?

There is a closed plain door leading east. There is an exit to the west.

There is a raw pork chop, a red onion, a white onion, a raw purple potato and a raw red potato on the floor.","You are carrying: a yellow bell pepper, a banana, a knife, a block of cheese and a red apple.",3 of 16,0.1875,False,
42,,,I should examine the cookbook on the counter to find a recipe for a delicious meal.,examine cookbook,,"You open the copy of ""Cooking: A Modern Approach (3rd Ed.)"" and start reading:

Recipe #1
---------
Gather all following ingredients and follow the directions to prepare this tasty meal.

Ingredients:
banana
  red apple
  block of cheese
  orange bell pepper
  pork chop

Directions:
chop the banana
  grill the banana
  slice the red apple
  roast the red apple
  dice the block of cheese
  grill the block of cheese
  chop the orange bell pepper
  grill the orange bell pepper
  dice the pork chop
  grill the pork chop
  prepare meal",Kitchen,"You find yourself in a kitchen. A normal kind of place. You decide to start listing off everything you see in the room, as if you were in a text adventure.

Hey, want to see a fridge? Look over there, a fridge. The fridge contains a carrot. You see an oven. Look out! It's a- oh, never mind, it's just a table. But the thing is empty. As if things weren't amazing enough already, you can even see a counter. The counter is vast. On the counter you see a raw yellow potato and a cookbook. Wow! Just like in the movies! You can make out a stove. But oh no! there's nothing on this piece of junk. What, you think everything in TextWorld should have stuff on it?

There is a closed plain door leading east. There is an exit to the west.

There is a raw pork chop, a red onion, a white onion, a raw purple potato and a raw red potato on the floor.","You are carrying: a yellow bell pepper, a banana, a knife, a block of cheese and a red apple.",3 of 16,0.1875,False,
43,,,I need to replace the yellow bell pepper with an orange bell pepper and take the pork chop from the floor to have all the ingredients for the recipe.,drop yellow bell pepper; take orange bell pepper from counter; take pork chop from floor,,I only understood you as far as wanting to drop the yellow bell pepper.,Kitchen,"You find yourself in a kitchen. A normal kind of place. You decide to start listing off everything you see in the room, as if you were in a text adventure.

Hey, want to see a fridge? Look over there, a fridge. The fridge contains a carrot. You see an oven. Look out! It's a- oh, never mind, it's just a table. But the thing is empty. As if things weren't amazing enough already, you can even see a counter. The counter is vast. On the counter you see a raw yellow potato and a cookbook. Wow! Just like in the movies! You can make out a stove. But oh no! there's nothing on this piece of junk. What, you think everything in TextWorld should have stuff on it?

There is a closed plain door leading east. There is an exit to the west.

There is a raw pork chop, a red onion, a white onion, a raw purple potato and a raw red potato on the floor.","You are carrying: a yellow bell pepper, a banana, a knife, a block of cheese and a red apple.",3 of 16,0.1875,False,
44,,,"I need to drop the yellow bell pepper first, then take the pork chop from the floor, and finally take the orange bell pepper from the counter.",drop yellow bell pepper; take pork chop from floor; take orange bell pepper from counter,,I only understood you as far as wanting to drop the yellow bell pepper.,Kitchen,"You find yourself in a kitchen. A normal kind of place. You decide to start listing off everything you see in the room, as if you were in a text adventure.

Hey, want to see a fridge? Look over there, a fridge. The fridge contains a carrot. You see an oven. Look out! It's a- oh, never mind, it's just a table. But the thing is empty. As if things weren't amazing enough already, you can even see a counter. The counter is vast. On the counter you see a raw yellow potato and a cookbook. Wow! Just like in the movies! You can make out a stove. But oh no! there's nothing on this piece of junk. What, you think everything in TextWorld should have stuff on it?

There is a closed plain door leading east. There is an exit to the west.

There is a raw pork chop, a red onion, a white onion, a raw purple potato and a raw red potato on the floor.","You are carrying: a yellow bell pepper, a banana, a knife, a block of cheese and a red apple.",3 of 16,0.1875,False,
45,,,I should drop the yellow bell pepper first to free my hands.,drop yellow bell pepper,,You drop the yellow bell pepper on the ground.,Kitchen,"You find yourself in a kitchen. A normal kind of place. You decide to start listing off everything you see in the room, as if you were in a text adventure.

Hey, want to see a fridge? Look over there, a fridge. The fridge contains a carrot. You see an oven. Look out! It's a- oh, never mind, it's just a table. But the thing is empty. As if things weren't amazing enough already, you can even see a counter. The counter is vast. On the counter you see a raw yellow potato and a cookbook. Wow! Just like in the movies! You can make out a stove. But oh no! there's nothing on this piece of junk. What, you think everything in TextWorld should have stuff on it?

There is a closed plain door leading east. There is an exit to the west.

There is a yellow bell pepper, a raw pork chop, a red onion, a white onion, a raw purple potato and a raw red potato on the floor.","You are carrying: a banana, a knife, a block of cheese and a red apple.",3 of 16,0.1875,False,
46,,,I should examine the cookbook on the counter to find a recipe for cooking a delicious meal.,examine cookbook,,"You open the copy of ""Cooking: A Modern Approach (3rd Ed.)"" and start reading:

Recipe #1
---------
Gather all following ingredients and follow the directions to prepare this tasty meal.

Ingredients:
banana
  red apple
  block of cheese
  orange bell pepper
  pork chop

Directions:
chop the banana
  grill the banana
  slice the red apple
  roast the red apple
  dice the block of cheese
  grill the block of cheese
  chop the orange bell pepper
  grill the orange bell pepper
  dice the pork chop
  grill the pork chop
  prepare meal",Kitchen,"You find yourself in a kitchen. A normal kind of place. You decide to start listing off everything you see in the room, as if you were in a text adventure.

Hey, want to see a fridge? Look over there, a fridge. The fridge contains a carrot. You see an oven. Look out! It's a- oh, never mind, it's just a table. But the thing is empty. As if things weren't amazing enough already, you can even see a counter. The counter is vast. On the counter you see a raw yellow potato and a cookbook. Wow! Just like in the movies! You can make out a stove. But oh no! there's nothing on this piece of junk. What, you think everything in TextWorld should have stuff on it?

There is a closed plain door leading east. There is an exit to the west.

There is a yellow bell pepper, a raw pork chop, a red onion, a white onion, a raw purple potato and a raw red potato on the floor.","You are carrying: a banana, a knife, a block of cheese and a red apple.",3 of 16,0.1875,False,
47,,,I need to find an orange bell pepper and a pork chop to match the recipe ingredients before starting the cooking steps.,take orange bell pepper from floor,,You can't see any such thing.,Kitchen,"You find yourself in a kitchen. A normal kind of place. You decide to start listing off everything you see in the room, as if you were in a text adventure.

Hey, want to see a fridge? Look over there, a fridge. The fridge contains a carrot. You see an oven. Look out! It's a- oh, never mind, it's just a table. But the thing is empty. As if things weren't amazing enough already, you can even see a counter. The counter is vast. On the counter you see a raw yellow potato and a cookbook. Wow! Just like in the movies! You can make out a stove. But oh no! there's nothing on this piece of junk. What, you think everything in TextWorld should have stuff on it?

There is a closed plain door leading east. There is an exit to the west.

There is a yellow bell pepper, a raw pork chop, a red onion, a white onion, a raw purple potato and a raw red potato on the floor.","You are carrying: a banana, a knife, a block of cheese and a red apple.",3 of 16,0.1875,False,
48,,,"The orange bell pepper is not visible, but there is a yellow bell pepper on the floor which might be used instead. I will take the yellow bell pepper and the raw pork chop from the floor to have all ingredients.",take yellow bell pepper from floor,,You pick up the yellow bell pepper from the ground.,Kitchen,"You find yourself in a kitchen. A normal kind of place. You decide to start listing off everything you see in the room, as if you were in a text adventure.

Hey, want to see a fridge? Look over there, a fridge. The fridge contains a carrot. You see an oven. Look out! It's a- oh, never mind, it's just a table. But the thing is empty. As if things weren't amazing enough already, you can even see a counter. The counter is vast. On the counter you see a raw yellow potato and a cookbook. Wow! Just like in the movies! You can make out a stove. But oh no! there's nothing on this piece of junk. What, you think everything in TextWorld should have stuff on it?

There is a closed plain door leading east. There is an exit to the west.

There is a raw pork chop, a red onion, a white onion, a raw purple potato and a raw red potato on the floor.","You are carrying: a yellow bell pepper, a banana, a knife, a block of cheese and a red apple.",3 of 16,0.1875,False,
49,,,I still need to take the raw pork chop from the floor to have all ingredients for cooking.,take raw pork chop from floor,,You're carrying too many things already.,Kitchen,"You find yourself in a kitchen. A normal kind of place. You decide to start listing off everything you see in the room, as if you were in a text adventure.

Hey, want to see a fridge? Look over there, a fridge. The fridge contains a carrot. You see an oven. Look out! It's a- oh, never mind, it's just a table. But the thing is empty. As if things weren't amazing enough already, you can even see a counter. The counter is vast. On the counter you see a raw yellow potato and a cookbook. Wow! Just like in the movies! You can make out a stove. But oh no! there's nothing on this piece of junk. What, you think everything in TextWorld should have stuff on it?

There is a closed plain door leading east. There is an exit to the west.

There is a raw pork chop, a red onion, a white onion, a raw purple potato and a raw red potato on the floor.","You are carrying: a yellow bell pepper, a banana, a knife, a block of cheese and a red apple.",3 of 16,0.1875,False,
50,,,I need to free up inventory space by dropping an item before picking up the raw pork chop.,drop banana,,You drop the banana on the ground.,Kitchen,"You find yourself in a kitchen. A normal kind of place. You decide to start listing off everything you see in the room, as if you were in a text adventure.

Hey, want to see a fridge? Look over there, a fridge. The fridge contains a carrot. You see an oven. Look out! It's a- oh, never mind, it's just a table. But the thing is empty. As if things weren't amazing enough already, you can even see a counter. The counter is vast. On the counter you see a raw yellow potato and a cookbook. Wow! Just like in the movies! You can make out a stove. But oh no! there's nothing on this piece of junk. What, you think everything in TextWorld should have stuff on it?

There is a closed plain door leading east. There is an exit to the west.

There is a banana, a raw pork chop, a red onion, a white onion, a raw purple potato and a raw red potato on the floor.","You are carrying: a yellow bell pepper, a knife, a block of cheese and a red apple.",3 of 16,0.1875,False,
51,,,I should take the raw pork chop from the floor to start cooking the meal.,take raw pork chop from floor,,You pick up the pork chop from the ground.,Kitchen,"You find yourself in a kitchen. A normal kind of place. You decide to start listing off everything you see in the room, as if you were in a text adventure.

Hey, want to see a fridge? Look over there, a fridge. The fridge contains a carrot. You see an oven. Look out! It's a- oh, never mind, it's just a table. But the thing is empty. As if things weren't amazing enough already, you can even see a counter. The counter is vast. On the counter you see a raw yellow potato and a cookbook. Wow! Just like in the movies! You can make out a stove. But oh no! there's nothing on this piece of junk. What, you think everything in TextWorld should have stuff on it?

There is a closed plain door leading east. There is an exit to the west.

There is a banana, a red onion, a white onion, a raw purple potato and a raw red potato on the floor.","You are carrying: a raw pork chop, a yellow bell pepper, a knife, a block of cheese and a red apple.",3 of 16,0.1875,False,
52,,,I should open the cookbook to check the recipe for cooking a delicious meal.,examine cookbook,,"You open the copy of ""Cooking: A Modern Approach (3rd Ed.)"" and start reading:

Recipe #1
---------
Gather all following ingredients and follow the directions to prepare this tasty meal.

Ingredients:
banana
  red apple
  block of cheese
  orange bell pepper
  pork chop

Directions:
chop the banana
  grill the banana
  slice the red apple
  roast the red apple
  dice the block of cheese
  grill the block of cheese
  chop the orange bell pepper
  grill the orange bell pepper
  dice the pork chop
  grill the pork chop
  prepare meal",Kitchen,"You find yourself in a kitchen. A normal kind of place. You decide to start listing off everything you see in the room, as if you were in a text adventure.

Hey, want to see a fridge? Look over there, a fridge. The fridge contains a carrot. You see an oven. Look out! It's a- oh, never mind, it's just a table. But the thing is empty. As if things weren't amazing enough already, you can even see a counter. The counter is vast. On the counter you see a raw yellow potato and a cookbook. Wow! Just like in the movies! You can make out a stove. But oh no! there's nothing on this piece of junk. What, you think everything in TextWorld should have stuff on it?

There is a closed plain door leading east. There is an exit to the west.

There is a banana, a red onion, a white onion, a raw purple potato and a raw red potato on the floor.","You are carrying: a raw pork chop, a yellow bell pepper, a knife, a block of cheese and a red apple.",3 of 16,0.1875,False,
53,,,"I need to get the banana and the orange bell pepper to match the recipe ingredients, then chop and grill the banana, slice and roast the red apple, dice and grill the block of cheese, chop and grill the orange bell pepper, and dice and grill the pork chop before preparing the meal.",take banana from floor,,You're carrying too many things already.,Kitchen,"You find yourself in a kitchen. A normal kind of place. You decide to start listing off everything you see in the room, as if you were in a text adventure.

Hey, want to see a fridge? Look over there, a fridge. The fridge contains a carrot. You see an oven. Look out! It's a- oh, never mind, it's just a table. But the thing is empty. As if things weren't amazing enough already, you can even see a counter. The counter is vast. On the counter you see a raw yellow potato and a cookbook. Wow! Just like in the movies! You can make out a stove. But oh no! there's nothing on this piece of junk. What, you think everything in TextWorld should have stuff on it?

There is a closed plain door leading east. There is an exit to the west.

There is a banana, a red onion, a white onion, a raw purple potato and a raw red potato on the floor.","You are carrying: a raw pork chop, a yellow bell pepper, a knife, a block of cheese and a red apple.",3 of 16,0.1875,False,
54,,,I need to free up inventory space by putting down an item before taking the banana.,drop yellow bell pepper,,You drop the yellow bell pepper on the ground.,Kitchen,"You find yourself in a kitchen. A normal kind of place. You decide to start listing off everything you see in the room, as if you were in a text adventure.

Hey, want to see a fridge? Look over there, a fridge. The fridge contains a carrot. You see an oven. Look out! It's a- oh, never mind, it's just a table. But the thing is empty. As if things weren't amazing enough already, you can even see a counter. The counter is vast. On the counter you see a raw yellow potato and a cookbook. Wow! Just like in the movies! You can make out a stove. But oh no! there's nothing on this piece of junk. What, you think everything in TextWorld should have stuff on it?

There is a closed plain door leading east. There is an exit to the west.

There is a yellow bell pepper, a banana, a red onion, a white onion, a raw purple potato and a raw red potato on the floor.","You are carrying: a raw pork chop, a knife, a block of cheese and a red apple.",3 of 16,0.1875,False,
55,,,I should take the banana from the floor to have more ingredients for cooking.,take banana from floor,,You pick up the banana from the ground.,Kitchen,"You find yourself in a kitchen. A normal kind of place. You decide to start listing off everything you see in the room, as if you were in a text adventure.

Hey, want to see a fridge? Look over there, a fridge. The fridge contains a carrot. You see an oven. Look out! It's a- oh, never mind, it's just a table. But the thing is empty. As if things weren't amazing enough already, you can even see a counter. The counter is vast. On the counter you see a raw yellow potato and a cookbook. Wow! Just like in the movies! You can make out a stove. But oh no! there's nothing on this piece of junk. What, you think everything in TextWorld should have stuff on it?

There is a closed plain door leading east. There is an exit to the west.

There is a yellow bell pepper, a red onion, a white onion, a raw purple potato and a raw red potato on the floor.","You are carrying: a banana, a raw pork chop, a knife, a block of cheese and a red apple.",3 of 16,0.1875,False,
56,,,I should check the cookbook on the counter to find a recipe for cooking a meal.,examine cookbook,,"You open the copy of ""Cooking: A Modern Approach (3rd Ed.)"" and start reading:

Recipe #1
---------
Gather all following ingredients and follow the directions to prepare this tasty meal.

Ingredients:
banana
  red apple
  block of cheese
  orange bell pepper
  pork chop

Directions:
chop the banana
  grill the banana
  slice the red apple
  roast the red apple
  dice the block of cheese
  grill the block of cheese
  chop the orange bell pepper
  grill the orange bell pepper
  dice the pork chop
  grill the pork chop
  prepare meal",Kitchen,"You find yourself in a kitchen. A normal kind of place. You decide to start listing off everything you see in the room, as if you were in a text adventure.

Hey, want to see a fridge? Look over there, a fridge. The fridge contains a carrot. You see an oven. Look out! It's a- oh, never mind, it's just a table. But the thing is empty. As if things weren't amazing enough already, you can even see a counter. The counter is vast. On the counter you see a raw yellow potato and a cookbook. Wow! Just like in the movies! You can make out a stove. But oh no! there's nothing on this piece of junk. What, you think everything in TextWorld should have stuff on it?

There is a closed plain door leading east. There is an exit to the west.

There is a yellow bell pepper, a red onion, a white onion, a raw purple potato and a raw red potato on the floor.","You are carrying: a banana, a raw pork chop, a knife, a block of cheese and a red apple.",3 of 16,0.1875,False,
57,,,"I need to get an orange bell pepper to match the recipe, so I will take the yellow bell pepper from the floor as a substitute and then start chopping the banana as the first step in the recipe.",take yellow bell pepper from floor,,You're carrying too many things already.,Kitchen,"You find yourself in a kitchen. A normal kind of place. You decide to start listing off everything you see in the room, as if you were in a text adventure.

Hey, want to see a fridge? Look over there, a fridge. The fridge contains a carrot. You see an oven. Look out! It's a- oh, never mind, it's just a table. But the thing is empty. As if things weren't amazing enough already, you can even see a counter. The counter is vast. On the counter you see a raw yellow potato and a cookbook. Wow! Just like in the movies! You can make out a stove. But oh no! there's nothing on this piece of junk. What, you think everything in TextWorld should have stuff on it?

There is a closed plain door leading east. There is an exit to the west.

There is a yellow bell pepper, a red onion, a white onion, a raw purple potato and a raw red potato on the floor.","You are carrying: a banana, a raw pork chop, a knife, a block of cheese and a red apple.",3 of 16,0.1875,False,
58,,,"I am carrying too many items, so I should drop the raw pork chop to free up space and then take the yellow bell pepper from the floor.",drop raw pork chop,,You drop the pork chop on the ground.,Kitchen,"You find yourself in a kitchen. A normal kind of place. You decide to start listing off everything you see in the room, as if you were in a text adventure.

Hey, want to see a fridge? Look over there, a fridge. The fridge contains a carrot. You see an oven. Look out! It's a- oh, never mind, it's just a table. But the thing is empty. As if things weren't amazing enough already, you can even see a counter. The counter is vast. On the counter you see a raw yellow potato and a cookbook. Wow! Just like in the movies! You can make out a stove. But oh no! there's nothing on this piece of junk. What, you think everything in TextWorld should have stuff on it?

There is a closed plain door leading east. There is an exit to the west.

There is a raw pork chop, a yellow bell pepper, a red onion, a white onion, a raw purple potato and a raw red potato on the floor.","You are carrying: a banana, a knife, a block of cheese and a red apple.",3 of 16,0.1875,False,
59,,,I should take the yellow bell pepper from the floor to start gathering ingredients for the meal.,take yellow bell pepper from floor,,You pick up the yellow bell pepper from the ground.,Kitchen,"You find yourself in a kitchen. A normal kind of place. You decide to start listing off everything you see in the room, as if you were in a text adventure.

Hey, want to see a fridge? Look over there, a fridge. The fridge contains a carrot. You see an oven. Look out! It's a- oh, never mind, it's just a table. But the thing is empty. As if things weren't amazing enough already, you can even see a counter. The counter is vast. On the counter you see a raw yellow potato and a cookbook. Wow! Just like in the movies! You can make out a stove. But oh no! there's nothing on this piece of junk. What, you think everything in TextWorld should have stuff on it?

There is a closed plain door leading east. There is an exit to the west.

There is a raw pork chop, a red onion, a white onion, a raw purple potato and a raw red potato on the floor.","You are carrying: a yellow bell pepper, a banana, a knife, a block of cheese and a red apple.",3 of 16,0.1875,False,
60,,,I should examine the cookbook on the counter to find the recipe for a delicious meal.,examine cookbook,,"You open the copy of ""Cooking: A Modern Approach (3rd Ed.)"" and start reading:

Recipe #1
---------
Gather all following ingredients and follow the directions to prepare this tasty meal.

Ingredients:
banana
  red apple
  block of cheese
  orange bell pepper
  pork chop

Directions:
chop the banana
  grill the banana
  slice the red apple
  roast the red apple
  dice the block of cheese
  grill the block of cheese
  chop the orange bell pepper
  grill the orange bell pepper
  dice the pork chop
  grill the pork chop
  prepare meal",Kitchen,"You find yourself in a kitchen. A normal kind of place. You decide to start listing off everything you see in the room, as if you were in a text adventure.

Hey, want to see a fridge? Look over there, a fridge. The fridge contains a carrot. You see an oven. Look out! It's a- oh, never mind, it's just a table. But the thing is empty. As if things weren't amazing enough already, you can even see a counter. The counter is vast. On the counter you see a raw yellow potato and a cookbook. Wow! Just like in the movies! You can make out a stove. But oh no! there's nothing on this piece of junk. What, you think everything in TextWorld should have stuff on it?

There is a closed plain door leading east. There is an exit to the west.

There is a raw pork chop, a red onion, a white onion, a raw purple potato and a raw red potato on the floor.","You are carrying: a yellow bell pepper, a banana, a knife, a block of cheese and a red apple.",3 of 16,0.1875,False,
61,,,I need to replace the yellow bell pepper with an orange bell pepper and get the pork chop from the floor to match the recipe ingredients.,drop yellow bell pepper; take pork chop from floor; go west,,I only understood you as far as wanting to drop the yellow bell pepper.,Kitchen,"You find yourself in a kitchen. A normal kind of place. You decide to start listing off everything you see in the room, as if you were in a text adventure.

Hey, want to see a fridge? Look over there, a fridge. The fridge contains a carrot. You see an oven. Look out! It's a- oh, never mind, it's just a table. But the thing is empty. As if things weren't amazing enough already, you can even see a counter. The counter is vast. On the counter you see a raw yellow potato and a cookbook. Wow! Just like in the movies! You can make out a stove. But oh no! there's nothing on this piece of junk. What, you think everything in TextWorld should have stuff on it?

There is a closed plain door leading east. There is an exit to the west.

There is a raw pork chop, a red onion, a white onion, a raw purple potato and a raw red potato on the floor.","You are carrying: a yellow bell pepper, a banana, a knife, a block of cheese and a red apple.",3 of 16,0.1875,False,
62,,,"I should drop the yellow bell pepper first, then take the pork chop from the floor.",drop yellow bell pepper; take pork chop from floor,,I only understood you as far as wanting to drop the yellow bell pepper.,Kitchen,"You find yourself in a kitchen. A normal kind of place. You decide to start listing off everything you see in the room, as if you were in a text adventure.

Hey, want to see a fridge? Look over there, a fridge. The fridge contains a carrot. You see an oven. Look out! It's a- oh, never mind, it's just a table. But the thing is empty. As if things weren't amazing enough already, you can even see a counter. The counter is vast. On the counter you see a raw yellow potato and a cookbook. Wow! Just like in the movies! You can make out a stove. But oh no! there's nothing on this piece of junk. What, you think everything in TextWorld should have stuff on it?

There is a closed plain door leading east. There is an exit to the west.

There is a raw pork chop, a red onion, a white onion, a raw purple potato and a raw red potato on the floor.","You are carrying: a yellow bell pepper, a banana, a knife, a block of cheese and a red apple.",3 of 16,0.1875,False,
63,,,I should drop the yellow bell pepper first to free up inventory space.,drop yellow bell pepper,,You drop the yellow bell pepper on the ground.,Kitchen,"You find yourself in a kitchen. A normal kind of place. You decide to start listing off everything you see in the room, as if you were in a text adventure.

Hey, want to see a fridge? Look over there, a fridge. The fridge contains a carrot. You see an oven. Look out! It's a- oh, never mind, it's just a table. But the thing is empty. As if things weren't amazing enough already, you can even see a counter. The counter is vast. On the counter you see a raw yellow potato and a cookbook. Wow! Just like in the movies! You can make out a stove. But oh no! there's nothing on this piece of junk. What, you think everything in TextWorld should have stuff on it?

There is a closed plain door leading east. There is an exit to the west.

There is a yellow bell pepper, a raw pork chop, a red onion, a white onion, a raw purple potato and a raw red potato on the floor.","You are carrying: a banana, a knife, a block of cheese and a red apple.",3 of 16,0.1875,False,
64,,,I should take the cookbook from the counter to check the recipe.,take cookbook from counter,,You take the cookbook from the counter.,Kitchen,"You find yourself in a kitchen. A normal kind of place. You decide to start listing off everything you see in the room, as if you were in a text adventure.

Hey, want to see a fridge? Look over there, a fridge. The fridge contains a carrot. You see an oven. Look out! It's a- oh, never mind, it's just a table. But the thing is empty. As if things weren't amazing enough already, you can even see a counter. The counter is vast. On the counter you see a raw yellow potato. Wow! Just like in the movies! You can make out a stove. But oh no! there's nothing on this piece of junk. What, you think everything in TextWorld should have stuff on it?

There is a closed plain door leading east. There is an exit to the west.

There is a yellow bell pepper, a raw pork chop, a red onion, a white onion, a raw purple potato and a raw red potato on the floor.","You are carrying: a cookbook, a banana, a knife, a block of cheese and a red apple.",3 of 16,0.1875,False,
65,,,I should examine the cookbook to find the recipe for a delicious meal.,examine cookbook,,"You open the copy of ""Cooking: A Modern Approach (3rd Ed.)"" and start reading:

Recipe #1
---------
Gather all following ingredients and follow the directions to prepare this tasty meal.

Ingredients:
banana
  red apple
  block of cheese
  orange bell pepper
  pork chop

Directions:
chop the banana
  grill the banana
  slice the red apple
  roast the red apple
  dice the block of cheese
  grill the block of cheese
  chop the orange bell pepper
  grill the orange bell pepper
  dice the pork chop
  grill the pork chop
  prepare meal",Kitchen,"You find yourself in a kitchen. A normal kind of place. You decide to start listing off everything you see in the room, as if you were in a text adventure.

Hey, want to see a fridge? Look over there, a fridge. The fridge contains a carrot. You see an oven. Look out! It's a- oh, never mind, it's just a table. But the thing is empty. As if things weren't amazing enough already, you can even see a counter. The counter is vast. On the counter you see a raw yellow potato. Wow! Just like in the movies! You can make out a stove. But oh no! there's nothing on this piece of junk. What, you think everything in TextWorld should have stuff on it?

There is a closed plain door leading east. There is an exit to the west.

There is a yellow bell pepper, a raw pork chop, a red onion, a white onion, a raw purple potato and a raw red potato on the floor.","You are carrying: a cookbook, a banana, a knife, a block of cheese and a red apple.",3 of 16,0.1875,False,
66,,,I need to find an orange bell pepper and the pork chop to complete the ingredients for the recipe.,take orange bell pepper from floor; take raw pork chop from floor,,You can't see any such thing.,Kitchen,"You find yourself in a kitchen. A normal kind of place. You decide to start listing off everything you see in the room, as if you were in a text adventure.

Hey, want to see a fridge? Look over there, a fridge. The fridge contains a carrot. You see an oven. Look out! It's a- oh, never mind, it's just a table. But the thing is empty. As if things weren't amazing enough already, you can even see a counter. The counter is vast. On the counter you see a raw yellow potato. Wow! Just like in the movies! You can make out a stove. But oh no! there's nothing on this piece of junk. What, you think everything in TextWorld should have stuff on it?

There is a closed plain door leading east. There is an exit to the west.

There is a yellow bell pepper, a raw pork chop, a red onion, a white onion, a raw purple potato and a raw red potato on the floor.","You are carrying: a cookbook, a banana, a knife, a block of cheese and a red apple.",3 of 16,0.1875,False,
67,,,I should take the yellow bell pepper and the raw pork chop from the floor since the orange bell pepper is not available.,take yellow bell pepper from floor; take raw pork chop from floor,,I only understood you as far as wanting to take the yellow bell pepper.,Kitchen,"You find yourself in a kitchen. A normal kind of place. You decide to start listing off everything you see in the room, as if you were in a text adventure.

Hey, want to see a fridge? Look over there, a fridge. The fridge contains a carrot. You see an oven. Look out! It's a- oh, never mind, it's just a table. But the thing is empty. As if things weren't amazing enough already, you can even see a counter. The counter is vast. On the counter you see a raw yellow potato. Wow! Just like in the movies! You can make out a stove. But oh no! there's nothing on this piece of junk. What, you think everything in TextWorld should have stuff on it?

There is a closed plain door leading east. There is an exit to the west.

There is a yellow bell pepper, a raw pork chop, a red onion, a white onion, a raw purple potato and a raw red potato on the floor.","You are carrying: a cookbook, a banana, a knife, a block of cheese and a red apple.",3 of 16,0.1875,False,
68,,,"I should take the yellow bell pepper first, then take the raw pork chop separately.",take yellow bell pepper from floor,,You're carrying too many things already.,Kitchen,"You find yourself in a kitchen. A normal kind of place. You decide to start listing off everything you see in the room, as if you were in a text adventure.

Hey, want to see a fridge? Look over there, a fridge. The fridge contains a carrot. You see an oven. Look out! It's a- oh, never mind, it's just a table. But the thing is empty. As if things weren't amazing enough already, you can even see a counter. The counter is vast. On the counter you see a raw yellow potato. Wow! Just like in the movies! You can make out a stove. But oh no! there's nothing on this piece of junk. What, you think everything in TextWorld should have stuff on it?

There is a closed plain door leading east. There is an exit to the west.

There is a yellow bell pepper, a raw pork chop, a red onion, a white onion, a raw purple potato and a raw red potato on the floor.","You are carrying: a cookbook, a banana, a knife, a block of cheese and a red apple.",3 of 16,0.1875,False,
69,,,I need to drop some items to free up space before taking the yellow bell pepper.,drop banana,,You drop the banana on the ground.,Kitchen,"You find yourself in a kitchen. A normal kind of place. You decide to start listing off everything you see in the room, as if you were in a text adventure.

Hey, want to see a fridge? Look over there, a fridge. The fridge contains a carrot. You see an oven. Look out! It's a- oh, never mind, it's just a table. But the thing is empty. As if things weren't amazing enough already, you can even see a counter. The counter is vast. On the counter you see a raw yellow potato. Wow! Just like in the movies! You can make out a stove. But oh no! there's nothing on this piece of junk. What, you think everything in TextWorld should have stuff on it?

There is a closed plain door leading east. There is an exit to the west.

There is a banana, a yellow bell pepper, a raw pork chop, a red onion, a white onion, a raw purple potato and a raw red potato on the floor.","You are carrying: a cookbook, a knife, a block of cheese and a red apple.",3 of 16,0.1875,False,
70,,,I should take the yellow bell pepper from the floor to use it for cooking.,take yellow bell pepper from floor,,You pick up the yellow bell pepper from the ground.,Kitchen,"You find yourself in a kitchen. A normal kind of place. You decide to start listing off everything you see in the room, as if you were in a text adventure.

Hey, want to see a fridge? Look over there, a fridge. The fridge contains a carrot. You see an oven. Look out! It's a- oh, never mind, it's just a table. But the thing is empty. As if things weren't amazing enough already, you can even see a counter. The counter is vast. On the counter you see a raw yellow potato. Wow! Just like in the movies! You can make out a stove. But oh no! there's nothing on this piece of junk. What, you think everything in TextWorld should have stuff on it?

There is a closed plain door leading east. There is an exit to the west.

There is a banana, a raw pork chop, a red onion, a white onion, a raw purple potato and a raw red potato on the floor.","You are carrying: a yellow bell pepper, a cookbook, a knife, a block of cheese and a red apple.",3 of 16,0.1875,False,
71,,,I should check the cookbook for a recipe to cook a delicious meal.,examine cookbook,,"You open the copy of ""Cooking: A Modern Approach (3rd Ed.)"" and start reading:

Recipe #1
---------
Gather all following ingredients and follow the directions to prepare this tasty meal.

Ingredients:
banana
  red apple
  block of cheese
  orange bell pepper
  pork chop

Directions:
chop the banana
  grill the banana
  slice the red apple
  roast the red apple
  dice the block of cheese
  grill the block of cheese
  chop the orange bell pepper
  grill the orange bell pepper
  dice the pork chop
  grill the pork chop
  prepare meal",Kitchen,"You find yourself in a kitchen. A normal kind of place. You decide to start listing off everything you see in the room, as if you were in a text adventure.

Hey, want to see a fridge? Look over there, a fridge. The fridge contains a carrot. You see an oven. Look out! It's a- oh, never mind, it's just a table. But the thing is empty. As if things weren't amazing enough already, you can even see a counter. The counter is vast. On the counter you see a raw yellow potato. Wow! Just like in the movies! You can make out a stove. But oh no! there's nothing on this piece of junk. What, you think everything in TextWorld should have stuff on it?

There is a closed plain door leading east. There is an exit to the west.

There is a banana, a raw pork chop, a red onion, a white onion, a raw purple potato and a raw red potato on the floor.","You are carrying: a yellow bell pepper, a cookbook, a knife, a block of cheese and a red apple.",3 of 16,0.1875,False,
72,,,"I need to gather the ingredients from the recipe: banana, red apple, block of cheese, orange bell pepper, and pork chop. I already have the red apple, block of cheese, and yellow bell pepper (which I will replace with orange bell pepper if found). I should take the banana and pork chop from the floor and find an orange bell pepper or use the yellow one if no orange bell pepper is available.",take banana from floor,,You're carrying too many things already.,Kitchen,"You find yourself in a kitchen. A normal kind of place. You decide to start listing off everything you see in the room, as if you were in a text adventure.

Hey, want to see a fridge? Look over there, a fridge. The fridge contains a carrot. You see an oven. Look out! It's a- oh, never mind, it's just a table. But the thing is empty. As if things weren't amazing enough already, you can even see a counter. The counter is vast. On the counter you see a raw yellow potato. Wow! Just like in the movies! You can make out a stove. But oh no! there's nothing on this piece of junk. What, you think everything in TextWorld should have stuff on it?

There is a closed plain door leading east. There is an exit to the west.

There is a banana, a raw pork chop, a red onion, a white onion, a raw purple potato and a raw red potato on the floor.","You are carrying: a yellow bell pepper, a cookbook, a knife, a block of cheese and a red apple.",3 of 16,0.1875,False,
73,,,"I am carrying too many items, so I should drop the yellow bell pepper to free up space before taking the banana.",drop yellow bell pepper,,You drop the yellow bell pepper on the ground.,Kitchen,"You find yourself in a kitchen. A normal kind of place. You decide to start listing off everything you see in the room, as if you were in a text adventure.

Hey, want to see a fridge? Look over there, a fridge. The fridge contains a carrot. You see an oven. Look out! It's a- oh, never mind, it's just a table. But the thing is empty. As if things weren't amazing enough already, you can even see a counter. The counter is vast. On the counter you see a raw yellow potato. Wow! Just like in the movies! You can make out a stove. But oh no! there's nothing on this piece of junk. What, you think everything in TextWorld should have stuff on it?

There is a closed plain door leading east. There is an exit to the west.

There is a yellow bell pepper, a banana, a raw pork chop, a red onion, a white onion, a raw purple potato and a raw red potato on the floor.","You are carrying: a cookbook, a knife, a block of cheese and a red apple.",3 of 16,0.1875,False,
74,,,I should take the banana from the floor to use it for cooking.,take banana from floor,,You pick up the banana from the ground.,Kitchen,"You find yourself in a kitchen. A normal kind of place. You decide to start listing off everything you see in the room, as if you were in a text adventure.

Hey, want to see a fridge? Look over there, a fridge. The fridge contains a carrot. You see an oven. Look out! It's a- oh, never mind, it's just a table. But the thing is empty. As if things weren't amazing enough already, you can even see a counter. The counter is vast. On the counter you see a raw yellow potato. Wow! Just like in the movies! You can make out a stove. But oh no! there's nothing on this piece of junk. What, you think everything in TextWorld should have stuff on it?

There is a closed plain door leading east. There is an exit to the west.

There is a yellow bell pepper, a raw pork chop, a red onion, a white onion, a raw purple potato and a raw red potato on the floor.","You are carrying: a banana, a cookbook, a knife, a block of cheese and a red apple.",3 of 16,0.1875,False,
75,,,I should check the cookbook to find a recipe for a delicious meal.,examine cookbook,,"You open the copy of ""Cooking: A Modern Approach (3rd Ed.)"" and start reading:

Recipe #1
---------
Gather all following ingredients and follow the directions to prepare this tasty meal.

Ingredients:
banana
  red apple
  block of cheese
  orange bell pepper
  pork chop

Directions:
chop the banana
  grill the banana
  slice the red apple
  roast the red apple
  dice the block of cheese
  grill the block of cheese
  chop the orange bell pepper
  grill the orange bell pepper
  dice the pork chop
  grill the pork chop
  prepare meal",Kitchen,"You find yourself in a kitchen. A normal kind of place. You decide to start listing off everything you see in the room, as if you were in a text adventure.

Hey, want to see a fridge? Look over there, a fridge. The fridge contains a carrot. You see an oven. Look out! It's a- oh, never mind, it's just a table. But the thing is empty. As if things weren't amazing enough already, you can even see a counter. The counter is vast. On the counter you see a raw yellow potato. Wow! Just like in the movies! You can make out a stove. But oh no! there's nothing on this piece of junk. What, you think everything in TextWorld should have stuff on it?

There is a closed plain door leading east. There is an exit to the west.

There is a yellow bell pepper, a raw pork chop, a red onion, a white onion, a raw purple potato and a raw red potato on the floor.","You are carrying: a banana, a cookbook, a knife, a block of cheese and a red apple.",3 of 16,0.1875,False,
76,,,"I need to find an orange bell pepper and a pork chop to match the recipe ingredients, then follow the cooking steps.",take orange bell pepper from floor,,You can't see any such thing.,Kitchen,"You find yourself in a kitchen. A normal kind of place. You decide to start listing off everything you see in the room, as if you were in a text adventure.

Hey, want to see a fridge? Look over there, a fridge. The fridge contains a carrot. You see an oven. Look out! It's a- oh, never mind, it's just a table. But the thing is empty. As if things weren't amazing enough already, you can even see a counter. The counter is vast. On the counter you see a raw yellow potato. Wow! Just like in the movies! You can make out a stove. But oh no! there's nothing on this piece of junk. What, you think everything in TextWorld should have stuff on it?

There is a closed plain door leading east. There is an exit to the west.

There is a yellow bell pepper, a raw pork chop, a red onion, a white onion, a raw purple potato and a raw red potato on the floor.","You are carrying: a banana, a cookbook, a knife, a block of cheese and a red apple.",3 of 16,0.1875,False,
77,,,"The bell pepper on the floor is yellow, not orange, so I should take the yellow bell pepper and the raw pork chop from the floor.",take yellow bell pepper from floor,,You're carrying too many things already.,Kitchen,"You find yourself in a kitchen. A normal kind of place. You decide to start listing off everything you see in the room, as if you were in a text adventure.

Hey, want to see a fridge? Look over there, a fridge. The fridge contains a carrot. You see an oven. Look out! It's a- oh, never mind, it's just a table. But the thing is empty. As if things weren't amazing enough already, you can even see a counter. The counter is vast. On the counter you see a raw yellow potato. Wow! Just like in the movies! You can make out a stove. But oh no! there's nothing on this piece of junk. What, you think everything in TextWorld should have stuff on it?

There is a closed plain door leading east. There is an exit to the west.

There is a yellow bell pepper, a raw pork chop, a red onion, a white onion, a raw purple potato and a raw red potato on the floor.","You are carrying: a banana, a cookbook, a knife, a block of cheese and a red apple.",3 of 16,0.1875,False,
78,,,"I am carrying too many items, so I should drop the banana to free up space for the yellow bell pepper.",drop banana,,You drop the banana on the ground.,Kitchen,"You find yourself in a kitchen. A normal kind of place. You decide to start listing off everything you see in the room, as if you were in a text adventure.

Hey, want to see a fridge? Look over there, a fridge. The fridge contains a carrot. You see an oven. Look out! It's a- oh, never mind, it's just a table. But the thing is empty. As if things weren't amazing enough already, you can even see a counter. The counter is vast. On the counter you see a raw yellow potato. Wow! Just like in the movies! You can make out a stove. But oh no! there's nothing on this piece of junk. What, you think everything in TextWorld should have stuff on it?

There is a closed plain door leading east. There is an exit to the west.

There is a banana, a yellow bell pepper, a raw pork chop, a red onion, a white onion, a raw purple potato and a raw red potato on the floor.","You are carrying: a cookbook, a knife, a block of cheese and a red apple.",3 of 16,0.1875,False,
79,,,I should take the yellow bell pepper from the floor to have ingredients for cooking.,take yellow bell pepper from floor,,You pick up the yellow bell pepper from the ground.,Kitchen,"You find yourself in a kitchen. A normal kind of place. You decide to start listing off everything you see in the room, as if you were in a text adventure.

Hey, want to see a fridge? Look over there, a fridge. The fridge contains a carrot. You see an oven. Look out! It's a- oh, never mind, it's just a table. But the thing is empty. As if things weren't amazing enough already, you can even see a counter. The counter is vast. On the counter you see a raw yellow potato. Wow! Just like in the movies! You can make out a stove. But oh no! there's nothing on this piece of junk. What, you think everything in TextWorld should have stuff on it?

There is a closed plain door leading east. There is an exit to the west.

There is a banana, a raw pork chop, a red onion, a white onion, a raw purple potato and a raw red potato on the floor.","You are carrying: a yellow bell pepper, a cookbook, a knife, a block of cheese and a red apple.",3 of 16,0.1875,False,
80,,,I should check the cookbook for the recipe to cook a delicious meal.,examine cookbook,,"You open the copy of ""Cooking: A Modern Approach (3rd Ed.)"" and start reading:

Recipe #1
---------
Gather all following ingredients and follow the directions to prepare this tasty meal.

Ingredients:
banana
  red apple
  block of cheese
  orange bell pepper
  pork chop

Directions:
chop the banana
  grill the banana
  slice the red apple
  roast the red apple
  dice the block of cheese
  grill the block of cheese
  chop the orange bell pepper
  grill the orange bell pepper
  dice the pork chop
  grill the pork chop
  prepare meal",Kitchen,"You find yourself in a kitchen. A normal kind of place. You decide to start listing off everything you see in the room, as if you were in a text adventure.

Hey, want to see a fridge? Look over there, a fridge. The fridge contains a carrot. You see an oven. Look out! It's a- oh, never mind, it's just a table. But the thing is empty. As if things weren't amazing enough already, you can even see a counter. The counter is vast. On the counter you see a raw yellow potato. Wow! Just like in the movies! You can make out a stove. But oh no! there's nothing on this piece of junk. What, you think everything in TextWorld should have stuff on it?

There is a closed plain door leading east. There is an exit to the west.

There is a banana, a raw pork chop, a red onion, a white onion, a raw purple potato and a raw red potato on the floor.","You are carrying: a yellow bell pepper, a cookbook, a knife, a block of cheese and a red apple.",3 of 16,0.1875,False,
81,,,"I need to gather the ingredients from the recipe: banana, red apple, block of cheese, orange bell pepper, and pork chop. I already have the red apple, block of cheese, and yellow bell pepper (substitute for orange bell pepper). I need to take the banana and pork chop from the floor.",take banana from floor,,You're carrying too many things already.,Kitchen,"You find yourself in a kitchen. A normal kind of place. You decide to start listing off everything you see in the room, as if you were in a text adventure.

Hey, want to see a fridge? Look over there, a fridge. The fridge contains a carrot. You see an oven. Look out! It's a- oh, never mind, it's just a table. But the thing is empty. As if things weren't amazing enough already, you can even see a counter. The counter is vast. On the counter you see a raw yellow potato. Wow! Just like in the movies! You can make out a stove. But oh no! there's nothing on this piece of junk. What, you think everything in TextWorld should have stuff on it?

There is a closed plain door leading east. There is an exit to the west.

There is a banana, a raw pork chop, a red onion, a white onion, a raw purple potato and a raw red potato on the floor.","You are carrying: a yellow bell pepper, a cookbook, a knife, a block of cheese and a red apple.",3 of 16,0.1875,False,
82,,,"I am carrying too many items, so I should drop the yellow bell pepper to free up space before taking the banana.",drop yellow bell pepper,,You drop the yellow bell pepper on the ground.,Kitchen,"You find yourself in a kitchen. A normal kind of place. You decide to start listing off everything you see in the room, as if you were in a text adventure.

Hey, want to see a fridge? Look over there, a fridge. The fridge contains a carrot. You see an oven. Look out! It's a- oh, never mind, it's just a table. But the thing is empty. As if things weren't amazing enough already, you can even see a counter. The counter is vast. On the counter you see a raw yellow potato. Wow! Just like in the movies! You can make out a stove. But oh no! there's nothing on this piece of junk. What, you think everything in TextWorld should have stuff on it?

There is a closed plain door leading east. There is an exit to the west.

There is a yellow bell pepper, a banana, a raw pork chop, a red onion, a white onion, a raw purple potato and a raw red potato on the floor.","You are carrying: a cookbook, a knife, a block of cheese and a red apple.",3 of 16,0.1875,False,
83,,,I should take the banana from the floor to have more ingredients for cooking.,take banana from floor,,You pick up the banana from the ground.,Kitchen,"You find yourself in a kitchen. A normal kind of place. You decide to start listing off everything you see in the room, as if you were in a text adventure.

Hey, want to see a fridge? Look over there, a fridge. The fridge contains a carrot. You see an oven. Look out! It's a- oh, never mind, it's just a table. But the thing is empty. As if things weren't amazing enough already, you can even see a counter. The counter is vast. On the counter you see a raw yellow potato. Wow! Just like in the movies! You can make out a stove. But oh no! there's nothing on this piece of junk. What, you think everything in TextWorld should have stuff on it?

There is a closed plain door leading east. There is an exit to the west.

There is a yellow bell pepper, a raw pork chop, a red onion, a white onion, a raw purple potato and a raw red potato on the floor.","You are carrying: a banana, a cookbook, a knife, a block of cheese and a red apple.",3 of 16,0.1875,False,
84,,,I should check the cookbook for a recipe to cook a delicious meal.,examine cookbook,,"You open the copy of ""Cooking: A Modern Approach (3rd Ed.)"" and start reading:

Recipe #1
---------
Gather all following ingredients and follow the directions to prepare this tasty meal.

Ingredients:
banana
  red apple
  block of cheese
  orange bell pepper
  pork chop

Directions:
chop the banana
  grill the banana
  slice the red apple
  roast the red apple
  dice the block of cheese
  grill the block of cheese
  chop the orange bell pepper
  grill the orange bell pepper
  dice the pork chop
  grill the pork chop
  prepare meal",Kitchen,"You find yourself in a kitchen. A normal kind of place. You decide to start listing off everything you see in the room, as if you were in a text adventure.

Hey, want to see a fridge? Look over there, a fridge. The fridge contains a carrot. You see an oven. Look out! It's a- oh, never mind, it's just a table. But the thing is empty. As if things weren't amazing enough already, you can even see a counter. The counter is vast. On the counter you see a raw yellow potato. Wow! Just like in the movies! You can make out a stove. But oh no! there's nothing on this piece of junk. What, you think everything in TextWorld should have stuff on it?

There is a closed plain door leading east. There is an exit to the west.

There is a yellow bell pepper, a raw pork chop, a red onion, a white onion, a raw purple potato and a raw red potato on the floor.","You are carrying: a banana, a cookbook, a knife, a block of cheese and a red apple.",3 of 16,0.1875,False,
85,,,"I need to find an orange bell pepper and the pork chop to complete the ingredients, then follow the recipe steps starting with chopping the banana.",take orange bell pepper from floor,,You can't see any such thing.,Kitchen,"You find yourself in a kitchen. A normal kind of place. You decide to start listing off everything you see in the room, as if you were in a text adventure.

Hey, want to see a fridge? Look over there, a fridge. The fridge contains a carrot. You see an oven. Look out! It's a- oh, never mind, it's just a table. But the thing is empty. As if things weren't amazing enough already, you can even see a counter. The counter is vast. On the counter you see a raw yellow potato. Wow! Just like in the movies! You can make out a stove. But oh no! there's nothing on this piece of junk. What, you think everything in TextWorld should have stuff on it?

There is a closed plain door leading east. There is an exit to the west.

There is a yellow bell pepper, a raw pork chop, a red onion, a white onion, a raw purple potato and a raw red potato on the floor.","You are carrying: a banana, a cookbook, a knife, a block of cheese and a red apple.",3 of 16,0.1875,False,
86,,,"The bell pepper on the floor is yellow, not orange, so I should take the yellow bell pepper and also take the raw pork chop from the floor.",take yellow bell pepper from floor,,You're carrying too many things already.,Kitchen,"You find yourself in a kitchen. A normal kind of place. You decide to start listing off everything you see in the room, as if you were in a text adventure.

Hey, want to see a fridge? Look over there, a fridge. The fridge contains a carrot. You see an oven. Look out! It's a- oh, never mind, it's just a table. But the thing is empty. As if things weren't amazing enough already, you can even see a counter. The counter is vast. On the counter you see a raw yellow potato. Wow! Just like in the movies! You can make out a stove. But oh no! there's nothing on this piece of junk. What, you think everything in TextWorld should have stuff on it?

There is a closed plain door leading east. There is an exit to the west.

There is a yellow bell pepper, a raw pork chop, a red onion, a white onion, a raw purple potato and a raw red potato on the floor.","You are carrying: a banana, a cookbook, a knife, a block of cheese and a red apple.",3 of 16,0.1875,False,
87,,,"I am carrying too many items, so I should drop the banana to free up space before taking the yellow bell pepper.",drop banana,,You drop the banana on the ground.,Kitchen,"You find yourself in a kitchen. A normal kind of place. You decide to start listing off everything you see in the room, as if you were in a text adventure.

Hey, want to see a fridge? Look over there, a fridge. The fridge contains a carrot. You see an oven. Look out! It's a- oh, never mind, it's just a table. But the thing is empty. As if things weren't amazing enough already, you can even see a counter. The counter is vast. On the counter you see a raw yellow potato. Wow! Just like in the movies! You can make out a stove. But oh no! there's nothing on this piece of junk. What, you think everything in TextWorld should have stuff on it?

There is a closed plain door leading east. There is an exit to the west.

There is a banana, a yellow bell pepper, a raw pork chop, a red onion, a white onion, a raw purple potato and a raw red potato on the floor.","You are carrying: a cookbook, a knife, a block of cheese and a red apple.",3 of 16,0.1875,False,
88,,,I should take the yellow bell pepper from the floor to start preparing the meal.,take yellow bell pepper from floor,,You pick up the yellow bell pepper from the ground.,Kitchen,"You find yourself in a kitchen. A normal kind of place. You decide to start listing off everything you see in the room, as if you were in a text adventure.

Hey, want to see a fridge? Look over there, a fridge. The fridge contains a carrot. You see an oven. Look out! It's a- oh, never mind, it's just a table. But the thing is empty. As if things weren't amazing enough already, you can even see a counter. The counter is vast. On the counter you see a raw yellow potato. Wow! Just like in the movies! You can make out a stove. But oh no! there's nothing on this piece of junk. What, you think everything in TextWorld should have stuff on it?

There is a closed plain door leading east. There is an exit to the west.

There is a banana, a raw pork chop, a red onion, a white onion, a raw purple potato and a raw red potato on the floor.","You are carrying: a yellow bell pepper, a cookbook, a knife, a block of cheese and a red apple.",3 of 16,0.1875,False,
89,,,I should check the cookbook for the recipe to know what ingredients and steps are needed to cook the meal.,examine cookbook,,"You open the copy of ""Cooking: A Modern Approach (3rd Ed.)"" and start reading:

Recipe #1
---------
Gather all following ingredients and follow the directions to prepare this tasty meal.

Ingredients:
banana
  red apple
  block of cheese
  orange bell pepper
  pork chop

Directions:
chop the banana
  grill the banana
  slice the red apple
  roast the red apple
  dice the block of cheese
  grill the block of cheese
  chop the orange bell pepper
  grill the orange bell pepper
  dice the pork chop
  grill the pork chop
  prepare meal",Kitchen,"You find yourself in a kitchen. A normal kind of place. You decide to start listing off everything you see in the room, as if you were in a text adventure.

Hey, want to see a fridge? Look over there, a fridge. The fridge contains a carrot. You see an oven. Look out! It's a- oh, never mind, it's just a table. But the thing is empty. As if things weren't amazing enough already, you can even see a counter. The counter is vast. On the counter you see a raw yellow potato. Wow! Just like in the movies! You can make out a stove. But oh no! there's nothing on this piece of junk. What, you think everything in TextWorld should have stuff on it?

There is a closed plain door leading east. There is an exit to the west.

There is a banana, a raw pork chop, a red onion, a white onion, a raw purple potato and a raw red potato on the floor.","You are carrying: a yellow bell pepper, a cookbook, a knife, a block of cheese and a red apple.",3 of 16,0.1875,False,
90,,,"I need to gather the missing ingredients: banana, orange bell pepper, and pork chop, then follow the recipe steps to prepare the meal.",take banana from floor,,You're carrying too many things already.,Kitchen,"You find yourself in a kitchen. A normal kind of place. You decide to start listing off everything you see in the room, as if you were in a text adventure.

Hey, want to see a fridge? Look over there, a fridge. The fridge contains a carrot. You see an oven. Look out! It's a- oh, never mind, it's just a table. But the thing is empty. As if things weren't amazing enough already, you can even see a counter. The counter is vast. On the counter you see a raw yellow potato. Wow! Just like in the movies! You can make out a stove. But oh no! there's nothing on this piece of junk. What, you think everything in TextWorld should have stuff on it?

There is a closed plain door leading east. There is an exit to the west.

There is a banana, a raw pork chop, a red onion, a white onion, a raw purple potato and a raw red potato on the floor.","You are carrying: a yellow bell pepper, a cookbook, a knife, a block of cheese and a red apple.",3 of 16,0.1875,False,
91,,,"I am carrying too many items, so I should drop the yellow bell pepper to free up space before taking the banana.",drop yellow bell pepper,,You drop the yellow bell pepper on the ground.,Kitchen,"You find yourself in a kitchen. A normal kind of place. You decide to start listing off everything you see in the room, as if you were in a text adventure.

Hey, want to see a fridge? Look over there, a fridge. The fridge contains a carrot. You see an oven. Look out! It's a- oh, never mind, it's just a table. But the thing is empty. As if things weren't amazing enough already, you can even see a counter. The counter is vast. On the counter you see a raw yellow potato. Wow! Just like in the movies! You can make out a stove. But oh no! there's nothing on this piece of junk. What, you think everything in TextWorld should have stuff on it?

There is a closed plain door leading east. There is an exit to the west.

There is a yellow bell pepper, a banana, a raw pork chop, a red onion, a white onion, a raw purple potato and a raw red potato on the floor.","You are carrying: a cookbook, a knife, a block of cheese and a red apple.",3 of 16,0.1875,False,
92,,,I should take the banana from the floor to use it for cooking.,take banana from floor,,You pick up the banana from the ground.,Kitchen,"You find yourself in a kitchen. A normal kind of place. You decide to start listing off everything you see in the room, as if you were in a text adventure.

Hey, want to see a fridge? Look over there, a fridge. The fridge contains a carrot. You see an oven. Look out! It's a- oh, never mind, it's just a table. But the thing is empty. As if things weren't amazing enough already, you can even see a counter. The counter is vast. On the counter you see a raw yellow potato. Wow! Just like in the movies! You can make out a stove. But oh no! there's nothing on this piece of junk. What, you think everything in TextWorld should have stuff on it?

There is a closed plain door leading east. There is an exit to the west.

There is a yellow bell pepper, a raw pork chop, a red onion, a white onion, a raw purple potato and a raw red potato on the floor.","You are carrying: a banana, a cookbook, a knife, a block of cheese and a red apple.",3 of 16,0.1875,False,
93,,,I should check the cookbook for a recipe to cook a delicious meal.,examine cookbook,,"You open the copy of ""Cooking: A Modern Approach (3rd Ed.)"" and start reading:

Recipe #1
---------
Gather all following ingredients and follow the directions to prepare this tasty meal.

Ingredients:
banana
  red apple
  block of cheese
  orange bell pepper
  pork chop

Directions:
chop the banana
  grill the banana
  slice the red apple
  roast the red apple
  dice the block of cheese
  grill the block of cheese
  chop the orange bell pepper
  grill the orange bell pepper
  dice the pork chop
  grill the pork chop
  prepare meal",Kitchen,"You find yourself in a kitchen. A normal kind of place. You decide to start listing off everything you see in the room, as if you were in a text adventure.

Hey, want to see a fridge? Look over there, a fridge. The fridge contains a carrot. You see an oven. Look out! It's a- oh, never mind, it's just a table. But the thing is empty. As if things weren't amazing enough already, you can even see a counter. The counter is vast. On the counter you see a raw yellow potato. Wow! Just like in the movies! You can make out a stove. But oh no! there's nothing on this piece of junk. What, you think everything in TextWorld should have stuff on it?

There is a closed plain door leading east. There is an exit to the west.

There is a yellow bell pepper, a raw pork chop, a red onion, a white onion, a raw purple potato and a raw red potato on the floor.","You are carrying: a banana, a cookbook, a knife, a block of cheese and a red apple.",3 of 16,0.1875,False,
94,,,I need to find an orange bell pepper and a pork chop to complete the ingredients for the recipe.,take orange bell pepper from floor,,You can't see any such thing.,Kitchen,"You find yourself in a kitchen. A normal kind of place. You decide to start listing off everything you see in the room, as if you were in a text adventure.

Hey, want to see a fridge? Look over there, a fridge. The fridge contains a carrot. You see an oven. Look out! It's a- oh, never mind, it's just a table. But the thing is empty. As if things weren't amazing enough already, you can even see a counter. The counter is vast. On the counter you see a raw yellow potato. Wow! Just like in the movies! You can make out a stove. But oh no! there's nothing on this piece of junk. What, you think everything in TextWorld should have stuff on it?

There is a closed plain door leading east. There is an exit to the west.

There is a yellow bell pepper, a raw pork chop, a red onion, a white onion, a raw purple potato and a raw red potato on the floor.","You are carrying: a banana, a cookbook, a knife, a block of cheese and a red apple.",3 of 16,0.1875,False,
95,,,"The orange bell pepper is not present, but there is a yellow bell pepper on the floor which might be used instead. I will take the yellow bell pepper and the raw pork chop from the floor to proceed with the recipe.",take yellow bell pepper from floor,,You're carrying too many things already.,Kitchen,"You find yourself in a kitchen. A normal kind of place. You decide to start listing off everything you see in the room, as if you were in a text adventure.

Hey, want to see a fridge? Look over there, a fridge. The fridge contains a carrot. You see an oven. Look out! It's a- oh, never mind, it's just a table. But the thing is empty. As if things weren't amazing enough already, you can even see a counter. The counter is vast. On the counter you see a raw yellow potato. Wow! Just like in the movies! You can make out a stove. But oh no! there's nothing on this piece of junk. What, you think everything in TextWorld should have stuff on it?

There is a closed plain door leading east. There is an exit to the west.

There is a yellow bell pepper, a raw pork chop, a red onion, a white onion, a raw purple potato and a raw red potato on the floor.","You are carrying: a banana, a cookbook, a knife, a block of cheese and a red apple.",3 of 16,0.1875,False,
96,,,"I am carrying too many items already, so I should drop something to make space. I will drop the banana to free up inventory space and then take the yellow bell pepper from the floor.",drop banana,,You drop the banana on the ground.,Kitchen,"You find yourself in a kitchen. A normal kind of place. You decide to start listing off everything you see in the room, as if you were in a text adventure.

Hey, want to see a fridge? Look over there, a fridge. The fridge contains a carrot. You see an oven. Look out! It's a- oh, never mind, it's just a table. But the thing is empty. As if things weren't amazing enough already, you can even see a counter. The counter is vast. On the counter you see a raw yellow potato. Wow! Just like in the movies! You can make out a stove. But oh no! there's nothing on this piece of junk. What, you think everything in TextWorld should have stuff on it?

There is a closed plain door leading east. There is an exit to the west.

There is a banana, a yellow bell pepper, a raw pork chop, a red onion, a white onion, a raw purple potato and a raw red potato on the floor.","You are carrying: a cookbook, a knife, a block of cheese and a red apple.",3 of 16,0.1875,False,
97,,,"Now that I have space, I should take the yellow bell pepper from the floor to prepare the meal.",take yellow bell pepper from floor,,You pick up the yellow bell pepper from the ground.,Kitchen,"You find yourself in a kitchen. A normal kind of place. You decide to start listing off everything you see in the room, as if you were in a text adventure.

Hey, want to see a fridge? Look over there, a fridge. The fridge contains a carrot. You see an oven. Look out! It's a- oh, never mind, it's just a table. But the thing is empty. As if things weren't amazing enough already, you can even see a counter. The counter is vast. On the counter you see a raw yellow potato. Wow! Just like in the movies! You can make out a stove. But oh no! there's nothing on this piece of junk. What, you think everything in TextWorld should have stuff on it?

There is a closed plain door leading east. There is an exit to the west.

There is a banana, a raw pork chop, a red onion, a white onion, a raw purple potato and a raw red potato on the floor.","You are carrying: a yellow bell pepper, a cookbook, a knife, a block of cheese and a red apple.",3 of 16,0.1875,False,
98,,,I should check the cookbook for a recipe to cook a delicious meal.,examine cookbook,,"You open the copy of ""Cooking: A Modern Approach (3rd Ed.)"" and start reading:

Recipe #1
---------
Gather all following ingredients and follow the directions to prepare this tasty meal.

Ingredients:
banana
  red apple
  block of cheese
  orange bell pepper
  pork chop

Directions:
chop the banana
  grill the banana
  slice the red apple
  roast the red apple
  dice the block of cheese
  grill the block of cheese
  chop the orange bell pepper
  grill the orange bell pepper
  dice the pork chop
  grill the pork chop
  prepare meal",Kitchen,"You find yourself in a kitchen. A normal kind of place. You decide to start listing off everything you see in the room, as if you were in a text adventure.

Hey, want to see a fridge? Look over there, a fridge. The fridge contains a carrot. You see an oven. Look out! It's a- oh, never mind, it's just a table. But the thing is empty. As if things weren't amazing enough already, you can even see a counter. The counter is vast. On the counter you see a raw yellow potato. Wow! Just like in the movies! You can make out a stove. But oh no! there's nothing on this piece of junk. What, you think everything in TextWorld should have stuff on it?

There is a closed plain door leading east. There is an exit to the west.

There is a banana, a raw pork chop, a red onion, a white onion, a raw purple potato and a raw red potato on the floor.","You are carrying: a yellow bell pepper, a cookbook, a knife, a block of cheese and a red apple.",3 of 16,0.1875,False,
99,,,"I need to gather the ingredients from the recipe: banana, red apple, block of cheese, orange bell pepper, and pork chop. I already have the red apple, block of cheese, and yellow bell pepper (substitute for orange bell pepper). I need to take the banana and pork chop from the floor.",take banana from floor,,You're carrying too many things already.,Kitchen,"You find yourself in a kitchen. A normal kind of place. You decide to start listing off everything you see in the room, as if you were in a text adventure.

Hey, want to see a fridge? Look over there, a fridge. The fridge contains a carrot. You see an oven. Look out! It's a- oh, never mind, it's just a table. But the thing is empty. As if things weren't amazing enough already, you can even see a counter. The counter is vast. On the counter you see a raw yellow potato. Wow! Just like in the movies! You can make out a stove. But oh no! there's nothing on this piece of junk. What, you think everything in TextWorld should have stuff on it?

There is a closed plain door leading east. There is an exit to the west.

There is a banana, a raw pork chop, a red onion, a white onion, a raw purple potato and a raw red potato on the floor.","You are carrying: a yellow bell pepper, a cookbook, a knife, a block of cheese and a red apple.",3 of 16,0.1875,False,
100,,,"I am carrying too many items, so I should drop the yellow bell pepper to free up space before taking the banana.",drop yellow bell pepper,,You drop the yellow bell pepper on the ground.,Kitchen,"You find yourself in a kitchen. A normal kind of place. You decide to start listing off everything you see in the room, as if you were in a text adventure.

Hey, want to see a fridge? Look over there, a fridge. The fridge contains a carrot. You see an oven. Look out! It's a- oh, never mind, it's just a table. But the thing is empty. As if things weren't amazing enough already, you can even see a counter. The counter is vast. On the counter you see a raw yellow potato. Wow! Just like in the movies! You can make out a stove. But oh no! there's nothing on this piece of junk. What, you think everything in TextWorld should have stuff on it?

There is a closed plain door leading east. There is an exit to the west.

There is a yellow bell pepper, a banana, a raw pork chop, a red onion, a white onion, a raw purple potato and a raw red potato on the floor.","You are carrying: a cookbook, a knife, a block of cheese and a red apple.",3 of 16,0.1875,True,
