step_id,plan,summary,thought,action,task,feedback,location,description,inventory,score,reward,is_done,error
0,,,,,"You are hungry! Let's cook a delicious meal. Check the cookbook in the kitchen for the recipe. Once done, enjoy your meal!",,Livingroom,"You're now in a livingroom.

You scan the room for a sofa, and you find a sofa. The sofa is comfy. The sofa appears to be empty. It would have been so cool if there was stuff on the sofa.

You don't like doors? Why not try going east, that entranceway is not blocked by one.","You are carrying: a raw purple potato, a raw yellow potato, a carrot and a yellow bell pepper.",0 of 17,0.0,False,
1,,,I should go east to find the kitchen where the cookbook might be.,go east,,"Well, here we are in a bedroom.

Oh wow! Is that what I think it is? It is! It's a bed. But the thing hasn't got anything on it.

You don't like doors? Why not try going south, that entranceway is not blocked by one. There is an exit to the west.",Bedroom,"Well, here we are in a bedroom.

Oh wow! Is that what I think it is? It is! It's a bed. But the thing hasn't got anything on it.

You don't like doors? Why not try going south, that entranceway is not blocked by one. There is an exit to the west.","You are carrying: a raw purple potato, a raw yellow potato, a carrot and a yellow bell pepper.",0 of 17,0.0,False,
2,,,I should go south to continue searching for the kitchen.,go south,,"You make a grand eccentric entrance into a corridor. The room is well lit.



There is an exit to the east. There is an exit to the north. You need an exit without a door? You should try going south.",Corridor,"You make a grand eccentric entrance into a corridor. The room is well lit.



There is an exit to the east. There is an exit to the north. You need an exit without a door? You should try going south.","You are carrying: a raw purple potato, a raw yellow potato, a carrot and a yellow bell pepper.",0 of 17,0.0,False,
3,,,I should go south to find the kitchen or the cookbook.,go south,,"You find yourself in a bathroom. A standard one.

You can make out a toilet. Make a note of this, you might have to put stuff on or in it later on. However, the toilet, like an empty toilet, has nothing on it. Oh! Why couldn't there just be stuff on it?

You need an exit without a door? You should try going north.",Bathroom,"You find yourself in a bathroom. A standard one.

You can make out a toilet. Make a note of this, you might have to put stuff on or in it later on. However, the toilet, like an empty toilet, has nothing on it. Oh! Why couldn't there just be stuff on it?

You need an exit without a door? You should try going north.","You are carrying: a raw purple potato, a raw yellow potato, a carrot and a yellow bell pepper.",0 of 17,0.0,False,
4,,,I should go back north to the corridor and then try going east to find the kitchen or the cookbook.,go north,,"You make a grand eccentric entrance into a corridor. The room is well lit.



There is an exit to the east. There is an exit to the north. You need an exit without a door? You should try going south.",Corridor,"You make a grand eccentric entrance into a corridor. The room is well lit.



There is an exit to the east. There is an exit to the north. You need an exit without a door? You should try going south.","You are carrying: a raw purple potato, a raw yellow potato, a carrot and a yellow bell pepper.",0 of 17,0.0,False,
5,,,I should go east to check if the kitchen or the cookbook is there.,go east,,"You arrive in a kitchen. An ordinary one. The room seems oddly familiar, as though it were only superficially different from the other rooms in the building.

You hear a noise behind you and spin around, but you can't see anything other than a fridge. You see a gleam over in a corner, where you can see an oven. Oh, great. Here's a table. The table is massive. On the table you make out a cookbook. Oh wow! Is that what I think it is? It is! It's a counter. On the counter you make out a red hot pepper, a red onion, an orange bell pepper and a knife. You make out a stove. Why don't you take a picture of it, it'll last longer! The stove is conventional. Unfortunately, there isn't a thing on it. Oh! Why couldn't there just be stuff on it?

There is a closed screen door leading east. There is a closed plain door leading north. There is an exit to the west.",Kitchen,"You arrive in a kitchen. An ordinary one. The room seems oddly familiar, as though it were only superficially different from the other rooms in the building.

You hear a noise behind you and spin around, but you can't see anything other than a fridge. You see a gleam over in a corner, where you can see an oven. Oh, great. Here's a table. The table is massive. On the table you make out a cookbook. Oh wow! Is that what I think it is? It is! It's a counter. On the counter you make out a red hot pepper, a red onion, an orange bell pepper and a knife. You make out a stove. Why don't you take a picture of it, it'll last longer! The stove is conventional. Unfortunately, there isn't a thing on it. Oh! Why couldn't there just be stuff on it?

There is a closed screen door leading east. There is a closed plain door leading north. There is an exit to the west.","You are carrying: a raw purple potato, a raw yellow potato, a carrot and a yellow bell pepper.",0 of 17,0.0,False,
6,,,I should examine the cookbook on the table to find the recipe for a delicious meal.,examine cookbook,,"You open the copy of ""Cooking: A Modern Approach (3rd Ed.)"" and start reading:

Recipe #1
---------
Gather all following ingredients and follow the directions to prepare this tasty meal.

Ingredients:
red potato
  pork chop
  white onion
  banana
  red hot pepper

Directions:
dice the red potato
  fry the red potato
  dice the pork chop
  roast the pork chop
  slice the white onion
  roast the white onion
  slice the banana
  grill the banana
  slice the red hot pepper
  fry the red hot pepper
  prepare meal",Kitchen,"You arrive in a kitchen. An ordinary one. The room seems oddly familiar, as though it were only superficially different from the other rooms in the building.

You hear a noise behind you and spin around, but you can't see anything other than a fridge. You see a gleam over in a corner, where you can see an oven. Oh, great. Here's a table. The table is massive. On the table you make out a cookbook. Oh wow! Is that what I think it is? It is! It's a counter. On the counter you make out a red hot pepper, a red onion, an orange bell pepper and a knife. You make out a stove. Why don't you take a picture of it, it'll last longer! The stove is conventional. Unfortunately, there isn't a thing on it. Oh! Why couldn't there just be stuff on it?

There is a closed screen door leading east. There is a closed plain door leading north. There is an exit to the west.","You are carrying: a raw purple potato, a raw yellow potato, a carrot and a yellow bell pepper.",0 of 17,0.0,False,
7,,,"I need to gather the required ingredients from the recipe, starting with the red potato, and then dice it as the first step.",take red hot pepper from counter,,"You take the red hot pepper from the counter.



Your score has just gone up by one point.",Kitchen,"You arrive in a kitchen. An ordinary one. The room seems oddly familiar, as though it were only superficially different from the other rooms in the building.

You hear a noise behind you and spin around, but you can't see anything other than a fridge. You see a gleam over in a corner, where you can see an oven. Oh, great. Here's a table. The table is massive. On the table you make out a cookbook. Oh wow! Is that what I think it is? It is! It's a counter. On the counter you make out a red onion, an orange bell pepper and a knife. You make out a stove. Why don't you take a picture of it, it'll last longer! The stove is conventional. Unfortunately, there isn't a thing on it. Oh! Why couldn't there just be stuff on it?

There is a closed screen door leading east. There is a closed plain door leading north. There is an exit to the west.","You are carrying: a red hot pepper, a raw purple potato, a raw yellow potato, a carrot and a yellow bell pepper.",1 of 17,0.058823529411764705,False,
8,,,I need to find and take the red potato from the kitchen to proceed with the recipe.,take red potato from counter,,You can't see any such thing.,Kitchen,"You arrive in a kitchen. An ordinary one. The room seems oddly familiar, as though it were only superficially different from the other rooms in the building.

You hear a noise behind you and spin around, but you can't see anything other than a fridge. You see a gleam over in a corner, where you can see an oven. Oh, great. Here's a table. The table is massive. On the table you make out a cookbook. Oh wow! Is that what I think it is? It is! It's a counter. On the counter you make out a red onion, an orange bell pepper and a knife. You make out a stove. Why don't you take a picture of it, it'll last longer! The stove is conventional. Unfortunately, there isn't a thing on it. Oh! Why couldn't there just be stuff on it?

There is a closed screen door leading east. There is a closed plain door leading north. There is an exit to the west.","You are carrying: a red hot pepper, a raw purple potato, a raw yellow potato, a carrot and a yellow bell pepper.",1 of 17,0.058823529411764705,False,
9,,,I should examine the cookbook on the table to find the recipe for the meal.,examine cookbook,,"You open the copy of ""Cooking: A Modern Approach (3rd Ed.)"" and start reading:

Recipe #1
---------
Gather all following ingredients and follow the directions to prepare this tasty meal.

Ingredients:
red potato
  pork chop
  white onion
  banana
  red hot pepper

Directions:
dice the red potato
  fry the red potato
  dice the pork chop
  roast the pork chop
  slice the white onion
  roast the white onion
  slice the banana
  grill the banana
  slice the red hot pepper
  fry the red hot pepper
  prepare meal",Kitchen,"You arrive in a kitchen. An ordinary one. The room seems oddly familiar, as though it were only superficially different from the other rooms in the building.

You hear a noise behind you and spin around, but you can't see anything other than a fridge. You see a gleam over in a corner, where you can see an oven. Oh, great. Here's a table. The table is massive. On the table you make out a cookbook. Oh wow! Is that what I think it is? It is! It's a counter. On the counter you make out a red onion, an orange bell pepper and a knife. You make out a stove. Why don't you take a picture of it, it'll last longer! The stove is conventional. Unfortunately, there isn't a thing on it. Oh! Why couldn't there just be stuff on it?

There is a closed screen door leading east. There is a closed plain door leading north. There is an exit to the west.","You are carrying: a red hot pepper, a raw purple potato, a raw yellow potato, a carrot and a yellow bell pepper.",1 of 17,0.058823529411764705,False,
10,,,"I need to gather the required ingredients from the recipe: red potato, pork chop, white onion, banana, and red hot pepper. I already have a red hot pepper, but I need to find the other ingredients first.",go west,,"You make a grand eccentric entrance into a corridor. The room is well lit.



There is an exit to the east. There is an exit to the north. You need an exit without a door? You should try going south.",Corridor,"You make a grand eccentric entrance into a corridor. The room is well lit.



There is an exit to the east. There is an exit to the north. You need an exit without a door? You should try going south.","You are carrying: a red hot pepper, a raw purple potato, a raw yellow potato, a carrot and a yellow bell pepper.",1 of 17,0.058823529411764705,False,
11,,,"I should explore the corridor to find the other ingredients, especially the pork chop, white onion, and banana. I will try going north first.",go north,,"Well, here we are in a bedroom.

Oh wow! Is that what I think it is? It is! It's a bed. But the thing hasn't got anything on it.

You don't like doors? Why not try going south, that entranceway is not blocked by one. There is an exit to the west.",Bedroom,"Well, here we are in a bedroom.

Oh wow! Is that what I think it is? It is! It's a bed. But the thing hasn't got anything on it.

You don't like doors? Why not try going south, that entranceway is not blocked by one. There is an exit to the west.","You are carrying: a red hot pepper, a raw purple potato, a raw yellow potato, a carrot and a yellow bell pepper.",1 of 17,0.058823529411764705,False,
12,,,"I should check the bedroom for any useful items or clues, especially the cookbook. I will look around the bedroom.",look,,"Well, here we are in a bedroom.

Oh wow! Is that what I think it is? It is! It's a bed. But the thing hasn't got anything on it.

You don't like doors? Why not try going south, that entranceway is not blocked by one. There is an exit to the west.",Bedroom,"Well, here we are in a bedroom.

Oh wow! Is that what I think it is? It is! It's a bed. But the thing hasn't got anything on it.

You don't like doors? Why not try going south, that entranceway is not blocked by one. There is an exit to the west.","You are carrying: a red hot pepper, a raw purple potato, a raw yellow potato, a carrot and a yellow bell pepper.",1 of 17,0.058823529411764705,False,
13,,,"There is no cookbook visible in the bedroom, so I should go south to explore the entranceway and possibly find the kitchen where the cookbook might be.",go south,,"You make a grand eccentric entrance into a corridor. The room is well lit.



There is an exit to the east. There is an exit to the north. You need an exit without a door? You should try going south.",Corridor,"You make a grand eccentric entrance into a corridor. The room is well lit.



There is an exit to the east. There is an exit to the north. You need an exit without a door? You should try going south.","You are carrying: a red hot pepper, a raw purple potato, a raw yellow potato, a carrot and a yellow bell pepper.",1 of 17,0.058823529411764705,False,
14,,,"The kitchen is likely to be east or north from the corridor, so I should try going east first to find the kitchen and the cookbook.",go east,,"You arrive in a kitchen. An ordinary one. The room seems oddly familiar, as though it were only superficially different from the other rooms in the building.

You hear a noise behind you and spin around, but you can't see anything other than a fridge. You see a gleam over in a corner, where you can see an oven. Oh, great. Here's a table. The table is massive. On the table you make out a cookbook. Oh wow! Is that what I think it is? It is! It's a counter. On the counter you make out a red onion, an orange bell pepper and a knife. You make out a stove. Why don't you take a picture of it, it'll last longer! The stove is conventional. Unfortunately, there isn't a thing on it. Oh! Why couldn't there just be stuff on it?

There is a closed screen door leading east. There is a closed plain door leading north. There is an exit to the west.",Kitchen,"You arrive in a kitchen. An ordinary one. The room seems oddly familiar, as though it were only superficially different from the other rooms in the building.

You hear a noise behind you and spin around, but you can't see anything other than a fridge. You see a gleam over in a corner, where you can see an oven. Oh, great. Here's a table. The table is massive. On the table you make out a cookbook. Oh wow! Is that what I think it is? It is! It's a counter. On the counter you make out a red onion, an orange bell pepper and a knife. You make out a stove. Why don't you take a picture of it, it'll last longer! The stove is conventional. Unfortunately, there isn't a thing on it. Oh! Why couldn't there just be stuff on it?

There is a closed screen door leading east. There is a closed plain door leading north. There is an exit to the west.","You are carrying: a red hot pepper, a raw purple potato, a raw yellow potato, a carrot and a yellow bell pepper.",1 of 17,0.058823529411764705,False,
15,,,I should examine the cookbook on the table to check the recipe for cooking a delicious meal.,examine cookbook,,"You open the copy of ""Cooking: A Modern Approach (3rd Ed.)"" and start reading:

Recipe #1
---------
Gather all following ingredients and follow the directions to prepare this tasty meal.

Ingredients:
red potato
  pork chop
  white onion
  banana
  red hot pepper

Directions:
dice the red potato
  fry the red potato
  dice the pork chop
  roast the pork chop
  slice the white onion
  roast the white onion
  slice the banana
  grill the banana
  slice the red hot pepper
  fry the red hot pepper
  prepare meal",Kitchen,"You arrive in a kitchen. An ordinary one. The room seems oddly familiar, as though it were only superficially different from the other rooms in the building.

You hear a noise behind you and spin around, but you can't see anything other than a fridge. You see a gleam over in a corner, where you can see an oven. Oh, great. Here's a table. The table is massive. On the table you make out a cookbook. Oh wow! Is that what I think it is? It is! It's a counter. On the counter you make out a red onion, an orange bell pepper and a knife. You make out a stove. Why don't you take a picture of it, it'll last longer! The stove is conventional. Unfortunately, there isn't a thing on it. Oh! Why couldn't there just be stuff on it?

There is a closed screen door leading east. There is a closed plain door leading north. There is an exit to the west.","You are carrying: a red hot pepper, a raw purple potato, a raw yellow potato, a carrot and a yellow bell pepper.",1 of 17,0.058823529411764705,False,
16,,,"I need to gather the required ingredients from the recipe: red potato, pork chop, white onion, banana, and red hot pepper. I already have a red hot pepper, but I need to find the other ingredients first.",go west,,"You make a grand eccentric entrance into a corridor. The room is well lit.



There is an exit to the east. There is an exit to the north. You need an exit without a door? You should try going south.",Corridor,"You make a grand eccentric entrance into a corridor. The room is well lit.



There is an exit to the east. There is an exit to the north. You need an exit without a door? You should try going south.","You are carrying: a red hot pepper, a raw purple potato, a raw yellow potato, a carrot and a yellow bell pepper.",1 of 17,0.058823529411764705,False,
17,,,"I should explore the corridor to find the other ingredients, especially the pork chop, white onion, and banana. I will try going north to see if there is a room with these ingredients.",go north,,"Well, here we are in a bedroom.

Oh wow! Is that what I think it is? It is! It's a bed. But the thing hasn't got anything on it.

You don't like doors? Why not try going south, that entranceway is not blocked by one. There is an exit to the west.",Bedroom,"Well, here we are in a bedroom.

Oh wow! Is that what I think it is? It is! It's a bed. But the thing hasn't got anything on it.

You don't like doors? Why not try going south, that entranceway is not blocked by one. There is an exit to the west.","You are carrying: a red hot pepper, a raw purple potato, a raw yellow potato, a carrot and a yellow bell pepper.",1 of 17,0.058823529411764705,False,
18,,,The bedroom does not seem to have the ingredients I need. I will go west to explore further for the kitchen or a room with the cookbook and ingredients.,go west,,"You're now in a livingroom.

You scan the room for a sofa, and you find a sofa. The sofa is comfy. The sofa appears to be empty. It would have been so cool if there was stuff on the sofa.

You don't like doors? Why not try going east, that entranceway is not blocked by one.",Livingroom,"You're now in a livingroom.

You scan the room for a sofa, and you find a sofa. The sofa is comfy. The sofa appears to be empty. It would have been so cool if there was stuff on the sofa.

You don't like doors? Why not try going east, that entranceway is not blocked by one.","You are carrying: a red hot pepper, a raw purple potato, a raw yellow potato, a carrot and a yellow bell pepper.",1 of 17,0.058823529411764705,False,
19,,,The living room does not have the cookbook or kitchen items. I should go east back to the bedroom and then try going south to find the kitchen or cookbook.,go east,,"Well, here we are in a bedroom.

Oh wow! Is that what I think it is? It is! It's a bed. But the thing hasn't got anything on it.

You don't like doors? Why not try going south, that entranceway is not blocked by one. There is an exit to the west.",Bedroom,"Well, here we are in a bedroom.

Oh wow! Is that what I think it is? It is! It's a bed. But the thing hasn't got anything on it.

You don't like doors? Why not try going south, that entranceway is not blocked by one. There is an exit to the west.","You are carrying: a red hot pepper, a raw purple potato, a raw yellow potato, a carrot and a yellow bell pepper.",1 of 17,0.058823529411764705,False,
20,,,The bedroom has an exit to the south which might lead to the kitchen. I should go south to check for the kitchen and the cookbook.,go south,,"You make a grand eccentric entrance into a corridor. The room is well lit.



There is an exit to the east. There is an exit to the north. You need an exit without a door? You should try going south.",Corridor,"You make a grand eccentric entrance into a corridor. The room is well lit.



There is an exit to the east. There is an exit to the north. You need an exit without a door? You should try going south.","You are carrying: a red hot pepper, a raw purple potato, a raw yellow potato, a carrot and a yellow bell pepper.",1 of 17,0.058823529411764705,False,
21,,,The corridor has an exit to the south which might lead to the kitchen. I should go south to find the kitchen and the cookbook.,go south,,"You find yourself in a bathroom. A standard one.

You can make out a toilet. Make a note of this, you might have to put stuff on or in it later on. However, the toilet, like an empty toilet, has nothing on it. Oh! Why couldn't there just be stuff on it?

You need an exit without a door? You should try going north.",Bathroom,"You find yourself in a bathroom. A standard one.

You can make out a toilet. Make a note of this, you might have to put stuff on or in it later on. However, the toilet, like an empty toilet, has nothing on it. Oh! Why couldn't there just be stuff on it?

You need an exit without a door? You should try going north.","You are carrying: a red hot pepper, a raw purple potato, a raw yellow potato, a carrot and a yellow bell pepper.",1 of 17,0.058823529411764705,False,
22,,,The bathroom is not the kitchen. I should go back north to the corridor and then try going east to find the kitchen.,go north,,"You make a grand eccentric entrance into a corridor. The room is well lit.



There is an exit to the east. There is an exit to the north. You need an exit without a door? You should try going south.",Corridor,"You make a grand eccentric entrance into a corridor. The room is well lit.



There is an exit to the east. There is an exit to the north. You need an exit without a door? You should try going south.","You are carrying: a red hot pepper, a raw purple potato, a raw yellow potato, a carrot and a yellow bell pepper.",1 of 17,0.058823529411764705,False,
23,,,I should go east from the corridor to find the kitchen.,go east,,"You arrive in a kitchen. An ordinary one. The room seems oddly familiar, as though it were only superficially different from the other rooms in the building.

You hear a noise behind you and spin around, but you can't see anything other than a fridge. You see a gleam over in a corner, where you can see an oven. Oh, great. Here's a table. The table is massive. On the table you make out a cookbook. Oh wow! Is that what I think it is? It is! It's a counter. On the counter you make out a red onion, an orange bell pepper and a knife. You make out a stove. Why don't you take a picture of it, it'll last longer! The stove is conventional. Unfortunately, there isn't a thing on it. Oh! Why couldn't there just be stuff on it?

There is a closed screen door leading east. There is a closed plain door leading north. There is an exit to the west.",Kitchen,"You arrive in a kitchen. An ordinary one. The room seems oddly familiar, as though it were only superficially different from the other rooms in the building.

You hear a noise behind you and spin around, but you can't see anything other than a fridge. You see a gleam over in a corner, where you can see an oven. Oh, great. Here's a table. The table is massive. On the table you make out a cookbook. Oh wow! Is that what I think it is? It is! It's a counter. On the counter you make out a red onion, an orange bell pepper and a knife. You make out a stove. Why don't you take a picture of it, it'll last longer! The stove is conventional. Unfortunately, there isn't a thing on it. Oh! Why couldn't there just be stuff on it?

There is a closed screen door leading east. There is a closed plain door leading north. There is an exit to the west.","You are carrying: a red hot pepper, a raw purple potato, a raw yellow potato, a carrot and a yellow bell pepper.",1 of 17,0.058823529411764705,False,
24,,,I should examine the cookbook on the table to check the recipe.,examine cookbook,,"You open the copy of ""Cooking: A Modern Approach (3rd Ed.)"" and start reading:

Recipe #1
---------
Gather all following ingredients and follow the directions to prepare this tasty meal.

Ingredients:
red potato
  pork chop
  white onion
  banana
  red hot pepper

Directions:
dice the red potato
  fry the red potato
  dice the pork chop
  roast the pork chop
  slice the white onion
  roast the white onion
  slice the banana
  grill the banana
  slice the red hot pepper
  fry the red hot pepper
  prepare meal",Kitchen,"You arrive in a kitchen. An ordinary one. The room seems oddly familiar, as though it were only superficially different from the other rooms in the building.

You hear a noise behind you and spin around, but you can't see anything other than a fridge. You see a gleam over in a corner, where you can see an oven. Oh, great. Here's a table. The table is massive. On the table you make out a cookbook. Oh wow! Is that what I think it is? It is! It's a counter. On the counter you make out a red onion, an orange bell pepper and a knife. You make out a stove. Why don't you take a picture of it, it'll last longer! The stove is conventional. Unfortunately, there isn't a thing on it. Oh! Why couldn't there just be stuff on it?

There is a closed screen door leading east. There is a closed plain door leading north. There is an exit to the west.","You are carrying: a red hot pepper, a raw purple potato, a raw yellow potato, a carrot and a yellow bell pepper.",1 of 17,0.058823529411764705,False,
25,,,"I need to gather the required ingredients from the recipe, but I currently have a red hot pepper and potatoes, not the pork chop, white onion, or banana. I should check the fridge for the missing ingredients.",open fridge,,"You open the fridge, revealing a raw pork chop.",Kitchen,"You arrive in a kitchen. An ordinary one. The room seems oddly familiar, as though it were only superficially different from the other rooms in the building.

You hear a noise behind you and spin around, but you can't see anything other than a fridge. The fridge contains a raw pork chop. You see a gleam over in a corner, where you can see an oven. Oh, great. Here's a table. The table is massive. On the table you make out a cookbook. Oh wow! Is that what I think it is? It is! It's a counter. On the counter you make out a red onion, an orange bell pepper and a knife. You make out a stove. Why don't you take a picture of it, it'll last longer! The stove is conventional. Unfortunately, there isn't a thing on it. Oh! Why couldn't there just be stuff on it?

There is a closed screen door leading east. There is a closed plain door leading north. There is an exit to the west.","You are carrying: a red hot pepper, a raw purple potato, a raw yellow potato, a carrot and a yellow bell pepper.",1 of 17,0.058823529411764705,False,
26,,,"I see the raw pork chop in the fridge, so I should take it to have it for the recipe.",take raw pork chop from fridge,,You're carrying too many things already.,Kitchen,"You arrive in a kitchen. An ordinary one. The room seems oddly familiar, as though it were only superficially different from the other rooms in the building.

You hear a noise behind you and spin around, but you can't see anything other than a fridge. The fridge contains a raw pork chop. You see a gleam over in a corner, where you can see an oven. Oh, great. Here's a table. The table is massive. On the table you make out a cookbook. Oh wow! Is that what I think it is? It is! It's a counter. On the counter you make out a red onion, an orange bell pepper and a knife. You make out a stove. Why don't you take a picture of it, it'll last longer! The stove is conventional. Unfortunately, there isn't a thing on it. Oh! Why couldn't there just be stuff on it?

There is a closed screen door leading east. There is a closed plain door leading north. There is an exit to the west.","You are carrying: a red hot pepper, a raw purple potato, a raw yellow potato, a carrot and a yellow bell pepper.",1 of 17,0.058823529411764705,False,
27,,,"I am carrying too many items, so I should drop one to make space before taking the raw pork chop.",drop red hot pepper,,You drop the red hot pepper on the ground.,Kitchen,"You arrive in a kitchen. An ordinary one. The room seems oddly familiar, as though it were only superficially different from the other rooms in the building.

You hear a noise behind you and spin around, but you can't see anything other than a fridge. The fridge contains a raw pork chop. You see a gleam over in a corner, where you can see an oven. Oh, great. Here's a table. The table is massive. On the table you make out a cookbook. Oh wow! Is that what I think it is? It is! It's a counter. On the counter you make out a red onion, an orange bell pepper and a knife. You make out a stove. Why don't you take a picture of it, it'll last longer! The stove is conventional. Unfortunately, there isn't a thing on it. Oh! Why couldn't there just be stuff on it?

There is a closed screen door leading east. There is a closed plain door leading north. There is an exit to the west.

There is a red hot pepper on the floor.","You are carrying: a raw purple potato, a raw yellow potato, a carrot and a yellow bell pepper.",1 of 17,0.058823529411764705,False,
28,,,"Now that I have space, I should take the raw pork chop from the fridge.",take raw pork chop from fridge,,"You take the pork chop from the fridge.



Your score has just gone up by one point.",Kitchen,"You arrive in a kitchen. An ordinary one. The room seems oddly familiar, as though it were only superficially different from the other rooms in the building.

You hear a noise behind you and spin around, but you can't see anything other than a fridge. What a letdown! The fridge is empty! You see a gleam over in a corner, where you can see an oven. Oh, great. Here's a table. The table is massive. On the table you make out a cookbook. Oh wow! Is that what I think it is? It is! It's a counter. On the counter you make out a red onion, an orange bell pepper and a knife. You make out a stove. Why don't you take a picture of it, it'll last longer! The stove is conventional. Unfortunately, there isn't a thing on it. Oh! Why couldn't there just be stuff on it?

There is a closed screen door leading east. There is a closed plain door leading north. There is an exit to the west.

There is a red hot pepper on the floor.","You are carrying: a raw pork chop, a raw purple potato, a raw yellow potato, a carrot and a yellow bell pepper.",2 of 17,0.11764705882352941,False,
29,,,I should examine the cookbook on the table to find the recipe for a delicious meal.,examine cookbook,,"You open the copy of ""Cooking: A Modern Approach (3rd Ed.)"" and start reading:

Recipe #1
---------
Gather all following ingredients and follow the directions to prepare this tasty meal.

Ingredients:
red potato
  pork chop
  white onion
  banana
  red hot pepper

Directions:
dice the red potato
  fry the red potato
  dice the pork chop
  roast the pork chop
  slice the white onion
  roast the white onion
  slice the banana
  grill the banana
  slice the red hot pepper
  fry the red hot pepper
  prepare meal",Kitchen,"You arrive in a kitchen. An ordinary one. The room seems oddly familiar, as though it were only superficially different from the other rooms in the building.

You hear a noise behind you and spin around, but you can't see anything other than a fridge. What a letdown! The fridge is empty! You see a gleam over in a corner, where you can see an oven. Oh, great. Here's a table. The table is massive. On the table you make out a cookbook. Oh wow! Is that what I think it is? It is! It's a counter. On the counter you make out a red onion, an orange bell pepper and a knife. You make out a stove. Why don't you take a picture of it, it'll last longer! The stove is conventional. Unfortunately, there isn't a thing on it. Oh! Why couldn't there just be stuff on it?

There is a closed screen door leading east. There is a closed plain door leading north. There is an exit to the west.

There is a red hot pepper on the floor.","You are carrying: a raw pork chop, a raw purple potato, a raw yellow potato, a carrot and a yellow bell pepper.",2 of 17,0.11764705882352941,False,
30,,,"I need to gather the required ingredients from the recipe: red potato, pork chop, white onion, banana, and red hot pepper. I already have the pork chop, but I need to find the red potato, white onion, banana, and red hot pepper. I see a red hot pepper on the floor, so I should take it first.",take red hot pepper from floor,,You're carrying too many things already.,Kitchen,"You arrive in a kitchen. An ordinary one. The room seems oddly familiar, as though it were only superficially different from the other rooms in the building.

You hear a noise behind you and spin around, but you can't see anything other than a fridge. What a letdown! The fridge is empty! You see a gleam over in a corner, where you can see an oven. Oh, great. Here's a table. The table is massive. On the table you make out a cookbook. Oh wow! Is that what I think it is? It is! It's a counter. On the counter you make out a red onion, an orange bell pepper and a knife. You make out a stove. Why don't you take a picture of it, it'll last longer! The stove is conventional. Unfortunately, there isn't a thing on it. Oh! Why couldn't there just be stuff on it?

There is a closed screen door leading east. There is a closed plain door leading north. There is an exit to the west.

There is a red hot pepper on the floor.","You are carrying: a raw pork chop, a raw purple potato, a raw yellow potato, a carrot and a yellow bell pepper.",2 of 17,0.11764705882352941,False,
31,,,"I am carrying too many items already, so I need to drop some items that are not required for the recipe to free up space. The recipe requires a red potato, pork chop, white onion, banana, and red hot pepper. I currently have a raw pork chop, raw purple potato, raw yellow potato, carrot, and yellow bell pepper. I should drop the carrot and yellow bell pepper as they are not needed.",drop carrot; drop yellow bell pepper,,You can't see any such thing.,Kitchen,"You arrive in a kitchen. An ordinary one. The room seems oddly familiar, as though it were only superficially different from the other rooms in the building.

You hear a noise behind you and spin around, but you can't see anything other than a fridge. What a letdown! The fridge is empty! You see a gleam over in a corner, where you can see an oven. Oh, great. Here's a table. The table is massive. On the table you make out a cookbook. Oh wow! Is that what I think it is? It is! It's a counter. On the counter you make out a red onion, an orange bell pepper and a knife. You make out a stove. Why don't you take a picture of it, it'll last longer! The stove is conventional. Unfortunately, there isn't a thing on it. Oh! Why couldn't there just be stuff on it?

There is a closed screen door leading east. There is a closed plain door leading north. There is an exit to the west.

There is a red hot pepper on the floor.","You are carrying: a raw pork chop, a raw purple potato, a raw yellow potato, a carrot and a yellow bell pepper.",2 of 17,0.11764705882352941,False,
32,,,The previous attempt to drop the carrot and yellow bell pepper failed because I did not specify the objects correctly. I will try to drop the carrot and yellow bell pepper again to free up space for the required ingredients.,drop carrot; drop yellow bell pepper,,You can't see any such thing.,Kitchen,"You arrive in a kitchen. An ordinary one. The room seems oddly familiar, as though it were only superficially different from the other rooms in the building.

You hear a noise behind you and spin around, but you can't see anything other than a fridge. What a letdown! The fridge is empty! You see a gleam over in a corner, where you can see an oven. Oh, great. Here's a table. The table is massive. On the table you make out a cookbook. Oh wow! Is that what I think it is? It is! It's a counter. On the counter you make out a red onion, an orange bell pepper and a knife. You make out a stove. Why don't you take a picture of it, it'll last longer! The stove is conventional. Unfortunately, there isn't a thing on it. Oh! Why couldn't there just be stuff on it?

There is a closed screen door leading east. There is a closed plain door leading north. There is an exit to the west.

There is a red hot pepper on the floor.","You are carrying: a raw pork chop, a raw purple potato, a raw yellow potato, a carrot and a yellow bell pepper.",2 of 17,0.11764705882352941,False,
33,,,"The command to drop the carrot and yellow bell pepper was not executed properly because I combined two drop commands in one line. I will drop the carrot first, then drop the yellow bell pepper separately.",drop carrot,,You drop the carrot on the ground.,Kitchen,"You arrive in a kitchen. An ordinary one. The room seems oddly familiar, as though it were only superficially different from the other rooms in the building.

You hear a noise behind you and spin around, but you can't see anything other than a fridge. What a letdown! The fridge is empty! You see a gleam over in a corner, where you can see an oven. Oh, great. Here's a table. The table is massive. On the table you make out a cookbook. Oh wow! Is that what I think it is? It is! It's a counter. On the counter you make out a red onion, an orange bell pepper and a knife. You make out a stove. Why don't you take a picture of it, it'll last longer! The stove is conventional. Unfortunately, there isn't a thing on it. Oh! Why couldn't there just be stuff on it?

There is a closed screen door leading east. There is a closed plain door leading north. There is an exit to the west.

There is a carrot and a red hot pepper on the floor.","You are carrying: a raw pork chop, a raw purple potato, a raw yellow potato and a yellow bell pepper.",2 of 17,0.11764705882352941,False,
34,,,I have successfully dropped the carrot. Now I will drop the yellow bell pepper to clear my inventory for better management.,drop yellow bell pepper,,You drop the yellow bell pepper on the ground.,Kitchen,"You arrive in a kitchen. An ordinary one. The room seems oddly familiar, as though it were only superficially different from the other rooms in the building.

You hear a noise behind you and spin around, but you can't see anything other than a fridge. What a letdown! The fridge is empty! You see a gleam over in a corner, where you can see an oven. Oh, great. Here's a table. The table is massive. On the table you make out a cookbook. Oh wow! Is that what I think it is? It is! It's a counter. On the counter you make out a red onion, an orange bell pepper and a knife. You make out a stove. Why don't you take a picture of it, it'll last longer! The stove is conventional. Unfortunately, there isn't a thing on it. Oh! Why couldn't there just be stuff on it?

There is a closed screen door leading east. There is a closed plain door leading north. There is an exit to the west.

There is a yellow bell pepper, a carrot and a red hot pepper on the floor.","You are carrying: a raw pork chop, a raw purple potato and a raw yellow potato.",2 of 17,0.11764705882352941,False,
35,,,I should take the cookbook from the table to check the recipe for cooking a delicious meal.,take cookbook from table,,You take the cookbook from the table.,Kitchen,"You arrive in a kitchen. An ordinary one. The room seems oddly familiar, as though it were only superficially different from the other rooms in the building.

You hear a noise behind you and spin around, but you can't see anything other than a fridge. What a letdown! The fridge is empty! You see a gleam over in a corner, where you can see an oven. Oh, great. Here's a table. The table is massive. The table appears to be empty. Oh wow! Is that what I think it is? It is! It's a counter. On the counter you make out a red onion, an orange bell pepper and a knife. You make out a stove. Why don't you take a picture of it, it'll last longer! The stove is conventional. Unfortunately, there isn't a thing on it. Oh! Why couldn't there just be stuff on it?

There is a closed screen door leading east. There is a closed plain door leading north. There is an exit to the west.

There is a yellow bell pepper, a carrot and a red hot pepper on the floor.","You are carrying: a cookbook, a raw pork chop, a raw purple potato and a raw yellow potato.",2 of 17,0.11764705882352941,False,
36,,,I should examine the cookbook to find a recipe for cooking a delicious meal.,examine cookbook,,"You open the copy of ""Cooking: A Modern Approach (3rd Ed.)"" and start reading:

Recipe #1
---------
Gather all following ingredients and follow the directions to prepare this tasty meal.

Ingredients:
red potato
  pork chop
  white onion
  banana
  red hot pepper

Directions:
dice the red potato
  fry the red potato
  dice the pork chop
  roast the pork chop
  slice the white onion
  roast the white onion
  slice the banana
  grill the banana
  slice the red hot pepper
  fry the red hot pepper
  prepare meal",Kitchen,"You arrive in a kitchen. An ordinary one. The room seems oddly familiar, as though it were only superficially different from the other rooms in the building.

You hear a noise behind you and spin around, but you can't see anything other than a fridge. What a letdown! The fridge is empty! You see a gleam over in a corner, where you can see an oven. Oh, great. Here's a table. The table is massive. The table appears to be empty. Oh wow! Is that what I think it is? It is! It's a counter. On the counter you make out a red onion, an orange bell pepper and a knife. You make out a stove. Why don't you take a picture of it, it'll last longer! The stove is conventional. Unfortunately, there isn't a thing on it. Oh! Why couldn't there just be stuff on it?

There is a closed screen door leading east. There is a closed plain door leading north. There is an exit to the west.

There is a yellow bell pepper, a carrot and a red hot pepper on the floor.","You are carrying: a cookbook, a raw pork chop, a raw purple potato and a raw yellow potato.",2 of 17,0.11764705882352941,False,
37,,,"I need to gather the required ingredients from the recipe: red potato, pork chop, white onion, banana, and red hot pepper. I already have the pork chop and potatoes, but I need to find a white onion and a banana. I see a red onion on the counter, but not a white onion or banana. I will take the red onion and red hot pepper from the floor and counter, then search for a white onion and banana.",take red onion from counter,,You take the red onion from the counter.,Kitchen,"You arrive in a kitchen. An ordinary one. The room seems oddly familiar, as though it were only superficially different from the other rooms in the building.

You hear a noise behind you and spin around, but you can't see anything other than a fridge. What a letdown! The fridge is empty! You see a gleam over in a corner, where you can see an oven. Oh, great. Here's a table. The table is massive. The table appears to be empty. Oh wow! Is that what I think it is? It is! It's a counter. On the counter you make out an orange bell pepper and a knife. You make out a stove. Why don't you take a picture of it, it'll last longer! The stove is conventional. Unfortunately, there isn't a thing on it. Oh! Why couldn't there just be stuff on it?

There is a closed screen door leading east. There is a closed plain door leading north. There is an exit to the west.

There is a yellow bell pepper, a carrot and a red hot pepper on the floor.","You are carrying: a red onion, a cookbook, a raw pork chop, a raw purple potato and a raw yellow potato.",2 of 17,0.11764705882352941,False,
38,,,"I still need to take the red hot pepper from the floor and find a white onion and a banana. Since the red hot pepper is visible on the floor, I will take it first. Then I will check the other rooms by going west to look for the white onion and banana.",take red hot pepper from floor,,You're carrying too many things already.,Kitchen,"You arrive in a kitchen. An ordinary one. The room seems oddly familiar, as though it were only superficially different from the other rooms in the building.

You hear a noise behind you and spin around, but you can't see anything other than a fridge. What a letdown! The fridge is empty! You see a gleam over in a corner, where you can see an oven. Oh, great. Here's a table. The table is massive. The table appears to be empty. Oh wow! Is that what I think it is? It is! It's a counter. On the counter you make out an orange bell pepper and a knife. You make out a stove. Why don't you take a picture of it, it'll last longer! The stove is conventional. Unfortunately, there isn't a thing on it. Oh! Why couldn't there just be stuff on it?

There is a closed screen door leading east. There is a closed plain door leading north. There is an exit to the west.

There is a yellow bell pepper, a carrot and a red hot pepper on the floor.","You are carrying: a red onion, a cookbook, a raw pork chop, a raw purple potato and a raw yellow potato.",2 of 17,0.11764705882352941,False,
39,,,"I am carrying too many items already, so I need to drop something before taking the red hot pepper. I will drop the raw purple potato to free up space.",drop raw purple potato,,You drop the purple potato on the ground.,Kitchen,"You arrive in a kitchen. An ordinary one. The room seems oddly familiar, as though it were only superficially different from the other rooms in the building.

You hear a noise behind you and spin around, but you can't see anything other than a fridge. What a letdown! The fridge is empty! You see a gleam over in a corner, where you can see an oven. Oh, great. Here's a table. The table is massive. The table appears to be empty. Oh wow! Is that what I think it is? It is! It's a counter. On the counter you make out an orange bell pepper and a knife. You make out a stove. Why don't you take a picture of it, it'll last longer! The stove is conventional. Unfortunately, there isn't a thing on it. Oh! Why couldn't there just be stuff on it?

There is a closed screen door leading east. There is a closed plain door leading north. There is an exit to the west.

There is a raw purple potato, a yellow bell pepper, a carrot and a red hot pepper on the floor.","You are carrying: a red onion, a cookbook, a raw pork chop and a raw yellow potato.",2 of 17,0.11764705882352941,False,
40,,,"Now that I have space, I should take the red hot pepper from the floor to use it for cooking.",take red hot pepper from floor,,You pick up the red hot pepper from the ground.,Kitchen,"You arrive in a kitchen. An ordinary one. The room seems oddly familiar, as though it were only superficially different from the other rooms in the building.

You hear a noise behind you and spin around, but you can't see anything other than a fridge. What a letdown! The fridge is empty! You see a gleam over in a corner, where you can see an oven. Oh, great. Here's a table. The table is massive. The table appears to be empty. Oh wow! Is that what I think it is? It is! It's a counter. On the counter you make out an orange bell pepper and a knife. You make out a stove. Why don't you take a picture of it, it'll last longer! The stove is conventional. Unfortunately, there isn't a thing on it. Oh! Why couldn't there just be stuff on it?

There is a closed screen door leading east. There is a closed plain door leading north. There is an exit to the west.

There is a raw purple potato, a yellow bell pepper and a carrot on the floor.","You are carrying: a red hot pepper, a red onion, a cookbook, a raw pork chop and a raw yellow potato.",2 of 17,0.11764705882352941,False,
41,,,I should check the cookbook for a recipe to cook a delicious meal.,examine cookbook,,"You open the copy of ""Cooking: A Modern Approach (3rd Ed.)"" and start reading:

Recipe #1
---------
Gather all following ingredients and follow the directions to prepare this tasty meal.

Ingredients:
red potato
  pork chop
  white onion
  banana
  red hot pepper

Directions:
dice the red potato
  fry the red potato
  dice the pork chop
  roast the pork chop
  slice the white onion
  roast the white onion
  slice the banana
  grill the banana
  slice the red hot pepper
  fry the red hot pepper
  prepare meal",Kitchen,"You arrive in a kitchen. An ordinary one. The room seems oddly familiar, as though it were only superficially different from the other rooms in the building.

You hear a noise behind you and spin around, but you can't see anything other than a fridge. What a letdown! The fridge is empty! You see a gleam over in a corner, where you can see an oven. Oh, great. Here's a table. The table is massive. The table appears to be empty. Oh wow! Is that what I think it is? It is! It's a counter. On the counter you make out an orange bell pepper and a knife. You make out a stove. Why don't you take a picture of it, it'll last longer! The stove is conventional. Unfortunately, there isn't a thing on it. Oh! Why couldn't there just be stuff on it?

There is a closed screen door leading east. There is a closed plain door leading north. There is an exit to the west.

There is a raw purple potato, a yellow bell pepper and a carrot on the floor.","You are carrying: a red hot pepper, a red onion, a cookbook, a raw pork chop and a raw yellow potato.",2 of 17,0.11764705882352941,False,
42,,,"I need to gather the required ingredients from the recipe: red potato, pork chop, white onion, banana, and red hot pepper. I already have the red hot pepper and pork chop, but I need to find the red potato, white onion, and banana.",take raw purple potato from floor,,You're carrying too many things already.,Kitchen,"You arrive in a kitchen. An ordinary one. The room seems oddly familiar, as though it were only superficially different from the other rooms in the building.

You hear a noise behind you and spin around, but you can't see anything other than a fridge. What a letdown! The fridge is empty! You see a gleam over in a corner, where you can see an oven. Oh, great. Here's a table. The table is massive. The table appears to be empty. Oh wow! Is that what I think it is? It is! It's a counter. On the counter you make out an orange bell pepper and a knife. You make out a stove. Why don't you take a picture of it, it'll last longer! The stove is conventional. Unfortunately, there isn't a thing on it. Oh! Why couldn't there just be stuff on it?

There is a closed screen door leading east. There is a closed plain door leading north. There is an exit to the west.

There is a raw purple potato, a yellow bell pepper and a carrot on the floor.","You are carrying: a red hot pepper, a red onion, a cookbook, a raw pork chop and a raw yellow potato.",2 of 17,0.11764705882352941,False,
43,,,"I am carrying too many items, so I should drop an unnecessary item to make space for the raw purple potato.",drop red onion,,You drop the red onion on the ground.,Kitchen,"You arrive in a kitchen. An ordinary one. The room seems oddly familiar, as though it were only superficially different from the other rooms in the building.

You hear a noise behind you and spin around, but you can't see anything other than a fridge. What a letdown! The fridge is empty! You see a gleam over in a corner, where you can see an oven. Oh, great. Here's a table. The table is massive. The table appears to be empty. Oh wow! Is that what I think it is? It is! It's a counter. On the counter you make out an orange bell pepper and a knife. You make out a stove. Why don't you take a picture of it, it'll last longer! The stove is conventional. Unfortunately, there isn't a thing on it. Oh! Why couldn't there just be stuff on it?

There is a closed screen door leading east. There is a closed plain door leading north. There is an exit to the west.

There is a red onion, a raw purple potato, a yellow bell pepper and a carrot on the floor.","You are carrying: a red hot pepper, a cookbook, a raw pork chop and a raw yellow potato.",2 of 17,0.11764705882352941,False,
44,,,I should take the raw purple potato from the floor to have more ingredients for cooking.,take raw purple potato from floor,,You pick up the purple potato from the ground.,Kitchen,"You arrive in a kitchen. An ordinary one. The room seems oddly familiar, as though it were only superficially different from the other rooms in the building.

You hear a noise behind you and spin around, but you can't see anything other than a fridge. What a letdown! The fridge is empty! You see a gleam over in a corner, where you can see an oven. Oh, great. Here's a table. The table is massive. The table appears to be empty. Oh wow! Is that what I think it is? It is! It's a counter. On the counter you make out an orange bell pepper and a knife. You make out a stove. Why don't you take a picture of it, it'll last longer! The stove is conventional. Unfortunately, there isn't a thing on it. Oh! Why couldn't there just be stuff on it?

There is a closed screen door leading east. There is a closed plain door leading north. There is an exit to the west.

There is a red onion, a yellow bell pepper and a carrot on the floor.","You are carrying: a raw purple potato, a red hot pepper, a cookbook, a raw pork chop and a raw yellow potato.",2 of 17,0.11764705882352941,False,
45,,,I should take the yellow bell pepper from the floor to gather more ingredients for cooking.,take yellow bell pepper from floor,,You're carrying too many things already.,Kitchen,"You arrive in a kitchen. An ordinary one. The room seems oddly familiar, as though it were only superficially different from the other rooms in the building.

You hear a noise behind you and spin around, but you can't see anything other than a fridge. What a letdown! The fridge is empty! You see a gleam over in a corner, where you can see an oven. Oh, great. Here's a table. The table is massive. The table appears to be empty. Oh wow! Is that what I think it is? It is! It's a counter. On the counter you make out an orange bell pepper and a knife. You make out a stove. Why don't you take a picture of it, it'll last longer! The stove is conventional. Unfortunately, there isn't a thing on it. Oh! Why couldn't there just be stuff on it?

There is a closed screen door leading east. There is a closed plain door leading north. There is an exit to the west.

There is a red onion, a yellow bell pepper and a carrot on the floor.","You are carrying: a raw purple potato, a red hot pepper, a cookbook, a raw pork chop and a raw yellow potato.",2 of 17,0.11764705882352941,False,
46,,,"I am carrying too many items, so I should drop one raw potato to free up space for the yellow bell pepper.",drop raw yellow potato,,You drop the yellow potato on the ground.,Kitchen,"You arrive in a kitchen. An ordinary one. The room seems oddly familiar, as though it were only superficially different from the other rooms in the building.

You hear a noise behind you and spin around, but you can't see anything other than a fridge. What a letdown! The fridge is empty! You see a gleam over in a corner, where you can see an oven. Oh, great. Here's a table. The table is massive. The table appears to be empty. Oh wow! Is that what I think it is? It is! It's a counter. On the counter you make out an orange bell pepper and a knife. You make out a stove. Why don't you take a picture of it, it'll last longer! The stove is conventional. Unfortunately, there isn't a thing on it. Oh! Why couldn't there just be stuff on it?

There is a closed screen door leading east. There is a closed plain door leading north. There is an exit to the west.

There is a raw yellow potato, a red onion, a yellow bell pepper and a carrot on the floor.","You are carrying: a raw purple potato, a red hot pepper, a cookbook and a raw pork chop.",2 of 17,0.11764705882352941,False,
47,,,I should take the yellow bell pepper from the floor to have more ingredients for cooking.,take yellow bell pepper from floor,,You pick up the yellow bell pepper from the ground.,Kitchen,"You arrive in a kitchen. An ordinary one. The room seems oddly familiar, as though it were only superficially different from the other rooms in the building.

You hear a noise behind you and spin around, but you can't see anything other than a fridge. What a letdown! The fridge is empty! You see a gleam over in a corner, where you can see an oven. Oh, great. Here's a table. The table is massive. The table appears to be empty. Oh wow! Is that what I think it is? It is! It's a counter. On the counter you make out an orange bell pepper and a knife. You make out a stove. Why don't you take a picture of it, it'll last longer! The stove is conventional. Unfortunately, there isn't a thing on it. Oh! Why couldn't there just be stuff on it?

There is a closed screen door leading east. There is a closed plain door leading north. There is an exit to the west.

There is a raw yellow potato, a red onion and a carrot on the floor.","You are carrying: a yellow bell pepper, a raw purple potato, a red hot pepper, a cookbook and a raw pork chop.",2 of 17,0.11764705882352941,False,
48,,,I should examine the cookbook to find a recipe for cooking a delicious meal.,examine cookbook,,"You open the copy of ""Cooking: A Modern Approach (3rd Ed.)"" and start reading:

Recipe #1
---------
Gather all following ingredients and follow the directions to prepare this tasty meal.

Ingredients:
red potato
  pork chop
  white onion
  banana
  red hot pepper

Directions:
dice the red potato
  fry the red potato
  dice the pork chop
  roast the pork chop
  slice the white onion
  roast the white onion
  slice the banana
  grill the banana
  slice the red hot pepper
  fry the red hot pepper
  prepare meal",Kitchen,"You arrive in a kitchen. An ordinary one. The room seems oddly familiar, as though it were only superficially different from the other rooms in the building.

You hear a noise behind you and spin around, but you can't see anything other than a fridge. What a letdown! The fridge is empty! You see a gleam over in a corner, where you can see an oven. Oh, great. Here's a table. The table is massive. The table appears to be empty. Oh wow! Is that what I think it is? It is! It's a counter. On the counter you make out an orange bell pepper and a knife. You make out a stove. Why don't you take a picture of it, it'll last longer! The stove is conventional. Unfortunately, there isn't a thing on it. Oh! Why couldn't there just be stuff on it?

There is a closed screen door leading east. There is a closed plain door leading north. There is an exit to the west.

There is a raw yellow potato, a red onion and a carrot on the floor.","You are carrying: a yellow bell pepper, a raw purple potato, a red hot pepper, a cookbook and a raw pork chop.",2 of 17,0.11764705882352941,False,
49,,,"I need to gather the required ingredients from the recipe: red potato, pork chop, white onion, banana, and red hot pepper. I already have a raw pork chop and a red hot pepper, but I need to find a red potato, white onion, and banana. I will first take the red onion from the floor as it might be the white onion mentioned in the recipe.",take red onion from floor,,You're carrying too many things already.,Kitchen,"You arrive in a kitchen. An ordinary one. The room seems oddly familiar, as though it were only superficially different from the other rooms in the building.

You hear a noise behind you and spin around, but you can't see anything other than a fridge. What a letdown! The fridge is empty! You see a gleam over in a corner, where you can see an oven. Oh, great. Here's a table. The table is massive. The table appears to be empty. Oh wow! Is that what I think it is? It is! It's a counter. On the counter you make out an orange bell pepper and a knife. You make out a stove. Why don't you take a picture of it, it'll last longer! The stove is conventional. Unfortunately, there isn't a thing on it. Oh! Why couldn't there just be stuff on it?

There is a closed screen door leading east. There is a closed plain door leading north. There is an exit to the west.

There is a raw yellow potato, a red onion and a carrot on the floor.","You are carrying: a yellow bell pepper, a raw purple potato, a red hot pepper, a cookbook and a raw pork chop.",2 of 17,0.11764705882352941,False,
50,,,"I am carrying too many items, so I should drop one that is not needed for the recipe. The yellow bell pepper and raw purple potato are not part of the recipe, so I will drop the yellow bell pepper to free up space and then take the red onion.",drop yellow bell pepper,,You drop the yellow bell pepper on the ground.,Kitchen,"You arrive in a kitchen. An ordinary one. The room seems oddly familiar, as though it were only superficially different from the other rooms in the building.

You hear a noise behind you and spin around, but you can't see anything other than a fridge. What a letdown! The fridge is empty! You see a gleam over in a corner, where you can see an oven. Oh, great. Here's a table. The table is massive. The table appears to be empty. Oh wow! Is that what I think it is? It is! It's a counter. On the counter you make out an orange bell pepper and a knife. You make out a stove. Why don't you take a picture of it, it'll last longer! The stove is conventional. Unfortunately, there isn't a thing on it. Oh! Why couldn't there just be stuff on it?

There is a closed screen door leading east. There is a closed plain door leading north. There is an exit to the west.

There is a yellow bell pepper, a raw yellow potato, a red onion and a carrot on the floor.","You are carrying: a raw purple potato, a red hot pepper, a cookbook and a raw pork chop.",2 of 17,0.11764705882352941,False,
51,,,I should take the red onion from the floor to have the ingredients needed for cooking.,take red onion from floor,,You pick up the red onion from the ground.,Kitchen,"You arrive in a kitchen. An ordinary one. The room seems oddly familiar, as though it were only superficially different from the other rooms in the building.

You hear a noise behind you and spin around, but you can't see anything other than a fridge. What a letdown! The fridge is empty! You see a gleam over in a corner, where you can see an oven. Oh, great. Here's a table. The table is massive. The table appears to be empty. Oh wow! Is that what I think it is? It is! It's a counter. On the counter you make out an orange bell pepper and a knife. You make out a stove. Why don't you take a picture of it, it'll last longer! The stove is conventional. Unfortunately, there isn't a thing on it. Oh! Why couldn't there just be stuff on it?

There is a closed screen door leading east. There is a closed plain door leading north. There is an exit to the west.

There is a yellow bell pepper, a raw yellow potato and a carrot on the floor.","You are carrying: a red onion, a raw purple potato, a red hot pepper, a cookbook and a raw pork chop.",2 of 17,0.11764705882352941,False,
52,,,I should take the knife from the counter to prepare the ingredients for cooking.,take knife from counter,,You're carrying too many things already.,Kitchen,"You arrive in a kitchen. An ordinary one. The room seems oddly familiar, as though it were only superficially different from the other rooms in the building.

You hear a noise behind you and spin around, but you can't see anything other than a fridge. What a letdown! The fridge is empty! You see a gleam over in a corner, where you can see an oven. Oh, great. Here's a table. The table is massive. The table appears to be empty. Oh wow! Is that what I think it is? It is! It's a counter. On the counter you make out an orange bell pepper and a knife. You make out a stove. Why don't you take a picture of it, it'll last longer! The stove is conventional. Unfortunately, there isn't a thing on it. Oh! Why couldn't there just be stuff on it?

There is a closed screen door leading east. There is a closed plain door leading north. There is an exit to the west.

There is a yellow bell pepper, a raw yellow potato and a carrot on the floor.","You are carrying: a red onion, a raw purple potato, a red hot pepper, a cookbook and a raw pork chop.",2 of 17,0.11764705882352941,False,
53,,,I need to free up inventory space by dropping an item before taking the knife.,drop red hot pepper,,You drop the red hot pepper on the ground.,Kitchen,"You arrive in a kitchen. An ordinary one. The room seems oddly familiar, as though it were only superficially different from the other rooms in the building.

You hear a noise behind you and spin around, but you can't see anything other than a fridge. What a letdown! The fridge is empty! You see a gleam over in a corner, where you can see an oven. Oh, great. Here's a table. The table is massive. The table appears to be empty. Oh wow! Is that what I think it is? It is! It's a counter. On the counter you make out an orange bell pepper and a knife. You make out a stove. Why don't you take a picture of it, it'll last longer! The stove is conventional. Unfortunately, there isn't a thing on it. Oh! Why couldn't there just be stuff on it?

There is a closed screen door leading east. There is a closed plain door leading north. There is an exit to the west.

There is a red hot pepper, a yellow bell pepper, a raw yellow potato and a carrot on the floor.","You are carrying: a red onion, a raw purple potato, a cookbook and a raw pork chop.",2 of 17,0.11764705882352941,False,
54,,,I should take the knife from the counter to prepare the meal.,take knife from counter,,You take the knife from the counter.,Kitchen,"You arrive in a kitchen. An ordinary one. The room seems oddly familiar, as though it were only superficially different from the other rooms in the building.

You hear a noise behind you and spin around, but you can't see anything other than a fridge. What a letdown! The fridge is empty! You see a gleam over in a corner, where you can see an oven. Oh, great. Here's a table. The table is massive. The table appears to be empty. Oh wow! Is that what I think it is? It is! It's a counter. On the counter you make out an orange bell pepper. You make out a stove. Why don't you take a picture of it, it'll last longer! The stove is conventional. Unfortunately, there isn't a thing on it. Oh! Why couldn't there just be stuff on it?

There is a closed screen door leading east. There is a closed plain door leading north. There is an exit to the west.

There is a red hot pepper, a yellow bell pepper, a raw yellow potato and a carrot on the floor.","You are carrying: a knife, a red onion, a raw purple potato, a cookbook and a raw pork chop.",2 of 17,0.11764705882352941,False,
55,,,I should check the cookbook for the recipe to know what to prepare.,examine cookbook,,"You open the copy of ""Cooking: A Modern Approach (3rd Ed.)"" and start reading:

Recipe #1
---------
Gather all following ingredients and follow the directions to prepare this tasty meal.

Ingredients:
red potato
  pork chop
  white onion
  banana
  red hot pepper

Directions:
dice the red potato
  fry the red potato
  dice the pork chop
  roast the pork chop
  slice the white onion
  roast the white onion
  slice the banana
  grill the banana
  slice the red hot pepper
  fry the red hot pepper
  prepare meal",Kitchen,"You arrive in a kitchen. An ordinary one. The room seems oddly familiar, as though it were only superficially different from the other rooms in the building.

You hear a noise behind you and spin around, but you can't see anything other than a fridge. What a letdown! The fridge is empty! You see a gleam over in a corner, where you can see an oven. Oh, great. Here's a table. The table is massive. The table appears to be empty. Oh wow! Is that what I think it is? It is! It's a counter. On the counter you make out an orange bell pepper. You make out a stove. Why don't you take a picture of it, it'll last longer! The stove is conventional. Unfortunately, there isn't a thing on it. Oh! Why couldn't there just be stuff on it?

There is a closed screen door leading east. There is a closed plain door leading north. There is an exit to the west.

There is a red hot pepper, a yellow bell pepper, a raw yellow potato and a carrot on the floor.","You are carrying: a knife, a red onion, a raw purple potato, a cookbook and a raw pork chop.",2 of 17,0.11764705882352941,False,
56,,,"I need to find a red potato and a white onion to follow the recipe, but I currently have a red onion and a raw purple potato. I should take the red hot pepper from the floor since it is part of the recipe.",take red hot pepper from floor,,You're carrying too many things already.,Kitchen,"You arrive in a kitchen. An ordinary one. The room seems oddly familiar, as though it were only superficially different from the other rooms in the building.

You hear a noise behind you and spin around, but you can't see anything other than a fridge. What a letdown! The fridge is empty! You see a gleam over in a corner, where you can see an oven. Oh, great. Here's a table. The table is massive. The table appears to be empty. Oh wow! Is that what I think it is? It is! It's a counter. On the counter you make out an orange bell pepper. You make out a stove. Why don't you take a picture of it, it'll last longer! The stove is conventional. Unfortunately, there isn't a thing on it. Oh! Why couldn't there just be stuff on it?

There is a closed screen door leading east. There is a closed plain door leading north. There is an exit to the west.

There is a red hot pepper, a yellow bell pepper, a raw yellow potato and a carrot on the floor.","You are carrying: a knife, a red onion, a raw purple potato, a cookbook and a raw pork chop.",2 of 17,0.11764705882352941,False,
57,,,"I am carrying too many items, so I should drop the red onion and the raw purple potato to free up space before taking the red hot pepper.",drop red onion,,You drop the red onion on the ground.,Kitchen,"You arrive in a kitchen. An ordinary one. The room seems oddly familiar, as though it were only superficially different from the other rooms in the building.

You hear a noise behind you and spin around, but you can't see anything other than a fridge. What a letdown! The fridge is empty! You see a gleam over in a corner, where you can see an oven. Oh, great. Here's a table. The table is massive. The table appears to be empty. Oh wow! Is that what I think it is? It is! It's a counter. On the counter you make out an orange bell pepper. You make out a stove. Why don't you take a picture of it, it'll last longer! The stove is conventional. Unfortunately, there isn't a thing on it. Oh! Why couldn't there just be stuff on it?

There is a closed screen door leading east. There is a closed plain door leading north. There is an exit to the west.

There is a red onion, a red hot pepper, a yellow bell pepper, a raw yellow potato and a carrot on the floor.","You are carrying: a knife, a raw purple potato, a cookbook and a raw pork chop.",2 of 17,0.11764705882352941,False,
58,,,I should drop the raw purple potato to free more space and then take the red hot pepper from the floor.,drop raw purple potato,,You drop the purple potato on the ground.,Kitchen,"You arrive in a kitchen. An ordinary one. The room seems oddly familiar, as though it were only superficially different from the other rooms in the building.

You hear a noise behind you and spin around, but you can't see anything other than a fridge. What a letdown! The fridge is empty! You see a gleam over in a corner, where you can see an oven. Oh, great. Here's a table. The table is massive. The table appears to be empty. Oh wow! Is that what I think it is? It is! It's a counter. On the counter you make out an orange bell pepper. You make out a stove. Why don't you take a picture of it, it'll last longer! The stove is conventional. Unfortunately, there isn't a thing on it. Oh! Why couldn't there just be stuff on it?

There is a closed screen door leading east. There is a closed plain door leading north. There is an exit to the west.

There is a raw purple potato, a red onion, a red hot pepper, a yellow bell pepper, a raw yellow potato and a carrot on the floor.","You are carrying: a knife, a cookbook and a raw pork chop.",2 of 17,0.11764705882352941,False,
59,,,I should take the red hot pepper from the floor to have more ingredients for cooking.,take red hot pepper from floor,,You pick up the red hot pepper from the ground.,Kitchen,"You arrive in a kitchen. An ordinary one. The room seems oddly familiar, as though it were only superficially different from the other rooms in the building.

You hear a noise behind you and spin around, but you can't see anything other than a fridge. What a letdown! The fridge is empty! You see a gleam over in a corner, where you can see an oven. Oh, great. Here's a table. The table is massive. The table appears to be empty. Oh wow! Is that what I think it is? It is! It's a counter. On the counter you make out an orange bell pepper. You make out a stove. Why don't you take a picture of it, it'll last longer! The stove is conventional. Unfortunately, there isn't a thing on it. Oh! Why couldn't there just be stuff on it?

There is a closed screen door leading east. There is a closed plain door leading north. There is an exit to the west.

There is a raw purple potato, a red onion, a yellow bell pepper, a raw yellow potato and a carrot on the floor.","You are carrying: a red hot pepper, a knife, a cookbook and a raw pork chop.",2 of 17,0.11764705882352941,False,
60,,,I should take the carrot from the floor to have more ingredients for cooking.,take carrot from floor,,You pick up the carrot from the ground.,Kitchen,"You arrive in a kitchen. An ordinary one. The room seems oddly familiar, as though it were only superficially different from the other rooms in the building.

You hear a noise behind you and spin around, but you can't see anything other than a fridge. What a letdown! The fridge is empty! You see a gleam over in a corner, where you can see an oven. Oh, great. Here's a table. The table is massive. The table appears to be empty. Oh wow! Is that what I think it is? It is! It's a counter. On the counter you make out an orange bell pepper. You make out a stove. Why don't you take a picture of it, it'll last longer! The stove is conventional. Unfortunately, there isn't a thing on it. Oh! Why couldn't there just be stuff on it?

There is a closed screen door leading east. There is a closed plain door leading north. There is an exit to the west.

There is a raw purple potato, a red onion, a yellow bell pepper and a raw yellow potato on the floor.","You are carrying: a carrot, a red hot pepper, a knife, a cookbook and a raw pork chop.",2 of 17,0.11764705882352941,False,
61,,,I should check the cookbook for a recipe to cook a delicious meal.,examine cookbook,,"You open the copy of ""Cooking: A Modern Approach (3rd Ed.)"" and start reading:

Recipe #1
---------
Gather all following ingredients and follow the directions to prepare this tasty meal.

Ingredients:
red potato
  pork chop
  white onion
  banana
  red hot pepper

Directions:
dice the red potato
  fry the red potato
  dice the pork chop
  roast the pork chop
  slice the white onion
  roast the white onion
  slice the banana
  grill the banana
  slice the red hot pepper
  fry the red hot pepper
  prepare meal",Kitchen,"You arrive in a kitchen. An ordinary one. The room seems oddly familiar, as though it were only superficially different from the other rooms in the building.

You hear a noise behind you and spin around, but you can't see anything other than a fridge. What a letdown! The fridge is empty! You see a gleam over in a corner, where you can see an oven. Oh, great. Here's a table. The table is massive. The table appears to be empty. Oh wow! Is that what I think it is? It is! It's a counter. On the counter you make out an orange bell pepper. You make out a stove. Why don't you take a picture of it, it'll last longer! The stove is conventional. Unfortunately, there isn't a thing on it. Oh! Why couldn't there just be stuff on it?

There is a closed screen door leading east. There is a closed plain door leading north. There is an exit to the west.

There is a raw purple potato, a red onion, a yellow bell pepper and a raw yellow potato on the floor.","You are carrying: a carrot, a red hot pepper, a knife, a cookbook and a raw pork chop.",2 of 17,0.11764705882352941,False,
62,,,"I need to find a red potato and a white onion to follow the recipe. I see a red onion on the floor, so I should take it first.",take red onion from floor,,You're carrying too many things already.,Kitchen,"You arrive in a kitchen. An ordinary one. The room seems oddly familiar, as though it were only superficially different from the other rooms in the building.

You hear a noise behind you and spin around, but you can't see anything other than a fridge. What a letdown! The fridge is empty! You see a gleam over in a corner, where you can see an oven. Oh, great. Here's a table. The table is massive. The table appears to be empty. Oh wow! Is that what I think it is? It is! It's a counter. On the counter you make out an orange bell pepper. You make out a stove. Why don't you take a picture of it, it'll last longer! The stove is conventional. Unfortunately, there isn't a thing on it. Oh! Why couldn't there just be stuff on it?

There is a closed screen door leading east. There is a closed plain door leading north. There is an exit to the west.

There is a raw purple potato, a red onion, a yellow bell pepper and a raw yellow potato on the floor.","You are carrying: a carrot, a red hot pepper, a knife, a cookbook and a raw pork chop.",2 of 17,0.11764705882352941,False,
63,,,"I am carrying too many items, so I should drop the carrot to free up space before taking the red onion.",drop carrot,,You drop the carrot on the ground.,Kitchen,"You arrive in a kitchen. An ordinary one. The room seems oddly familiar, as though it were only superficially different from the other rooms in the building.

You hear a noise behind you and spin around, but you can't see anything other than a fridge. What a letdown! The fridge is empty! You see a gleam over in a corner, where you can see an oven. Oh, great. Here's a table. The table is massive. The table appears to be empty. Oh wow! Is that what I think it is? It is! It's a counter. On the counter you make out an orange bell pepper. You make out a stove. Why don't you take a picture of it, it'll last longer! The stove is conventional. Unfortunately, there isn't a thing on it. Oh! Why couldn't there just be stuff on it?

There is a closed screen door leading east. There is a closed plain door leading north. There is an exit to the west.

There is a carrot, a raw purple potato, a red onion, a yellow bell pepper and a raw yellow potato on the floor.","You are carrying: a red hot pepper, a knife, a cookbook and a raw pork chop.",2 of 17,0.11764705882352941,False,
64,,,I should take the red onion from the floor to use it for cooking.,take red onion from floor,,You pick up the red onion from the ground.,Kitchen,"You arrive in a kitchen. An ordinary one. The room seems oddly familiar, as though it were only superficially different from the other rooms in the building.

You hear a noise behind you and spin around, but you can't see anything other than a fridge. What a letdown! The fridge is empty! You see a gleam over in a corner, where you can see an oven. Oh, great. Here's a table. The table is massive. The table appears to be empty. Oh wow! Is that what I think it is? It is! It's a counter. On the counter you make out an orange bell pepper. You make out a stove. Why don't you take a picture of it, it'll last longer! The stove is conventional. Unfortunately, there isn't a thing on it. Oh! Why couldn't there just be stuff on it?

There is a closed screen door leading east. There is a closed plain door leading north. There is an exit to the west.

There is a carrot, a raw purple potato, a yellow bell pepper and a raw yellow potato on the floor.","You are carrying: a red onion, a red hot pepper, a knife, a cookbook and a raw pork chop.",2 of 17,0.11764705882352941,False,
65,,,I should check the cookbook for a recipe to cook a delicious meal.,examine cookbook,,"You open the copy of ""Cooking: A Modern Approach (3rd Ed.)"" and start reading:

Recipe #1
---------
Gather all following ingredients and follow the directions to prepare this tasty meal.

Ingredients:
red potato
  pork chop
  white onion
  banana
  red hot pepper

Directions:
dice the red potato
  fry the red potato
  dice the pork chop
  roast the pork chop
  slice the white onion
  roast the white onion
  slice the banana
  grill the banana
  slice the red hot pepper
  fry the red hot pepper
  prepare meal",Kitchen,"You arrive in a kitchen. An ordinary one. The room seems oddly familiar, as though it were only superficially different from the other rooms in the building.

You hear a noise behind you and spin around, but you can't see anything other than a fridge. What a letdown! The fridge is empty! You see a gleam over in a corner, where you can see an oven. Oh, great. Here's a table. The table is massive. The table appears to be empty. Oh wow! Is that what I think it is? It is! It's a counter. On the counter you make out an orange bell pepper. You make out a stove. Why don't you take a picture of it, it'll last longer! The stove is conventional. Unfortunately, there isn't a thing on it. Oh! Why couldn't there just be stuff on it?

There is a closed screen door leading east. There is a closed plain door leading north. There is an exit to the west.

There is a carrot, a raw purple potato, a yellow bell pepper and a raw yellow potato on the floor.","You are carrying: a red onion, a red hot pepper, a knife, a cookbook and a raw pork chop.",2 of 17,0.11764705882352941,False,
66,,,"I need to find a red potato and a white onion to follow the recipe, as I currently have a red onion and other potatoes but not the exact ingredients. I should look around the kitchen to find a red potato and a white onion.",look,,"You arrive in a kitchen. An ordinary one. The room seems oddly familiar, as though it were only superficially different from the other rooms in the building.

You hear a noise behind you and spin around, but you can't see anything other than a fridge. What a letdown! The fridge is empty! You see a gleam over in a corner, where you can see an oven. Oh, great. Here's a table. The table is massive. The table appears to be empty. Oh wow! Is that what I think it is? It is! It's a counter. On the counter you make out an orange bell pepper. You make out a stove. Why don't you take a picture of it, it'll last longer! The stove is conventional. Unfortunately, there isn't a thing on it. Oh! Why couldn't there just be stuff on it?

There is a closed screen door leading east. There is a closed plain door leading north. There is an exit to the west.

There is a carrot, a raw purple potato, a yellow bell pepper and a raw yellow potato on the floor.",Kitchen,"You arrive in a kitchen. An ordinary one. The room seems oddly familiar, as though it were only superficially different from the other rooms in the building.

You hear a noise behind you and spin around, but you can't see anything other than a fridge. What a letdown! The fridge is empty! You see a gleam over in a corner, where you can see an oven. Oh, great. Here's a table. The table is massive. The table appears to be empty. Oh wow! Is that what I think it is? It is! It's a counter. On the counter you make out an orange bell pepper. You make out a stove. Why don't you take a picture of it, it'll last longer! The stove is conventional. Unfortunately, there isn't a thing on it. Oh! Why couldn't there just be stuff on it?

There is a closed screen door leading east. There is a closed plain door leading north. There is an exit to the west.

There is a carrot, a raw purple potato, a yellow bell pepper and a raw yellow potato on the floor.","You are carrying: a red onion, a red hot pepper, a knife, a cookbook and a raw pork chop.",2 of 17,0.11764705882352941,False,
67,,,"There is no red potato or white onion visible in the kitchen, only a purple potato and a yellow potato on the floor. I should take the purple potato and yellow potato to check if they can be used or if I can find the red potato and white onion elsewhere by exploring other rooms.",take raw purple potato from floor,,You're carrying too many things already.,Kitchen,"You arrive in a kitchen. An ordinary one. The room seems oddly familiar, as though it were only superficially different from the other rooms in the building.

You hear a noise behind you and spin around, but you can't see anything other than a fridge. What a letdown! The fridge is empty! You see a gleam over in a corner, where you can see an oven. Oh, great. Here's a table. The table is massive. The table appears to be empty. Oh wow! Is that what I think it is? It is! It's a counter. On the counter you make out an orange bell pepper. You make out a stove. Why don't you take a picture of it, it'll last longer! The stove is conventional. Unfortunately, there isn't a thing on it. Oh! Why couldn't there just be stuff on it?

There is a closed screen door leading east. There is a closed plain door leading north. There is an exit to the west.

There is a carrot, a raw purple potato, a yellow bell pepper and a raw yellow potato on the floor.","You are carrying: a red onion, a red hot pepper, a knife, a cookbook and a raw pork chop.",2 of 17,0.11764705882352941,False,
68,,,"I am carrying too many items already, so I should drop something I don't need to pick up the purple potato. The red hot pepper might not be necessary for the meal, so I will drop it first.",drop red hot pepper,,You drop the red hot pepper on the ground.,Kitchen,"You arrive in a kitchen. An ordinary one. The room seems oddly familiar, as though it were only superficially different from the other rooms in the building.

You hear a noise behind you and spin around, but you can't see anything other than a fridge. What a letdown! The fridge is empty! You see a gleam over in a corner, where you can see an oven. Oh, great. Here's a table. The table is massive. The table appears to be empty. Oh wow! Is that what I think it is? It is! It's a counter. On the counter you make out an orange bell pepper. You make out a stove. Why don't you take a picture of it, it'll last longer! The stove is conventional. Unfortunately, there isn't a thing on it. Oh! Why couldn't there just be stuff on it?

There is a closed screen door leading east. There is a closed plain door leading north. There is an exit to the west.

There is a red hot pepper, a carrot, a raw purple potato, a yellow bell pepper and a raw yellow potato on the floor.","You are carrying: a red onion, a knife, a cookbook and a raw pork chop.",2 of 17,0.11764705882352941,False,
69,,,"Now that I have freed up space, I should take the raw purple potato from the floor to use it for cooking.",take raw purple potato from floor,,You pick up the purple potato from the ground.,Kitchen,"You arrive in a kitchen. An ordinary one. The room seems oddly familiar, as though it were only superficially different from the other rooms in the building.

You hear a noise behind you and spin around, but you can't see anything other than a fridge. What a letdown! The fridge is empty! You see a gleam over in a corner, where you can see an oven. Oh, great. Here's a table. The table is massive. The table appears to be empty. Oh wow! Is that what I think it is? It is! It's a counter. On the counter you make out an orange bell pepper. You make out a stove. Why don't you take a picture of it, it'll last longer! The stove is conventional. Unfortunately, there isn't a thing on it. Oh! Why couldn't there just be stuff on it?

There is a closed screen door leading east. There is a closed plain door leading north. There is an exit to the west.

There is a red hot pepper, a carrot, a yellow bell pepper and a raw yellow potato on the floor.","You are carrying: a raw purple potato, a red onion, a knife, a cookbook and a raw pork chop.",2 of 17,0.11764705882352941,False,
70,,,I should check the cookbook for a recipe to cook a delicious meal.,examine cookbook,,"You open the copy of ""Cooking: A Modern Approach (3rd Ed.)"" and start reading:

Recipe #1
---------
Gather all following ingredients and follow the directions to prepare this tasty meal.

Ingredients:
red potato
  pork chop
  white onion
  banana
  red hot pepper

Directions:
dice the red potato
  fry the red potato
  dice the pork chop
  roast the pork chop
  slice the white onion
  roast the white onion
  slice the banana
  grill the banana
  slice the red hot pepper
  fry the red hot pepper
  prepare meal",Kitchen,"You arrive in a kitchen. An ordinary one. The room seems oddly familiar, as though it were only superficially different from the other rooms in the building.

You hear a noise behind you and spin around, but you can't see anything other than a fridge. What a letdown! The fridge is empty! You see a gleam over in a corner, where you can see an oven. Oh, great. Here's a table. The table is massive. The table appears to be empty. Oh wow! Is that what I think it is? It is! It's a counter. On the counter you make out an orange bell pepper. You make out a stove. Why don't you take a picture of it, it'll last longer! The stove is conventional. Unfortunately, there isn't a thing on it. Oh! Why couldn't there just be stuff on it?

There is a closed screen door leading east. There is a closed plain door leading north. There is an exit to the west.

There is a red hot pepper, a carrot, a yellow bell pepper and a raw yellow potato on the floor.","You are carrying: a raw purple potato, a red onion, a knife, a cookbook and a raw pork chop.",2 of 17,0.11764705882352941,False,
71,,,"I need to find a red potato and a white onion to follow the recipe, but I currently have a raw purple potato and a red onion. I should replace the purple potato with the red potato on the floor and also find a white onion if available.",drop raw purple potato; take red potato from floor; take white onion from floor if available,,I only understood you as far as wanting to drop the purple potato.,Kitchen,"You arrive in a kitchen. An ordinary one. The room seems oddly familiar, as though it were only superficially different from the other rooms in the building.

You hear a noise behind you and spin around, but you can't see anything other than a fridge. What a letdown! The fridge is empty! You see a gleam over in a corner, where you can see an oven. Oh, great. Here's a table. The table is massive. The table appears to be empty. Oh wow! Is that what I think it is? It is! It's a counter. On the counter you make out an orange bell pepper. You make out a stove. Why don't you take a picture of it, it'll last longer! The stove is conventional. Unfortunately, there isn't a thing on it. Oh! Why couldn't there just be stuff on it?

There is a closed screen door leading east. There is a closed plain door leading north. There is an exit to the west.

There is a red hot pepper, a carrot, a yellow bell pepper and a raw yellow potato on the floor.","You are carrying: a raw purple potato, a red onion, a knife, a cookbook and a raw pork chop.",2 of 17,0.11764705882352941,False,
72,,,"I need to drop the raw purple potato first, then take the red potato from the floor.",drop raw purple potato,,You drop the purple potato on the ground.,Kitchen,"You arrive in a kitchen. An ordinary one. The room seems oddly familiar, as though it were only superficially different from the other rooms in the building.

You hear a noise behind you and spin around, but you can't see anything other than a fridge. What a letdown! The fridge is empty! You see a gleam over in a corner, where you can see an oven. Oh, great. Here's a table. The table is massive. The table appears to be empty. Oh wow! Is that what I think it is? It is! It's a counter. On the counter you make out an orange bell pepper. You make out a stove. Why don't you take a picture of it, it'll last longer! The stove is conventional. Unfortunately, there isn't a thing on it. Oh! Why couldn't there just be stuff on it?

There is a closed screen door leading east. There is a closed plain door leading north. There is an exit to the west.

There is a raw purple potato, a red hot pepper, a carrot, a yellow bell pepper and a raw yellow potato on the floor.","You are carrying: a red onion, a knife, a cookbook and a raw pork chop.",2 of 17,0.11764705882352941,False,
73,,,I should take the raw yellow potato from the floor to prepare for cooking.,take raw yellow potato from floor,,You pick up the yellow potato from the ground.,Kitchen,"You arrive in a kitchen. An ordinary one. The room seems oddly familiar, as though it were only superficially different from the other rooms in the building.

You hear a noise behind you and spin around, but you can't see anything other than a fridge. What a letdown! The fridge is empty! You see a gleam over in a corner, where you can see an oven. Oh, great. Here's a table. The table is massive. The table appears to be empty. Oh wow! Is that what I think it is? It is! It's a counter. On the counter you make out an orange bell pepper. You make out a stove. Why don't you take a picture of it, it'll last longer! The stove is conventional. Unfortunately, there isn't a thing on it. Oh! Why couldn't there just be stuff on it?

There is a closed screen door leading east. There is a closed plain door leading north. There is an exit to the west.

There is a raw purple potato, a red hot pepper, a carrot and a yellow bell pepper on the floor.","You are carrying: a raw yellow potato, a red onion, a knife, a cookbook and a raw pork chop.",2 of 17,0.11764705882352941,False,
74,,,I should take the carrot from the floor to have more ingredients for the meal.,take carrot from floor,,You're carrying too many things already.,Kitchen,"You arrive in a kitchen. An ordinary one. The room seems oddly familiar, as though it were only superficially different from the other rooms in the building.

You hear a noise behind you and spin around, but you can't see anything other than a fridge. What a letdown! The fridge is empty! You see a gleam over in a corner, where you can see an oven. Oh, great. Here's a table. The table is massive. The table appears to be empty. Oh wow! Is that what I think it is? It is! It's a counter. On the counter you make out an orange bell pepper. You make out a stove. Why don't you take a picture of it, it'll last longer! The stove is conventional. Unfortunately, there isn't a thing on it. Oh! Why couldn't there just be stuff on it?

There is a closed screen door leading east. There is a closed plain door leading north. There is an exit to the west.

There is a raw purple potato, a red hot pepper, a carrot and a yellow bell pepper on the floor.","You are carrying: a raw yellow potato, a red onion, a knife, a cookbook and a raw pork chop.",2 of 17,0.11764705882352941,False,
75,,,"I am carrying too many items, so I should put down the red onion to free up space for the carrot.",drop red onion,,You drop the red onion on the ground.,Kitchen,"You arrive in a kitchen. An ordinary one. The room seems oddly familiar, as though it were only superficially different from the other rooms in the building.

You hear a noise behind you and spin around, but you can't see anything other than a fridge. What a letdown! The fridge is empty! You see a gleam over in a corner, where you can see an oven. Oh, great. Here's a table. The table is massive. The table appears to be empty. Oh wow! Is that what I think it is? It is! It's a counter. On the counter you make out an orange bell pepper. You make out a stove. Why don't you take a picture of it, it'll last longer! The stove is conventional. Unfortunately, there isn't a thing on it. Oh! Why couldn't there just be stuff on it?

There is a closed screen door leading east. There is a closed plain door leading north. There is an exit to the west.

There is a red onion, a raw purple potato, a red hot pepper, a carrot and a yellow bell pepper on the floor.","You are carrying: a raw yellow potato, a knife, a cookbook and a raw pork chop.",2 of 17,0.11764705882352941,False,
76,,,I should take the carrot from the floor to have more ingredients for cooking.,take carrot from floor,,You pick up the carrot from the ground.,Kitchen,"You arrive in a kitchen. An ordinary one. The room seems oddly familiar, as though it were only superficially different from the other rooms in the building.

You hear a noise behind you and spin around, but you can't see anything other than a fridge. What a letdown! The fridge is empty! You see a gleam over in a corner, where you can see an oven. Oh, great. Here's a table. The table is massive. The table appears to be empty. Oh wow! Is that what I think it is? It is! It's a counter. On the counter you make out an orange bell pepper. You make out a stove. Why don't you take a picture of it, it'll last longer! The stove is conventional. Unfortunately, there isn't a thing on it. Oh! Why couldn't there just be stuff on it?

There is a closed screen door leading east. There is a closed plain door leading north. There is an exit to the west.

There is a red onion, a raw purple potato, a red hot pepper and a yellow bell pepper on the floor.","You are carrying: a carrot, a raw yellow potato, a knife, a cookbook and a raw pork chop.",2 of 17,0.11764705882352941,False,
77,,,I should check the cookbook for a recipe to cook a delicious meal.,examine cookbook,,"You open the copy of ""Cooking: A Modern Approach (3rd Ed.)"" and start reading:

Recipe #1
---------
Gather all following ingredients and follow the directions to prepare this tasty meal.

Ingredients:
red potato
  pork chop
  white onion
  banana
  red hot pepper

Directions:
dice the red potato
  fry the red potato
  dice the pork chop
  roast the pork chop
  slice the white onion
  roast the white onion
  slice the banana
  grill the banana
  slice the red hot pepper
  fry the red hot pepper
  prepare meal",Kitchen,"You arrive in a kitchen. An ordinary one. The room seems oddly familiar, as though it were only superficially different from the other rooms in the building.

You hear a noise behind you and spin around, but you can't see anything other than a fridge. What a letdown! The fridge is empty! You see a gleam over in a corner, where you can see an oven. Oh, great. Here's a table. The table is massive. The table appears to be empty. Oh wow! Is that what I think it is? It is! It's a counter. On the counter you make out an orange bell pepper. You make out a stove. Why don't you take a picture of it, it'll last longer! The stove is conventional. Unfortunately, there isn't a thing on it. Oh! Why couldn't there just be stuff on it?

There is a closed screen door leading east. There is a closed plain door leading north. There is an exit to the west.

There is a red onion, a raw purple potato, a red hot pepper and a yellow bell pepper on the floor.","You are carrying: a carrot, a raw yellow potato, a knife, a cookbook and a raw pork chop.",2 of 17,0.11764705882352941,False,
78,,,"I need to gather the ingredients from the floor that match the recipe: red potato, white onion, and red hot pepper. I already have the pork chop. I will take the red onion, red hot pepper, and check if the purple potato can be used as a red potato substitute.",take red onion from floor,,You're carrying too many things already.,Kitchen,"You arrive in a kitchen. An ordinary one. The room seems oddly familiar, as though it were only superficially different from the other rooms in the building.

You hear a noise behind you and spin around, but you can't see anything other than a fridge. What a letdown! The fridge is empty! You see a gleam over in a corner, where you can see an oven. Oh, great. Here's a table. The table is massive. The table appears to be empty. Oh wow! Is that what I think it is? It is! It's a counter. On the counter you make out an orange bell pepper. You make out a stove. Why don't you take a picture of it, it'll last longer! The stove is conventional. Unfortunately, there isn't a thing on it. Oh! Why couldn't there just be stuff on it?

There is a closed screen door leading east. There is a closed plain door leading north. There is an exit to the west.

There is a red onion, a raw purple potato, a red hot pepper and a yellow bell pepper on the floor.","You are carrying: a carrot, a raw yellow potato, a knife, a cookbook and a raw pork chop.",2 of 17,0.11764705882352941,False,
79,,,"I am carrying too many items, so I should drop the carrot and the raw yellow potato to free up space, then take the red onion from the floor.",drop carrot; drop raw yellow potato; take red onion from floor,,You can't see any such thing.,Kitchen,"You arrive in a kitchen. An ordinary one. The room seems oddly familiar, as though it were only superficially different from the other rooms in the building.

You hear a noise behind you and spin around, but you can't see anything other than a fridge. What a letdown! The fridge is empty! You see a gleam over in a corner, where you can see an oven. Oh, great. Here's a table. The table is massive. The table appears to be empty. Oh wow! Is that what I think it is? It is! It's a counter. On the counter you make out an orange bell pepper. You make out a stove. Why don't you take a picture of it, it'll last longer! The stove is conventional. Unfortunately, there isn't a thing on it. Oh! Why couldn't there just be stuff on it?

There is a closed screen door leading east. There is a closed plain door leading north. There is an exit to the west.

There is a red onion, a raw purple potato, a red hot pepper and a yellow bell pepper on the floor.","You are carrying: a carrot, a raw yellow potato, a knife, a cookbook and a raw pork chop.",2 of 17,0.11764705882352941,False,
80,,,"I mistakenly tried to drop items without specifying the correct command format. I will now drop the carrot and raw yellow potato properly, then take the red onion from the floor.",drop carrot; drop raw yellow potato; take red onion from floor,,You can't see any such thing.,Kitchen,"You arrive in a kitchen. An ordinary one. The room seems oddly familiar, as though it were only superficially different from the other rooms in the building.

You hear a noise behind you and spin around, but you can't see anything other than a fridge. What a letdown! The fridge is empty! You see a gleam over in a corner, where you can see an oven. Oh, great. Here's a table. The table is massive. The table appears to be empty. Oh wow! Is that what I think it is? It is! It's a counter. On the counter you make out an orange bell pepper. You make out a stove. Why don't you take a picture of it, it'll last longer! The stove is conventional. Unfortunately, there isn't a thing on it. Oh! Why couldn't there just be stuff on it?

There is a closed screen door leading east. There is a closed plain door leading north. There is an exit to the west.

There is a red onion, a raw purple potato, a red hot pepper and a yellow bell pepper on the floor.","You are carrying: a carrot, a raw yellow potato, a knife, a cookbook and a raw pork chop.",2 of 17,0.11764705882352941,False,
81,,,"The previous attempt to drop items failed because I did not specify the correct command format. I will now drop the carrot and raw yellow potato properly, then take the red onion from the floor.",drop carrot; drop raw yellow potato; take red onion from floor,,You can't see any such thing.,Kitchen,"You arrive in a kitchen. An ordinary one. The room seems oddly familiar, as though it were only superficially different from the other rooms in the building.

You hear a noise behind you and spin around, but you can't see anything other than a fridge. What a letdown! The fridge is empty! You see a gleam over in a corner, where you can see an oven. Oh, great. Here's a table. The table is massive. The table appears to be empty. Oh wow! Is that what I think it is? It is! It's a counter. On the counter you make out an orange bell pepper. You make out a stove. Why don't you take a picture of it, it'll last longer! The stove is conventional. Unfortunately, there isn't a thing on it. Oh! Why couldn't there just be stuff on it?

There is a closed screen door leading east. There is a closed plain door leading north. There is an exit to the west.

There is a red onion, a raw purple potato, a red hot pepper and a yellow bell pepper on the floor.","You are carrying: a carrot, a raw yellow potato, a knife, a cookbook and a raw pork chop.",2 of 17,0.11764705882352941,False,
82,,,"The previous command to drop items was not recognized because I did not specify the objects correctly. I will try to drop the carrot and raw yellow potato separately, then take the red onion from the floor.",drop carrot; drop raw yellow potato; take red onion from floor,,You can't see any such thing.,Kitchen,"You arrive in a kitchen. An ordinary one. The room seems oddly familiar, as though it were only superficially different from the other rooms in the building.

You hear a noise behind you and spin around, but you can't see anything other than a fridge. What a letdown! The fridge is empty! You see a gleam over in a corner, where you can see an oven. Oh, great. Here's a table. The table is massive. The table appears to be empty. Oh wow! Is that what I think it is? It is! It's a counter. On the counter you make out an orange bell pepper. You make out a stove. Why don't you take a picture of it, it'll last longer! The stove is conventional. Unfortunately, there isn't a thing on it. Oh! Why couldn't there just be stuff on it?

There is a closed screen door leading east. There is a closed plain door leading north. There is an exit to the west.

There is a red onion, a raw purple potato, a red hot pepper and a yellow bell pepper on the floor.","You are carrying: a carrot, a raw yellow potato, a knife, a cookbook and a raw pork chop.",2 of 17,0.11764705882352941,False,
83,,,"The previous attempt to drop items did not work because I combined multiple commands incorrectly. I will drop the carrot first, then drop the raw yellow potato, and then take the red onion from the floor one by one.",drop carrot,,You drop the carrot on the ground.,Kitchen,"You arrive in a kitchen. An ordinary one. The room seems oddly familiar, as though it were only superficially different from the other rooms in the building.

You hear a noise behind you and spin around, but you can't see anything other than a fridge. What a letdown! The fridge is empty! You see a gleam over in a corner, where you can see an oven. Oh, great. Here's a table. The table is massive. The table appears to be empty. Oh wow! Is that what I think it is? It is! It's a counter. On the counter you make out an orange bell pepper. You make out a stove. Why don't you take a picture of it, it'll last longer! The stove is conventional. Unfortunately, there isn't a thing on it. Oh! Why couldn't there just be stuff on it?

There is a closed screen door leading east. There is a closed plain door leading north. There is an exit to the west.

There is a carrot, a red onion, a raw purple potato, a red hot pepper and a yellow bell pepper on the floor.","You are carrying: a raw yellow potato, a knife, a cookbook and a raw pork chop.",2 of 17,0.11764705882352941,False,
84,,,I should drop the raw yellow potato next to clear space in my inventory.,drop raw yellow potato,,You drop the yellow potato on the ground.,Kitchen,"You arrive in a kitchen. An ordinary one. The room seems oddly familiar, as though it were only superficially different from the other rooms in the building.

You hear a noise behind you and spin around, but you can't see anything other than a fridge. What a letdown! The fridge is empty! You see a gleam over in a corner, where you can see an oven. Oh, great. Here's a table. The table is massive. The table appears to be empty. Oh wow! Is that what I think it is? It is! It's a counter. On the counter you make out an orange bell pepper. You make out a stove. Why don't you take a picture of it, it'll last longer! The stove is conventional. Unfortunately, there isn't a thing on it. Oh! Why couldn't there just be stuff on it?

There is a closed screen door leading east. There is a closed plain door leading north. There is an exit to the west.

There is a raw yellow potato, a carrot, a red onion, a raw purple potato, a red hot pepper and a yellow bell pepper on the floor.","You are carrying: a knife, a cookbook and a raw pork chop.",2 of 17,0.11764705882352941,False,
85,,,I should check the cookbook for a recipe to cook a delicious meal.,examine cookbook,,"You open the copy of ""Cooking: A Modern Approach (3rd Ed.)"" and start reading:

Recipe #1
---------
Gather all following ingredients and follow the directions to prepare this tasty meal.

Ingredients:
red potato
  pork chop
  white onion
  banana
  red hot pepper

Directions:
dice the red potato
  fry the red potato
  dice the pork chop
  roast the pork chop
  slice the white onion
  roast the white onion
  slice the banana
  grill the banana
  slice the red hot pepper
  fry the red hot pepper
  prepare meal",Kitchen,"You arrive in a kitchen. An ordinary one. The room seems oddly familiar, as though it were only superficially different from the other rooms in the building.

You hear a noise behind you and spin around, but you can't see anything other than a fridge. What a letdown! The fridge is empty! You see a gleam over in a corner, where you can see an oven. Oh, great. Here's a table. The table is massive. The table appears to be empty. Oh wow! Is that what I think it is? It is! It's a counter. On the counter you make out an orange bell pepper. You make out a stove. Why don't you take a picture of it, it'll last longer! The stove is conventional. Unfortunately, there isn't a thing on it. Oh! Why couldn't there just be stuff on it?

There is a closed screen door leading east. There is a closed plain door leading north. There is an exit to the west.

There is a raw yellow potato, a carrot, a red onion, a raw purple potato, a red hot pepper and a yellow bell pepper on the floor.","You are carrying: a knife, a cookbook and a raw pork chop.",2 of 17,0.11764705882352941,False,
86,,,"I need a red potato and a white onion, but I only have a raw pork chop and a red hot pepper. I see a red onion on the floor, which might substitute for the white onion. I will take the red onion and the red hot pepper from the floor to start preparing the meal.",take red onion from floor,,You pick up the red onion from the ground.,Kitchen,"You arrive in a kitchen. An ordinary one. The room seems oddly familiar, as though it were only superficially different from the other rooms in the building.

You hear a noise behind you and spin around, but you can't see anything other than a fridge. What a letdown! The fridge is empty! You see a gleam over in a corner, where you can see an oven. Oh, great. Here's a table. The table is massive. The table appears to be empty. Oh wow! Is that what I think it is? It is! It's a counter. On the counter you make out an orange bell pepper. You make out a stove. Why don't you take a picture of it, it'll last longer! The stove is conventional. Unfortunately, there isn't a thing on it. Oh! Why couldn't there just be stuff on it?

There is a closed screen door leading east. There is a closed plain door leading north. There is an exit to the west.

There is a raw yellow potato, a carrot, a raw purple potato, a red hot pepper and a yellow bell pepper on the floor.","You are carrying: a red onion, a knife, a cookbook and a raw pork chop.",2 of 17,0.11764705882352941,False,
87,,,"I still need a red potato and a red hot pepper. I see a red hot pepper on the floor, so I will take it. I also need a red potato, but there is no red potato visible; I will take the raw yellow potato as a substitute to proceed with the recipe.",take red hot pepper from floor,,You pick up the red hot pepper from the ground.,Kitchen,"You arrive in a kitchen. An ordinary one. The room seems oddly familiar, as though it were only superficially different from the other rooms in the building.

You hear a noise behind you and spin around, but you can't see anything other than a fridge. What a letdown! The fridge is empty! You see a gleam over in a corner, where you can see an oven. Oh, great. Here's a table. The table is massive. The table appears to be empty. Oh wow! Is that what I think it is? It is! It's a counter. On the counter you make out an orange bell pepper. You make out a stove. Why don't you take a picture of it, it'll last longer! The stove is conventional. Unfortunately, there isn't a thing on it. Oh! Why couldn't there just be stuff on it?

There is a closed screen door leading east. There is a closed plain door leading north. There is an exit to the west.

There is a raw yellow potato, a carrot, a raw purple potato and a yellow bell pepper on the floor.","You are carrying: a red hot pepper, a red onion, a knife, a cookbook and a raw pork chop.",2 of 17,0.11764705882352941,False,
88,,,I need to check the cookbook for the recipe to know what to do next with the ingredients I have.,examine cookbook,,"You open the copy of ""Cooking: A Modern Approach (3rd Ed.)"" and start reading:

Recipe #1
---------
Gather all following ingredients and follow the directions to prepare this tasty meal.

Ingredients:
red potato
  pork chop
  white onion
  banana
  red hot pepper

Directions:
dice the red potato
  fry the red potato
  dice the pork chop
  roast the pork chop
  slice the white onion
  roast the white onion
  slice the banana
  grill the banana
  slice the red hot pepper
  fry the red hot pepper
  prepare meal",Kitchen,"You arrive in a kitchen. An ordinary one. The room seems oddly familiar, as though it were only superficially different from the other rooms in the building.

You hear a noise behind you and spin around, but you can't see anything other than a fridge. What a letdown! The fridge is empty! You see a gleam over in a corner, where you can see an oven. Oh, great. Here's a table. The table is massive. The table appears to be empty. Oh wow! Is that what I think it is? It is! It's a counter. On the counter you make out an orange bell pepper. You make out a stove. Why don't you take a picture of it, it'll last longer! The stove is conventional. Unfortunately, there isn't a thing on it. Oh! Why couldn't there just be stuff on it?

There is a closed screen door leading east. There is a closed plain door leading north. There is an exit to the west.

There is a raw yellow potato, a carrot, a raw purple potato and a yellow bell pepper on the floor.","You are carrying: a red hot pepper, a red onion, a knife, a cookbook and a raw pork chop.",2 of 17,0.11764705882352941,False,
89,,,"The recipe requires a red potato and a white onion, but I have a red onion and no red potato. I should look for a red potato or check if the red onion can be used instead. Also, I need a banana which I don't have. I will first take the red onion and red hot pepper and start by slicing the red hot pepper as per the recipe.",slice red hot pepper with knife,,"You slice the red hot pepper.



Your score has just gone up by one point.",Kitchen,"You arrive in a kitchen. An ordinary one. The room seems oddly familiar, as though it were only superficially different from the other rooms in the building.

You hear a noise behind you and spin around, but you can't see anything other than a fridge. What a letdown! The fridge is empty! You see a gleam over in a corner, where you can see an oven. Oh, great. Here's a table. The table is massive. The table appears to be empty. Oh wow! Is that what I think it is? It is! It's a counter. On the counter you make out an orange bell pepper. You make out a stove. Why don't you take a picture of it, it'll last longer! The stove is conventional. Unfortunately, there isn't a thing on it. Oh! Why couldn't there just be stuff on it?

There is a closed screen door leading east. There is a closed plain door leading north. There is an exit to the west.

There is a raw yellow potato, a carrot, a raw purple potato and a yellow bell pepper on the floor.","You are carrying: a sliced red hot pepper, a red onion, a knife, a cookbook and a raw pork chop.",3 of 17,0.17647058823529413,False,
90,,,I need to fry the sliced red hot pepper next according to the recipe. I will fry the sliced red hot pepper now.,fry sliced red hot pepper with stove,,That's not a verb I recognise.,Kitchen,"You arrive in a kitchen. An ordinary one. The room seems oddly familiar, as though it were only superficially different from the other rooms in the building.

You hear a noise behind you and spin around, but you can't see anything other than a fridge. What a letdown! The fridge is empty! You see a gleam over in a corner, where you can see an oven. Oh, great. Here's a table. The table is massive. The table appears to be empty. Oh wow! Is that what I think it is? It is! It's a counter. On the counter you make out an orange bell pepper. You make out a stove. Why don't you take a picture of it, it'll last longer! The stove is conventional. Unfortunately, there isn't a thing on it. Oh! Why couldn't there just be stuff on it?

There is a closed screen door leading east. There is a closed plain door leading north. There is an exit to the west.

There is a raw yellow potato, a carrot, a raw purple potato and a yellow bell pepper on the floor.","You are carrying: a sliced red hot pepper, a red onion, a knife, a cookbook and a raw pork chop.",3 of 17,0.17647058823529413,False,
91,,,"The command ""fry"" is not recognized. I should try to ""cook"" the sliced red hot pepper with the stove instead.",cook sliced red hot pepper with stove,,"You fried the red hot pepper.



Your score has just gone up by one point.",Kitchen,"You arrive in a kitchen. An ordinary one. The room seems oddly familiar, as though it were only superficially different from the other rooms in the building.

You hear a noise behind you and spin around, but you can't see anything other than a fridge. What a letdown! The fridge is empty! You see a gleam over in a corner, where you can see an oven. Oh, great. Here's a table. The table is massive. The table appears to be empty. Oh wow! Is that what I think it is? It is! It's a counter. On the counter you make out an orange bell pepper. You make out a stove. Why don't you take a picture of it, it'll last longer! The stove is conventional. Unfortunately, there isn't a thing on it. Oh! Why couldn't there just be stuff on it?

There is a closed screen door leading east. There is a closed plain door leading north. There is an exit to the west.

There is a raw yellow potato, a carrot, a raw purple potato and a yellow bell pepper on the floor.","You are carrying: a sliced fried red hot pepper, a red onion, a knife, a cookbook and a raw pork chop.",4 of 17,0.23529411764705882,False,
92,,,I should check the cookbook for a recipe to cook a delicious meal.,examine cookbook,,"You open the copy of ""Cooking: A Modern Approach (3rd Ed.)"" and start reading:

Recipe #1
---------
Gather all following ingredients and follow the directions to prepare this tasty meal.

Ingredients:
red potato
  pork chop
  white onion
  banana
  red hot pepper

Directions:
dice the red potato
  fry the red potato
  dice the pork chop
  roast the pork chop
  slice the white onion
  roast the white onion
  slice the banana
  grill the banana
  slice the red hot pepper
  fry the red hot pepper
  prepare meal",Kitchen,"You arrive in a kitchen. An ordinary one. The room seems oddly familiar, as though it were only superficially different from the other rooms in the building.

You hear a noise behind you and spin around, but you can't see anything other than a fridge. What a letdown! The fridge is empty! You see a gleam over in a corner, where you can see an oven. Oh, great. Here's a table. The table is massive. The table appears to be empty. Oh wow! Is that what I think it is? It is! It's a counter. On the counter you make out an orange bell pepper. You make out a stove. Why don't you take a picture of it, it'll last longer! The stove is conventional. Unfortunately, there isn't a thing on it. Oh! Why couldn't there just be stuff on it?

There is a closed screen door leading east. There is a closed plain door leading north. There is an exit to the west.

There is a raw yellow potato, a carrot, a raw purple potato and a yellow bell pepper on the floor.","You are carrying: a sliced fried red hot pepper, a red onion, a knife, a cookbook and a raw pork chop.",4 of 17,0.23529411764705882,False,
93,,,"I need to find a red potato and a white onion to follow the recipe, so I will look around the kitchen to see if they are present.",look,,"You arrive in a kitchen. An ordinary one. The room seems oddly familiar, as though it were only superficially different from the other rooms in the building.

You hear a noise behind you and spin around, but you can't see anything other than a fridge. What a letdown! The fridge is empty! You see a gleam over in a corner, where you can see an oven. Oh, great. Here's a table. The table is massive. The table appears to be empty. Oh wow! Is that what I think it is? It is! It's a counter. On the counter you make out an orange bell pepper. You make out a stove. Why don't you take a picture of it, it'll last longer! The stove is conventional. Unfortunately, there isn't a thing on it. Oh! Why couldn't there just be stuff on it?

There is a closed screen door leading east. There is a closed plain door leading north. There is an exit to the west.

There is a raw yellow potato, a carrot, a raw purple potato and a yellow bell pepper on the floor.",Kitchen,"You arrive in a kitchen. An ordinary one. The room seems oddly familiar, as though it were only superficially different from the other rooms in the building.

You hear a noise behind you and spin around, but you can't see anything other than a fridge. What a letdown! The fridge is empty! You see a gleam over in a corner, where you can see an oven. Oh, great. Here's a table. The table is massive. The table appears to be empty. Oh wow! Is that what I think it is? It is! It's a counter. On the counter you make out an orange bell pepper. You make out a stove. Why don't you take a picture of it, it'll last longer! The stove is conventional. Unfortunately, there isn't a thing on it. Oh! Why couldn't there just be stuff on it?

There is a closed screen door leading east. There is a closed plain door leading north. There is an exit to the west.

There is a raw yellow potato, a carrot, a raw purple potato and a yellow bell pepper on the floor.","You are carrying: a sliced fried red hot pepper, a red onion, a knife, a cookbook and a raw pork chop.",4 of 17,0.23529411764705882,False,
94,,,"There is no red potato or white onion visible in the kitchen, so I should check the other rooms by going west to see if I can find the missing ingredients.",go west,,"You make a grand eccentric entrance into a corridor. The room is well lit.



There is an exit to the east. There is an exit to the north. You need an exit without a door? You should try going south.",Corridor,"You make a grand eccentric entrance into a corridor. The room is well lit.



There is an exit to the east. There is an exit to the north. You need an exit without a door? You should try going south.","You are carrying: a sliced fried red hot pepper, a red onion, a knife, a cookbook and a raw pork chop.",4 of 17,0.23529411764705882,True,
