step_id,plan,summary,thought,action,task,feedback,location,description,inventory,score,reward,is_done,error
0,,,,,"You are hungry! Let's cook a delicious meal. Check the cookbook in the kitchen for the recipe. Once done, enjoy your meal!",,Corridor,"You arrive in a corridor. An usual one.



There is a closed sliding patio door leading south. You need an exit without a door? You should try going north. There is an exit to the west. Don't worry, there is no door.","You are carrying: a red hot pepper, a white onion, a banana, a red onion and a yellow bell pepper.",0 of 15,0.0,False,
1,,,I should go west to find the kitchen where the cookbook might be.,go west,,"Fancy seeing you here. Here, by the way, being the bathroom.

You see a gleam over in a corner, where you can see a toilet. But the thing is empty, unfortunately.

You need an exit without a door? You should try going east.",Bathroom,"Fancy seeing you here. Here, by the way, being the bathroom.

You see a gleam over in a corner, where you can see a toilet. But the thing is empty, unfortunately.

You need an exit without a door? You should try going east.","You are carrying: a red hot pepper, a white onion, a banana, a red onion and a yellow bell pepper.",0 of 15,0.0,False,
2,,,I should go east to return to the corridor and then try going north to find the kitchen.,go east,,"You arrive in a corridor. An usual one.



There is a closed sliding patio door leading south. You need an exit without a door? You should try going north. There is an exit to the west. Don't worry, there is no door.",Corridor,"You arrive in a corridor. An usual one.



There is a closed sliding patio door leading south. You need an exit without a door? You should try going north. There is an exit to the west. Don't worry, there is no door.","You are carrying: a red hot pepper, a white onion, a banana, a red onion and a yellow bell pepper.",0 of 15,0.0,False,
3,,,I should go north to reach the kitchen.,go north,,"You find yourself in a bedroom. A normal kind of place. You decide to just list off a complete list of everything you see in the room, because hey, why not?

You scan the room, seeing a bed. The bed is large. But the thing is empty, unfortunately.

You need an exit without a door? You should try going south. There is an exit to the west.",Bedroom,"You find yourself in a bedroom. A normal kind of place. You decide to just list off a complete list of everything you see in the room, because hey, why not?

You scan the room, seeing a bed. The bed is large. But the thing is empty, unfortunately.

You need an exit without a door? You should try going south. There is an exit to the west.","You are carrying: a red hot pepper, a white onion, a banana, a red onion and a yellow bell pepper.",0 of 15,0.0,False,
4,,,I should go west to explore further and find the kitchen or the cookbook.,go west,,"Well how about that, you are in the place we're calling the livingroom.

You can make out a sofa. The sofa is comfy. Unfortunately, there isn't a thing on it.

You need an exit without a door? You should try going east. You need an exit without a door? You should try going west.",Livingroom,"Well how about that, you are in the place we're calling the livingroom.

You can make out a sofa. The sofa is comfy. Unfortunately, there isn't a thing on it.

You need an exit without a door? You should try going east. You need an exit without a door? You should try going west.","You are carrying: a red hot pepper, a white onion, a banana, a red onion and a yellow bell pepper.",0 of 15,0.0,False,
5,,,I should go west to continue exploring and try to find the kitchen.,go west,,"You have fallen into the most normal of all possible kitchens.

You can make out a closed fridge. You see a closed conventional looking oven here. You make out a table. The table is massive. On the table you can make out a knife. Now that's what I call TextWorld! You make out a counter. On the counter you can see a red apple, a raw yellow potato, a raw purple potato, a raw red potato and a cookbook. Look out! It's a- oh, never mind, it's just a stove. The stove is conventional. Unfortunately, there isn't a thing on it. Aw, here you were, all excited for there to be things on it!

There is a closed frosted-glass door leading south. There is an exit to the east.",Kitchen,"You have fallen into the most normal of all possible kitchens.

You can make out a closed fridge. You see a closed conventional looking oven here. You make out a table. The table is massive. On the table you can make out a knife. Now that's what I call TextWorld! You make out a counter. On the counter you can see a red apple, a raw yellow potato, a raw purple potato, a raw red potato and a cookbook. Look out! It's a- oh, never mind, it's just a stove. The stove is conventional. Unfortunately, there isn't a thing on it. Aw, here you were, all excited for there to be things on it!

There is a closed frosted-glass door leading south. There is an exit to the east.","You are carrying: a red hot pepper, a white onion, a banana, a red onion and a yellow bell pepper.",0 of 15,0.0,False,
6,,,I should examine the cookbook on the counter to check the recipe for the meal.,examine cookbook,,"You open the copy of ""Cooking: A Modern Approach (3rd Ed.)"" and start reading:

Recipe #1
---------
Gather all following ingredients and follow the directions to prepare this tasty meal.

Ingredients:
red apple
  block of cheese
  white onion
  yellow potato
  red hot pepper

Directions:
chop the red apple
  roast the red apple
  chop the block of cheese
  grill the block of cheese
  chop the white onion
  grill the white onion
  dice the yellow potato
  fry the yellow potato
  slice the red hot pepper
  fry the red hot pepper
  prepare meal",Kitchen,"You have fallen into the most normal of all possible kitchens.

You can make out a closed fridge. You see a closed conventional looking oven here. You make out a table. The table is massive. On the table you can make out a knife. Now that's what I call TextWorld! You make out a counter. On the counter you can see a red apple, a raw yellow potato, a raw purple potato, a raw red potato and a cookbook. Look out! It's a- oh, never mind, it's just a stove. The stove is conventional. Unfortunately, there isn't a thing on it. Aw, here you were, all excited for there to be things on it!

There is a closed frosted-glass door leading south. There is an exit to the east.","You are carrying: a red hot pepper, a white onion, a banana, a red onion and a yellow bell pepper.",0 of 15,0.0,False,
7,,,"I need to gather the required ingredients from the counter and table: red apple, block of cheese, white onion, yellow potato, and red hot pepper. I already have the red hot pepper and white onion, so I will take the red apple and yellow potato from the counter and find the block of cheese.",take red apple from counter,,You're carrying too many things already.,Kitchen,"You have fallen into the most normal of all possible kitchens.

You can make out a closed fridge. You see a closed conventional looking oven here. You make out a table. The table is massive. On the table you can make out a knife. Now that's what I call TextWorld! You make out a counter. On the counter you can see a red apple, a raw yellow potato, a raw purple potato, a raw red potato and a cookbook. Look out! It's a- oh, never mind, it's just a stove. The stove is conventional. Unfortunately, there isn't a thing on it. Aw, here you were, all excited for there to be things on it!

There is a closed frosted-glass door leading south. There is an exit to the east.","You are carrying: a red hot pepper, a white onion, a banana, a red onion and a yellow bell pepper.",0 of 15,0.0,False,
8,,,"I am carrying too many items, so I should drop the banana, red onion, and yellow bell pepper to free up space for the required ingredients.",drop banana; drop red onion; drop yellow bell pepper,,You can't see any such thing.,Kitchen,"You have fallen into the most normal of all possible kitchens.

You can make out a closed fridge. You see a closed conventional looking oven here. You make out a table. The table is massive. On the table you can make out a knife. Now that's what I call TextWorld! You make out a counter. On the counter you can see a red apple, a raw yellow potato, a raw purple potato, a raw red potato and a cookbook. Look out! It's a- oh, never mind, it's just a stove. The stove is conventional. Unfortunately, there isn't a thing on it. Aw, here you were, all excited for there to be things on it!

There is a closed frosted-glass door leading south. There is an exit to the east.","You are carrying: a red hot pepper, a white onion, a banana, a red onion and a yellow bell pepper.",0 of 15,0.0,False,
9,,,The previous attempt to drop multiple items at once failed. I will drop the banana first to free up space.,drop banana,,You drop the banana on the ground.,Kitchen,"You have fallen into the most normal of all possible kitchens.

You can make out a closed fridge. You see a closed conventional looking oven here. You make out a table. The table is massive. On the table you can make out a knife. Now that's what I call TextWorld! You make out a counter. On the counter you can see a red apple, a raw yellow potato, a raw purple potato, a raw red potato and a cookbook. Look out! It's a- oh, never mind, it's just a stove. The stove is conventional. Unfortunately, there isn't a thing on it. Aw, here you were, all excited for there to be things on it!

There is a closed frosted-glass door leading south. There is an exit to the east.

There is a banana on the floor.","You are carrying: a red hot pepper, a white onion, a red onion and a yellow bell pepper.",0 of 15,0.0,False,
10,,,I should now take the cookbook from the counter to check the recipe.,take cookbook from counter,,You take the cookbook from the counter.,Kitchen,"You have fallen into the most normal of all possible kitchens.

You can make out a closed fridge. You see a closed conventional looking oven here. You make out a table. The table is massive. On the table you can make out a knife. Now that's what I call TextWorld! You make out a counter. On the counter you can see a red apple, a raw yellow potato, a raw purple potato and a raw red potato. Look out! It's a- oh, never mind, it's just a stove. The stove is conventional. Unfortunately, there isn't a thing on it. Aw, here you were, all excited for there to be things on it!

There is a closed frosted-glass door leading south. There is an exit to the east.

There is a banana on the floor.","You are carrying: a cookbook, a red hot pepper, a white onion, a red onion and a yellow bell pepper.",0 of 15,0.0,False,
11,,,I should examine the cookbook to find the recipe for a delicious meal.,examine cookbook,,"You open the copy of ""Cooking: A Modern Approach (3rd Ed.)"" and start reading:

Recipe #1
---------
Gather all following ingredients and follow the directions to prepare this tasty meal.

Ingredients:
red apple
  block of cheese
  white onion
  yellow potato
  red hot pepper

Directions:
chop the red apple
  roast the red apple
  chop the block of cheese
  grill the block of cheese
  chop the white onion
  grill the white onion
  dice the yellow potato
  fry the yellow potato
  slice the red hot pepper
  fry the red hot pepper
  prepare meal",Kitchen,"You have fallen into the most normal of all possible kitchens.

You can make out a closed fridge. You see a closed conventional looking oven here. You make out a table. The table is massive. On the table you can make out a knife. Now that's what I call TextWorld! You make out a counter. On the counter you can see a red apple, a raw yellow potato, a raw purple potato and a raw red potato. Look out! It's a- oh, never mind, it's just a stove. The stove is conventional. Unfortunately, there isn't a thing on it. Aw, here you were, all excited for there to be things on it!

There is a closed frosted-glass door leading south. There is an exit to the east.

There is a banana on the floor.","You are carrying: a cookbook, a red hot pepper, a white onion, a red onion and a yellow bell pepper.",0 of 15,0.0,False,
12,,,"I need to gather the ingredients from the counter and my inventory that match the recipe: red apple, block of cheese, white onion, yellow potato, and red hot pepper. I will take the red apple and yellow potato from the counter first.",take red apple from counter,,You're carrying too many things already.,Kitchen,"You have fallen into the most normal of all possible kitchens.

You can make out a closed fridge. You see a closed conventional looking oven here. You make out a table. The table is massive. On the table you can make out a knife. Now that's what I call TextWorld! You make out a counter. On the counter you can see a red apple, a raw yellow potato, a raw purple potato and a raw red potato. Look out! It's a- oh, never mind, it's just a stove. The stove is conventional. Unfortunately, there isn't a thing on it. Aw, here you were, all excited for there to be things on it!

There is a closed frosted-glass door leading south. There is an exit to the east.

There is a banana on the floor.","You are carrying: a cookbook, a red hot pepper, a white onion, a red onion and a yellow bell pepper.",0 of 15,0.0,False,
13,,,"I am carrying too many items, so I should drop the items not needed for the recipe: red onion and yellow bell pepper, to free up space for the required ingredients.",drop red onion,,You drop the red onion on the ground.,Kitchen,"You have fallen into the most normal of all possible kitchens.

You can make out a closed fridge. You see a closed conventional looking oven here. You make out a table. The table is massive. On the table you can make out a knife. Now that's what I call TextWorld! You make out a counter. On the counter you can see a red apple, a raw yellow potato, a raw purple potato and a raw red potato. Look out! It's a- oh, never mind, it's just a stove. The stove is conventional. Unfortunately, there isn't a thing on it. Aw, here you were, all excited for there to be things on it!

There is a closed frosted-glass door leading south. There is an exit to the east.

There is a red onion and a banana on the floor.","You are carrying: a cookbook, a red hot pepper, a white onion and a yellow bell pepper.",0 of 15,0.0,False,
14,,,I still need to drop one more item to reduce my inventory and make space for ingredients. I will drop the yellow bell pepper.,drop yellow bell pepper,,You drop the yellow bell pepper on the ground.,Kitchen,"You have fallen into the most normal of all possible kitchens.

You can make out a closed fridge. You see a closed conventional looking oven here. You make out a table. The table is massive. On the table you can make out a knife. Now that's what I call TextWorld! You make out a counter. On the counter you can see a red apple, a raw yellow potato, a raw purple potato and a raw red potato. Look out! It's a- oh, never mind, it's just a stove. The stove is conventional. Unfortunately, there isn't a thing on it. Aw, here you were, all excited for there to be things on it!

There is a closed frosted-glass door leading south. There is an exit to the east.

There is a yellow bell pepper, a red onion and a banana on the floor.","You are carrying: a cookbook, a red hot pepper and a white onion.",0 of 15,0.0,False,
15,,,I should check the cookbook to find the recipe for a delicious meal.,examine cookbook,,"You open the copy of ""Cooking: A Modern Approach (3rd Ed.)"" and start reading:

Recipe #1
---------
Gather all following ingredients and follow the directions to prepare this tasty meal.

Ingredients:
red apple
  block of cheese
  white onion
  yellow potato
  red hot pepper

Directions:
chop the red apple
  roast the red apple
  chop the block of cheese
  grill the block of cheese
  chop the white onion
  grill the white onion
  dice the yellow potato
  fry the yellow potato
  slice the red hot pepper
  fry the red hot pepper
  prepare meal",Kitchen,"You have fallen into the most normal of all possible kitchens.

You can make out a closed fridge. You see a closed conventional looking oven here. You make out a table. The table is massive. On the table you can make out a knife. Now that's what I call TextWorld! You make out a counter. On the counter you can see a red apple, a raw yellow potato, a raw purple potato and a raw red potato. Look out! It's a- oh, never mind, it's just a stove. The stove is conventional. Unfortunately, there isn't a thing on it. Aw, here you were, all excited for there to be things on it!

There is a closed frosted-glass door leading south. There is an exit to the east.

There is a yellow bell pepper, a red onion and a banana on the floor.","You are carrying: a cookbook, a red hot pepper and a white onion.",0 of 15,0.0,False,
16,,,"I need to gather the ingredients from the recipe: red apple, block of cheese, white onion, yellow potato, and red hot pepper. I already have the red hot pepper and white onion, so I should take the red apple and yellow potato from the counter and find the block of cheese.",take red apple from counter,,"You take the red apple from the counter.



Your score has just gone up by one point.",Kitchen,"You have fallen into the most normal of all possible kitchens.

You can make out a closed fridge. You see a closed conventional looking oven here. You make out a table. The table is massive. On the table you can make out a knife. Now that's what I call TextWorld! You make out a counter. On the counter you can see a raw yellow potato, a raw purple potato and a raw red potato. Look out! It's a- oh, never mind, it's just a stove. The stove is conventional. Unfortunately, there isn't a thing on it. Aw, here you were, all excited for there to be things on it!

There is a closed frosted-glass door leading south. There is an exit to the east.

There is a yellow bell pepper, a red onion and a banana on the floor.","You are carrying: a red apple, a cookbook, a red hot pepper and a white onion.",1 of 15,0.06666666666666667,False,
17,,,"I should take the raw yellow potato from the counter next, then look for the block of cheese which is not yet in my inventory.",take raw yellow potato from counter,,"You take the yellow potato from the counter.



Your score has just gone up by one point.",Kitchen,"You have fallen into the most normal of all possible kitchens.

You can make out a closed fridge. You see a closed conventional looking oven here. You make out a table. The table is massive. On the table you can make out a knife. Now that's what I call TextWorld! You make out a counter. On the counter you can see a raw purple potato and a raw red potato. Look out! It's a- oh, never mind, it's just a stove. The stove is conventional. Unfortunately, there isn't a thing on it. Aw, here you were, all excited for there to be things on it!

There is a closed frosted-glass door leading south. There is an exit to the east.

There is a yellow bell pepper, a red onion and a banana on the floor.","You are carrying: a raw yellow potato, a red apple, a cookbook, a red hot pepper and a white onion.",2 of 15,0.13333333333333333,False,
18,,,I should take the raw purple potato from the counter next to have more ingredients for cooking.,take raw purple potato from counter,,You're carrying too many things already.,Kitchen,"You have fallen into the most normal of all possible kitchens.

You can make out a closed fridge. You see a closed conventional looking oven here. You make out a table. The table is massive. On the table you can make out a knife. Now that's what I call TextWorld! You make out a counter. On the counter you can see a raw purple potato and a raw red potato. Look out! It's a- oh, never mind, it's just a stove. The stove is conventional. Unfortunately, there isn't a thing on it. Aw, here you were, all excited for there to be things on it!

There is a closed frosted-glass door leading south. There is an exit to the east.

There is a yellow bell pepper, a red onion and a banana on the floor.","You are carrying: a raw yellow potato, a red apple, a cookbook, a red hot pepper and a white onion.",2 of 15,0.13333333333333333,False,
19,,,"I am carrying too many items, so I should drop the red apple to free up space for the raw purple potato.",drop red apple,,You drop the red apple on the ground.,Kitchen,"You have fallen into the most normal of all possible kitchens.

You can make out a closed fridge. You see a closed conventional looking oven here. You make out a table. The table is massive. On the table you can make out a knife. Now that's what I call TextWorld! You make out a counter. On the counter you can see a raw purple potato and a raw red potato. Look out! It's a- oh, never mind, it's just a stove. The stove is conventional. Unfortunately, there isn't a thing on it. Aw, here you were, all excited for there to be things on it!

There is a closed frosted-glass door leading south. There is an exit to the east.

There is a red apple, a yellow bell pepper, a red onion and a banana on the floor.","You are carrying: a raw yellow potato, a cookbook, a red hot pepper and a white onion.",2 of 15,0.13333333333333333,False,
20,,,I should take the raw purple potato from the counter to have more ingredients for cooking.,take raw purple potato from counter,,You take the purple potato from the counter.,Kitchen,"You have fallen into the most normal of all possible kitchens.

You can make out a closed fridge. You see a closed conventional looking oven here. You make out a table. The table is massive. On the table you can make out a knife. Now that's what I call TextWorld! You make out a counter. On the counter you can see a raw red potato. Look out! It's a- oh, never mind, it's just a stove. The stove is conventional. Unfortunately, there isn't a thing on it. Aw, here you were, all excited for there to be things on it!

There is a closed frosted-glass door leading south. There is an exit to the east.

There is a red apple, a yellow bell pepper, a red onion and a banana on the floor.","You are carrying: a raw purple potato, a raw yellow potato, a cookbook, a red hot pepper and a white onion.",2 of 15,0.13333333333333333,False,
21,,,I should check the cookbook to find a recipe for a delicious meal.,examine cookbook,,"You open the copy of ""Cooking: A Modern Approach (3rd Ed.)"" and start reading:

Recipe #1
---------
Gather all following ingredients and follow the directions to prepare this tasty meal.

Ingredients:
red apple
  block of cheese
  white onion
  yellow potato
  red hot pepper

Directions:
chop the red apple
  roast the red apple
  chop the block of cheese
  grill the block of cheese
  chop the white onion
  grill the white onion
  dice the yellow potato
  fry the yellow potato
  slice the red hot pepper
  fry the red hot pepper
  prepare meal",Kitchen,"You have fallen into the most normal of all possible kitchens.

You can make out a closed fridge. You see a closed conventional looking oven here. You make out a table. The table is massive. On the table you can make out a knife. Now that's what I call TextWorld! You make out a counter. On the counter you can see a raw red potato. Look out! It's a- oh, never mind, it's just a stove. The stove is conventional. Unfortunately, there isn't a thing on it. Aw, here you were, all excited for there to be things on it!

There is a closed frosted-glass door leading south. There is an exit to the east.

There is a red apple, a yellow bell pepper, a red onion and a banana on the floor.","You are carrying: a raw purple potato, a raw yellow potato, a cookbook, a red hot pepper and a white onion.",2 of 15,0.13333333333333333,False,
22,,,"I need to gather the ingredients from the recipe: red apple, block of cheese, white onion, yellow potato, and red hot pepper. I already have the white onion, yellow potato, and red hot pepper. I should take the red apple from the floor and look for the block of cheese.",take red apple from floor,,You're carrying too many things already.,Kitchen,"You have fallen into the most normal of all possible kitchens.

You can make out a closed fridge. You see a closed conventional looking oven here. You make out a table. The table is massive. On the table you can make out a knife. Now that's what I call TextWorld! You make out a counter. On the counter you can see a raw red potato. Look out! It's a- oh, never mind, it's just a stove. The stove is conventional. Unfortunately, there isn't a thing on it. Aw, here you were, all excited for there to be things on it!

There is a closed frosted-glass door leading south. There is an exit to the east.

There is a red apple, a yellow bell pepper, a red onion and a banana on the floor.","You are carrying: a raw purple potato, a raw yellow potato, a cookbook, a red hot pepper and a white onion.",2 of 15,0.13333333333333333,False,
23,,,"I am carrying too many items, so I should drop the raw purple potato and the raw yellow potato to free up space before taking the red apple.",drop raw purple potato,,You drop the purple potato on the ground.,Kitchen,"You have fallen into the most normal of all possible kitchens.

You can make out a closed fridge. You see a closed conventional looking oven here. You make out a table. The table is massive. On the table you can make out a knife. Now that's what I call TextWorld! You make out a counter. On the counter you can see a raw red potato. Look out! It's a- oh, never mind, it's just a stove. The stove is conventional. Unfortunately, there isn't a thing on it. Aw, here you were, all excited for there to be things on it!

There is a closed frosted-glass door leading south. There is an exit to the east.

There is a raw purple potato, a red apple, a yellow bell pepper, a red onion and a banana on the floor.","You are carrying: a raw yellow potato, a cookbook, a red hot pepper and a white onion.",2 of 15,0.13333333333333333,False,
24,,,I should drop the raw yellow potato as well to free more space before taking the red apple.,drop raw yellow potato,,You drop the yellow potato on the ground.,Kitchen,"You have fallen into the most normal of all possible kitchens.

You can make out a closed fridge. You see a closed conventional looking oven here. You make out a table. The table is massive. On the table you can make out a knife. Now that's what I call TextWorld! You make out a counter. On the counter you can see a raw red potato. Look out! It's a- oh, never mind, it's just a stove. The stove is conventional. Unfortunately, there isn't a thing on it. Aw, here you were, all excited for there to be things on it!

There is a closed frosted-glass door leading south. There is an exit to the east.

There is a raw yellow potato, a raw purple potato, a red apple, a yellow bell pepper, a red onion and a banana on the floor.","You are carrying: a cookbook, a red hot pepper and a white onion.",2 of 15,0.13333333333333333,False,
25,,,I should take the knife from the table to prepare the meal.,take knife from table,,You take the knife from the table.,Kitchen,"You have fallen into the most normal of all possible kitchens.

You can make out a closed fridge. You see a closed conventional looking oven here. You make out a table. The table is massive. However, the table, like an empty table, has nothing on it. It would have been so cool if there was stuff on the table. You make out a counter. On the counter you can see a raw red potato. Look out! It's a- oh, never mind, it's just a stove. The stove is conventional. Unfortunately, there isn't a thing on it. Aw, here you were, all excited for there to be things on it!

There is a closed frosted-glass door leading south. There is an exit to the east.

There is a raw yellow potato, a raw purple potato, a red apple, a yellow bell pepper, a red onion and a banana on the floor.","You are carrying: a knife, a cookbook, a red hot pepper and a white onion.",2 of 15,0.13333333333333333,False,
26,,,I should check the cookbook for a recipe to cook a delicious meal.,examine cookbook,,"You open the copy of ""Cooking: A Modern Approach (3rd Ed.)"" and start reading:

Recipe #1
---------
Gather all following ingredients and follow the directions to prepare this tasty meal.

Ingredients:
red apple
  block of cheese
  white onion
  yellow potato
  red hot pepper

Directions:
chop the red apple
  roast the red apple
  chop the block of cheese
  grill the block of cheese
  chop the white onion
  grill the white onion
  dice the yellow potato
  fry the yellow potato
  slice the red hot pepper
  fry the red hot pepper
  prepare meal",Kitchen,"You have fallen into the most normal of all possible kitchens.

You can make out a closed fridge. You see a closed conventional looking oven here. You make out a table. The table is massive. However, the table, like an empty table, has nothing on it. It would have been so cool if there was stuff on the table. You make out a counter. On the counter you can see a raw red potato. Look out! It's a- oh, never mind, it's just a stove. The stove is conventional. Unfortunately, there isn't a thing on it. Aw, here you were, all excited for there to be things on it!

There is a closed frosted-glass door leading south. There is an exit to the east.

There is a raw yellow potato, a raw purple potato, a red apple, a yellow bell pepper, a red onion and a banana on the floor.","You are carrying: a knife, a cookbook, a red hot pepper and a white onion.",2 of 15,0.13333333333333333,False,
27,,,"I need to gather the ingredients from the floor and counter that match the recipe: red apple, white onion, yellow potato, and red hot pepper (already have). I will take the red apple, yellow potato, and white onion from the floor or counter first.",take red apple from floor,,You pick up the red apple from the ground.,Kitchen,"You have fallen into the most normal of all possible kitchens.

You can make out a closed fridge. You see a closed conventional looking oven here. You make out a table. The table is massive. However, the table, like an empty table, has nothing on it. It would have been so cool if there was stuff on the table. You make out a counter. On the counter you can see a raw red potato. Look out! It's a- oh, never mind, it's just a stove. The stove is conventional. Unfortunately, there isn't a thing on it. Aw, here you were, all excited for there to be things on it!

There is a closed frosted-glass door leading south. There is an exit to the east.

There is a raw yellow potato, a raw purple potato, a yellow bell pepper, a red onion and a banana on the floor.","You are carrying: a red apple, a knife, a cookbook, a red hot pepper and a white onion.",2 of 15,0.13333333333333333,False,
28,,,I still need to take the yellow potato from the floor to have all the ingredients required by the recipe.,take yellow potato from floor,,You're carrying too many things already.,Kitchen,"You have fallen into the most normal of all possible kitchens.

You can make out a closed fridge. You see a closed conventional looking oven here. You make out a table. The table is massive. However, the table, like an empty table, has nothing on it. It would have been so cool if there was stuff on the table. You make out a counter. On the counter you can see a raw red potato. Look out! It's a- oh, never mind, it's just a stove. The stove is conventional. Unfortunately, there isn't a thing on it. Aw, here you were, all excited for there to be things on it!

There is a closed frosted-glass door leading south. There is an exit to the east.

There is a raw yellow potato, a raw purple potato, a yellow bell pepper, a red onion and a banana on the floor.","You are carrying: a red apple, a knife, a cookbook, a red hot pepper and a white onion.",2 of 15,0.13333333333333333,False,
29,,,I need to drop one item to free up space before picking up the yellow potato.,drop red apple,,You drop the red apple on the ground.,Kitchen,"You have fallen into the most normal of all possible kitchens.

You can make out a closed fridge. You see a closed conventional looking oven here. You make out a table. The table is massive. However, the table, like an empty table, has nothing on it. It would have been so cool if there was stuff on the table. You make out a counter. On the counter you can see a raw red potato. Look out! It's a- oh, never mind, it's just a stove. The stove is conventional. Unfortunately, there isn't a thing on it. Aw, here you were, all excited for there to be things on it!

There is a closed frosted-glass door leading south. There is an exit to the east.

There is a red apple, a raw yellow potato, a raw purple potato, a yellow bell pepper, a red onion and a banana on the floor.","You are carrying: a knife, a cookbook, a red hot pepper and a white onion.",2 of 15,0.13333333333333333,False,
30,,,I should take the cookbook to check the recipe for the meal.,examine cookbook,,"You open the copy of ""Cooking: A Modern Approach (3rd Ed.)"" and start reading:

Recipe #1
---------
Gather all following ingredients and follow the directions to prepare this tasty meal.

Ingredients:
red apple
  block of cheese
  white onion
  yellow potato
  red hot pepper

Directions:
chop the red apple
  roast the red apple
  chop the block of cheese
  grill the block of cheese
  chop the white onion
  grill the white onion
  dice the yellow potato
  fry the yellow potato
  slice the red hot pepper
  fry the red hot pepper
  prepare meal",Kitchen,"You have fallen into the most normal of all possible kitchens.

You can make out a closed fridge. You see a closed conventional looking oven here. You make out a table. The table is massive. However, the table, like an empty table, has nothing on it. It would have been so cool if there was stuff on the table. You make out a counter. On the counter you can see a raw red potato. Look out! It's a- oh, never mind, it's just a stove. The stove is conventional. Unfortunately, there isn't a thing on it. Aw, here you were, all excited for there to be things on it!

There is a closed frosted-glass door leading south. There is an exit to the east.

There is a red apple, a raw yellow potato, a raw purple potato, a yellow bell pepper, a red onion and a banana on the floor.","You are carrying: a knife, a cookbook, a red hot pepper and a white onion.",2 of 15,0.13333333333333333,False,
31,,,"I need to gather the ingredients from the floor and counter: red apple, yellow potato, white onion (I have), red hot pepper (I have), and block of cheese (not seen yet). I will take the red apple and yellow potato first.",take red apple from floor,,You pick up the red apple from the ground.,Kitchen,"You have fallen into the most normal of all possible kitchens.

You can make out a closed fridge. You see a closed conventional looking oven here. You make out a table. The table is massive. However, the table, like an empty table, has nothing on it. It would have been so cool if there was stuff on the table. You make out a counter. On the counter you can see a raw red potato. Look out! It's a- oh, never mind, it's just a stove. The stove is conventional. Unfortunately, there isn't a thing on it. Aw, here you were, all excited for there to be things on it!

There is a closed frosted-glass door leading south. There is an exit to the east.

There is a raw yellow potato, a raw purple potato, a yellow bell pepper, a red onion and a banana on the floor.","You are carrying: a red apple, a knife, a cookbook, a red hot pepper and a white onion.",2 of 15,0.13333333333333333,False,
32,,,I still need the yellow potato and the block of cheese. I will take the raw yellow potato from the floor next.,take raw yellow potato from floor,,You're carrying too many things already.,Kitchen,"You have fallen into the most normal of all possible kitchens.

You can make out a closed fridge. You see a closed conventional looking oven here. You make out a table. The table is massive. However, the table, like an empty table, has nothing on it. It would have been so cool if there was stuff on the table. You make out a counter. On the counter you can see a raw red potato. Look out! It's a- oh, never mind, it's just a stove. The stove is conventional. Unfortunately, there isn't a thing on it. Aw, here you were, all excited for there to be things on it!

There is a closed frosted-glass door leading south. There is an exit to the east.

There is a raw yellow potato, a raw purple potato, a yellow bell pepper, a red onion and a banana on the floor.","You are carrying: a red apple, a knife, a cookbook, a red hot pepper and a white onion.",2 of 15,0.13333333333333333,False,
33,,,"I am carrying too many items, so I should drop the red apple to free up space for the yellow potato.",drop red apple,,You drop the red apple on the ground.,Kitchen,"You have fallen into the most normal of all possible kitchens.

You can make out a closed fridge. You see a closed conventional looking oven here. You make out a table. The table is massive. However, the table, like an empty table, has nothing on it. It would have been so cool if there was stuff on the table. You make out a counter. On the counter you can see a raw red potato. Look out! It's a- oh, never mind, it's just a stove. The stove is conventional. Unfortunately, there isn't a thing on it. Aw, here you were, all excited for there to be things on it!

There is a closed frosted-glass door leading south. There is an exit to the east.

There is a red apple, a raw yellow potato, a raw purple potato, a yellow bell pepper, a red onion and a banana on the floor.","You are carrying: a knife, a cookbook, a red hot pepper and a white onion.",2 of 15,0.13333333333333333,False,
34,,,I should take the raw yellow potato from the floor to start preparing the meal.,take raw yellow potato from floor,,You pick up the yellow potato from the ground.,Kitchen,"You have fallen into the most normal of all possible kitchens.

You can make out a closed fridge. You see a closed conventional looking oven here. You make out a table. The table is massive. However, the table, like an empty table, has nothing on it. It would have been so cool if there was stuff on the table. You make out a counter. On the counter you can see a raw red potato. Look out! It's a- oh, never mind, it's just a stove. The stove is conventional. Unfortunately, there isn't a thing on it. Aw, here you were, all excited for there to be things on it!

There is a closed frosted-glass door leading south. There is an exit to the east.

There is a red apple, a raw purple potato, a yellow bell pepper, a red onion and a banana on the floor.","You are carrying: a raw yellow potato, a knife, a cookbook, a red hot pepper and a white onion.",2 of 15,0.13333333333333333,False,
35,,,I should check the cookbook for the recipe to know what to cook.,examine cookbook,,"You open the copy of ""Cooking: A Modern Approach (3rd Ed.)"" and start reading:

Recipe #1
---------
Gather all following ingredients and follow the directions to prepare this tasty meal.

Ingredients:
red apple
  block of cheese
  white onion
  yellow potato
  red hot pepper

Directions:
chop the red apple
  roast the red apple
  chop the block of cheese
  grill the block of cheese
  chop the white onion
  grill the white onion
  dice the yellow potato
  fry the yellow potato
  slice the red hot pepper
  fry the red hot pepper
  prepare meal",Kitchen,"You have fallen into the most normal of all possible kitchens.

You can make out a closed fridge. You see a closed conventional looking oven here. You make out a table. The table is massive. However, the table, like an empty table, has nothing on it. It would have been so cool if there was stuff on the table. You make out a counter. On the counter you can see a raw red potato. Look out! It's a- oh, never mind, it's just a stove. The stove is conventional. Unfortunately, there isn't a thing on it. Aw, here you were, all excited for there to be things on it!

There is a closed frosted-glass door leading south. There is an exit to the east.

There is a red apple, a raw purple potato, a yellow bell pepper, a red onion and a banana on the floor.","You are carrying: a raw yellow potato, a knife, a cookbook, a red hot pepper and a white onion.",2 of 15,0.13333333333333333,False,
36,,,"I need to gather the ingredients from the recipe: red apple, block of cheese, white onion, yellow potato, and red hot pepper. I already have the white onion, yellow potato, and red hot pepper, so I should take the red apple and find the block of cheese next.",take red apple from floor,,You're carrying too many things already.,Kitchen,"You have fallen into the most normal of all possible kitchens.

You can make out a closed fridge. You see a closed conventional looking oven here. You make out a table. The table is massive. However, the table, like an empty table, has nothing on it. It would have been so cool if there was stuff on the table. You make out a counter. On the counter you can see a raw red potato. Look out! It's a- oh, never mind, it's just a stove. The stove is conventional. Unfortunately, there isn't a thing on it. Aw, here you were, all excited for there to be things on it!

There is a closed frosted-glass door leading south. There is an exit to the east.

There is a red apple, a raw purple potato, a yellow bell pepper, a red onion and a banana on the floor.","You are carrying: a raw yellow potato, a knife, a cookbook, a red hot pepper and a white onion.",2 of 15,0.13333333333333333,False,
37,,,"I am carrying too many items, so I should drop one item I don't immediately need to pick up the red apple. The banana is not part of the recipe, so I will drop the banana first.",drop banana,,The banana is already here.,Kitchen,"You have fallen into the most normal of all possible kitchens.

You can make out a closed fridge. You see a closed conventional looking oven here. You make out a table. The table is massive. However, the table, like an empty table, has nothing on it. It would have been so cool if there was stuff on the table. You make out a counter. On the counter you can see a raw red potato. Look out! It's a- oh, never mind, it's just a stove. The stove is conventional. Unfortunately, there isn't a thing on it. Aw, here you were, all excited for there to be things on it!

There is a closed frosted-glass door leading south. There is an exit to the east.

There is a red apple, a raw purple potato, a yellow bell pepper, a red onion and a banana on the floor.","You are carrying: a raw yellow potato, a knife, a cookbook, a red hot pepper and a white onion.",2 of 15,0.13333333333333333,False,
38,,,"Since the banana is already on the floor, I should drop another item I am carrying to free up space. The red hot pepper might not be immediately necessary, so I will drop the red hot pepper.",drop red hot pepper,,You drop the red hot pepper on the ground.,Kitchen,"You have fallen into the most normal of all possible kitchens.

You can make out a closed fridge. You see a closed conventional looking oven here. You make out a table. The table is massive. However, the table, like an empty table, has nothing on it. It would have been so cool if there was stuff on the table. You make out a counter. On the counter you can see a raw red potato. Look out! It's a- oh, never mind, it's just a stove. The stove is conventional. Unfortunately, there isn't a thing on it. Aw, here you were, all excited for there to be things on it!

There is a closed frosted-glass door leading south. There is an exit to the east.

There is a red hot pepper, a red apple, a raw purple potato, a yellow bell pepper, a red onion and a banana on the floor.","You are carrying: a raw yellow potato, a knife, a cookbook and a white onion.",2 of 15,0.13333333333333333,False,
39,,,I should check the cookbook to find a recipe for a delicious meal.,examine cookbook,,"You open the copy of ""Cooking: A Modern Approach (3rd Ed.)"" and start reading:

Recipe #1
---------
Gather all following ingredients and follow the directions to prepare this tasty meal.

Ingredients:
red apple
  block of cheese
  white onion
  yellow potato
  red hot pepper

Directions:
chop the red apple
  roast the red apple
  chop the block of cheese
  grill the block of cheese
  chop the white onion
  grill the white onion
  dice the yellow potato
  fry the yellow potato
  slice the red hot pepper
  fry the red hot pepper
  prepare meal",Kitchen,"You have fallen into the most normal of all possible kitchens.

You can make out a closed fridge. You see a closed conventional looking oven here. You make out a table. The table is massive. However, the table, like an empty table, has nothing on it. It would have been so cool if there was stuff on the table. You make out a counter. On the counter you can see a raw red potato. Look out! It's a- oh, never mind, it's just a stove. The stove is conventional. Unfortunately, there isn't a thing on it. Aw, here you were, all excited for there to be things on it!

There is a closed frosted-glass door leading south. There is an exit to the east.

There is a red hot pepper, a red apple, a raw purple potato, a yellow bell pepper, a red onion and a banana on the floor.","You are carrying: a raw yellow potato, a knife, a cookbook and a white onion.",2 of 15,0.13333333333333333,False,
40,,,"I need to gather the ingredients from the floor and counter: red apple, block of cheese, red hot pepper, and white onion (already have), and yellow potato (already have). Then I will follow the recipe steps.",take red apple from floor,,You pick up the red apple from the ground.,Kitchen,"You have fallen into the most normal of all possible kitchens.

You can make out a closed fridge. You see a closed conventional looking oven here. You make out a table. The table is massive. However, the table, like an empty table, has nothing on it. It would have been so cool if there was stuff on the table. You make out a counter. On the counter you can see a raw red potato. Look out! It's a- oh, never mind, it's just a stove. The stove is conventional. Unfortunately, there isn't a thing on it. Aw, here you were, all excited for there to be things on it!

There is a closed frosted-glass door leading south. There is an exit to the east.

There is a red hot pepper, a raw purple potato, a yellow bell pepper, a red onion and a banana on the floor.","You are carrying: a red apple, a raw yellow potato, a knife, a cookbook and a white onion.",2 of 15,0.13333333333333333,False,
41,,,I still need to get the red hot pepper and block of cheese. I will take the red hot pepper from the floor next.,take red hot pepper from floor,,You're carrying too many things already.,Kitchen,"You have fallen into the most normal of all possible kitchens.

You can make out a closed fridge. You see a closed conventional looking oven here. You make out a table. The table is massive. However, the table, like an empty table, has nothing on it. It would have been so cool if there was stuff on the table. You make out a counter. On the counter you can see a raw red potato. Look out! It's a- oh, never mind, it's just a stove. The stove is conventional. Unfortunately, there isn't a thing on it. Aw, here you were, all excited for there to be things on it!

There is a closed frosted-glass door leading south. There is an exit to the east.

There is a red hot pepper, a raw purple potato, a yellow bell pepper, a red onion and a banana on the floor.","You are carrying: a red apple, a raw yellow potato, a knife, a cookbook and a white onion.",2 of 15,0.13333333333333333,False,
42,,,"I am carrying too many items, so I should drop the red apple to free up space before picking up the red hot pepper.",drop red apple,,You drop the red apple on the ground.,Kitchen,"You have fallen into the most normal of all possible kitchens.

You can make out a closed fridge. You see a closed conventional looking oven here. You make out a table. The table is massive. However, the table, like an empty table, has nothing on it. It would have been so cool if there was stuff on the table. You make out a counter. On the counter you can see a raw red potato. Look out! It's a- oh, never mind, it's just a stove. The stove is conventional. Unfortunately, there isn't a thing on it. Aw, here you were, all excited for there to be things on it!

There is a closed frosted-glass door leading south. There is an exit to the east.

There is a red apple, a red hot pepper, a raw purple potato, a yellow bell pepper, a red onion and a banana on the floor.","You are carrying: a raw yellow potato, a knife, a cookbook and a white onion.",2 of 15,0.13333333333333333,False,
43,,,I should take the red hot pepper from the floor to start preparing the meal.,take red hot pepper from floor,,You pick up the red hot pepper from the ground.,Kitchen,"You have fallen into the most normal of all possible kitchens.

You can make out a closed fridge. You see a closed conventional looking oven here. You make out a table. The table is massive. However, the table, like an empty table, has nothing on it. It would have been so cool if there was stuff on the table. You make out a counter. On the counter you can see a raw red potato. Look out! It's a- oh, never mind, it's just a stove. The stove is conventional. Unfortunately, there isn't a thing on it. Aw, here you were, all excited for there to be things on it!

There is a closed frosted-glass door leading south. There is an exit to the east.

There is a red apple, a raw purple potato, a yellow bell pepper, a red onion and a banana on the floor.","You are carrying: a red hot pepper, a raw yellow potato, a knife, a cookbook and a white onion.",2 of 15,0.13333333333333333,False,
44,,,I should open the cookbook to check the recipe for a delicious meal.,examine cookbook,,"You open the copy of ""Cooking: A Modern Approach (3rd Ed.)"" and start reading:

Recipe #1
---------
Gather all following ingredients and follow the directions to prepare this tasty meal.

Ingredients:
red apple
  block of cheese
  white onion
  yellow potato
  red hot pepper

Directions:
chop the red apple
  roast the red apple
  chop the block of cheese
  grill the block of cheese
  chop the white onion
  grill the white onion
  dice the yellow potato
  fry the yellow potato
  slice the red hot pepper
  fry the red hot pepper
  prepare meal",Kitchen,"You have fallen into the most normal of all possible kitchens.

You can make out a closed fridge. You see a closed conventional looking oven here. You make out a table. The table is massive. However, the table, like an empty table, has nothing on it. It would have been so cool if there was stuff on the table. You make out a counter. On the counter you can see a raw red potato. Look out! It's a- oh, never mind, it's just a stove. The stove is conventional. Unfortunately, there isn't a thing on it. Aw, here you were, all excited for there to be things on it!

There is a closed frosted-glass door leading south. There is an exit to the east.

There is a red apple, a raw purple potato, a yellow bell pepper, a red onion and a banana on the floor.","You are carrying: a red hot pepper, a raw yellow potato, a knife, a cookbook and a white onion.",2 of 15,0.13333333333333333,False,
45,,,"I need to gather the ingredients from the floor and fridge to match the recipe: red apple, block of cheese, white onion, yellow potato, and red hot pepper. I already have the red hot pepper, white onion, and yellow potato. I should take the red apple from the floor next.",take red apple from floor,,You're carrying too many things already.,Kitchen,"You have fallen into the most normal of all possible kitchens.

You can make out a closed fridge. You see a closed conventional looking oven here. You make out a table. The table is massive. However, the table, like an empty table, has nothing on it. It would have been so cool if there was stuff on the table. You make out a counter. On the counter you can see a raw red potato. Look out! It's a- oh, never mind, it's just a stove. The stove is conventional. Unfortunately, there isn't a thing on it. Aw, here you were, all excited for there to be things on it!

There is a closed frosted-glass door leading south. There is an exit to the east.

There is a red apple, a raw purple potato, a yellow bell pepper, a red onion and a banana on the floor.","You are carrying: a red hot pepper, a raw yellow potato, a knife, a cookbook and a white onion.",2 of 15,0.13333333333333333,False,
46,,,"I am carrying too many items, so I should drop one I don't need for the recipe. The banana is not part of the recipe, so I will drop it to free space and then take the red apple.",drop white onion,,You drop the white onion on the ground.,Kitchen,"You have fallen into the most normal of all possible kitchens.

You can make out a closed fridge. You see a closed conventional looking oven here. You make out a table. The table is massive. However, the table, like an empty table, has nothing on it. It would have been so cool if there was stuff on the table. You make out a counter. On the counter you can see a raw red potato. Look out! It's a- oh, never mind, it's just a stove. The stove is conventional. Unfortunately, there isn't a thing on it. Aw, here you were, all excited for there to be things on it!

There is a closed frosted-glass door leading south. There is an exit to the east.

There is a white onion, a red apple, a raw purple potato, a yellow bell pepper, a red onion and a banana on the floor.","You are carrying: a red hot pepper, a raw yellow potato, a knife and a cookbook.",2 of 15,0.13333333333333333,False,
47,,,I should take the red apple from the floor to have the ingredients needed for the recipe.,take red apple from floor,,You pick up the red apple from the ground.,Kitchen,"You have fallen into the most normal of all possible kitchens.

You can make out a closed fridge. You see a closed conventional looking oven here. You make out a table. The table is massive. However, the table, like an empty table, has nothing on it. It would have been so cool if there was stuff on the table. You make out a counter. On the counter you can see a raw red potato. Look out! It's a- oh, never mind, it's just a stove. The stove is conventional. Unfortunately, there isn't a thing on it. Aw, here you were, all excited for there to be things on it!

There is a closed frosted-glass door leading south. There is an exit to the east.

There is a white onion, a raw purple potato, a yellow bell pepper, a red onion and a banana on the floor.","You are carrying: a red apple, a red hot pepper, a raw yellow potato, a knife and a cookbook.",2 of 15,0.13333333333333333,False,
48,,,I should open the cookbook to check the recipe for the meal I want to cook.,examine cookbook,,"You open the copy of ""Cooking: A Modern Approach (3rd Ed.)"" and start reading:

Recipe #1
---------
Gather all following ingredients and follow the directions to prepare this tasty meal.

Ingredients:
red apple
  block of cheese
  white onion
  yellow potato
  red hot pepper

Directions:
chop the red apple
  roast the red apple
  chop the block of cheese
  grill the block of cheese
  chop the white onion
  grill the white onion
  dice the yellow potato
  fry the yellow potato
  slice the red hot pepper
  fry the red hot pepper
  prepare meal",Kitchen,"You have fallen into the most normal of all possible kitchens.

You can make out a closed fridge. You see a closed conventional looking oven here. You make out a table. The table is massive. However, the table, like an empty table, has nothing on it. It would have been so cool if there was stuff on the table. You make out a counter. On the counter you can see a raw red potato. Look out! It's a- oh, never mind, it's just a stove. The stove is conventional. Unfortunately, there isn't a thing on it. Aw, here you were, all excited for there to be things on it!

There is a closed frosted-glass door leading south. There is an exit to the east.

There is a white onion, a raw purple potato, a yellow bell pepper, a red onion and a banana on the floor.","You are carrying: a red apple, a red hot pepper, a raw yellow potato, a knife and a cookbook.",2 of 15,0.13333333333333333,False,
49,,,"I need to gather the missing ingredients from the floor and fridge to complete the recipe, starting with the white onion from the floor.",take white onion from floor,,You're carrying too many things already.,Kitchen,"You have fallen into the most normal of all possible kitchens.

You can make out a closed fridge. You see a closed conventional looking oven here. You make out a table. The table is massive. However, the table, like an empty table, has nothing on it. It would have been so cool if there was stuff on the table. You make out a counter. On the counter you can see a raw red potato. Look out! It's a- oh, never mind, it's just a stove. The stove is conventional. Unfortunately, there isn't a thing on it. Aw, here you were, all excited for there to be things on it!

There is a closed frosted-glass door leading south. There is an exit to the east.

There is a white onion, a raw purple potato, a yellow bell pepper, a red onion and a banana on the floor.","You are carrying: a red apple, a red hot pepper, a raw yellow potato, a knife and a cookbook.",2 of 15,0.13333333333333333,False,
50,,,I need to free up space in my inventory by putting down an item before picking up the white onion.,drop red hot pepper,,You drop the red hot pepper on the ground.,Kitchen,"You have fallen into the most normal of all possible kitchens.

You can make out a closed fridge. You see a closed conventional looking oven here. You make out a table. The table is massive. However, the table, like an empty table, has nothing on it. It would have been so cool if there was stuff on the table. You make out a counter. On the counter you can see a raw red potato. Look out! It's a- oh, never mind, it's just a stove. The stove is conventional. Unfortunately, there isn't a thing on it. Aw, here you were, all excited for there to be things on it!

There is a closed frosted-glass door leading south. There is an exit to the east.

There is a red hot pepper, a white onion, a raw purple potato, a yellow bell pepper, a red onion and a banana on the floor.","You are carrying: a red apple, a raw yellow potato, a knife and a cookbook.",2 of 15,0.13333333333333333,False,
51,,,I should take the white onion from the floor to have more ingredients for cooking.,take white onion from floor,,You pick up the white onion from the ground.,Kitchen,"You have fallen into the most normal of all possible kitchens.

You can make out a closed fridge. You see a closed conventional looking oven here. You make out a table. The table is massive. However, the table, like an empty table, has nothing on it. It would have been so cool if there was stuff on the table. You make out a counter. On the counter you can see a raw red potato. Look out! It's a- oh, never mind, it's just a stove. The stove is conventional. Unfortunately, there isn't a thing on it. Aw, here you were, all excited for there to be things on it!

There is a closed frosted-glass door leading south. There is an exit to the east.

There is a red hot pepper, a raw purple potato, a yellow bell pepper, a red onion and a banana on the floor.","You are carrying: a white onion, a red apple, a raw yellow potato, a knife and a cookbook.",2 of 15,0.13333333333333333,False,
52,,,I should open the cookbook to check the recipe for a delicious meal.,open cookbook,,It isn't something you can open.,Kitchen,"You have fallen into the most normal of all possible kitchens.

You can make out a closed fridge. You see a closed conventional looking oven here. You make out a table. The table is massive. However, the table, like an empty table, has nothing on it. It would have been so cool if there was stuff on the table. You make out a counter. On the counter you can see a raw red potato. Look out! It's a- oh, never mind, it's just a stove. The stove is conventional. Unfortunately, there isn't a thing on it. Aw, here you were, all excited for there to be things on it!

There is a closed frosted-glass door leading south. There is an exit to the east.

There is a red hot pepper, a raw purple potato, a yellow bell pepper, a red onion and a banana on the floor.","You are carrying: a white onion, a red apple, a raw yellow potato, a knife and a cookbook.",2 of 15,0.13333333333333333,False,
53,,,I should examine the cookbook more closely to see if it contains the recipe.,examine cookbook,,"You open the copy of ""Cooking: A Modern Approach (3rd Ed.)"" and start reading:

Recipe #1
---------
Gather all following ingredients and follow the directions to prepare this tasty meal.

Ingredients:
red apple
  block of cheese
  white onion
  yellow potato
  red hot pepper

Directions:
chop the red apple
  roast the red apple
  chop the block of cheese
  grill the block of cheese
  chop the white onion
  grill the white onion
  dice the yellow potato
  fry the yellow potato
  slice the red hot pepper
  fry the red hot pepper
  prepare meal",Kitchen,"You have fallen into the most normal of all possible kitchens.

You can make out a closed fridge. You see a closed conventional looking oven here. You make out a table. The table is massive. However, the table, like an empty table, has nothing on it. It would have been so cool if there was stuff on the table. You make out a counter. On the counter you can see a raw red potato. Look out! It's a- oh, never mind, it's just a stove. The stove is conventional. Unfortunately, there isn't a thing on it. Aw, here you were, all excited for there to be things on it!

There is a closed frosted-glass door leading south. There is an exit to the east.

There is a red hot pepper, a raw purple potato, a yellow bell pepper, a red onion and a banana on the floor.","You are carrying: a white onion, a red apple, a raw yellow potato, a knife and a cookbook.",2 of 15,0.13333333333333333,False,
54,,,I need to find a block of cheese to complete the ingredients for the recipe.,go east,,"Well how about that, you are in the place we're calling the livingroom.

You can make out a sofa. The sofa is comfy. Unfortunately, there isn't a thing on it.

You need an exit without a door? You should try going east. You need an exit without a door? You should try going west.",Livingroom,"Well how about that, you are in the place we're calling the livingroom.

You can make out a sofa. The sofa is comfy. Unfortunately, there isn't a thing on it.

You need an exit without a door? You should try going east. You need an exit without a door? You should try going west.","You are carrying: a white onion, a red apple, a raw yellow potato, a knife and a cookbook.",2 of 15,0.13333333333333333,False,
55,,,I should go west to explore more rooms for the block of cheese.,go west,,"You have fallen into the most normal of all possible kitchens.

You can make out a closed fridge. You see a closed conventional looking oven here. You make out a table. The table is massive. However, the table, like an empty table, has nothing on it. It would have been so cool if there was stuff on the table. You make out a counter. On the counter you can see a raw red potato. Look out! It's a- oh, never mind, it's just a stove. The stove is conventional. Unfortunately, there isn't a thing on it. Aw, here you were, all excited for there to be things on it!

There is a closed frosted-glass door leading south. There is an exit to the east.

There is a red hot pepper, a raw purple potato, a yellow bell pepper, a red onion and a banana on the floor.",Kitchen,"You have fallen into the most normal of all possible kitchens.

You can make out a closed fridge. You see a closed conventional looking oven here. You make out a table. The table is massive. However, the table, like an empty table, has nothing on it. It would have been so cool if there was stuff on the table. You make out a counter. On the counter you can see a raw red potato. Look out! It's a- oh, never mind, it's just a stove. The stove is conventional. Unfortunately, there isn't a thing on it. Aw, here you were, all excited for there to be things on it!

There is a closed frosted-glass door leading south. There is an exit to the east.

There is a red hot pepper, a raw purple potato, a yellow bell pepper, a red onion and a banana on the floor.","You are carrying: a white onion, a red apple, a raw yellow potato, a knife and a cookbook.",2 of 15,0.13333333333333333,False,
56,,,"I should take the red hot pepper, raw purple potato, yellow bell pepper, red onion, and banana from the floor to have more ingredients for cooking.",take red hot pepper from floor,,You're carrying too many things already.,Kitchen,"You have fallen into the most normal of all possible kitchens.

You can make out a closed fridge. You see a closed conventional looking oven here. You make out a table. The table is massive. However, the table, like an empty table, has nothing on it. It would have been so cool if there was stuff on the table. You make out a counter. On the counter you can see a raw red potato. Look out! It's a- oh, never mind, it's just a stove. The stove is conventional. Unfortunately, there isn't a thing on it. Aw, here you were, all excited for there to be things on it!

There is a closed frosted-glass door leading south. There is an exit to the east.

There is a red hot pepper, a raw purple potato, a yellow bell pepper, a red onion and a banana on the floor.","You are carrying: a white onion, a red apple, a raw yellow potato, a knife and a cookbook.",2 of 15,0.13333333333333333,False,
57,,,I need to free up space in my inventory by putting down the red apple before taking more ingredients.,drop red apple,,You drop the red apple on the ground.,Kitchen,"You have fallen into the most normal of all possible kitchens.

You can make out a closed fridge. You see a closed conventional looking oven here. You make out a table. The table is massive. However, the table, like an empty table, has nothing on it. It would have been so cool if there was stuff on the table. You make out a counter. On the counter you can see a raw red potato. Look out! It's a- oh, never mind, it's just a stove. The stove is conventional. Unfortunately, there isn't a thing on it. Aw, here you were, all excited for there to be things on it!

There is a closed frosted-glass door leading south. There is an exit to the east.

There is a red apple, a red hot pepper, a raw purple potato, a yellow bell pepper, a red onion and a banana on the floor.","You are carrying: a white onion, a raw yellow potato, a knife and a cookbook.",2 of 15,0.13333333333333333,False,
58,,,I should take the red hot pepper from the floor to have more ingredients for cooking.,take red hot pepper from floor,,You pick up the red hot pepper from the ground.,Kitchen,"You have fallen into the most normal of all possible kitchens.

You can make out a closed fridge. You see a closed conventional looking oven here. You make out a table. The table is massive. However, the table, like an empty table, has nothing on it. It would have been so cool if there was stuff on the table. You make out a counter. On the counter you can see a raw red potato. Look out! It's a- oh, never mind, it's just a stove. The stove is conventional. Unfortunately, there isn't a thing on it. Aw, here you were, all excited for there to be things on it!

There is a closed frosted-glass door leading south. There is an exit to the east.

There is a red apple, a raw purple potato, a yellow bell pepper, a red onion and a banana on the floor.","You are carrying: a red hot pepper, a white onion, a raw yellow potato, a knife and a cookbook.",2 of 15,0.13333333333333333,False,
59,,,I should open the cookbook to check the recipe for a delicious meal.,examine cookbook,,"You open the copy of ""Cooking: A Modern Approach (3rd Ed.)"" and start reading:

Recipe #1
---------
Gather all following ingredients and follow the directions to prepare this tasty meal.

Ingredients:
red apple
  block of cheese
  white onion
  yellow potato
  red hot pepper

Directions:
chop the red apple
  roast the red apple
  chop the block of cheese
  grill the block of cheese
  chop the white onion
  grill the white onion
  dice the yellow potato
  fry the yellow potato
  slice the red hot pepper
  fry the red hot pepper
  prepare meal",Kitchen,"You have fallen into the most normal of all possible kitchens.

You can make out a closed fridge. You see a closed conventional looking oven here. You make out a table. The table is massive. However, the table, like an empty table, has nothing on it. It would have been so cool if there was stuff on the table. You make out a counter. On the counter you can see a raw red potato. Look out! It's a- oh, never mind, it's just a stove. The stove is conventional. Unfortunately, there isn't a thing on it. Aw, here you were, all excited for there to be things on it!

There is a closed frosted-glass door leading south. There is an exit to the east.

There is a red apple, a raw purple potato, a yellow bell pepper, a red onion and a banana on the floor.","You are carrying: a red hot pepper, a white onion, a raw yellow potato, a knife and a cookbook.",2 of 15,0.13333333333333333,False,
60,,,"I need to gather the missing ingredients: red apple and block of cheese, and then follow the recipe steps.",take red apple from floor,,You're carrying too many things already.,Kitchen,"You have fallen into the most normal of all possible kitchens.

You can make out a closed fridge. You see a closed conventional looking oven here. You make out a table. The table is massive. However, the table, like an empty table, has nothing on it. It would have been so cool if there was stuff on the table. You make out a counter. On the counter you can see a raw red potato. Look out! It's a- oh, never mind, it's just a stove. The stove is conventional. Unfortunately, there isn't a thing on it. Aw, here you were, all excited for there to be things on it!

There is a closed frosted-glass door leading south. There is an exit to the east.

There is a red apple, a raw purple potato, a yellow bell pepper, a red onion and a banana on the floor.","You are carrying: a red hot pepper, a white onion, a raw yellow potato, a knife and a cookbook.",2 of 15,0.13333333333333333,False,
61,,,I need to drop an item to free up space before taking the red apple.,drop raw yellow potato,,You drop the yellow potato on the ground.,Kitchen,"You have fallen into the most normal of all possible kitchens.

You can make out a closed fridge. You see a closed conventional looking oven here. You make out a table. The table is massive. However, the table, like an empty table, has nothing on it. It would have been so cool if there was stuff on the table. You make out a counter. On the counter you can see a raw red potato. Look out! It's a- oh, never mind, it's just a stove. The stove is conventional. Unfortunately, there isn't a thing on it. Aw, here you were, all excited for there to be things on it!

There is a closed frosted-glass door leading south. There is an exit to the east.

There is a raw yellow potato, a red apple, a raw purple potato, a yellow bell pepper, a red onion and a banana on the floor.","You are carrying: a red hot pepper, a white onion, a knife and a cookbook.",2 of 15,0.13333333333333333,False,
62,,,I should take the red apple from the floor to have more ingredients for cooking.,take red apple from floor,,You pick up the red apple from the ground.,Kitchen,"You have fallen into the most normal of all possible kitchens.

You can make out a closed fridge. You see a closed conventional looking oven here. You make out a table. The table is massive. However, the table, like an empty table, has nothing on it. It would have been so cool if there was stuff on the table. You make out a counter. On the counter you can see a raw red potato. Look out! It's a- oh, never mind, it's just a stove. The stove is conventional. Unfortunately, there isn't a thing on it. Aw, here you were, all excited for there to be things on it!

There is a closed frosted-glass door leading south. There is an exit to the east.

There is a raw yellow potato, a raw purple potato, a yellow bell pepper, a red onion and a banana on the floor.","You are carrying: a red apple, a red hot pepper, a white onion, a knife and a cookbook.",2 of 15,0.13333333333333333,False,
63,,,I should open the cookbook to check the recipe for a delicious meal.,open cookbook,,It isn't something you can open.,Kitchen,"You have fallen into the most normal of all possible kitchens.

You can make out a closed fridge. You see a closed conventional looking oven here. You make out a table. The table is massive. However, the table, like an empty table, has nothing on it. It would have been so cool if there was stuff on the table. You make out a counter. On the counter you can see a raw red potato. Look out! It's a- oh, never mind, it's just a stove. The stove is conventional. Unfortunately, there isn't a thing on it. Aw, here you were, all excited for there to be things on it!

There is a closed frosted-glass door leading south. There is an exit to the east.

There is a raw yellow potato, a raw purple potato, a yellow bell pepper, a red onion and a banana on the floor.","You are carrying: a red apple, a red hot pepper, a white onion, a knife and a cookbook.",2 of 15,0.13333333333333333,False,
64,,,I should examine the cookbook more closely to see the recipe inside.,examine cookbook,,"You open the copy of ""Cooking: A Modern Approach (3rd Ed.)"" and start reading:

Recipe #1
---------
Gather all following ingredients and follow the directions to prepare this tasty meal.

Ingredients:
red apple
  block of cheese
  white onion
  yellow potato
  red hot pepper

Directions:
chop the red apple
  roast the red apple
  chop the block of cheese
  grill the block of cheese
  chop the white onion
  grill the white onion
  dice the yellow potato
  fry the yellow potato
  slice the red hot pepper
  fry the red hot pepper
  prepare meal",Kitchen,"You have fallen into the most normal of all possible kitchens.

You can make out a closed fridge. You see a closed conventional looking oven here. You make out a table. The table is massive. However, the table, like an empty table, has nothing on it. It would have been so cool if there was stuff on the table. You make out a counter. On the counter you can see a raw red potato. Look out! It's a- oh, never mind, it's just a stove. The stove is conventional. Unfortunately, there isn't a thing on it. Aw, here you were, all excited for there to be things on it!

There is a closed frosted-glass door leading south. There is an exit to the east.

There is a raw yellow potato, a raw purple potato, a yellow bell pepper, a red onion and a banana on the floor.","You are carrying: a red apple, a red hot pepper, a white onion, a knife and a cookbook.",2 of 15,0.13333333333333333,False,
65,,,I need to find a block of cheese and a yellow potato to complete the ingredients for the recipe.,take yellow potato from floor,,You're carrying too many things already.,Kitchen,"You have fallen into the most normal of all possible kitchens.

You can make out a closed fridge. You see a closed conventional looking oven here. You make out a table. The table is massive. However, the table, like an empty table, has nothing on it. It would have been so cool if there was stuff on the table. You make out a counter. On the counter you can see a raw red potato. Look out! It's a- oh, never mind, it's just a stove. The stove is conventional. Unfortunately, there isn't a thing on it. Aw, here you were, all excited for there to be things on it!

There is a closed frosted-glass door leading south. There is an exit to the east.

There is a raw yellow potato, a raw purple potato, a yellow bell pepper, a red onion and a banana on the floor.","You are carrying: a red apple, a red hot pepper, a white onion, a knife and a cookbook.",2 of 15,0.13333333333333333,False,
66,,,"I am carrying too many items, so I should drop the banana on the floor to free up space and then take the yellow potato.",drop banana,,The banana is already here.,Kitchen,"You have fallen into the most normal of all possible kitchens.

You can make out a closed fridge. You see a closed conventional looking oven here. You make out a table. The table is massive. However, the table, like an empty table, has nothing on it. It would have been so cool if there was stuff on the table. You make out a counter. On the counter you can see a raw red potato. Look out! It's a- oh, never mind, it's just a stove. The stove is conventional. Unfortunately, there isn't a thing on it. Aw, here you were, all excited for there to be things on it!

There is a closed frosted-glass door leading south. There is an exit to the east.

There is a raw yellow potato, a raw purple potato, a yellow bell pepper, a red onion and a banana on the floor.","You are carrying: a red apple, a red hot pepper, a white onion, a knife and a cookbook.",2 of 15,0.13333333333333333,False,
67,,,"Since the banana is already on the floor and I am carrying too many things, I should drop the red apple to free up space and then take the yellow potato.",drop red apple,,You drop the red apple on the ground.,Kitchen,"You have fallen into the most normal of all possible kitchens.

You can make out a closed fridge. You see a closed conventional looking oven here. You make out a table. The table is massive. However, the table, like an empty table, has nothing on it. It would have been so cool if there was stuff on the table. You make out a counter. On the counter you can see a raw red potato. Look out! It's a- oh, never mind, it's just a stove. The stove is conventional. Unfortunately, there isn't a thing on it. Aw, here you were, all excited for there to be things on it!

There is a closed frosted-glass door leading south. There is an exit to the east.

There is a red apple, a raw yellow potato, a raw purple potato, a yellow bell pepper, a red onion and a banana on the floor.","You are carrying: a red hot pepper, a white onion, a knife and a cookbook.",2 of 15,0.13333333333333333,False,
68,,,I should take the raw yellow potato from the floor to have more ingredients for cooking.,take raw yellow potato from floor,,You pick up the yellow potato from the ground.,Kitchen,"You have fallen into the most normal of all possible kitchens.

You can make out a closed fridge. You see a closed conventional looking oven here. You make out a table. The table is massive. However, the table, like an empty table, has nothing on it. It would have been so cool if there was stuff on the table. You make out a counter. On the counter you can see a raw red potato. Look out! It's a- oh, never mind, it's just a stove. The stove is conventional. Unfortunately, there isn't a thing on it. Aw, here you were, all excited for there to be things on it!

There is a closed frosted-glass door leading south. There is an exit to the east.

There is a red apple, a raw purple potato, a yellow bell pepper, a red onion and a banana on the floor.","You are carrying: a raw yellow potato, a red hot pepper, a white onion, a knife and a cookbook.",2 of 15,0.13333333333333333,False,
69,,,I should open the cookbook to check the recipe for a delicious meal.,open cookbook,,It isn't something you can open.,Kitchen,"You have fallen into the most normal of all possible kitchens.

You can make out a closed fridge. You see a closed conventional looking oven here. You make out a table. The table is massive. However, the table, like an empty table, has nothing on it. It would have been so cool if there was stuff on the table. You make out a counter. On the counter you can see a raw red potato. Look out! It's a- oh, never mind, it's just a stove. The stove is conventional. Unfortunately, there isn't a thing on it. Aw, here you were, all excited for there to be things on it!

There is a closed frosted-glass door leading south. There is an exit to the east.

There is a red apple, a raw purple potato, a yellow bell pepper, a red onion and a banana on the floor.","You are carrying: a raw yellow potato, a red hot pepper, a white onion, a knife and a cookbook.",2 of 15,0.13333333333333333,False,
70,,,I should examine the cookbook more closely to read the recipe.,examine cookbook,,"You open the copy of ""Cooking: A Modern Approach (3rd Ed.)"" and start reading:

Recipe #1
---------
Gather all following ingredients and follow the directions to prepare this tasty meal.

Ingredients:
red apple
  block of cheese
  white onion
  yellow potato
  red hot pepper

Directions:
chop the red apple
  roast the red apple
  chop the block of cheese
  grill the block of cheese
  chop the white onion
  grill the white onion
  dice the yellow potato
  fry the yellow potato
  slice the red hot pepper
  fry the red hot pepper
  prepare meal",Kitchen,"You have fallen into the most normal of all possible kitchens.

You can make out a closed fridge. You see a closed conventional looking oven here. You make out a table. The table is massive. However, the table, like an empty table, has nothing on it. It would have been so cool if there was stuff on the table. You make out a counter. On the counter you can see a raw red potato. Look out! It's a- oh, never mind, it's just a stove. The stove is conventional. Unfortunately, there isn't a thing on it. Aw, here you were, all excited for there to be things on it!

There is a closed frosted-glass door leading south. There is an exit to the east.

There is a red apple, a raw purple potato, a yellow bell pepper, a red onion and a banana on the floor.","You are carrying: a raw yellow potato, a red hot pepper, a white onion, a knife and a cookbook.",2 of 15,0.13333333333333333,False,
71,,,I need to gather the missing ingredients from the floor and counter to match the recipe before starting to prepare the meal.,take red apple from floor,,You're carrying too many things already.,Kitchen,"You have fallen into the most normal of all possible kitchens.

You can make out a closed fridge. You see a closed conventional looking oven here. You make out a table. The table is massive. However, the table, like an empty table, has nothing on it. It would have been so cool if there was stuff on the table. You make out a counter. On the counter you can see a raw red potato. Look out! It's a- oh, never mind, it's just a stove. The stove is conventional. Unfortunately, there isn't a thing on it. Aw, here you were, all excited for there to be things on it!

There is a closed frosted-glass door leading south. There is an exit to the east.

There is a red apple, a raw purple potato, a yellow bell pepper, a red onion and a banana on the floor.","You are carrying: a raw yellow potato, a red hot pepper, a white onion, a knife and a cookbook.",2 of 15,0.13333333333333333,False,
72,,,"I am carrying too many items, so I should put down one item to free up space before taking the red apple.",drop red hot pepper,,You drop the red hot pepper on the ground.,Kitchen,"You have fallen into the most normal of all possible kitchens.

You can make out a closed fridge. You see a closed conventional looking oven here. You make out a table. The table is massive. However, the table, like an empty table, has nothing on it. It would have been so cool if there was stuff on the table. You make out a counter. On the counter you can see a raw red potato. Look out! It's a- oh, never mind, it's just a stove. The stove is conventional. Unfortunately, there isn't a thing on it. Aw, here you were, all excited for there to be things on it!

There is a closed frosted-glass door leading south. There is an exit to the east.

There is a red hot pepper, a red apple, a raw purple potato, a yellow bell pepper, a red onion and a banana on the floor.","You are carrying: a raw yellow potato, a white onion, a knife and a cookbook.",2 of 15,0.13333333333333333,False,
73,,,I should take the red apple from the floor to have more ingredients for cooking.,take red apple from floor,,You pick up the red apple from the ground.,Kitchen,"You have fallen into the most normal of all possible kitchens.

You can make out a closed fridge. You see a closed conventional looking oven here. You make out a table. The table is massive. However, the table, like an empty table, has nothing on it. It would have been so cool if there was stuff on the table. You make out a counter. On the counter you can see a raw red potato. Look out! It's a- oh, never mind, it's just a stove. The stove is conventional. Unfortunately, there isn't a thing on it. Aw, here you were, all excited for there to be things on it!

There is a closed frosted-glass door leading south. There is an exit to the east.

There is a red hot pepper, a raw purple potato, a yellow bell pepper, a red onion and a banana on the floor.","You are carrying: a red apple, a raw yellow potato, a white onion, a knife and a cookbook.",2 of 15,0.13333333333333333,False,
74,,,I should open the cookbook to check the recipe for a delicious meal.,examine cookbook,,"You open the copy of ""Cooking: A Modern Approach (3rd Ed.)"" and start reading:

Recipe #1
---------
Gather all following ingredients and follow the directions to prepare this tasty meal.

Ingredients:
red apple
  block of cheese
  white onion
  yellow potato
  red hot pepper

Directions:
chop the red apple
  roast the red apple
  chop the block of cheese
  grill the block of cheese
  chop the white onion
  grill the white onion
  dice the yellow potato
  fry the yellow potato
  slice the red hot pepper
  fry the red hot pepper
  prepare meal",Kitchen,"You have fallen into the most normal of all possible kitchens.

You can make out a closed fridge. You see a closed conventional looking oven here. You make out a table. The table is massive. However, the table, like an empty table, has nothing on it. It would have been so cool if there was stuff on the table. You make out a counter. On the counter you can see a raw red potato. Look out! It's a- oh, never mind, it's just a stove. The stove is conventional. Unfortunately, there isn't a thing on it. Aw, here you were, all excited for there to be things on it!

There is a closed frosted-glass door leading south. There is an exit to the east.

There is a red hot pepper, a raw purple potato, a yellow bell pepper, a red onion and a banana on the floor.","You are carrying: a red apple, a raw yellow potato, a white onion, a knife and a cookbook.",2 of 15,0.13333333333333333,False,
75,,,I need to find a block of cheese and a red hot pepper to complete the ingredients for the recipe.,take block of cheese from fridge; take red hot pepper from floor,,You can't see any such thing.,Kitchen,"You have fallen into the most normal of all possible kitchens.

You can make out a closed fridge. You see a closed conventional looking oven here. You make out a table. The table is massive. However, the table, like an empty table, has nothing on it. It would have been so cool if there was stuff on the table. You make out a counter. On the counter you can see a raw red potato. Look out! It's a- oh, never mind, it's just a stove. The stove is conventional. Unfortunately, there isn't a thing on it. Aw, here you were, all excited for there to be things on it!

There is a closed frosted-glass door leading south. There is an exit to the east.

There is a red hot pepper, a raw purple potato, a yellow bell pepper, a red onion and a banana on the floor.","You are carrying: a red apple, a raw yellow potato, a white onion, a knife and a cookbook.",2 of 15,0.13333333333333333,False,
76,,,"Since I cannot find the block of cheese in the fridge, I should check inside the fridge by opening it to see if the block of cheese is inside.",open fridge,,"You open the fridge, revealing a block of cheese, a raw pork chop and a carrot.",Kitchen,"You have fallen into the most normal of all possible kitchens.

You can make out an opened fridge. The fridge contains a block of cheese, a raw pork chop and a carrot. You see a closed conventional looking oven here. You make out a table. The table is massive. However, the table, like an empty table, has nothing on it. It would have been so cool if there was stuff on the table. You make out a counter. On the counter you can see a raw red potato. Look out! It's a- oh, never mind, it's just a stove. The stove is conventional. Unfortunately, there isn't a thing on it. Aw, here you were, all excited for there to be things on it!

There is a closed frosted-glass door leading south. There is an exit to the east.

There is a red hot pepper, a raw purple potato, a yellow bell pepper, a red onion and a banana on the floor.","You are carrying: a red apple, a raw yellow potato, a white onion, a knife and a cookbook.",2 of 15,0.13333333333333333,False,
77,,,I should take the block of cheese from the fridge to have it for cooking the meal.,take block of cheese from fridge,,You're carrying too many things already.,Kitchen,"You have fallen into the most normal of all possible kitchens.

You can make out an opened fridge. The fridge contains a block of cheese, a raw pork chop and a carrot. You see a closed conventional looking oven here. You make out a table. The table is massive. However, the table, like an empty table, has nothing on it. It would have been so cool if there was stuff on the table. You make out a counter. On the counter you can see a raw red potato. Look out! It's a- oh, never mind, it's just a stove. The stove is conventional. Unfortunately, there isn't a thing on it. Aw, here you were, all excited for there to be things on it!

There is a closed frosted-glass door leading south. There is an exit to the east.

There is a red hot pepper, a raw purple potato, a yellow bell pepper, a red onion and a banana on the floor.","You are carrying: a red apple, a raw yellow potato, a white onion, a knife and a cookbook.",2 of 15,0.13333333333333333,False,
78,,,I need to free up some inventory space by dropping the red apple before taking the block of cheese from the fridge.,drop red apple,,You drop the red apple on the ground.,Kitchen,"You have fallen into the most normal of all possible kitchens.

You can make out an opened fridge. The fridge contains a block of cheese, a raw pork chop and a carrot. You see a closed conventional looking oven here. You make out a table. The table is massive. However, the table, like an empty table, has nothing on it. It would have been so cool if there was stuff on the table. You make out a counter. On the counter you can see a raw red potato. Look out! It's a- oh, never mind, it's just a stove. The stove is conventional. Unfortunately, there isn't a thing on it. Aw, here you were, all excited for there to be things on it!

There is a closed frosted-glass door leading south. There is an exit to the east.

There is a red apple, a red hot pepper, a raw purple potato, a yellow bell pepper, a red onion and a banana on the floor.","You are carrying: a raw yellow potato, a white onion, a knife and a cookbook.",2 of 15,0.13333333333333333,False,
79,,,I should take the block of cheese from the fridge to have an ingredient for cooking.,take block of cheese from fridge,,"You take the block of cheese from the fridge.



Your score has just gone up by one point.",Kitchen,"You have fallen into the most normal of all possible kitchens.

You can make out an opened fridge. The fridge contains a raw pork chop and a carrot. You see a closed conventional looking oven here. You make out a table. The table is massive. However, the table, like an empty table, has nothing on it. It would have been so cool if there was stuff on the table. You make out a counter. On the counter you can see a raw red potato. Look out! It's a- oh, never mind, it's just a stove. The stove is conventional. Unfortunately, there isn't a thing on it. Aw, here you were, all excited for there to be things on it!

There is a closed frosted-glass door leading south. There is an exit to the east.

There is a red apple, a red hot pepper, a raw purple potato, a yellow bell pepper, a red onion and a banana on the floor.","You are carrying: a block of cheese, a raw yellow potato, a white onion, a knife and a cookbook.",3 of 15,0.2,False,
80,,,I should check the cookbook for a recipe to cook a delicious meal.,examine cookbook,,"You open the copy of ""Cooking: A Modern Approach (3rd Ed.)"" and start reading:

Recipe #1
---------
Gather all following ingredients and follow the directions to prepare this tasty meal.

Ingredients:
red apple
  block of cheese
  white onion
  yellow potato
  red hot pepper

Directions:
chop the red apple
  roast the red apple
  chop the block of cheese
  grill the block of cheese
  chop the white onion
  grill the white onion
  dice the yellow potato
  fry the yellow potato
  slice the red hot pepper
  fry the red hot pepper
  prepare meal",Kitchen,"You have fallen into the most normal of all possible kitchens.

You can make out an opened fridge. The fridge contains a raw pork chop and a carrot. You see a closed conventional looking oven here. You make out a table. The table is massive. However, the table, like an empty table, has nothing on it. It would have been so cool if there was stuff on the table. You make out a counter. On the counter you can see a raw red potato. Look out! It's a- oh, never mind, it's just a stove. The stove is conventional. Unfortunately, there isn't a thing on it. Aw, here you were, all excited for there to be things on it!

There is a closed frosted-glass door leading south. There is an exit to the east.

There is a red apple, a red hot pepper, a raw purple potato, a yellow bell pepper, a red onion and a banana on the floor.","You are carrying: a block of cheese, a raw yellow potato, a white onion, a knife and a cookbook.",3 of 15,0.2,False,
81,,,"I need to gather all the ingredients from the floor and counter to match the recipe: red apple, red hot pepper, and yellow potato (I already have the block of cheese and white onion). I will take the red apple and red hot pepper from the floor first.",take red apple from floor and take red hot pepper from floor,,You can't see any such thing.,Kitchen,"You have fallen into the most normal of all possible kitchens.

You can make out an opened fridge. The fridge contains a raw pork chop and a carrot. You see a closed conventional looking oven here. You make out a table. The table is massive. However, the table, like an empty table, has nothing on it. It would have been so cool if there was stuff on the table. You make out a counter. On the counter you can see a raw red potato. Look out! It's a- oh, never mind, it's just a stove. The stove is conventional. Unfortunately, there isn't a thing on it. Aw, here you were, all excited for there to be things on it!

There is a closed frosted-glass door leading south. There is an exit to the east.

There is a red apple, a red hot pepper, a raw purple potato, a yellow bell pepper, a red onion and a banana on the floor.","You are carrying: a block of cheese, a raw yellow potato, a white onion, a knife and a cookbook.",3 of 15,0.2,False,
82,,,"I tried to take two items at once, which is not allowed. I will take the red apple first, then take the red hot pepper separately.",take red apple from floor,,You're carrying too many things already.,Kitchen,"You have fallen into the most normal of all possible kitchens.

You can make out an opened fridge. The fridge contains a raw pork chop and a carrot. You see a closed conventional looking oven here. You make out a table. The table is massive. However, the table, like an empty table, has nothing on it. It would have been so cool if there was stuff on the table. You make out a counter. On the counter you can see a raw red potato. Look out! It's a- oh, never mind, it's just a stove. The stove is conventional. Unfortunately, there isn't a thing on it. Aw, here you were, all excited for there to be things on it!

There is a closed frosted-glass door leading south. There is an exit to the east.

There is a red apple, a red hot pepper, a raw purple potato, a yellow bell pepper, a red onion and a banana on the floor.","You are carrying: a block of cheese, a raw yellow potato, a white onion, a knife and a cookbook.",3 of 15,0.2,False,
83,,,"I am carrying too many items already, so I should drop one item to free up space before taking anything else. I will drop the block of cheese to make room.",drop block of cheese,,You drop the block of cheese on the ground.,Kitchen,"You have fallen into the most normal of all possible kitchens.

You can make out an opened fridge. The fridge contains a raw pork chop and a carrot. You see a closed conventional looking oven here. You make out a table. The table is massive. However, the table, like an empty table, has nothing on it. It would have been so cool if there was stuff on the table. You make out a counter. On the counter you can see a raw red potato. Look out! It's a- oh, never mind, it's just a stove. The stove is conventional. Unfortunately, there isn't a thing on it. Aw, here you were, all excited for there to be things on it!

There is a closed frosted-glass door leading south. There is an exit to the east.

There is a block of cheese, a red apple, a red hot pepper, a raw purple potato, a yellow bell pepper, a red onion and a banana on the floor.","You are carrying: a raw yellow potato, a white onion, a knife and a cookbook.",3 of 15,0.2,False,
84,,,I should take the cookbook to check the recipe for a delicious meal.,examine cookbook,,"You open the copy of ""Cooking: A Modern Approach (3rd Ed.)"" and start reading:

Recipe #1
---------
Gather all following ingredients and follow the directions to prepare this tasty meal.

Ingredients:
red apple
  block of cheese
  white onion
  yellow potato
  red hot pepper

Directions:
chop the red apple
  roast the red apple
  chop the block of cheese
  grill the block of cheese
  chop the white onion
  grill the white onion
  dice the yellow potato
  fry the yellow potato
  slice the red hot pepper
  fry the red hot pepper
  prepare meal",Kitchen,"You have fallen into the most normal of all possible kitchens.

You can make out an opened fridge. The fridge contains a raw pork chop and a carrot. You see a closed conventional looking oven here. You make out a table. The table is massive. However, the table, like an empty table, has nothing on it. It would have been so cool if there was stuff on the table. You make out a counter. On the counter you can see a raw red potato. Look out! It's a- oh, never mind, it's just a stove. The stove is conventional. Unfortunately, there isn't a thing on it. Aw, here you were, all excited for there to be things on it!

There is a closed frosted-glass door leading south. There is an exit to the east.

There is a block of cheese, a red apple, a red hot pepper, a raw purple potato, a yellow bell pepper, a red onion and a banana on the floor.","You are carrying: a raw yellow potato, a white onion, a knife and a cookbook.",3 of 15,0.2,False,
85,,,"I need to gather the ingredients from the floor and my inventory: red apple, block of cheese, white onion, yellow potato, and red hot pepper. I will take the red apple, block of cheese, and red hot pepper from the floor first.",take red apple from floor,,You pick up the red apple from the ground.,Kitchen,"You have fallen into the most normal of all possible kitchens.

You can make out an opened fridge. The fridge contains a raw pork chop and a carrot. You see a closed conventional looking oven here. You make out a table. The table is massive. However, the table, like an empty table, has nothing on it. It would have been so cool if there was stuff on the table. You make out a counter. On the counter you can see a raw red potato. Look out! It's a- oh, never mind, it's just a stove. The stove is conventional. Unfortunately, there isn't a thing on it. Aw, here you were, all excited for there to be things on it!

There is a closed frosted-glass door leading south. There is an exit to the east.

There is a block of cheese, a red hot pepper, a raw purple potato, a yellow bell pepper, a red onion and a banana on the floor.","You are carrying: a red apple, a raw yellow potato, a white onion, a knife and a cookbook.",3 of 15,0.2,False,
86,,,I still need to take the block of cheese and the red hot pepper from the floor to have all the ingredients required for the recipe.,take block of cheese from floor,,You're carrying too many things already.,Kitchen,"You have fallen into the most normal of all possible kitchens.

You can make out an opened fridge. The fridge contains a raw pork chop and a carrot. You see a closed conventional looking oven here. You make out a table. The table is massive. However, the table, like an empty table, has nothing on it. It would have been so cool if there was stuff on the table. You make out a counter. On the counter you can see a raw red potato. Look out! It's a- oh, never mind, it's just a stove. The stove is conventional. Unfortunately, there isn't a thing on it. Aw, here you were, all excited for there to be things on it!

There is a closed frosted-glass door leading south. There is an exit to the east.

There is a block of cheese, a red hot pepper, a raw purple potato, a yellow bell pepper, a red onion and a banana on the floor.","You are carrying: a red apple, a raw yellow potato, a white onion, a knife and a cookbook.",3 of 15,0.2,False,
87,,,I need to free up some space in my inventory by putting down an item before picking up the block of cheese.,drop white onion,,You drop the white onion on the ground.,Kitchen,"You have fallen into the most normal of all possible kitchens.

You can make out an opened fridge. The fridge contains a raw pork chop and a carrot. You see a closed conventional looking oven here. You make out a table. The table is massive. However, the table, like an empty table, has nothing on it. It would have been so cool if there was stuff on the table. You make out a counter. On the counter you can see a raw red potato. Look out! It's a- oh, never mind, it's just a stove. The stove is conventional. Unfortunately, there isn't a thing on it. Aw, here you were, all excited for there to be things on it!

There is a closed frosted-glass door leading south. There is an exit to the east.

There is a white onion, a block of cheese, a red hot pepper, a raw purple potato, a yellow bell pepper, a red onion and a banana on the floor.","You are carrying: a red apple, a raw yellow potato, a knife and a cookbook.",3 of 15,0.2,False,
88,,,"Now that I have space, I should take the block of cheese from the floor to use it for cooking.",take block of cheese from floor,,You pick up the block of cheese from the ground.,Kitchen,"You have fallen into the most normal of all possible kitchens.

You can make out an opened fridge. The fridge contains a raw pork chop and a carrot. You see a closed conventional looking oven here. You make out a table. The table is massive. However, the table, like an empty table, has nothing on it. It would have been so cool if there was stuff on the table. You make out a counter. On the counter you can see a raw red potato. Look out! It's a- oh, never mind, it's just a stove. The stove is conventional. Unfortunately, there isn't a thing on it. Aw, here you were, all excited for there to be things on it!

There is a closed frosted-glass door leading south. There is an exit to the east.

There is a white onion, a red hot pepper, a raw purple potato, a yellow bell pepper, a red onion and a banana on the floor.","You are carrying: a block of cheese, a red apple, a raw yellow potato, a knife and a cookbook.",3 of 15,0.2,False,
89,,,I should check the cookbook for a recipe to cook a delicious meal.,examine cookbook,,"You open the copy of ""Cooking: A Modern Approach (3rd Ed.)"" and start reading:

Recipe #1
---------
Gather all following ingredients and follow the directions to prepare this tasty meal.

Ingredients:
red apple
  block of cheese
  white onion
  yellow potato
  red hot pepper

Directions:
chop the red apple
  roast the red apple
  chop the block of cheese
  grill the block of cheese
  chop the white onion
  grill the white onion
  dice the yellow potato
  fry the yellow potato
  slice the red hot pepper
  fry the red hot pepper
  prepare meal",Kitchen,"You have fallen into the most normal of all possible kitchens.

You can make out an opened fridge. The fridge contains a raw pork chop and a carrot. You see a closed conventional looking oven here. You make out a table. The table is massive. However, the table, like an empty table, has nothing on it. It would have been so cool if there was stuff on the table. You make out a counter. On the counter you can see a raw red potato. Look out! It's a- oh, never mind, it's just a stove. The stove is conventional. Unfortunately, there isn't a thing on it. Aw, here you were, all excited for there to be things on it!

There is a closed frosted-glass door leading south. There is an exit to the east.

There is a white onion, a red hot pepper, a raw purple potato, a yellow bell pepper, a red onion and a banana on the floor.","You are carrying: a block of cheese, a red apple, a raw yellow potato, a knife and a cookbook.",3 of 15,0.2,False,
90,,,"I need to gather the remaining ingredients from the floor: white onion and red hot pepper, then start chopping the red apple as per the recipe.",take white onion from floor,,You're carrying too many things already.,Kitchen,"You have fallen into the most normal of all possible kitchens.

You can make out an opened fridge. The fridge contains a raw pork chop and a carrot. You see a closed conventional looking oven here. You make out a table. The table is massive. However, the table, like an empty table, has nothing on it. It would have been so cool if there was stuff on the table. You make out a counter. On the counter you can see a raw red potato. Look out! It's a- oh, never mind, it's just a stove. The stove is conventional. Unfortunately, there isn't a thing on it. Aw, here you were, all excited for there to be things on it!

There is a closed frosted-glass door leading south. There is an exit to the east.

There is a white onion, a red hot pepper, a raw purple potato, a yellow bell pepper, a red onion and a banana on the floor.","You are carrying: a block of cheese, a red apple, a raw yellow potato, a knife and a cookbook.",3 of 15,0.2,False,
91,,,"I am carrying too many items, so I should put down the raw yellow potato to free up space and then take the white onion.",drop raw yellow potato,,You drop the yellow potato on the ground.,Kitchen,"You have fallen into the most normal of all possible kitchens.

You can make out an opened fridge. The fridge contains a raw pork chop and a carrot. You see a closed conventional looking oven here. You make out a table. The table is massive. However, the table, like an empty table, has nothing on it. It would have been so cool if there was stuff on the table. You make out a counter. On the counter you can see a raw red potato. Look out! It's a- oh, never mind, it's just a stove. The stove is conventional. Unfortunately, there isn't a thing on it. Aw, here you were, all excited for there to be things on it!

There is a closed frosted-glass door leading south. There is an exit to the east.

There is a raw yellow potato, a white onion, a red hot pepper, a raw purple potato, a yellow bell pepper, a red onion and a banana on the floor.","You are carrying: a block of cheese, a red apple, a knife and a cookbook.",3 of 15,0.2,False,
92,,,I should take the white onion from the floor to have more ingredients for cooking.,take white onion from floor,,You pick up the white onion from the ground.,Kitchen,"You have fallen into the most normal of all possible kitchens.

You can make out an opened fridge. The fridge contains a raw pork chop and a carrot. You see a closed conventional looking oven here. You make out a table. The table is massive. However, the table, like an empty table, has nothing on it. It would have been so cool if there was stuff on the table. You make out a counter. On the counter you can see a raw red potato. Look out! It's a- oh, never mind, it's just a stove. The stove is conventional. Unfortunately, there isn't a thing on it. Aw, here you were, all excited for there to be things on it!

There is a closed frosted-glass door leading south. There is an exit to the east.

There is a raw yellow potato, a red hot pepper, a raw purple potato, a yellow bell pepper, a red onion and a banana on the floor.","You are carrying: a white onion, a block of cheese, a red apple, a knife and a cookbook.",3 of 15,0.2,False,
93,,,I should check the cookbook for a recipe to cook a delicious meal.,examine cookbook,,"You open the copy of ""Cooking: A Modern Approach (3rd Ed.)"" and start reading:

Recipe #1
---------
Gather all following ingredients and follow the directions to prepare this tasty meal.

Ingredients:
red apple
  block of cheese
  white onion
  yellow potato
  red hot pepper

Directions:
chop the red apple
  roast the red apple
  chop the block of cheese
  grill the block of cheese
  chop the white onion
  grill the white onion
  dice the yellow potato
  fry the yellow potato
  slice the red hot pepper
  fry the red hot pepper
  prepare meal",Kitchen,"You have fallen into the most normal of all possible kitchens.

You can make out an opened fridge. The fridge contains a raw pork chop and a carrot. You see a closed conventional looking oven here. You make out a table. The table is massive. However, the table, like an empty table, has nothing on it. It would have been so cool if there was stuff on the table. You make out a counter. On the counter you can see a raw red potato. Look out! It's a- oh, never mind, it's just a stove. The stove is conventional. Unfortunately, there isn't a thing on it. Aw, here you were, all excited for there to be things on it!

There is a closed frosted-glass door leading south. There is an exit to the east.

There is a raw yellow potato, a red hot pepper, a raw purple potato, a yellow bell pepper, a red onion and a banana on the floor.","You are carrying: a white onion, a block of cheese, a red apple, a knife and a cookbook.",3 of 15,0.2,False,
94,,,I need to chop the red apple first as per the recipe.,chop red apple with knife,,"You chop the red apple.



Your score has just gone up by one point.",Kitchen,"You have fallen into the most normal of all possible kitchens.

You can make out an opened fridge. The fridge contains a raw pork chop and a carrot. You see a closed conventional looking oven here. You make out a table. The table is massive. However, the table, like an empty table, has nothing on it. It would have been so cool if there was stuff on the table. You make out a counter. On the counter you can see a raw red potato. Look out! It's a- oh, never mind, it's just a stove. The stove is conventional. Unfortunately, there isn't a thing on it. Aw, here you were, all excited for there to be things on it!

There is a closed frosted-glass door leading south. There is an exit to the east.

There is a raw yellow potato, a red hot pepper, a raw purple potato, a yellow bell pepper, a red onion and a banana on the floor.","You are carrying: a white onion, a block of cheese, a chopped red apple, a knife and a cookbook.",4 of 15,0.26666666666666666,False,
95,,,"Next, I should roast the chopped red apple as per the recipe.",cook chopped red apple with oven,,"You roasted the red apple.



Your score has just gone up by one point.",Kitchen,"You have fallen into the most normal of all possible kitchens.

You can make out an opened fridge. The fridge contains a raw pork chop and a carrot. You see a closed conventional looking oven here. You make out a table. The table is massive. However, the table, like an empty table, has nothing on it. It would have been so cool if there was stuff on the table. You make out a counter. On the counter you can see a raw red potato. Look out! It's a- oh, never mind, it's just a stove. The stove is conventional. Unfortunately, there isn't a thing on it. Aw, here you were, all excited for there to be things on it!

There is a closed frosted-glass door leading south. There is an exit to the east.

There is a raw yellow potato, a red hot pepper, a raw purple potato, a yellow bell pepper, a red onion and a banana on the floor.","You are carrying: a white onion, a block of cheese, a chopped roasted red apple, a knife and a cookbook.",5 of 15,0.3333333333333333,False,
96,,,I should check the cookbook for the next step in the recipe.,examine cookbook,,"You open the copy of ""Cooking: A Modern Approach (3rd Ed.)"" and start reading:

Recipe #1
---------
Gather all following ingredients and follow the directions to prepare this tasty meal.

Ingredients:
red apple
  block of cheese
  white onion
  yellow potato
  red hot pepper

Directions:
chop the red apple
  roast the red apple
  chop the block of cheese
  grill the block of cheese
  chop the white onion
  grill the white onion
  dice the yellow potato
  fry the yellow potato
  slice the red hot pepper
  fry the red hot pepper
  prepare meal",Kitchen,"You have fallen into the most normal of all possible kitchens.

You can make out an opened fridge. The fridge contains a raw pork chop and a carrot. You see a closed conventional looking oven here. You make out a table. The table is massive. However, the table, like an empty table, has nothing on it. It would have been so cool if there was stuff on the table. You make out a counter. On the counter you can see a raw red potato. Look out! It's a- oh, never mind, it's just a stove. The stove is conventional. Unfortunately, there isn't a thing on it. Aw, here you were, all excited for there to be things on it!

There is a closed frosted-glass door leading south. There is an exit to the east.

There is a raw yellow potato, a red hot pepper, a raw purple potato, a yellow bell pepper, a red onion and a banana on the floor.","You are carrying: a white onion, a block of cheese, a chopped roasted red apple, a knife and a cookbook.",5 of 15,0.3333333333333333,True,
