step_id,plan,summary,thought,action,task,feedback,location,description,inventory,score,reward,is_done,error
0,,,,,"You are hungry! Let's cook a delicious meal. Check the cookbook in the kitchen for the recipe. Once done, enjoy your meal!",,Pantry,"You arrive in a pantry. A standard one.

You see a gleam over in a corner, where you can see a shelf. The shelf is wooden. But the thing hasn't got anything on it. It would have been so cool if there was stuff on the shelf.

There is a closed plain door leading west.","You are carrying: a raw pork chop, a raw red potato and a raw yellow potato.",0 of 17,0.0,False,
1,,,I should go west through the closed plain door to find the kitchen where the cookbook might be.,go west,,You have to open the plain door first.,Pantry,"You arrive in a pantry. A standard one.

You see a gleam over in a corner, where you can see a shelf. The shelf is wooden. But the thing hasn't got anything on it. It would have been so cool if there was stuff on the shelf.

There is a closed plain door leading west.","You are carrying: a raw pork chop, a raw red potato and a raw yellow potato.",0 of 17,0.0,False,
2,,,I need to open the plain door leading west before I can go through it.,open door,,You open plain door.,Pantry,"You arrive in a pantry. A standard one.

You see a gleam over in a corner, where you can see a shelf. The shelf is wooden. But the thing hasn't got anything on it. It would have been so cool if there was stuff on the shelf.

There is an open plain door leading west.","You are carrying: a raw pork chop, a raw red potato and a raw yellow potato.",0 of 17,0.0,False,
3,,,"Now that the door is open, I should go west through the plain door.",go west,,"You've entered a kitchen.

You see a closed fridge nearby. You bend down to tie your shoe. When you stand up, you notice an oven. You see a table. But the thing is empty, unfortunately. If you haven't noticed it already, there seems to be something there by the wall, it's a counter. On the counter you can make out a banana, a red apple, a red onion, a cookbook and a knife. If you haven't noticed it already, there seems to be something there by the wall, it's a stove. However, the stove, like an empty stove, has nothing on it.

There is an open plain door leading east. There is a closed screen door leading north. There is an exit to the west. Don't worry, there is no door.",Kitchen,"You've entered a kitchen.

You see a closed fridge nearby. You bend down to tie your shoe. When you stand up, you notice an oven. You see a table. But the thing is empty, unfortunately. If you haven't noticed it already, there seems to be something there by the wall, it's a counter. On the counter you can make out a banana, a red apple, a red onion, a cookbook and a knife. If you haven't noticed it already, there seems to be something there by the wall, it's a stove. However, the stove, like an empty stove, has nothing on it.

There is an open plain door leading east. There is a closed screen door leading north. There is an exit to the west. Don't worry, there is no door.","You are carrying: a raw pork chop, a raw red potato and a raw yellow potato.",0 of 17,0.0,False,
4,,,I should examine the cookbook on the counter to check the recipe for cooking a delicious meal.,examine cookbook,,"You open the copy of ""Cooking: A Modern Approach (3rd Ed.)"" and start reading:

Recipe #1
---------
Gather all following ingredients and follow the directions to prepare this tasty meal.

Ingredients:
carrot
  purple potato
  banana
  red hot pepper
  yellow bell pepper

Directions:
slice the carrot
  grill the carrot
  dice the purple potato
  fry the purple potato
  dice the banana
  roast the banana
  slice the red hot pepper
  fry the red hot pepper
  slice the yellow bell pepper
  fry the yellow bell pepper
  prepare meal",Kitchen,"You've entered a kitchen.

You see a closed fridge nearby. You bend down to tie your shoe. When you stand up, you notice an oven. You see a table. But the thing is empty, unfortunately. If you haven't noticed it already, there seems to be something there by the wall, it's a counter. On the counter you can make out a banana, a red apple, a red onion, a cookbook and a knife. If you haven't noticed it already, there seems to be something there by the wall, it's a stove. However, the stove, like an empty stove, has nothing on it.

There is an open plain door leading east. There is a closed screen door leading north. There is an exit to the west. Don't worry, there is no door.","You are carrying: a raw pork chop, a raw red potato and a raw yellow potato.",0 of 17,0.0,False,
5,,,"I need to gather the ingredients from the recipe. I see a banana on the counter, so I should take the banana first.",take banana from counter,,"You take the banana from the counter.



Your score has just gone up by one point.",Kitchen,"You've entered a kitchen.

You see a closed fridge nearby. You bend down to tie your shoe. When you stand up, you notice an oven. You see a table. But the thing is empty, unfortunately. If you haven't noticed it already, there seems to be something there by the wall, it's a counter. On the counter you can make out a red apple, a red onion, a cookbook and a knife. If you haven't noticed it already, there seems to be something there by the wall, it's a stove. However, the stove, like an empty stove, has nothing on it.

There is an open plain door leading east. There is a closed screen door leading north. There is an exit to the west. Don't worry, there is no door.","You are carrying: a banana, a raw pork chop, a raw red potato and a raw yellow potato.",1 of 17,0.058823529411764705,False,
6,,,"I need to find the purple potato, red hot pepper, and yellow bell pepper. I should check the fridge for these ingredients.",open fridge,,"You open the fridge, revealing a yellow bell pepper, a white onion and a block of cheese.",Kitchen,"You've entered a kitchen.

You see an opened fridge nearby. The fridge contains a yellow bell pepper, a white onion and a block of cheese. There's something strange about this being here, but you can't put your finger on it. You bend down to tie your shoe. When you stand up, you notice an oven. You see a table. But the thing is empty, unfortunately. If you haven't noticed it already, there seems to be something there by the wall, it's a counter. On the counter you can make out a red apple, a red onion, a cookbook and a knife. If you haven't noticed it already, there seems to be something there by the wall, it's a stove. However, the stove, like an empty stove, has nothing on it.

There is an open plain door leading east. There is a closed screen door leading north. There is an exit to the west. Don't worry, there is no door.","You are carrying: a banana, a raw pork chop, a raw red potato and a raw yellow potato.",1 of 17,0.058823529411764705,False,
7,,,I should take the yellow bell pepper from the fridge and then check the cookbook on the counter for the recipe.,take yellow bell pepper from fridge,,"You take the yellow bell pepper from the fridge.



Your score has just gone up by one point.",Kitchen,"You've entered a kitchen.

You see an opened fridge nearby. The fridge contains a white onion and a block of cheese. There's something strange about this being here, but you can't put your finger on it. You bend down to tie your shoe. When you stand up, you notice an oven. You see a table. But the thing is empty, unfortunately. If you haven't noticed it already, there seems to be something there by the wall, it's a counter. On the counter you can make out a red apple, a red onion, a cookbook and a knife. If you haven't noticed it already, there seems to be something there by the wall, it's a stove. However, the stove, like an empty stove, has nothing on it.

There is an open plain door leading east. There is a closed screen door leading north. There is an exit to the west. Don't worry, there is no door.","You are carrying: a yellow bell pepper, a banana, a raw pork chop, a raw red potato and a raw yellow potato.",2 of 17,0.11764705882352941,False,
8,,,I should examine the cookbook on the counter to find the recipe for a delicious meal.,examine cookbook,,"You open the copy of ""Cooking: A Modern Approach (3rd Ed.)"" and start reading:

Recipe #1
---------
Gather all following ingredients and follow the directions to prepare this tasty meal.

Ingredients:
carrot
  purple potato
  banana
  red hot pepper
  yellow bell pepper

Directions:
slice the carrot
  grill the carrot
  dice the purple potato
  fry the purple potato
  dice the banana
  roast the banana
  slice the red hot pepper
  fry the red hot pepper
  slice the yellow bell pepper
  fry the yellow bell pepper
  prepare meal",Kitchen,"You've entered a kitchen.

You see an opened fridge nearby. The fridge contains a white onion and a block of cheese. There's something strange about this being here, but you can't put your finger on it. You bend down to tie your shoe. When you stand up, you notice an oven. You see a table. But the thing is empty, unfortunately. If you haven't noticed it already, there seems to be something there by the wall, it's a counter. On the counter you can make out a red apple, a red onion, a cookbook and a knife. If you haven't noticed it already, there seems to be something there by the wall, it's a stove. However, the stove, like an empty stove, has nothing on it.

There is an open plain door leading east. There is a closed screen door leading north. There is an exit to the west. Don't worry, there is no door.","You are carrying: a yellow bell pepper, a banana, a raw pork chop, a raw red potato and a raw yellow potato.",2 of 17,0.11764705882352941,False,
9,,,"I need to gather the required ingredients from the recipe: carrot, purple potato, banana, red hot pepper, and yellow bell pepper. I already have a yellow bell pepper and a banana, but I need to find a carrot, purple potato, and red hot pepper.",go east to search for the missing ingredients.,,I only understood you as far as wanting to go east.,Kitchen,"You've entered a kitchen.

You see an opened fridge nearby. The fridge contains a white onion and a block of cheese. There's something strange about this being here, but you can't put your finger on it. You bend down to tie your shoe. When you stand up, you notice an oven. You see a table. But the thing is empty, unfortunately. If you haven't noticed it already, there seems to be something there by the wall, it's a counter. On the counter you can make out a red apple, a red onion, a cookbook and a knife. If you haven't noticed it already, there seems to be something there by the wall, it's a stove. However, the stove, like an empty stove, has nothing on it.

There is an open plain door leading east. There is a closed screen door leading north. There is an exit to the west. Don't worry, there is no door.","You are carrying: a yellow bell pepper, a banana, a raw pork chop, a raw red potato and a raw yellow potato.",2 of 17,0.11764705882352941,False,
10,,,"I am already in the kitchen and there is no indication of the missing ingredients here. I should check the fridge and the counter for the carrot, purple potato, and red hot pepper.",examine fridge,,"The fridge looks ominous. It is open.

In the fridge are a white onion and a block of cheese.",Kitchen,"You've entered a kitchen.

You see an opened fridge nearby. The fridge contains a white onion and a block of cheese. There's something strange about this being here, but you can't put your finger on it. You bend down to tie your shoe. When you stand up, you notice an oven. You see a table. But the thing is empty, unfortunately. If you haven't noticed it already, there seems to be something there by the wall, it's a counter. On the counter you can make out a red apple, a red onion, a cookbook and a knife. If you haven't noticed it already, there seems to be something there by the wall, it's a stove. However, the stove, like an empty stove, has nothing on it.

There is an open plain door leading east. There is a closed screen door leading north. There is an exit to the west. Don't worry, there is no door.","You are carrying: a yellow bell pepper, a banana, a raw pork chop, a raw red potato and a raw yellow potato.",2 of 17,0.11764705882352941,False,
11,,,"I should check the counter for the carrot, purple potato, and red hot pepper, and also take the cookbook to check the recipe.",take cookbook from counter,,You're carrying too many things already.,Kitchen,"You've entered a kitchen.

You see an opened fridge nearby. The fridge contains a white onion and a block of cheese. There's something strange about this being here, but you can't put your finger on it. You bend down to tie your shoe. When you stand up, you notice an oven. You see a table. But the thing is empty, unfortunately. If you haven't noticed it already, there seems to be something there by the wall, it's a counter. On the counter you can make out a red apple, a red onion, a cookbook and a knife. If you haven't noticed it already, there seems to be something there by the wall, it's a stove. However, the stove, like an empty stove, has nothing on it.

There is an open plain door leading east. There is a closed screen door leading north. There is an exit to the west. Don't worry, there is no door.","You are carrying: a yellow bell pepper, a banana, a raw pork chop, a raw red potato and a raw yellow potato.",2 of 17,0.11764705882352941,False,
12,,,I need to free up inventory space by putting down an item before taking the cookbook.,drop banana,,You drop the banana on the ground.,Kitchen,"You've entered a kitchen.

You see an opened fridge nearby. The fridge contains a white onion and a block of cheese. There's something strange about this being here, but you can't put your finger on it. You bend down to tie your shoe. When you stand up, you notice an oven. You see a table. But the thing is empty, unfortunately. If you haven't noticed it already, there seems to be something there by the wall, it's a counter. On the counter you can make out a red apple, a red onion, a cookbook and a knife. If you haven't noticed it already, there seems to be something there by the wall, it's a stove. However, the stove, like an empty stove, has nothing on it.

There is an open plain door leading east. There is a closed screen door leading north. There is an exit to the west. Don't worry, there is no door.

There is a banana on the floor.","You are carrying: a yellow bell pepper, a raw pork chop, a raw red potato and a raw yellow potato.",2 of 17,0.11764705882352941,False,
13,,,I should take the cookbook from the counter to check the recipe for cooking a delicious meal.,take cookbook from counter,,You take the cookbook from the counter.,Kitchen,"You've entered a kitchen.

You see an opened fridge nearby. The fridge contains a white onion and a block of cheese. There's something strange about this being here, but you can't put your finger on it. You bend down to tie your shoe. When you stand up, you notice an oven. You see a table. But the thing is empty, unfortunately. If you haven't noticed it already, there seems to be something there by the wall, it's a counter. On the counter you can make out a red apple, a red onion and a knife. If you haven't noticed it already, there seems to be something there by the wall, it's a stove. However, the stove, like an empty stove, has nothing on it.

There is an open plain door leading east. There is a closed screen door leading north. There is an exit to the west. Don't worry, there is no door.

There is a banana on the floor.","You are carrying: a cookbook, a yellow bell pepper, a raw pork chop, a raw red potato and a raw yellow potato.",2 of 17,0.11764705882352941,False,
14,,,I should examine the cookbook to find the recipe for cooking a delicious meal.,examine cookbook,,"You open the copy of ""Cooking: A Modern Approach (3rd Ed.)"" and start reading:

Recipe #1
---------
Gather all following ingredients and follow the directions to prepare this tasty meal.

Ingredients:
carrot
  purple potato
  banana
  red hot pepper
  yellow bell pepper

Directions:
slice the carrot
  grill the carrot
  dice the purple potato
  fry the purple potato
  dice the banana
  roast the banana
  slice the red hot pepper
  fry the red hot pepper
  slice the yellow bell pepper
  fry the yellow bell pepper
  prepare meal",Kitchen,"You've entered a kitchen.

You see an opened fridge nearby. The fridge contains a white onion and a block of cheese. There's something strange about this being here, but you can't put your finger on it. You bend down to tie your shoe. When you stand up, you notice an oven. You see a table. But the thing is empty, unfortunately. If you haven't noticed it already, there seems to be something there by the wall, it's a counter. On the counter you can make out a red apple, a red onion and a knife. If you haven't noticed it already, there seems to be something there by the wall, it's a stove. However, the stove, like an empty stove, has nothing on it.

There is an open plain door leading east. There is a closed screen door leading north. There is an exit to the west. Don't worry, there is no door.

There is a banana on the floor.","You are carrying: a cookbook, a yellow bell pepper, a raw pork chop, a raw red potato and a raw yellow potato.",2 of 17,0.11764705882352941,False,
15,,,"I need to gather the ingredients from the recipe: carrot, purple potato, banana, red hot pepper, and yellow bell pepper. I already have a yellow bell pepper and a banana on the floor, but I need to find the carrot, purple potato, and red hot pepper first.",take banana from floor,,You're carrying too many things already.,Kitchen,"You've entered a kitchen.

You see an opened fridge nearby. The fridge contains a white onion and a block of cheese. There's something strange about this being here, but you can't put your finger on it. You bend down to tie your shoe. When you stand up, you notice an oven. You see a table. But the thing is empty, unfortunately. If you haven't noticed it already, there seems to be something there by the wall, it's a counter. On the counter you can make out a red apple, a red onion and a knife. If you haven't noticed it already, there seems to be something there by the wall, it's a stove. However, the stove, like an empty stove, has nothing on it.

There is an open plain door leading east. There is a closed screen door leading north. There is an exit to the west. Don't worry, there is no door.

There is a banana on the floor.","You are carrying: a cookbook, a yellow bell pepper, a raw pork chop, a raw red potato and a raw yellow potato.",2 of 17,0.11764705882352941,False,
16,,,"I am carrying too many items, so I should drop the raw pork chop, raw red potato, and raw yellow potato to free up space for the ingredients I need.",drop raw pork chop; drop raw red potato; drop raw yellow potato,,I only understood you as far as wanting to drop the pork chop.,Kitchen,"You've entered a kitchen.

You see an opened fridge nearby. The fridge contains a white onion and a block of cheese. There's something strange about this being here, but you can't put your finger on it. You bend down to tie your shoe. When you stand up, you notice an oven. You see a table. But the thing is empty, unfortunately. If you haven't noticed it already, there seems to be something there by the wall, it's a counter. On the counter you can make out a red apple, a red onion and a knife. If you haven't noticed it already, there seems to be something there by the wall, it's a stove. However, the stove, like an empty stove, has nothing on it.

There is an open plain door leading east. There is a closed screen door leading north. There is an exit to the west. Don't worry, there is no door.

There is a banana on the floor.","You are carrying: a cookbook, a yellow bell pepper, a raw pork chop, a raw red potato and a raw yellow potato.",2 of 17,0.11764705882352941,False,
17,,,"I should drop the raw pork chop first to free up space, then I can drop the raw red potato and raw yellow potato in subsequent steps.",drop raw pork chop,,You drop the pork chop on the ground.,Kitchen,"You've entered a kitchen.

You see an opened fridge nearby. The fridge contains a white onion and a block of cheese. There's something strange about this being here, but you can't put your finger on it. You bend down to tie your shoe. When you stand up, you notice an oven. You see a table. But the thing is empty, unfortunately. If you haven't noticed it already, there seems to be something there by the wall, it's a counter. On the counter you can make out a red apple, a red onion and a knife. If you haven't noticed it already, there seems to be something there by the wall, it's a stove. However, the stove, like an empty stove, has nothing on it.

There is an open plain door leading east. There is a closed screen door leading north. There is an exit to the west. Don't worry, there is no door.

There is a raw pork chop and a banana on the floor.","You are carrying: a cookbook, a yellow bell pepper, a raw red potato and a raw yellow potato.",2 of 17,0.11764705882352941,False,
18,,,I should drop the raw red potato next to free more space.,drop raw red potato,,You drop the red potato on the ground.,Kitchen,"You've entered a kitchen.

You see an opened fridge nearby. The fridge contains a white onion and a block of cheese. There's something strange about this being here, but you can't put your finger on it. You bend down to tie your shoe. When you stand up, you notice an oven. You see a table. But the thing is empty, unfortunately. If you haven't noticed it already, there seems to be something there by the wall, it's a counter. On the counter you can make out a red apple, a red onion and a knife. If you haven't noticed it already, there seems to be something there by the wall, it's a stove. However, the stove, like an empty stove, has nothing on it.

There is an open plain door leading east. There is a closed screen door leading north. There is an exit to the west. Don't worry, there is no door.

There is a raw red potato, a raw pork chop and a banana on the floor.","You are carrying: a cookbook, a yellow bell pepper and a raw yellow potato.",2 of 17,0.11764705882352941,False,
19,,,I should check the cookbook for the recipe to cook a delicious meal.,examine cookbook,,"You open the copy of ""Cooking: A Modern Approach (3rd Ed.)"" and start reading:

Recipe #1
---------
Gather all following ingredients and follow the directions to prepare this tasty meal.

Ingredients:
carrot
  purple potato
  banana
  red hot pepper
  yellow bell pepper

Directions:
slice the carrot
  grill the carrot
  dice the purple potato
  fry the purple potato
  dice the banana
  roast the banana
  slice the red hot pepper
  fry the red hot pepper
  slice the yellow bell pepper
  fry the yellow bell pepper
  prepare meal",Kitchen,"You've entered a kitchen.

You see an opened fridge nearby. The fridge contains a white onion and a block of cheese. There's something strange about this being here, but you can't put your finger on it. You bend down to tie your shoe. When you stand up, you notice an oven. You see a table. But the thing is empty, unfortunately. If you haven't noticed it already, there seems to be something there by the wall, it's a counter. On the counter you can make out a red apple, a red onion and a knife. If you haven't noticed it already, there seems to be something there by the wall, it's a stove. However, the stove, like an empty stove, has nothing on it.

There is an open plain door leading east. There is a closed screen door leading north. There is an exit to the west. Don't worry, there is no door.

There is a raw red potato, a raw pork chop and a banana on the floor.","You are carrying: a cookbook, a yellow bell pepper and a raw yellow potato.",2 of 17,0.11764705882352941,False,
20,,,"I need to gather the required ingredients from the recipe: carrot, purple potato, banana, red hot pepper, and yellow bell pepper. I already have a yellow bell pepper, so I should take the carrot, banana, and look for a purple potato and red hot pepper.",take banana from floor,,You pick up the banana from the ground.,Kitchen,"You've entered a kitchen.

You see an opened fridge nearby. The fridge contains a white onion and a block of cheese. There's something strange about this being here, but you can't put your finger on it. You bend down to tie your shoe. When you stand up, you notice an oven. You see a table. But the thing is empty, unfortunately. If you haven't noticed it already, there seems to be something there by the wall, it's a counter. On the counter you can make out a red apple, a red onion and a knife. If you haven't noticed it already, there seems to be something there by the wall, it's a stove. However, the stove, like an empty stove, has nothing on it.

There is an open plain door leading east. There is a closed screen door leading north. There is an exit to the west. Don't worry, there is no door.

There is a raw red potato and a raw pork chop on the floor.","You are carrying: a banana, a cookbook, a yellow bell pepper and a raw yellow potato.",2 of 17,0.11764705882352941,False,
21,,,"I still need to find a carrot, purple potato, and red hot pepper. I see a raw red potato on the floor, which might be the purple potato. I should take it and also take the carrot from the counter if available.",take raw red potato from floor,,You pick up the red potato from the ground.,Kitchen,"You've entered a kitchen.

You see an opened fridge nearby. The fridge contains a white onion and a block of cheese. There's something strange about this being here, but you can't put your finger on it. You bend down to tie your shoe. When you stand up, you notice an oven. You see a table. But the thing is empty, unfortunately. If you haven't noticed it already, there seems to be something there by the wall, it's a counter. On the counter you can make out a red apple, a red onion and a knife. If you haven't noticed it already, there seems to be something there by the wall, it's a stove. However, the stove, like an empty stove, has nothing on it.

There is an open plain door leading east. There is a closed screen door leading north. There is an exit to the west. Don't worry, there is no door.

There is a raw pork chop on the floor.","You are carrying: a raw red potato, a banana, a cookbook, a yellow bell pepper and a raw yellow potato.",2 of 17,0.11764705882352941,False,
22,,,"I still need to find a carrot and a red hot pepper. I see a knife on the counter, so I should take the knife first to prepare the ingredients. Then I will check if there is a carrot on the counter.",take knife from counter,,You're carrying too many things already.,Kitchen,"You've entered a kitchen.

You see an opened fridge nearby. The fridge contains a white onion and a block of cheese. There's something strange about this being here, but you can't put your finger on it. You bend down to tie your shoe. When you stand up, you notice an oven. You see a table. But the thing is empty, unfortunately. If you haven't noticed it already, there seems to be something there by the wall, it's a counter. On the counter you can make out a red apple, a red onion and a knife. If you haven't noticed it already, there seems to be something there by the wall, it's a stove. However, the stove, like an empty stove, has nothing on it.

There is an open plain door leading east. There is a closed screen door leading north. There is an exit to the west. Don't worry, there is no door.

There is a raw pork chop on the floor.","You are carrying: a raw red potato, a banana, a cookbook, a yellow bell pepper and a raw yellow potato.",2 of 17,0.11764705882352941,False,
23,,,"I am carrying too many items, so I should drop one to free up space. The banana is likely the least useful for cooking the meal, so I will drop the banana first.",drop banana,,You drop the banana on the ground.,Kitchen,"You've entered a kitchen.

You see an opened fridge nearby. The fridge contains a white onion and a block of cheese. There's something strange about this being here, but you can't put your finger on it. You bend down to tie your shoe. When you stand up, you notice an oven. You see a table. But the thing is empty, unfortunately. If you haven't noticed it already, there seems to be something there by the wall, it's a counter. On the counter you can make out a red apple, a red onion and a knife. If you haven't noticed it already, there seems to be something there by the wall, it's a stove. However, the stove, like an empty stove, has nothing on it.

There is an open plain door leading east. There is a closed screen door leading north. There is an exit to the west. Don't worry, there is no door.

There is a banana and a raw pork chop on the floor.","You are carrying: a raw red potato, a cookbook, a yellow bell pepper and a raw yellow potato.",2 of 17,0.11764705882352941,False,
24,,,I should take the raw pork chop from the floor to have the main ingredient for cooking the meal.,take raw pork chop from floor,,You pick up the pork chop from the ground.,Kitchen,"You've entered a kitchen.

You see an opened fridge nearby. The fridge contains a white onion and a block of cheese. There's something strange about this being here, but you can't put your finger on it. You bend down to tie your shoe. When you stand up, you notice an oven. You see a table. But the thing is empty, unfortunately. If you haven't noticed it already, there seems to be something there by the wall, it's a counter. On the counter you can make out a red apple, a red onion and a knife. If you haven't noticed it already, there seems to be something there by the wall, it's a stove. However, the stove, like an empty stove, has nothing on it.

There is an open plain door leading east. There is a closed screen door leading north. There is an exit to the west. Don't worry, there is no door.

There is a banana on the floor.","You are carrying: a raw pork chop, a raw red potato, a cookbook, a yellow bell pepper and a raw yellow potato.",2 of 17,0.11764705882352941,False,
25,,,I should check the cookbook to find the recipe for cooking a delicious meal.,examine cookbook,,"You open the copy of ""Cooking: A Modern Approach (3rd Ed.)"" and start reading:

Recipe #1
---------
Gather all following ingredients and follow the directions to prepare this tasty meal.

Ingredients:
carrot
  purple potato
  banana
  red hot pepper
  yellow bell pepper

Directions:
slice the carrot
  grill the carrot
  dice the purple potato
  fry the purple potato
  dice the banana
  roast the banana
  slice the red hot pepper
  fry the red hot pepper
  slice the yellow bell pepper
  fry the yellow bell pepper
  prepare meal",Kitchen,"You've entered a kitchen.

You see an opened fridge nearby. The fridge contains a white onion and a block of cheese. There's something strange about this being here, but you can't put your finger on it. You bend down to tie your shoe. When you stand up, you notice an oven. You see a table. But the thing is empty, unfortunately. If you haven't noticed it already, there seems to be something there by the wall, it's a counter. On the counter you can make out a red apple, a red onion and a knife. If you haven't noticed it already, there seems to be something there by the wall, it's a stove. However, the stove, like an empty stove, has nothing on it.

There is an open plain door leading east. There is a closed screen door leading north. There is an exit to the west. Don't worry, there is no door.

There is a banana on the floor.","You are carrying: a raw pork chop, a raw red potato, a cookbook, a yellow bell pepper and a raw yellow potato.",2 of 17,0.11764705882352941,False,
26,,,"I need to gather the ingredients from the recipe: carrot, purple potato, banana, red hot pepper, and yellow bell pepper. I already have a yellow bell pepper and a banana on the floor, so I should take the banana and look for the other ingredients next.",take banana from floor,,You're carrying too many things already.,Kitchen,"You've entered a kitchen.

You see an opened fridge nearby. The fridge contains a white onion and a block of cheese. There's something strange about this being here, but you can't put your finger on it. You bend down to tie your shoe. When you stand up, you notice an oven. You see a table. But the thing is empty, unfortunately. If you haven't noticed it already, there seems to be something there by the wall, it's a counter. On the counter you can make out a red apple, a red onion and a knife. If you haven't noticed it already, there seems to be something there by the wall, it's a stove. However, the stove, like an empty stove, has nothing on it.

There is an open plain door leading east. There is a closed screen door leading north. There is an exit to the west. Don't worry, there is no door.

There is a banana on the floor.","You are carrying: a raw pork chop, a raw red potato, a cookbook, a yellow bell pepper and a raw yellow potato.",2 of 17,0.11764705882352941,False,
27,,,"I am carrying too many items, so I should drop the raw pork chop and raw yellow potato to free up space before taking the banana.",drop raw pork chop,,You drop the pork chop on the ground.,Kitchen,"You've entered a kitchen.

You see an opened fridge nearby. The fridge contains a white onion and a block of cheese. There's something strange about this being here, but you can't put your finger on it. You bend down to tie your shoe. When you stand up, you notice an oven. You see a table. But the thing is empty, unfortunately. If you haven't noticed it already, there seems to be something there by the wall, it's a counter. On the counter you can make out a red apple, a red onion and a knife. If you haven't noticed it already, there seems to be something there by the wall, it's a stove. However, the stove, like an empty stove, has nothing on it.

There is an open plain door leading east. There is a closed screen door leading north. There is an exit to the west. Don't worry, there is no door.

There is a raw pork chop and a banana on the floor.","You are carrying: a raw red potato, a cookbook, a yellow bell pepper and a raw yellow potato.",2 of 17,0.11764705882352941,False,
28,,,I should drop the raw yellow potato to further free up space before taking the banana.,drop raw yellow potato,,You drop the yellow potato on the ground.,Kitchen,"You've entered a kitchen.

You see an opened fridge nearby. The fridge contains a white onion and a block of cheese. There's something strange about this being here, but you can't put your finger on it. You bend down to tie your shoe. When you stand up, you notice an oven. You see a table. But the thing is empty, unfortunately. If you haven't noticed it already, there seems to be something there by the wall, it's a counter. On the counter you can make out a red apple, a red onion and a knife. If you haven't noticed it already, there seems to be something there by the wall, it's a stove. However, the stove, like an empty stove, has nothing on it.

There is an open plain door leading east. There is a closed screen door leading north. There is an exit to the west. Don't worry, there is no door.

There is a raw yellow potato, a raw pork chop and a banana on the floor.","You are carrying: a raw red potato, a cookbook and a yellow bell pepper.",2 of 17,0.11764705882352941,False,
29,,,I should take the banana from the floor to have more ingredients for cooking.,take banana from floor,,You pick up the banana from the ground.,Kitchen,"You've entered a kitchen.

You see an opened fridge nearby. The fridge contains a white onion and a block of cheese. There's something strange about this being here, but you can't put your finger on it. You bend down to tie your shoe. When you stand up, you notice an oven. You see a table. But the thing is empty, unfortunately. If you haven't noticed it already, there seems to be something there by the wall, it's a counter. On the counter you can make out a red apple, a red onion and a knife. If you haven't noticed it already, there seems to be something there by the wall, it's a stove. However, the stove, like an empty stove, has nothing on it.

There is an open plain door leading east. There is a closed screen door leading north. There is an exit to the west. Don't worry, there is no door.

There is a raw yellow potato and a raw pork chop on the floor.","You are carrying: a banana, a raw red potato, a cookbook and a yellow bell pepper.",2 of 17,0.11764705882352941,False,
30,,,I should check the cookbook to find a recipe for a delicious meal.,examine cookbook,,"You open the copy of ""Cooking: A Modern Approach (3rd Ed.)"" and start reading:

Recipe #1
---------
Gather all following ingredients and follow the directions to prepare this tasty meal.

Ingredients:
carrot
  purple potato
  banana
  red hot pepper
  yellow bell pepper

Directions:
slice the carrot
  grill the carrot
  dice the purple potato
  fry the purple potato
  dice the banana
  roast the banana
  slice the red hot pepper
  fry the red hot pepper
  slice the yellow bell pepper
  fry the yellow bell pepper
  prepare meal",Kitchen,"You've entered a kitchen.

You see an opened fridge nearby. The fridge contains a white onion and a block of cheese. There's something strange about this being here, but you can't put your finger on it. You bend down to tie your shoe. When you stand up, you notice an oven. You see a table. But the thing is empty, unfortunately. If you haven't noticed it already, there seems to be something there by the wall, it's a counter. On the counter you can make out a red apple, a red onion and a knife. If you haven't noticed it already, there seems to be something there by the wall, it's a stove. However, the stove, like an empty stove, has nothing on it.

There is an open plain door leading east. There is a closed screen door leading north. There is an exit to the west. Don't worry, there is no door.

There is a raw yellow potato and a raw pork chop on the floor.","You are carrying: a banana, a raw red potato, a cookbook and a yellow bell pepper.",2 of 17,0.11764705882352941,False,
31,,,"I need to gather the ingredients from the recipe: carrot, purple potato, banana, red hot pepper, and yellow bell pepper. I already have a banana and yellow bell pepper, but I need to find the carrot, purple potato, and red hot pepper first.","look around kitchen for carrot, purple potato, and red hot pepper",,You can't see any such thing.,Kitchen,"You've entered a kitchen.

You see an opened fridge nearby. The fridge contains a white onion and a block of cheese. There's something strange about this being here, but you can't put your finger on it. You bend down to tie your shoe. When you stand up, you notice an oven. You see a table. But the thing is empty, unfortunately. If you haven't noticed it already, there seems to be something there by the wall, it's a counter. On the counter you can make out a red apple, a red onion and a knife. If you haven't noticed it already, there seems to be something there by the wall, it's a stove. However, the stove, like an empty stove, has nothing on it.

There is an open plain door leading east. There is a closed screen door leading north. There is an exit to the west. Don't worry, there is no door.

There is a raw yellow potato and a raw pork chop on the floor.","You are carrying: a banana, a raw red potato, a cookbook and a yellow bell pepper.",2 of 17,0.11764705882352941,False,
32,,,"Since I can't see the carrot, purple potato, or red hot pepper in the kitchen, I should check the floor and the counter more closely for any ingredients I might have missed.",examine raw yellow potato on floor,,I only understood you as far as wanting to examine the yellow potato.,Kitchen,"You've entered a kitchen.

You see an opened fridge nearby. The fridge contains a white onion and a block of cheese. There's something strange about this being here, but you can't put your finger on it. You bend down to tie your shoe. When you stand up, you notice an oven. You see a table. But the thing is empty, unfortunately. If you haven't noticed it already, there seems to be something there by the wall, it's a counter. On the counter you can make out a red apple, a red onion and a knife. If you haven't noticed it already, there seems to be something there by the wall, it's a stove. However, the stove, like an empty stove, has nothing on it.

There is an open plain door leading east. There is a closed screen door leading north. There is an exit to the west. Don't worry, there is no door.

There is a raw yellow potato and a raw pork chop on the floor.","You are carrying: a banana, a raw red potato, a cookbook and a yellow bell pepper.",2 of 17,0.11764705882352941,False,
33,,,I should take the raw yellow potato and the raw pork chop from the floor to have more ingredients for cooking.,take raw yellow potato from floor,,You pick up the yellow potato from the ground.,Kitchen,"You've entered a kitchen.

You see an opened fridge nearby. The fridge contains a white onion and a block of cheese. There's something strange about this being here, but you can't put your finger on it. You bend down to tie your shoe. When you stand up, you notice an oven. You see a table. But the thing is empty, unfortunately. If you haven't noticed it already, there seems to be something there by the wall, it's a counter. On the counter you can make out a red apple, a red onion and a knife. If you haven't noticed it already, there seems to be something there by the wall, it's a stove. However, the stove, like an empty stove, has nothing on it.

There is an open plain door leading east. There is a closed screen door leading north. There is an exit to the west. Don't worry, there is no door.

There is a raw pork chop on the floor.","You are carrying: a raw yellow potato, a banana, a raw red potato, a cookbook and a yellow bell pepper.",2 of 17,0.11764705882352941,False,
34,,,I should take the raw pork chop from the floor to have all ingredients needed for cooking.,take raw pork chop from floor,,You're carrying too many things already.,Kitchen,"You've entered a kitchen.

You see an opened fridge nearby. The fridge contains a white onion and a block of cheese. There's something strange about this being here, but you can't put your finger on it. You bend down to tie your shoe. When you stand up, you notice an oven. You see a table. But the thing is empty, unfortunately. If you haven't noticed it already, there seems to be something there by the wall, it's a counter. On the counter you can make out a red apple, a red onion and a knife. If you haven't noticed it already, there seems to be something there by the wall, it's a stove. However, the stove, like an empty stove, has nothing on it.

There is an open plain door leading east. There is a closed screen door leading north. There is an exit to the west. Don't worry, there is no door.

There is a raw pork chop on the floor.","You are carrying: a raw yellow potato, a banana, a raw red potato, a cookbook and a yellow bell pepper.",2 of 17,0.11764705882352941,False,
35,,,I need to free up inventory space by putting down an item before taking the raw pork chop.,drop banana,,You drop the banana on the ground.,Kitchen,"You've entered a kitchen.

You see an opened fridge nearby. The fridge contains a white onion and a block of cheese. There's something strange about this being here, but you can't put your finger on it. You bend down to tie your shoe. When you stand up, you notice an oven. You see a table. But the thing is empty, unfortunately. If you haven't noticed it already, there seems to be something there by the wall, it's a counter. On the counter you can make out a red apple, a red onion and a knife. If you haven't noticed it already, there seems to be something there by the wall, it's a stove. However, the stove, like an empty stove, has nothing on it.

There is an open plain door leading east. There is a closed screen door leading north. There is an exit to the west. Don't worry, there is no door.

There is a banana and a raw pork chop on the floor.","You are carrying: a raw yellow potato, a raw red potato, a cookbook and a yellow bell pepper.",2 of 17,0.11764705882352941,False,
36,,,I should take the raw pork chop from the floor to start cooking the meal.,take raw pork chop from floor,,You pick up the pork chop from the ground.,Kitchen,"You've entered a kitchen.

You see an opened fridge nearby. The fridge contains a white onion and a block of cheese. There's something strange about this being here, but you can't put your finger on it. You bend down to tie your shoe. When you stand up, you notice an oven. You see a table. But the thing is empty, unfortunately. If you haven't noticed it already, there seems to be something there by the wall, it's a counter. On the counter you can make out a red apple, a red onion and a knife. If you haven't noticed it already, there seems to be something there by the wall, it's a stove. However, the stove, like an empty stove, has nothing on it.

There is an open plain door leading east. There is a closed screen door leading north. There is an exit to the west. Don't worry, there is no door.

There is a banana on the floor.","You are carrying: a raw pork chop, a raw yellow potato, a raw red potato, a cookbook and a yellow bell pepper.",2 of 17,0.11764705882352941,False,
37,,,I should check the cookbook for the recipe to know how to cook the meal.,examine cookbook,,"You open the copy of ""Cooking: A Modern Approach (3rd Ed.)"" and start reading:

Recipe #1
---------
Gather all following ingredients and follow the directions to prepare this tasty meal.

Ingredients:
carrot
  purple potato
  banana
  red hot pepper
  yellow bell pepper

Directions:
slice the carrot
  grill the carrot
  dice the purple potato
  fry the purple potato
  dice the banana
  roast the banana
  slice the red hot pepper
  fry the red hot pepper
  slice the yellow bell pepper
  fry the yellow bell pepper
  prepare meal",Kitchen,"You've entered a kitchen.

You see an opened fridge nearby. The fridge contains a white onion and a block of cheese. There's something strange about this being here, but you can't put your finger on it. You bend down to tie your shoe. When you stand up, you notice an oven. You see a table. But the thing is empty, unfortunately. If you haven't noticed it already, there seems to be something there by the wall, it's a counter. On the counter you can make out a red apple, a red onion and a knife. If you haven't noticed it already, there seems to be something there by the wall, it's a stove. However, the stove, like an empty stove, has nothing on it.

There is an open plain door leading east. There is a closed screen door leading north. There is an exit to the west. Don't worry, there is no door.

There is a banana on the floor.","You are carrying: a raw pork chop, a raw yellow potato, a raw red potato, a cookbook and a yellow bell pepper.",2 of 17,0.11764705882352941,False,
38,,,"I need to gather the required ingredients from the recipe: carrot, purple potato, banana, red hot pepper, and yellow bell pepper. I already have the yellow bell pepper, so I should take the carrot, banana, purple potato, and red hot pepper if available.",take carrot from counter,,You can't see any such thing.,Kitchen,"You've entered a kitchen.

You see an opened fridge nearby. The fridge contains a white onion and a block of cheese. There's something strange about this being here, but you can't put your finger on it. You bend down to tie your shoe. When you stand up, you notice an oven. You see a table. But the thing is empty, unfortunately. If you haven't noticed it already, there seems to be something there by the wall, it's a counter. On the counter you can make out a red apple, a red onion and a knife. If you haven't noticed it already, there seems to be something there by the wall, it's a stove. However, the stove, like an empty stove, has nothing on it.

There is an open plain door leading east. There is a closed screen door leading north. There is an exit to the west. Don't worry, there is no door.

There is a banana on the floor.","You are carrying: a raw pork chop, a raw yellow potato, a raw red potato, a cookbook and a yellow bell pepper.",2 of 17,0.11764705882352941,False,
39,,,There is no carrot visible on the counter or elsewhere in the kitchen. I should take the banana from the floor first and then look for the purple potato and red hot pepper.,take banana from floor,,You're carrying too many things already.,Kitchen,"You've entered a kitchen.

You see an opened fridge nearby. The fridge contains a white onion and a block of cheese. There's something strange about this being here, but you can't put your finger on it. You bend down to tie your shoe. When you stand up, you notice an oven. You see a table. But the thing is empty, unfortunately. If you haven't noticed it already, there seems to be something there by the wall, it's a counter. On the counter you can make out a red apple, a red onion and a knife. If you haven't noticed it already, there seems to be something there by the wall, it's a stove. However, the stove, like an empty stove, has nothing on it.

There is an open plain door leading east. There is a closed screen door leading north. There is an exit to the west. Don't worry, there is no door.

There is a banana on the floor.","You are carrying: a raw pork chop, a raw yellow potato, a raw red potato, a cookbook and a yellow bell pepper.",2 of 17,0.11764705882352941,False,
40,,,"I am carrying too many items already, so I should drop one item to free up space before taking the banana.",drop raw red potato,,You drop the red potato on the ground.,Kitchen,"You've entered a kitchen.

You see an opened fridge nearby. The fridge contains a white onion and a block of cheese. There's something strange about this being here, but you can't put your finger on it. You bend down to tie your shoe. When you stand up, you notice an oven. You see a table. But the thing is empty, unfortunately. If you haven't noticed it already, there seems to be something there by the wall, it's a counter. On the counter you can make out a red apple, a red onion and a knife. If you haven't noticed it already, there seems to be something there by the wall, it's a stove. However, the stove, like an empty stove, has nothing on it.

There is an open plain door leading east. There is a closed screen door leading north. There is an exit to the west. Don't worry, there is no door.

There is a raw red potato and a banana on the floor.","You are carrying: a raw pork chop, a raw yellow potato, a cookbook and a yellow bell pepper.",2 of 17,0.11764705882352941,False,
41,,,"Now that I have space, I should take the banana from the floor to use it for cooking.",take banana from floor,,You pick up the banana from the ground.,Kitchen,"You've entered a kitchen.

You see an opened fridge nearby. The fridge contains a white onion and a block of cheese. There's something strange about this being here, but you can't put your finger on it. You bend down to tie your shoe. When you stand up, you notice an oven. You see a table. But the thing is empty, unfortunately. If you haven't noticed it already, there seems to be something there by the wall, it's a counter. On the counter you can make out a red apple, a red onion and a knife. If you haven't noticed it already, there seems to be something there by the wall, it's a stove. However, the stove, like an empty stove, has nothing on it.

There is an open plain door leading east. There is a closed screen door leading north. There is an exit to the west. Don't worry, there is no door.

There is a raw red potato on the floor.","You are carrying: a banana, a raw pork chop, a raw yellow potato, a cookbook and a yellow bell pepper.",2 of 17,0.11764705882352941,False,
42,,,I should check the cookbook to find a recipe for a delicious meal.,examine cookbook,,"You open the copy of ""Cooking: A Modern Approach (3rd Ed.)"" and start reading:

Recipe #1
---------
Gather all following ingredients and follow the directions to prepare this tasty meal.

Ingredients:
carrot
  purple potato
  banana
  red hot pepper
  yellow bell pepper

Directions:
slice the carrot
  grill the carrot
  dice the purple potato
  fry the purple potato
  dice the banana
  roast the banana
  slice the red hot pepper
  fry the red hot pepper
  slice the yellow bell pepper
  fry the yellow bell pepper
  prepare meal",Kitchen,"You've entered a kitchen.

You see an opened fridge nearby. The fridge contains a white onion and a block of cheese. There's something strange about this being here, but you can't put your finger on it. You bend down to tie your shoe. When you stand up, you notice an oven. You see a table. But the thing is empty, unfortunately. If you haven't noticed it already, there seems to be something there by the wall, it's a counter. On the counter you can make out a red apple, a red onion and a knife. If you haven't noticed it already, there seems to be something there by the wall, it's a stove. However, the stove, like an empty stove, has nothing on it.

There is an open plain door leading east. There is a closed screen door leading north. There is an exit to the west. Don't worry, there is no door.

There is a raw red potato on the floor.","You are carrying: a banana, a raw pork chop, a raw yellow potato, a cookbook and a yellow bell pepper.",2 of 17,0.11764705882352941,False,
43,,,"I need to gather the required ingredients from the recipe: carrot, purple potato, banana, red hot pepper, and yellow bell pepper. I already have a banana and yellow bell pepper, so I should look for the carrot, purple potato, and red hot pepper in the kitchen.","look around kitchen for carrot, purple potato, and red hot pepper",,You can't see any such thing.,Kitchen,"You've entered a kitchen.

You see an opened fridge nearby. The fridge contains a white onion and a block of cheese. There's something strange about this being here, but you can't put your finger on it. You bend down to tie your shoe. When you stand up, you notice an oven. You see a table. But the thing is empty, unfortunately. If you haven't noticed it already, there seems to be something there by the wall, it's a counter. On the counter you can make out a red apple, a red onion and a knife. If you haven't noticed it already, there seems to be something there by the wall, it's a stove. However, the stove, like an empty stove, has nothing on it.

There is an open plain door leading east. There is a closed screen door leading north. There is an exit to the west. Don't worry, there is no door.

There is a raw red potato on the floor.","You are carrying: a banana, a raw pork chop, a raw yellow potato, a cookbook and a yellow bell pepper.",2 of 17,0.11764705882352941,False,
44,,,"Since I don't see the carrot, purple potato, or red hot pepper in the kitchen, I should check the fridge and the counter more closely to see if any of these ingredients are there.",examine fridge and counter,,You can't use multiple objects with that verb.,Kitchen,"You've entered a kitchen.

You see an opened fridge nearby. The fridge contains a white onion and a block of cheese. There's something strange about this being here, but you can't put your finger on it. You bend down to tie your shoe. When you stand up, you notice an oven. You see a table. But the thing is empty, unfortunately. If you haven't noticed it already, there seems to be something there by the wall, it's a counter. On the counter you can make out a red apple, a red onion and a knife. If you haven't noticed it already, there seems to be something there by the wall, it's a stove. However, the stove, like an empty stove, has nothing on it.

There is an open plain door leading east. There is a closed screen door leading north. There is an exit to the west. Don't worry, there is no door.

There is a raw red potato on the floor.","You are carrying: a banana, a raw pork chop, a raw yellow potato, a cookbook and a yellow bell pepper.",2 of 17,0.11764705882352941,False,
45,,,I should examine the fridge first to get more details about its contents.,examine fridge,,"The fridge looks ominous. It is open.

In the fridge are a white onion and a block of cheese.",Kitchen,"You've entered a kitchen.

You see an opened fridge nearby. The fridge contains a white onion and a block of cheese. There's something strange about this being here, but you can't put your finger on it. You bend down to tie your shoe. When you stand up, you notice an oven. You see a table. But the thing is empty, unfortunately. If you haven't noticed it already, there seems to be something there by the wall, it's a counter. On the counter you can make out a red apple, a red onion and a knife. If you haven't noticed it already, there seems to be something there by the wall, it's a stove. However, the stove, like an empty stove, has nothing on it.

There is an open plain door leading east. There is a closed screen door leading north. There is an exit to the west. Don't worry, there is no door.

There is a raw red potato on the floor.","You are carrying: a banana, a raw pork chop, a raw yellow potato, a cookbook and a yellow bell pepper.",2 of 17,0.11764705882352941,False,
46,,,I should take the white onion and the block of cheese from the fridge to use them for cooking.,take white onion from fridge,,You're carrying too many things already.,Kitchen,"You've entered a kitchen.

You see an opened fridge nearby. The fridge contains a white onion and a block of cheese. There's something strange about this being here, but you can't put your finger on it. You bend down to tie your shoe. When you stand up, you notice an oven. You see a table. But the thing is empty, unfortunately. If you haven't noticed it already, there seems to be something there by the wall, it's a counter. On the counter you can make out a red apple, a red onion and a knife. If you haven't noticed it already, there seems to be something there by the wall, it's a stove. However, the stove, like an empty stove, has nothing on it.

There is an open plain door leading east. There is a closed screen door leading north. There is an exit to the west. Don't worry, there is no door.

There is a raw red potato on the floor.","You are carrying: a banana, a raw pork chop, a raw yellow potato, a cookbook and a yellow bell pepper.",2 of 17,0.11764705882352941,False,
47,,,I need to free up space in my inventory by dropping the banana before taking the white onion and block of cheese from the fridge.,drop banana,,You drop the banana on the ground.,Kitchen,"You've entered a kitchen.

You see an opened fridge nearby. The fridge contains a white onion and a block of cheese. There's something strange about this being here, but you can't put your finger on it. You bend down to tie your shoe. When you stand up, you notice an oven. You see a table. But the thing is empty, unfortunately. If you haven't noticed it already, there seems to be something there by the wall, it's a counter. On the counter you can make out a red apple, a red onion and a knife. If you haven't noticed it already, there seems to be something there by the wall, it's a stove. However, the stove, like an empty stove, has nothing on it.

There is an open plain door leading east. There is a closed screen door leading north. There is an exit to the west. Don't worry, there is no door.

There is a banana and a raw red potato on the floor.","You are carrying: a raw pork chop, a raw yellow potato, a cookbook and a yellow bell pepper.",2 of 17,0.11764705882352941,False,
48,,,I should take the white onion and the block of cheese from the fridge to have more ingredients for cooking.,take white onion from fridge,,You take the white onion from the fridge.,Kitchen,"You've entered a kitchen.

You see an opened fridge nearby. The fridge contains a block of cheese. There's something strange about this being here, but you can't put your finger on it. You bend down to tie your shoe. When you stand up, you notice an oven. You see a table. But the thing is empty, unfortunately. If you haven't noticed it already, there seems to be something there by the wall, it's a counter. On the counter you can make out a red apple, a red onion and a knife. If you haven't noticed it already, there seems to be something there by the wall, it's a stove. However, the stove, like an empty stove, has nothing on it.

There is an open plain door leading east. There is a closed screen door leading north. There is an exit to the west. Don't worry, there is no door.

There is a banana and a raw red potato on the floor.","You are carrying: a white onion, a raw pork chop, a raw yellow potato, a cookbook and a yellow bell pepper.",2 of 17,0.11764705882352941,False,
49,,,I should take the block of cheese from the fridge to have more ingredients for cooking.,take block of cheese from fridge,,You're carrying too many things already.,Kitchen,"You've entered a kitchen.

You see an opened fridge nearby. The fridge contains a block of cheese. There's something strange about this being here, but you can't put your finger on it. You bend down to tie your shoe. When you stand up, you notice an oven. You see a table. But the thing is empty, unfortunately. If you haven't noticed it already, there seems to be something there by the wall, it's a counter. On the counter you can make out a red apple, a red onion and a knife. If you haven't noticed it already, there seems to be something there by the wall, it's a stove. However, the stove, like an empty stove, has nothing on it.

There is an open plain door leading east. There is a closed screen door leading north. There is an exit to the west. Don't worry, there is no door.

There is a banana and a raw red potato on the floor.","You are carrying: a white onion, a raw pork chop, a raw yellow potato, a cookbook and a yellow bell pepper.",2 of 17,0.11764705882352941,False,
50,,,I need to free up inventory space by putting down an item before taking the block of cheese.,drop raw yellow potato,,You drop the yellow potato on the ground.,Kitchen,"You've entered a kitchen.

You see an opened fridge nearby. The fridge contains a block of cheese. There's something strange about this being here, but you can't put your finger on it. You bend down to tie your shoe. When you stand up, you notice an oven. You see a table. But the thing is empty, unfortunately. If you haven't noticed it already, there seems to be something there by the wall, it's a counter. On the counter you can make out a red apple, a red onion and a knife. If you haven't noticed it already, there seems to be something there by the wall, it's a stove. However, the stove, like an empty stove, has nothing on it.

There is an open plain door leading east. There is a closed screen door leading north. There is an exit to the west. Don't worry, there is no door.

There is a raw yellow potato, a banana and a raw red potato on the floor.","You are carrying: a white onion, a raw pork chop, a cookbook and a yellow bell pepper.",2 of 17,0.11764705882352941,False,
51,,,I should take the block of cheese from the fridge now that I have space in my inventory.,take block of cheese from fridge,,You take the block of cheese from the fridge.,Kitchen,"You've entered a kitchen.

You see an opened fridge nearby. Empty! What kind of nightmare TextWorld is this? You bend down to tie your shoe. When you stand up, you notice an oven. You see a table. But the thing is empty, unfortunately. If you haven't noticed it already, there seems to be something there by the wall, it's a counter. On the counter you can make out a red apple, a red onion and a knife. If you haven't noticed it already, there seems to be something there by the wall, it's a stove. However, the stove, like an empty stove, has nothing on it.

There is an open plain door leading east. There is a closed screen door leading north. There is an exit to the west. Don't worry, there is no door.

There is a raw yellow potato, a banana and a raw red potato on the floor.","You are carrying: a block of cheese, a white onion, a raw pork chop, a cookbook and a yellow bell pepper.",2 of 17,0.11764705882352941,False,
52,,,I should check the cookbook for a recipe to cook a delicious meal.,examine cookbook,,"You open the copy of ""Cooking: A Modern Approach (3rd Ed.)"" and start reading:

Recipe #1
---------
Gather all following ingredients and follow the directions to prepare this tasty meal.

Ingredients:
carrot
  purple potato
  banana
  red hot pepper
  yellow bell pepper

Directions:
slice the carrot
  grill the carrot
  dice the purple potato
  fry the purple potato
  dice the banana
  roast the banana
  slice the red hot pepper
  fry the red hot pepper
  slice the yellow bell pepper
  fry the yellow bell pepper
  prepare meal",Kitchen,"You've entered a kitchen.

You see an opened fridge nearby. Empty! What kind of nightmare TextWorld is this? You bend down to tie your shoe. When you stand up, you notice an oven. You see a table. But the thing is empty, unfortunately. If you haven't noticed it already, there seems to be something there by the wall, it's a counter. On the counter you can make out a red apple, a red onion and a knife. If you haven't noticed it already, there seems to be something there by the wall, it's a stove. However, the stove, like an empty stove, has nothing on it.

There is an open plain door leading east. There is a closed screen door leading north. There is an exit to the west. Don't worry, there is no door.

There is a raw yellow potato, a banana and a raw red potato on the floor.","You are carrying: a block of cheese, a white onion, a raw pork chop, a cookbook and a yellow bell pepper.",2 of 17,0.11764705882352941,False,
53,,,"I need to gather the ingredients from the recipe: carrot, purple potato, banana, red hot pepper, and yellow bell pepper. I already have a yellow bell pepper, so I should take the banana from the floor and look for the other ingredients.",take banana from floor,,You're carrying too many things already.,Kitchen,"You've entered a kitchen.

You see an opened fridge nearby. Empty! What kind of nightmare TextWorld is this? You bend down to tie your shoe. When you stand up, you notice an oven. You see a table. But the thing is empty, unfortunately. If you haven't noticed it already, there seems to be something there by the wall, it's a counter. On the counter you can make out a red apple, a red onion and a knife. If you haven't noticed it already, there seems to be something there by the wall, it's a stove. However, the stove, like an empty stove, has nothing on it.

There is an open plain door leading east. There is a closed screen door leading north. There is an exit to the west. Don't worry, there is no door.

There is a raw yellow potato, a banana and a raw red potato on the floor.","You are carrying: a block of cheese, a white onion, a raw pork chop, a cookbook and a yellow bell pepper.",2 of 17,0.11764705882352941,False,
54,,,"I am carrying too many items, so I should drop unnecessary items to free up space before taking the banana.",drop block of cheese,,You drop the block of cheese on the ground.,Kitchen,"You've entered a kitchen.

You see an opened fridge nearby. Empty! What kind of nightmare TextWorld is this? You bend down to tie your shoe. When you stand up, you notice an oven. You see a table. But the thing is empty, unfortunately. If you haven't noticed it already, there seems to be something there by the wall, it's a counter. On the counter you can make out a red apple, a red onion and a knife. If you haven't noticed it already, there seems to be something there by the wall, it's a stove. However, the stove, like an empty stove, has nothing on it.

There is an open plain door leading east. There is a closed screen door leading north. There is an exit to the west. Don't worry, there is no door.

There is a block of cheese, a raw yellow potato, a banana and a raw red potato on the floor.","You are carrying: a white onion, a raw pork chop, a cookbook and a yellow bell pepper.",2 of 17,0.11764705882352941,False,
55,,,I should take the banana from the floor to have more ingredients for cooking.,take banana from floor,,You pick up the banana from the ground.,Kitchen,"You've entered a kitchen.

You see an opened fridge nearby. Empty! What kind of nightmare TextWorld is this? You bend down to tie your shoe. When you stand up, you notice an oven. You see a table. But the thing is empty, unfortunately. If you haven't noticed it already, there seems to be something there by the wall, it's a counter. On the counter you can make out a red apple, a red onion and a knife. If you haven't noticed it already, there seems to be something there by the wall, it's a stove. However, the stove, like an empty stove, has nothing on it.

There is an open plain door leading east. There is a closed screen door leading north. There is an exit to the west. Don't worry, there is no door.

There is a block of cheese, a raw yellow potato and a raw red potato on the floor.","You are carrying: a banana, a white onion, a raw pork chop, a cookbook and a yellow bell pepper.",2 of 17,0.11764705882352941,False,
56,,,I should examine the cookbook to find a recipe for a delicious meal.,examine cookbook,,"You open the copy of ""Cooking: A Modern Approach (3rd Ed.)"" and start reading:

Recipe #1
---------
Gather all following ingredients and follow the directions to prepare this tasty meal.

Ingredients:
carrot
  purple potato
  banana
  red hot pepper
  yellow bell pepper

Directions:
slice the carrot
  grill the carrot
  dice the purple potato
  fry the purple potato
  dice the banana
  roast the banana
  slice the red hot pepper
  fry the red hot pepper
  slice the yellow bell pepper
  fry the yellow bell pepper
  prepare meal",Kitchen,"You've entered a kitchen.

You see an opened fridge nearby. Empty! What kind of nightmare TextWorld is this? You bend down to tie your shoe. When you stand up, you notice an oven. You see a table. But the thing is empty, unfortunately. If you haven't noticed it already, there seems to be something there by the wall, it's a counter. On the counter you can make out a red apple, a red onion and a knife. If you haven't noticed it already, there seems to be something there by the wall, it's a stove. However, the stove, like an empty stove, has nothing on it.

There is an open plain door leading east. There is a closed screen door leading north. There is an exit to the west. Don't worry, there is no door.

There is a block of cheese, a raw yellow potato and a raw red potato on the floor.","You are carrying: a banana, a white onion, a raw pork chop, a cookbook and a yellow bell pepper.",2 of 17,0.11764705882352941,False,
57,,,"I need to gather the ingredients from the recipe: carrot, purple potato, banana, red hot pepper, and yellow bell pepper. I already have a banana and yellow bell pepper, so I should take the carrot and look for a purple potato and red hot pepper.",take carrot from counter,,You can't see any such thing.,Kitchen,"You've entered a kitchen.

You see an opened fridge nearby. Empty! What kind of nightmare TextWorld is this? You bend down to tie your shoe. When you stand up, you notice an oven. You see a table. But the thing is empty, unfortunately. If you haven't noticed it already, there seems to be something there by the wall, it's a counter. On the counter you can make out a red apple, a red onion and a knife. If you haven't noticed it already, there seems to be something there by the wall, it's a stove. However, the stove, like an empty stove, has nothing on it.

There is an open plain door leading east. There is a closed screen door leading north. There is an exit to the west. Don't worry, there is no door.

There is a block of cheese, a raw yellow potato and a raw red potato on the floor.","You are carrying: a banana, a white onion, a raw pork chop, a cookbook and a yellow bell pepper.",2 of 17,0.11764705882352941,False,
58,,,"There is no carrot visible on the counter, so I should look around the kitchen more carefully to find the carrot, purple potato, and red hot pepper.",look around kitchen,,You can't see any such thing.,Kitchen,"You've entered a kitchen.

You see an opened fridge nearby. Empty! What kind of nightmare TextWorld is this? You bend down to tie your shoe. When you stand up, you notice an oven. You see a table. But the thing is empty, unfortunately. If you haven't noticed it already, there seems to be something there by the wall, it's a counter. On the counter you can make out a red apple, a red onion and a knife. If you haven't noticed it already, there seems to be something there by the wall, it's a stove. However, the stove, like an empty stove, has nothing on it.

There is an open plain door leading east. There is a closed screen door leading north. There is an exit to the west. Don't worry, there is no door.

There is a block of cheese, a raw yellow potato and a raw red potato on the floor.","You are carrying: a banana, a white onion, a raw pork chop, a cookbook and a yellow bell pepper.",2 of 17,0.11764705882352941,False,
59,,,"I should take the red apple, red onion, and knife from the counter, and also take the block of cheese, raw yellow potato, and raw red potato from the floor to have more ingredients for cooking.",take red apple from counter; take red onion from counter; take knife from counter; take block of cheese from floor; take raw yellow potato from floor; take raw red potato from floor,,You can't see any such thing.,Kitchen,"You've entered a kitchen.

You see an opened fridge nearby. Empty! What kind of nightmare TextWorld is this? You bend down to tie your shoe. When you stand up, you notice an oven. You see a table. But the thing is empty, unfortunately. If you haven't noticed it already, there seems to be something there by the wall, it's a counter. On the counter you can make out a red apple, a red onion and a knife. If you haven't noticed it already, there seems to be something there by the wall, it's a stove. However, the stove, like an empty stove, has nothing on it.

There is an open plain door leading east. There is a closed screen door leading north. There is an exit to the west. Don't worry, there is no door.

There is a block of cheese, a raw yellow potato and a raw red potato on the floor.","You are carrying: a banana, a white onion, a raw pork chop, a cookbook and a yellow bell pepper.",2 of 17,0.11764705882352941,False,
60,,,It seems I cannot take the items from the counter or floor directly. I should try to take the knife from the counter first to see if that works.,take knife from counter,,You're carrying too many things already.,Kitchen,"You've entered a kitchen.

You see an opened fridge nearby. Empty! What kind of nightmare TextWorld is this? You bend down to tie your shoe. When you stand up, you notice an oven. You see a table. But the thing is empty, unfortunately. If you haven't noticed it already, there seems to be something there by the wall, it's a counter. On the counter you can make out a red apple, a red onion and a knife. If you haven't noticed it already, there seems to be something there by the wall, it's a stove. However, the stove, like an empty stove, has nothing on it.

There is an open plain door leading east. There is a closed screen door leading north. There is an exit to the west. Don't worry, there is no door.

There is a block of cheese, a raw yellow potato and a raw red potato on the floor.","You are carrying: a banana, a white onion, a raw pork chop, a cookbook and a yellow bell pepper.",2 of 17,0.11764705882352941,False,
61,,,"I am carrying too many items, so I should drop one to free up space before taking the knife.",drop banana,,You drop the banana on the ground.,Kitchen,"You've entered a kitchen.

You see an opened fridge nearby. Empty! What kind of nightmare TextWorld is this? You bend down to tie your shoe. When you stand up, you notice an oven. You see a table. But the thing is empty, unfortunately. If you haven't noticed it already, there seems to be something there by the wall, it's a counter. On the counter you can make out a red apple, a red onion and a knife. If you haven't noticed it already, there seems to be something there by the wall, it's a stove. However, the stove, like an empty stove, has nothing on it.

There is an open plain door leading east. There is a closed screen door leading north. There is an exit to the west. Don't worry, there is no door.

There is a banana, a block of cheese, a raw yellow potato and a raw red potato on the floor.","You are carrying: a white onion, a raw pork chop, a cookbook and a yellow bell pepper.",2 of 17,0.11764705882352941,False,
62,,,I should take the knife from the counter to prepare the meal.,take knife from counter,,You take the knife from the counter.,Kitchen,"You've entered a kitchen.

You see an opened fridge nearby. Empty! What kind of nightmare TextWorld is this? You bend down to tie your shoe. When you stand up, you notice an oven. You see a table. But the thing is empty, unfortunately. If you haven't noticed it already, there seems to be something there by the wall, it's a counter. On the counter you can make out a red apple and a red onion. If you haven't noticed it already, there seems to be something there by the wall, it's a stove. However, the stove, like an empty stove, has nothing on it.

There is an open plain door leading east. There is a closed screen door leading north. There is an exit to the west. Don't worry, there is no door.

There is a banana, a block of cheese, a raw yellow potato and a raw red potato on the floor.","You are carrying: a knife, a white onion, a raw pork chop, a cookbook and a yellow bell pepper.",2 of 17,0.11764705882352941,False,
63,,,I should check the cookbook for a recipe to cook a delicious meal.,examine cookbook,,"You open the copy of ""Cooking: A Modern Approach (3rd Ed.)"" and start reading:

Recipe #1
---------
Gather all following ingredients and follow the directions to prepare this tasty meal.

Ingredients:
carrot
  purple potato
  banana
  red hot pepper
  yellow bell pepper

Directions:
slice the carrot
  grill the carrot
  dice the purple potato
  fry the purple potato
  dice the banana
  roast the banana
  slice the red hot pepper
  fry the red hot pepper
  slice the yellow bell pepper
  fry the yellow bell pepper
  prepare meal",Kitchen,"You've entered a kitchen.

You see an opened fridge nearby. Empty! What kind of nightmare TextWorld is this? You bend down to tie your shoe. When you stand up, you notice an oven. You see a table. But the thing is empty, unfortunately. If you haven't noticed it already, there seems to be something there by the wall, it's a counter. On the counter you can make out a red apple and a red onion. If you haven't noticed it already, there seems to be something there by the wall, it's a stove. However, the stove, like an empty stove, has nothing on it.

There is an open plain door leading east. There is a closed screen door leading north. There is an exit to the west. Don't worry, there is no door.

There is a banana, a block of cheese, a raw yellow potato and a raw red potato on the floor.","You are carrying: a knife, a white onion, a raw pork chop, a cookbook and a yellow bell pepper.",2 of 17,0.11764705882352941,False,
64,,,"I need to gather the ingredients from the recipe: carrot, purple potato, banana, red hot pepper, and yellow bell pepper. I already have a yellow bell pepper, so I should take the banana from the floor first.",take banana from floor,,You're carrying too many things already.,Kitchen,"You've entered a kitchen.

You see an opened fridge nearby. Empty! What kind of nightmare TextWorld is this? You bend down to tie your shoe. When you stand up, you notice an oven. You see a table. But the thing is empty, unfortunately. If you haven't noticed it already, there seems to be something there by the wall, it's a counter. On the counter you can make out a red apple and a red onion. If you haven't noticed it already, there seems to be something there by the wall, it's a stove. However, the stove, like an empty stove, has nothing on it.

There is an open plain door leading east. There is a closed screen door leading north. There is an exit to the west. Don't worry, there is no door.

There is a banana, a block of cheese, a raw yellow potato and a raw red potato on the floor.","You are carrying: a knife, a white onion, a raw pork chop, a cookbook and a yellow bell pepper.",2 of 17,0.11764705882352941,False,
65,,,"I am carrying too many items, so I should drop something unnecessary to free up space. The raw pork chop is not needed for the recipe, so I will drop it.",drop raw pork chop,,You drop the pork chop on the ground.,Kitchen,"You've entered a kitchen.

You see an opened fridge nearby. Empty! What kind of nightmare TextWorld is this? You bend down to tie your shoe. When you stand up, you notice an oven. You see a table. But the thing is empty, unfortunately. If you haven't noticed it already, there seems to be something there by the wall, it's a counter. On the counter you can make out a red apple and a red onion. If you haven't noticed it already, there seems to be something there by the wall, it's a stove. However, the stove, like an empty stove, has nothing on it.

There is an open plain door leading east. There is a closed screen door leading north. There is an exit to the west. Don't worry, there is no door.

There is a raw pork chop, a banana, a block of cheese, a raw yellow potato and a raw red potato on the floor.","You are carrying: a knife, a white onion, a cookbook and a yellow bell pepper.",2 of 17,0.11764705882352941,False,
66,,,I should check the cookbook to find the recipe for a delicious meal.,examine cookbook,,"You open the copy of ""Cooking: A Modern Approach (3rd Ed.)"" and start reading:

Recipe #1
---------
Gather all following ingredients and follow the directions to prepare this tasty meal.

Ingredients:
carrot
  purple potato
  banana
  red hot pepper
  yellow bell pepper

Directions:
slice the carrot
  grill the carrot
  dice the purple potato
  fry the purple potato
  dice the banana
  roast the banana
  slice the red hot pepper
  fry the red hot pepper
  slice the yellow bell pepper
  fry the yellow bell pepper
  prepare meal",Kitchen,"You've entered a kitchen.

You see an opened fridge nearby. Empty! What kind of nightmare TextWorld is this? You bend down to tie your shoe. When you stand up, you notice an oven. You see a table. But the thing is empty, unfortunately. If you haven't noticed it already, there seems to be something there by the wall, it's a counter. On the counter you can make out a red apple and a red onion. If you haven't noticed it already, there seems to be something there by the wall, it's a stove. However, the stove, like an empty stove, has nothing on it.

There is an open plain door leading east. There is a closed screen door leading north. There is an exit to the west. Don't worry, there is no door.

There is a raw pork chop, a banana, a block of cheese, a raw yellow potato and a raw red potato on the floor.","You are carrying: a knife, a white onion, a cookbook and a yellow bell pepper.",2 of 17,0.11764705882352941,False,
67,,,"I need to gather the ingredients from the recipe: carrot, purple potato, banana, red hot pepper, and yellow bell pepper. I already have a yellow bell pepper, so I should take the banana and potatoes from the floor and look for a carrot and red hot pepper.",take banana from floor,,You pick up the banana from the ground.,Kitchen,"You've entered a kitchen.

You see an opened fridge nearby. Empty! What kind of nightmare TextWorld is this? You bend down to tie your shoe. When you stand up, you notice an oven. You see a table. But the thing is empty, unfortunately. If you haven't noticed it already, there seems to be something there by the wall, it's a counter. On the counter you can make out a red apple and a red onion. If you haven't noticed it already, there seems to be something there by the wall, it's a stove. However, the stove, like an empty stove, has nothing on it.

There is an open plain door leading east. There is a closed screen door leading north. There is an exit to the west. Don't worry, there is no door.

There is a raw pork chop, a block of cheese, a raw yellow potato and a raw red potato on the floor.","You are carrying: a banana, a knife, a white onion, a cookbook and a yellow bell pepper.",2 of 17,0.11764705882352941,False,
68,,,"I still need to get the carrot, purple potato, and red hot pepper. I see a raw yellow potato and a raw red potato on the floor, which might correspond to the purple potato needed. I should take both potatoes and then search for a carrot and red hot pepper.",take raw yellow potato from floor,,You're carrying too many things already.,Kitchen,"You've entered a kitchen.

You see an opened fridge nearby. Empty! What kind of nightmare TextWorld is this? You bend down to tie your shoe. When you stand up, you notice an oven. You see a table. But the thing is empty, unfortunately. If you haven't noticed it already, there seems to be something there by the wall, it's a counter. On the counter you can make out a red apple and a red onion. If you haven't noticed it already, there seems to be something there by the wall, it's a stove. However, the stove, like an empty stove, has nothing on it.

There is an open plain door leading east. There is a closed screen door leading north. There is an exit to the west. Don't worry, there is no door.

There is a raw pork chop, a block of cheese, a raw yellow potato and a raw red potato on the floor.","You are carrying: a banana, a knife, a white onion, a cookbook and a yellow bell pepper.",2 of 17,0.11764705882352941,False,
69,,,"I am carrying too many items already, so I should drop the banana to free up space and then take the raw yellow potato.",drop banana,,You drop the banana on the ground.,Kitchen,"You've entered a kitchen.

You see an opened fridge nearby. Empty! What kind of nightmare TextWorld is this? You bend down to tie your shoe. When you stand up, you notice an oven. You see a table. But the thing is empty, unfortunately. If you haven't noticed it already, there seems to be something there by the wall, it's a counter. On the counter you can make out a red apple and a red onion. If you haven't noticed it already, there seems to be something there by the wall, it's a stove. However, the stove, like an empty stove, has nothing on it.

There is an open plain door leading east. There is a closed screen door leading north. There is an exit to the west. Don't worry, there is no door.

There is a banana, a raw pork chop, a block of cheese, a raw yellow potato and a raw red potato on the floor.","You are carrying: a knife, a white onion, a cookbook and a yellow bell pepper.",2 of 17,0.11764705882352941,False,
70,,,I should take the raw yellow potato from the floor to start preparing the meal.,take raw yellow potato from floor,,You pick up the yellow potato from the ground.,Kitchen,"You've entered a kitchen.

You see an opened fridge nearby. Empty! What kind of nightmare TextWorld is this? You bend down to tie your shoe. When you stand up, you notice an oven. You see a table. But the thing is empty, unfortunately. If you haven't noticed it already, there seems to be something there by the wall, it's a counter. On the counter you can make out a red apple and a red onion. If you haven't noticed it already, there seems to be something there by the wall, it's a stove. However, the stove, like an empty stove, has nothing on it.

There is an open plain door leading east. There is a closed screen door leading north. There is an exit to the west. Don't worry, there is no door.

There is a banana, a raw pork chop, a block of cheese and a raw red potato on the floor.","You are carrying: a raw yellow potato, a knife, a white onion, a cookbook and a yellow bell pepper.",2 of 17,0.11764705882352941,False,
71,,,I should check the cookbook for a recipe to cook a delicious meal.,examine cookbook,,"You open the copy of ""Cooking: A Modern Approach (3rd Ed.)"" and start reading:

Recipe #1
---------
Gather all following ingredients and follow the directions to prepare this tasty meal.

Ingredients:
carrot
  purple potato
  banana
  red hot pepper
  yellow bell pepper

Directions:
slice the carrot
  grill the carrot
  dice the purple potato
  fry the purple potato
  dice the banana
  roast the banana
  slice the red hot pepper
  fry the red hot pepper
  slice the yellow bell pepper
  fry the yellow bell pepper
  prepare meal",Kitchen,"You've entered a kitchen.

You see an opened fridge nearby. Empty! What kind of nightmare TextWorld is this? You bend down to tie your shoe. When you stand up, you notice an oven. You see a table. But the thing is empty, unfortunately. If you haven't noticed it already, there seems to be something there by the wall, it's a counter. On the counter you can make out a red apple and a red onion. If you haven't noticed it already, there seems to be something there by the wall, it's a stove. However, the stove, like an empty stove, has nothing on it.

There is an open plain door leading east. There is a closed screen door leading north. There is an exit to the west. Don't worry, there is no door.

There is a banana, a raw pork chop, a block of cheese and a raw red potato on the floor.","You are carrying: a raw yellow potato, a knife, a white onion, a cookbook and a yellow bell pepper.",2 of 17,0.11764705882352941,False,
72,,,"I need to gather the ingredients from the recipe: carrot, purple potato, banana, red hot pepper, and yellow bell pepper. I already have a yellow bell pepper, so I should take the banana from the floor next.",take banana from floor,,You're carrying too many things already.,Kitchen,"You've entered a kitchen.

You see an opened fridge nearby. Empty! What kind of nightmare TextWorld is this? You bend down to tie your shoe. When you stand up, you notice an oven. You see a table. But the thing is empty, unfortunately. If you haven't noticed it already, there seems to be something there by the wall, it's a counter. On the counter you can make out a red apple and a red onion. If you haven't noticed it already, there seems to be something there by the wall, it's a stove. However, the stove, like an empty stove, has nothing on it.

There is an open plain door leading east. There is a closed screen door leading north. There is an exit to the west. Don't worry, there is no door.

There is a banana, a raw pork chop, a block of cheese and a raw red potato on the floor.","You are carrying: a raw yellow potato, a knife, a white onion, a cookbook and a yellow bell pepper.",2 of 17,0.11764705882352941,False,
73,,,"I am carrying too many items, so I should drop something I don't need for the recipe to free up space. The white onion is not part of the recipe, so I will drop it.",drop white onion,,You drop the white onion on the ground.,Kitchen,"You've entered a kitchen.

You see an opened fridge nearby. Empty! What kind of nightmare TextWorld is this? You bend down to tie your shoe. When you stand up, you notice an oven. You see a table. But the thing is empty, unfortunately. If you haven't noticed it already, there seems to be something there by the wall, it's a counter. On the counter you can make out a red apple and a red onion. If you haven't noticed it already, there seems to be something there by the wall, it's a stove. However, the stove, like an empty stove, has nothing on it.

There is an open plain door leading east. There is a closed screen door leading north. There is an exit to the west. Don't worry, there is no door.

There is a white onion, a banana, a raw pork chop, a block of cheese and a raw red potato on the floor.","You are carrying: a raw yellow potato, a knife, a cookbook and a yellow bell pepper.",2 of 17,0.11764705882352941,False,
74,,,I should check the cookbook to find the recipe for the meal I want to cook.,examine cookbook,,"You open the copy of ""Cooking: A Modern Approach (3rd Ed.)"" and start reading:

Recipe #1
---------
Gather all following ingredients and follow the directions to prepare this tasty meal.

Ingredients:
carrot
  purple potato
  banana
  red hot pepper
  yellow bell pepper

Directions:
slice the carrot
  grill the carrot
  dice the purple potato
  fry the purple potato
  dice the banana
  roast the banana
  slice the red hot pepper
  fry the red hot pepper
  slice the yellow bell pepper
  fry the yellow bell pepper
  prepare meal",Kitchen,"You've entered a kitchen.

You see an opened fridge nearby. Empty! What kind of nightmare TextWorld is this? You bend down to tie your shoe. When you stand up, you notice an oven. You see a table. But the thing is empty, unfortunately. If you haven't noticed it already, there seems to be something there by the wall, it's a counter. On the counter you can make out a red apple and a red onion. If you haven't noticed it already, there seems to be something there by the wall, it's a stove. However, the stove, like an empty stove, has nothing on it.

There is an open plain door leading east. There is a closed screen door leading north. There is an exit to the west. Don't worry, there is no door.

There is a white onion, a banana, a raw pork chop, a block of cheese and a raw red potato on the floor.","You are carrying: a raw yellow potato, a knife, a cookbook and a yellow bell pepper.",2 of 17,0.11764705882352941,False,
75,,,"I need to gather the ingredients from the recipe: carrot, purple potato, banana, red hot pepper, and yellow bell pepper. I already have a yellow bell pepper, so I should take the banana from the floor next.",take banana from floor,,You pick up the banana from the ground.,Kitchen,"You've entered a kitchen.

You see an opened fridge nearby. Empty! What kind of nightmare TextWorld is this? You bend down to tie your shoe. When you stand up, you notice an oven. You see a table. But the thing is empty, unfortunately. If you haven't noticed it already, there seems to be something there by the wall, it's a counter. On the counter you can make out a red apple and a red onion. If you haven't noticed it already, there seems to be something there by the wall, it's a stove. However, the stove, like an empty stove, has nothing on it.

There is an open plain door leading east. There is a closed screen door leading north. There is an exit to the west. Don't worry, there is no door.

There is a white onion, a raw pork chop, a block of cheese and a raw red potato on the floor.","You are carrying: a banana, a raw yellow potato, a knife, a cookbook and a yellow bell pepper.",2 of 17,0.11764705882352941,False,
76,,,"I still need a carrot, purple potato, and red hot pepper. I see a raw red potato on the floor, which might be the purple potato. I should take the raw red potato next.",take raw red potato from floor,,You're carrying too many things already.,Kitchen,"You've entered a kitchen.

You see an opened fridge nearby. Empty! What kind of nightmare TextWorld is this? You bend down to tie your shoe. When you stand up, you notice an oven. You see a table. But the thing is empty, unfortunately. If you haven't noticed it already, there seems to be something there by the wall, it's a counter. On the counter you can make out a red apple and a red onion. If you haven't noticed it already, there seems to be something there by the wall, it's a stove. However, the stove, like an empty stove, has nothing on it.

There is an open plain door leading east. There is a closed screen door leading north. There is an exit to the west. Don't worry, there is no door.

There is a white onion, a raw pork chop, a block of cheese and a raw red potato on the floor.","You are carrying: a banana, a raw yellow potato, a knife, a cookbook and a yellow bell pepper.",2 of 17,0.11764705882352941,False,
77,,,"I am carrying too many items, so I should drop the banana to free up space before taking the raw red potato.",drop banana,,You drop the banana on the ground.,Kitchen,"You've entered a kitchen.

You see an opened fridge nearby. Empty! What kind of nightmare TextWorld is this? You bend down to tie your shoe. When you stand up, you notice an oven. You see a table. But the thing is empty, unfortunately. If you haven't noticed it already, there seems to be something there by the wall, it's a counter. On the counter you can make out a red apple and a red onion. If you haven't noticed it already, there seems to be something there by the wall, it's a stove. However, the stove, like an empty stove, has nothing on it.

There is an open plain door leading east. There is a closed screen door leading north. There is an exit to the west. Don't worry, there is no door.

There is a banana, a white onion, a raw pork chop, a block of cheese and a raw red potato on the floor.","You are carrying: a raw yellow potato, a knife, a cookbook and a yellow bell pepper.",2 of 17,0.11764705882352941,False,
78,,,"Now that I have space, I should take the raw red potato from the floor.",take raw red potato from floor,,You pick up the red potato from the ground.,Kitchen,"You've entered a kitchen.

You see an opened fridge nearby. Empty! What kind of nightmare TextWorld is this? You bend down to tie your shoe. When you stand up, you notice an oven. You see a table. But the thing is empty, unfortunately. If you haven't noticed it already, there seems to be something there by the wall, it's a counter. On the counter you can make out a red apple and a red onion. If you haven't noticed it already, there seems to be something there by the wall, it's a stove. However, the stove, like an empty stove, has nothing on it.

There is an open plain door leading east. There is a closed screen door leading north. There is an exit to the west. Don't worry, there is no door.

There is a banana, a white onion, a raw pork chop and a block of cheese on the floor.","You are carrying: a raw red potato, a raw yellow potato, a knife, a cookbook and a yellow bell pepper.",2 of 17,0.11764705882352941,False,
79,,,I should check the cookbook to find a recipe for a delicious meal.,examine cookbook,,"You open the copy of ""Cooking: A Modern Approach (3rd Ed.)"" and start reading:

Recipe #1
---------
Gather all following ingredients and follow the directions to prepare this tasty meal.

Ingredients:
carrot
  purple potato
  banana
  red hot pepper
  yellow bell pepper

Directions:
slice the carrot
  grill the carrot
  dice the purple potato
  fry the purple potato
  dice the banana
  roast the banana
  slice the red hot pepper
  fry the red hot pepper
  slice the yellow bell pepper
  fry the yellow bell pepper
  prepare meal",Kitchen,"You've entered a kitchen.

You see an opened fridge nearby. Empty! What kind of nightmare TextWorld is this? You bend down to tie your shoe. When you stand up, you notice an oven. You see a table. But the thing is empty, unfortunately. If you haven't noticed it already, there seems to be something there by the wall, it's a counter. On the counter you can make out a red apple and a red onion. If you haven't noticed it already, there seems to be something there by the wall, it's a stove. However, the stove, like an empty stove, has nothing on it.

There is an open plain door leading east. There is a closed screen door leading north. There is an exit to the west. Don't worry, there is no door.

There is a banana, a white onion, a raw pork chop and a block of cheese on the floor.","You are carrying: a raw red potato, a raw yellow potato, a knife, a cookbook and a yellow bell pepper.",2 of 17,0.11764705882352941,False,
80,,,"I need to gather the ingredients from the recipe: carrot, purple potato, banana, red hot pepper, and yellow bell pepper. I already have the yellow bell pepper. I should take the banana from the floor first.",take banana from floor,,You're carrying too many things already.,Kitchen,"You've entered a kitchen.

You see an opened fridge nearby. Empty! What kind of nightmare TextWorld is this? You bend down to tie your shoe. When you stand up, you notice an oven. You see a table. But the thing is empty, unfortunately. If you haven't noticed it already, there seems to be something there by the wall, it's a counter. On the counter you can make out a red apple and a red onion. If you haven't noticed it already, there seems to be something there by the wall, it's a stove. However, the stove, like an empty stove, has nothing on it.

There is an open plain door leading east. There is a closed screen door leading north. There is an exit to the west. Don't worry, there is no door.

There is a banana, a white onion, a raw pork chop and a block of cheese on the floor.","You are carrying: a raw red potato, a raw yellow potato, a knife, a cookbook and a yellow bell pepper.",2 of 17,0.11764705882352941,False,
81,,,"I am carrying too many items, so I should drop the raw yellow potato to free up space before taking the banana.",drop raw yellow potato,,You drop the yellow potato on the ground.,Kitchen,"You've entered a kitchen.

You see an opened fridge nearby. Empty! What kind of nightmare TextWorld is this? You bend down to tie your shoe. When you stand up, you notice an oven. You see a table. But the thing is empty, unfortunately. If you haven't noticed it already, there seems to be something there by the wall, it's a counter. On the counter you can make out a red apple and a red onion. If you haven't noticed it already, there seems to be something there by the wall, it's a stove. However, the stove, like an empty stove, has nothing on it.

There is an open plain door leading east. There is a closed screen door leading north. There is an exit to the west. Don't worry, there is no door.

There is a raw yellow potato, a banana, a white onion, a raw pork chop and a block of cheese on the floor.","You are carrying: a raw red potato, a knife, a cookbook and a yellow bell pepper.",2 of 17,0.11764705882352941,False,
82,,,I should take the banana from the floor to have more ingredients for cooking.,take banana from floor,,You pick up the banana from the ground.,Kitchen,"You've entered a kitchen.

You see an opened fridge nearby. Empty! What kind of nightmare TextWorld is this? You bend down to tie your shoe. When you stand up, you notice an oven. You see a table. But the thing is empty, unfortunately. If you haven't noticed it already, there seems to be something there by the wall, it's a counter. On the counter you can make out a red apple and a red onion. If you haven't noticed it already, there seems to be something there by the wall, it's a stove. However, the stove, like an empty stove, has nothing on it.

There is an open plain door leading east. There is a closed screen door leading north. There is an exit to the west. Don't worry, there is no door.

There is a raw yellow potato, a white onion, a raw pork chop and a block of cheese on the floor.","You are carrying: a banana, a raw red potato, a knife, a cookbook and a yellow bell pepper.",2 of 17,0.11764705882352941,False,
83,,,I should check the cookbook for a recipe to cook a delicious meal.,examine cookbook,,"You open the copy of ""Cooking: A Modern Approach (3rd Ed.)"" and start reading:

Recipe #1
---------
Gather all following ingredients and follow the directions to prepare this tasty meal.

Ingredients:
carrot
  purple potato
  banana
  red hot pepper
  yellow bell pepper

Directions:
slice the carrot
  grill the carrot
  dice the purple potato
  fry the purple potato
  dice the banana
  roast the banana
  slice the red hot pepper
  fry the red hot pepper
  slice the yellow bell pepper
  fry the yellow bell pepper
  prepare meal",Kitchen,"You've entered a kitchen.

You see an opened fridge nearby. Empty! What kind of nightmare TextWorld is this? You bend down to tie your shoe. When you stand up, you notice an oven. You see a table. But the thing is empty, unfortunately. If you haven't noticed it already, there seems to be something there by the wall, it's a counter. On the counter you can make out a red apple and a red onion. If you haven't noticed it already, there seems to be something there by the wall, it's a stove. However, the stove, like an empty stove, has nothing on it.

There is an open plain door leading east. There is a closed screen door leading north. There is an exit to the west. Don't worry, there is no door.

There is a raw yellow potato, a white onion, a raw pork chop and a block of cheese on the floor.","You are carrying: a banana, a raw red potato, a knife, a cookbook and a yellow bell pepper.",2 of 17,0.11764705882352941,False,
84,,,"I need to find a carrot, purple potato, and red hot pepper to follow the recipe, as I currently have a banana and yellow bell pepper but not the other required ingredients.",go east,,"You arrive in a pantry. A standard one.

You see a gleam over in a corner, where you can see a shelf. The shelf is wooden. But the thing hasn't got anything on it. It would have been so cool if there was stuff on the shelf.

There is an open plain door leading west.",Pantry,"You arrive in a pantry. A standard one.

You see a gleam over in a corner, where you can see a shelf. The shelf is wooden. But the thing hasn't got anything on it. It would have been so cool if there was stuff on the shelf.

There is an open plain door leading west.","You are carrying: a banana, a raw red potato, a knife, a cookbook and a yellow bell pepper.",2 of 17,0.11764705882352941,False,
85,,,"The pantry is empty, so I should return to the kitchen and check other directions for the missing ingredients.",go west,,"You've entered a kitchen.

You see an opened fridge nearby. Empty! What kind of nightmare TextWorld is this? You bend down to tie your shoe. When you stand up, you notice an oven. You see a table. But the thing is empty, unfortunately. If you haven't noticed it already, there seems to be something there by the wall, it's a counter. On the counter you can make out a red apple and a red onion. If you haven't noticed it already, there seems to be something there by the wall, it's a stove. However, the stove, like an empty stove, has nothing on it.

There is an open plain door leading east. There is a closed screen door leading north. There is an exit to the west. Don't worry, there is no door.

There is a raw yellow potato, a white onion, a raw pork chop and a block of cheese on the floor.",Kitchen,"You've entered a kitchen.

You see an opened fridge nearby. Empty! What kind of nightmare TextWorld is this? You bend down to tie your shoe. When you stand up, you notice an oven. You see a table. But the thing is empty, unfortunately. If you haven't noticed it already, there seems to be something there by the wall, it's a counter. On the counter you can make out a red apple and a red onion. If you haven't noticed it already, there seems to be something there by the wall, it's a stove. However, the stove, like an empty stove, has nothing on it.

There is an open plain door leading east. There is a closed screen door leading north. There is an exit to the west. Don't worry, there is no door.

There is a raw yellow potato, a white onion, a raw pork chop and a block of cheese on the floor.","You are carrying: a banana, a raw red potato, a knife, a cookbook and a yellow bell pepper.",2 of 17,0.11764705882352941,False,
86,,,"I should take the raw yellow potato, white onion, raw pork chop, and block of cheese from the floor to have more ingredients for cooking.","take raw yellow potato from floor, take white onion from floor, take raw pork chop from floor, take block of cheese from floor",,You can't see any such thing.,Kitchen,"You've entered a kitchen.

You see an opened fridge nearby. Empty! What kind of nightmare TextWorld is this? You bend down to tie your shoe. When you stand up, you notice an oven. You see a table. But the thing is empty, unfortunately. If you haven't noticed it already, there seems to be something there by the wall, it's a counter. On the counter you can make out a red apple and a red onion. If you haven't noticed it already, there seems to be something there by the wall, it's a stove. However, the stove, like an empty stove, has nothing on it.

There is an open plain door leading east. There is a closed screen door leading north. There is an exit to the west. Don't worry, there is no door.

There is a raw yellow potato, a white onion, a raw pork chop and a block of cheese on the floor.","You are carrying: a banana, a raw red potato, a knife, a cookbook and a yellow bell pepper.",2 of 17,0.11764705882352941,False,
87,,,I should take the raw yellow potato from the floor first.,take raw yellow potato from floor,,You're carrying too many things already.,Kitchen,"You've entered a kitchen.

You see an opened fridge nearby. Empty! What kind of nightmare TextWorld is this? You bend down to tie your shoe. When you stand up, you notice an oven. You see a table. But the thing is empty, unfortunately. If you haven't noticed it already, there seems to be something there by the wall, it's a counter. On the counter you can make out a red apple and a red onion. If you haven't noticed it already, there seems to be something there by the wall, it's a stove. However, the stove, like an empty stove, has nothing on it.

There is an open plain door leading east. There is a closed screen door leading north. There is an exit to the west. Don't worry, there is no door.

There is a raw yellow potato, a white onion, a raw pork chop and a block of cheese on the floor.","You are carrying: a banana, a raw red potato, a knife, a cookbook and a yellow bell pepper.",2 of 17,0.11764705882352941,False,
88,,,I need to free up inventory space by dropping the banana before taking the raw yellow potato.,drop banana,,You drop the banana on the ground.,Kitchen,"You've entered a kitchen.

You see an opened fridge nearby. Empty! What kind of nightmare TextWorld is this? You bend down to tie your shoe. When you stand up, you notice an oven. You see a table. But the thing is empty, unfortunately. If you haven't noticed it already, there seems to be something there by the wall, it's a counter. On the counter you can make out a red apple and a red onion. If you haven't noticed it already, there seems to be something there by the wall, it's a stove. However, the stove, like an empty stove, has nothing on it.

There is an open plain door leading east. There is a closed screen door leading north. There is an exit to the west. Don't worry, there is no door.

There is a banana, a raw yellow potato, a white onion, a raw pork chop and a block of cheese on the floor.","You are carrying: a raw red potato, a knife, a cookbook and a yellow bell pepper.",2 of 17,0.11764705882352941,False,
89,,,I should take the raw yellow potato from the floor now that I have space.,take raw yellow potato from floor,,You pick up the yellow potato from the ground.,Kitchen,"You've entered a kitchen.

You see an opened fridge nearby. Empty! What kind of nightmare TextWorld is this? You bend down to tie your shoe. When you stand up, you notice an oven. You see a table. But the thing is empty, unfortunately. If you haven't noticed it already, there seems to be something there by the wall, it's a counter. On the counter you can make out a red apple and a red onion. If you haven't noticed it already, there seems to be something there by the wall, it's a stove. However, the stove, like an empty stove, has nothing on it.

There is an open plain door leading east. There is a closed screen door leading north. There is an exit to the west. Don't worry, there is no door.

There is a banana, a white onion, a raw pork chop and a block of cheese on the floor.","You are carrying: a raw yellow potato, a raw red potato, a knife, a cookbook and a yellow bell pepper.",2 of 17,0.11764705882352941,False,
90,,,I should check the cookbook for a recipe to cook a delicious meal.,examine cookbook,,"You open the copy of ""Cooking: A Modern Approach (3rd Ed.)"" and start reading:

Recipe #1
---------
Gather all following ingredients and follow the directions to prepare this tasty meal.

Ingredients:
carrot
  purple potato
  banana
  red hot pepper
  yellow bell pepper

Directions:
slice the carrot
  grill the carrot
  dice the purple potato
  fry the purple potato
  dice the banana
  roast the banana
  slice the red hot pepper
  fry the red hot pepper
  slice the yellow bell pepper
  fry the yellow bell pepper
  prepare meal",Kitchen,"You've entered a kitchen.

You see an opened fridge nearby. Empty! What kind of nightmare TextWorld is this? You bend down to tie your shoe. When you stand up, you notice an oven. You see a table. But the thing is empty, unfortunately. If you haven't noticed it already, there seems to be something there by the wall, it's a counter. On the counter you can make out a red apple and a red onion. If you haven't noticed it already, there seems to be something there by the wall, it's a stove. However, the stove, like an empty stove, has nothing on it.

There is an open plain door leading east. There is a closed screen door leading north. There is an exit to the west. Don't worry, there is no door.

There is a banana, a white onion, a raw pork chop and a block of cheese on the floor.","You are carrying: a raw yellow potato, a raw red potato, a knife, a cookbook and a yellow bell pepper.",2 of 17,0.11764705882352941,False,
91,,,"I need to gather the ingredients from the recipe: carrot, purple potato, banana, red hot pepper, and yellow bell pepper. I already have the yellow bell pepper, but I need to find the others, starting with the carrot.",take carrot from counter,,You can't see any such thing.,Kitchen,"You've entered a kitchen.

You see an opened fridge nearby. Empty! What kind of nightmare TextWorld is this? You bend down to tie your shoe. When you stand up, you notice an oven. You see a table. But the thing is empty, unfortunately. If you haven't noticed it already, there seems to be something there by the wall, it's a counter. On the counter you can make out a red apple and a red onion. If you haven't noticed it already, there seems to be something there by the wall, it's a stove. However, the stove, like an empty stove, has nothing on it.

There is an open plain door leading east. There is a closed screen door leading north. There is an exit to the west. Don't worry, there is no door.

There is a banana, a white onion, a raw pork chop and a block of cheese on the floor.","You are carrying: a raw yellow potato, a raw red potato, a knife, a cookbook and a yellow bell pepper.",2 of 17,0.11764705882352941,True,
