step_id,plan,summary,thought,action,task,feedback,location,description,inventory,score,reward,is_done,error
0,,,,,"You are hungry! Let's cook a delicious meal. Check the cookbook in the kitchen for the recipe. Once done, enjoy your meal!",,Livingroom,"You've entered a livingroom.

You can make out a sofa. Make a note of this, you might have to put stuff on or in it later on. The sofa is comfy. Unfortunately, there isn't a thing on it.

There is a closed fiberglass door leading south. There is an exit to the east. There is an exit to the north.",You are carrying nothing.,0 of 17,0.0,False,
1,,,I should go north to the kitchen to find the cookbook and check the recipe.,go north,,"Well, here we are in the kitchen.

You bend down to tie your shoe. When you stand up, you notice a fridge. You see a closed oven. You make out a table. The table is massive. On the table you can make out a knife. You see a counter. You see a raw purple potato, a red apple, a banana, a raw red potato and a cookbook on the counter. Hmmm... what else, what else? You can see a stove. The stove is conventional. But the thing hasn't got anything on it.

There is a closed frosted-glass door leading west. You need an exit without a door? You should try going south.",Kitchen,"Well, here we are in the kitchen.

You bend down to tie your shoe. When you stand up, you notice a fridge. You see a closed oven. You make out a table. The table is massive. On the table you can make out a knife. You see a counter. You see a raw purple potato, a red apple, a banana, a raw red potato and a cookbook on the counter. Hmmm... what else, what else? You can see a stove. The stove is conventional. But the thing hasn't got anything on it.

There is a closed frosted-glass door leading west. You need an exit without a door? You should try going south.",You are carrying nothing.,0 of 17,0.0,False,
2,,,I should take the cookbook from the counter to check the recipe for the meal.,take cookbook from counter,,You take the cookbook from the counter.,Kitchen,"Well, here we are in the kitchen.

You bend down to tie your shoe. When you stand up, you notice a fridge. You see a closed oven. You make out a table. The table is massive. On the table you can make out a knife. You see a counter. You see a raw purple potato, a red apple, a banana and a raw red potato on the counter. Hmmm... what else, what else? You can see a stove. The stove is conventional. But the thing hasn't got anything on it.

There is a closed frosted-glass door leading west. You need an exit without a door? You should try going south.",You are carrying: a cookbook.,0 of 17,0.0,False,
3,,,I should examine the cookbook to find the recipe for a delicious meal.,examine cookbook,,"You open the copy of ""Cooking: A Modern Approach (3rd Ed.)"" and start reading:

Recipe #1
---------
Gather all following ingredients and follow the directions to prepare this tasty meal.

Ingredients:
pork chop
  block of cheese
  red onion
  purple potato
  yellow bell pepper

Directions:
chop the pork chop
  fry the pork chop
  chop the block of cheese
  grill the block of cheese
  dice the red onion
  fry the red onion
  dice the purple potato
  roast the purple potato
  slice the yellow bell pepper
  grill the yellow bell pepper
  prepare meal",Kitchen,"Well, here we are in the kitchen.

You bend down to tie your shoe. When you stand up, you notice a fridge. You see a closed oven. You make out a table. The table is massive. On the table you can make out a knife. You see a counter. You see a raw purple potato, a red apple, a banana and a raw red potato on the counter. Hmmm... what else, what else? You can see a stove. The stove is conventional. But the thing hasn't got anything on it.

There is a closed frosted-glass door leading west. You need an exit without a door? You should try going south.",You are carrying: a cookbook.,0 of 17,0.0,False,
4,,,"I need to find the pork chop, block of cheese, red onion, purple potato, and yellow bell pepper to start cooking. I see a purple potato on the counter, so I should take it first.",take purple potato from counter,,"You take the purple potato from the counter.



Your score has just gone up by one point.",Kitchen,"Well, here we are in the kitchen.

You bend down to tie your shoe. When you stand up, you notice a fridge. You see a closed oven. You make out a table. The table is massive. On the table you can make out a knife. You see a counter. You see a red apple, a banana and a raw red potato on the counter. Hmmm... what else, what else? You can see a stove. The stove is conventional. But the thing hasn't got anything on it.

There is a closed frosted-glass door leading west. You need an exit without a door? You should try going south.",You are carrying: a raw purple potato and a cookbook.,1 of 17,0.058823529411764705,False,
5,,,"I need to find the other ingredients: pork chop, block of cheese, red onion, and yellow bell pepper. They might be in the fridge, so I should open the fridge to check.",open fridge,,"You open the fridge, revealing a red onion, a block of cheese, an orange bell pepper, a red hot pepper and a white onion.",Kitchen,"Well, here we are in the kitchen.

You bend down to tie your shoe. When you stand up, you notice a fridge. The fridge contains a red onion, a block of cheese, an orange bell pepper, a red hot pepper and a white onion. You see a closed oven. You make out a table. The table is massive. On the table you can make out a knife. You see a counter. You see a red apple, a banana and a raw red potato on the counter. Hmmm... what else, what else? You can see a stove. The stove is conventional. But the thing hasn't got anything on it.

There is a closed frosted-glass door leading west. You need an exit without a door? You should try going south.",You are carrying: a raw purple potato and a cookbook.,1 of 17,0.058823529411764705,False,
6,,,"I should take the red onion, block of cheese, and orange bell pepper from the fridge to gather the ingredients needed for the recipe.",take red onion from fridge,,"You take the red onion from the fridge.



Your score has just gone up by one point.",Kitchen,"Well, here we are in the kitchen.

You bend down to tie your shoe. When you stand up, you notice a fridge. The fridge contains a block of cheese, an orange bell pepper, a red hot pepper and a white onion. You see a closed oven. You make out a table. The table is massive. On the table you can make out a knife. You see a counter. You see a red apple, a banana and a raw red potato on the counter. Hmmm... what else, what else? You can see a stove. The stove is conventional. But the thing hasn't got anything on it.

There is a closed frosted-glass door leading west. You need an exit without a door? You should try going south.","You are carrying: a red onion, a raw purple potato and a cookbook.",2 of 17,0.11764705882352941,False,
7,,,I should take the block of cheese and the orange bell pepper from the fridge to have more ingredients for the recipe.,take block of cheese from fridge,,"You take the block of cheese from the fridge.



Your score has just gone up by one point.",Kitchen,"Well, here we are in the kitchen.

You bend down to tie your shoe. When you stand up, you notice a fridge. The fridge contains an orange bell pepper, a red hot pepper and a white onion. You see a closed oven. You make out a table. The table is massive. On the table you can make out a knife. You see a counter. You see a red apple, a banana and a raw red potato on the counter. Hmmm... what else, what else? You can see a stove. The stove is conventional. But the thing hasn't got anything on it.

There is a closed frosted-glass door leading west. You need an exit without a door? You should try going south.","You are carrying: a block of cheese, a red onion, a raw purple potato and a cookbook.",3 of 17,0.17647058823529413,False,
8,,,I should take the orange bell pepper from the fridge to have all the main ingredients for the recipe.,take orange bell pepper from fridge,,You take the orange bell pepper from the fridge.,Kitchen,"Well, here we are in the kitchen.

You bend down to tie your shoe. When you stand up, you notice a fridge. The fridge contains a red hot pepper and a white onion. You see a closed oven. You make out a table. The table is massive. On the table you can make out a knife. You see a counter. You see a red apple, a banana and a raw red potato on the counter. Hmmm... what else, what else? You can see a stove. The stove is conventional. But the thing hasn't got anything on it.

There is a closed frosted-glass door leading west. You need an exit without a door? You should try going south.","You are carrying: an orange bell pepper, a block of cheese, a red onion, a raw purple potato and a cookbook.",3 of 17,0.17647058823529413,False,
9,,,I should examine the cookbook to find the recipe for the meal I want to cook.,examine cookbook,,"You open the copy of ""Cooking: A Modern Approach (3rd Ed.)"" and start reading:

Recipe #1
---------
Gather all following ingredients and follow the directions to prepare this tasty meal.

Ingredients:
pork chop
  block of cheese
  red onion
  purple potato
  yellow bell pepper

Directions:
chop the pork chop
  fry the pork chop
  chop the block of cheese
  grill the block of cheese
  dice the red onion
  fry the red onion
  dice the purple potato
  roast the purple potato
  slice the yellow bell pepper
  grill the yellow bell pepper
  prepare meal",Kitchen,"Well, here we are in the kitchen.

You bend down to tie your shoe. When you stand up, you notice a fridge. The fridge contains a red hot pepper and a white onion. You see a closed oven. You make out a table. The table is massive. On the table you can make out a knife. You see a counter. You see a red apple, a banana and a raw red potato on the counter. Hmmm... what else, what else? You can see a stove. The stove is conventional. But the thing hasn't got anything on it.

There is a closed frosted-glass door leading west. You need an exit without a door? You should try going south.","You are carrying: an orange bell pepper, a block of cheese, a red onion, a raw purple potato and a cookbook.",3 of 17,0.17647058823529413,False,
10,,,I need to get a pork chop and a yellow bell pepper to complete the ingredients for the recipe.,take pork chop from fridge,,You can't see any such thing.,Kitchen,"Well, here we are in the kitchen.

You bend down to tie your shoe. When you stand up, you notice a fridge. The fridge contains a red hot pepper and a white onion. You see a closed oven. You make out a table. The table is massive. On the table you can make out a knife. You see a counter. You see a red apple, a banana and a raw red potato on the counter. Hmmm... what else, what else? You can see a stove. The stove is conventional. But the thing hasn't got anything on it.

There is a closed frosted-glass door leading west. You need an exit without a door? You should try going south.","You are carrying: an orange bell pepper, a block of cheese, a red onion, a raw purple potato and a cookbook.",3 of 17,0.17647058823529413,False,
11,,,"Since there is no pork chop visible, I should check the counter and table for the missing ingredients, especially the pork chop and yellow bell pepper.",look counter,,"The counter is unstable.

On the counter are a red apple, a banana and a raw red potato.",Kitchen,"Well, here we are in the kitchen.

You bend down to tie your shoe. When you stand up, you notice a fridge. The fridge contains a red hot pepper and a white onion. You see a closed oven. You make out a table. The table is massive. On the table you can make out a knife. You see a counter. You see a red apple, a banana and a raw red potato on the counter. Hmmm... what else, what else? You can see a stove. The stove is conventional. But the thing hasn't got anything on it.

There is a closed frosted-glass door leading west. You need an exit without a door? You should try going south.","You are carrying: an orange bell pepper, a block of cheese, a red onion, a raw purple potato and a cookbook.",3 of 17,0.17647058823529413,False,
12,,,I should check the table for the knife to prepare the ingredients and then check the cookbook for the recipe.,take knife from table,,You're carrying too many things already.,Kitchen,"Well, here we are in the kitchen.

You bend down to tie your shoe. When you stand up, you notice a fridge. The fridge contains a red hot pepper and a white onion. You see a closed oven. You make out a table. The table is massive. On the table you can make out a knife. You see a counter. You see a red apple, a banana and a raw red potato on the counter. Hmmm... what else, what else? You can see a stove. The stove is conventional. But the thing hasn't got anything on it.

There is a closed frosted-glass door leading west. You need an exit without a door? You should try going south.","You are carrying: an orange bell pepper, a block of cheese, a red onion, a raw purple potato and a cookbook.",3 of 17,0.17647058823529413,False,
13,,,I need to free up inventory space by putting down an item before taking the knife.,drop raw purple potato,,You drop the purple potato on the ground.,Kitchen,"Well, here we are in the kitchen.

You bend down to tie your shoe. When you stand up, you notice a fridge. The fridge contains a red hot pepper and a white onion. You see a closed oven. You make out a table. The table is massive. On the table you can make out a knife. You see a counter. You see a red apple, a banana and a raw red potato on the counter. Hmmm... what else, what else? You can see a stove. The stove is conventional. But the thing hasn't got anything on it.

There is a closed frosted-glass door leading west. You need an exit without a door? You should try going south.

There is a raw purple potato on the floor.","You are carrying: an orange bell pepper, a block of cheese, a red onion and a cookbook.",3 of 17,0.17647058823529413,False,
14,,,I should take the knife from the table to prepare the meal.,take knife from table,,You take the knife from the table.,Kitchen,"Well, here we are in the kitchen.

You bend down to tie your shoe. When you stand up, you notice a fridge. The fridge contains a red hot pepper and a white onion. You see a closed oven. You make out a table. The table is massive. However, the table, like an empty table, has nothing on it. You see a counter. You see a red apple, a banana and a raw red potato on the counter. Hmmm... what else, what else? You can see a stove. The stove is conventional. But the thing hasn't got anything on it.

There is a closed frosted-glass door leading west. You need an exit without a door? You should try going south.

There is a raw purple potato on the floor.","You are carrying: a knife, an orange bell pepper, a block of cheese, a red onion and a cookbook.",3 of 17,0.17647058823529413,False,
15,,,I should examine the cookbook to find a recipe for a delicious meal.,examine cookbook,,"You open the copy of ""Cooking: A Modern Approach (3rd Ed.)"" and start reading:

Recipe #1
---------
Gather all following ingredients and follow the directions to prepare this tasty meal.

Ingredients:
pork chop
  block of cheese
  red onion
  purple potato
  yellow bell pepper

Directions:
chop the pork chop
  fry the pork chop
  chop the block of cheese
  grill the block of cheese
  dice the red onion
  fry the red onion
  dice the purple potato
  roast the purple potato
  slice the yellow bell pepper
  grill the yellow bell pepper
  prepare meal",Kitchen,"Well, here we are in the kitchen.

You bend down to tie your shoe. When you stand up, you notice a fridge. The fridge contains a red hot pepper and a white onion. You see a closed oven. You make out a table. The table is massive. However, the table, like an empty table, has nothing on it. You see a counter. You see a red apple, a banana and a raw red potato on the counter. Hmmm... what else, what else? You can see a stove. The stove is conventional. But the thing hasn't got anything on it.

There is a closed frosted-glass door leading west. You need an exit without a door? You should try going south.

There is a raw purple potato on the floor.","You are carrying: a knife, an orange bell pepper, a block of cheese, a red onion and a cookbook.",3 of 17,0.17647058823529413,False,
16,,,"I need to gather the missing ingredients: pork chop, purple potato, and yellow bell pepper. I already have the block of cheese, red onion, and an orange bell pepper (which might substitute for yellow bell pepper). I will take the purple potato from the floor first.",take purple potato from floor,,You're carrying too many things already.,Kitchen,"Well, here we are in the kitchen.

You bend down to tie your shoe. When you stand up, you notice a fridge. The fridge contains a red hot pepper and a white onion. You see a closed oven. You make out a table. The table is massive. However, the table, like an empty table, has nothing on it. You see a counter. You see a red apple, a banana and a raw red potato on the counter. Hmmm... what else, what else? You can see a stove. The stove is conventional. But the thing hasn't got anything on it.

There is a closed frosted-glass door leading west. You need an exit without a door? You should try going south.

There is a raw purple potato on the floor.","You are carrying: a knife, an orange bell pepper, a block of cheese, a red onion and a cookbook.",3 of 17,0.17647058823529413,False,
17,,,"I am carrying too many items, so I need to drop one to pick up the purple potato. The orange bell pepper might be substituted for the yellow bell pepper, so I will drop it to free space.",drop orange bell pepper,,You drop the orange bell pepper on the ground.,Kitchen,"Well, here we are in the kitchen.

You bend down to tie your shoe. When you stand up, you notice a fridge. The fridge contains a red hot pepper and a white onion. You see a closed oven. You make out a table. The table is massive. However, the table, like an empty table, has nothing on it. You see a counter. You see a red apple, a banana and a raw red potato on the counter. Hmmm... what else, what else? You can see a stove. The stove is conventional. But the thing hasn't got anything on it.

There is a closed frosted-glass door leading west. You need an exit without a door? You should try going south.

There is an orange bell pepper and a raw purple potato on the floor.","You are carrying: a knife, a block of cheese, a red onion and a cookbook.",3 of 17,0.17647058823529413,False,
18,,,I should take the raw purple potato from the floor to have more ingredients for cooking.,take raw purple potato from floor,,You pick up the purple potato from the ground.,Kitchen,"Well, here we are in the kitchen.

You bend down to tie your shoe. When you stand up, you notice a fridge. The fridge contains a red hot pepper and a white onion. You see a closed oven. You make out a table. The table is massive. However, the table, like an empty table, has nothing on it. You see a counter. You see a red apple, a banana and a raw red potato on the counter. Hmmm... what else, what else? You can see a stove. The stove is conventional. But the thing hasn't got anything on it.

There is a closed frosted-glass door leading west. You need an exit without a door? You should try going south.

There is an orange bell pepper on the floor.","You are carrying: a raw purple potato, a knife, a block of cheese, a red onion and a cookbook.",3 of 17,0.17647058823529413,False,
19,,,I should open the cookbook to check the recipe for a delicious meal.,examine cookbook,,"You open the copy of ""Cooking: A Modern Approach (3rd Ed.)"" and start reading:

Recipe #1
---------
Gather all following ingredients and follow the directions to prepare this tasty meal.

Ingredients:
pork chop
  block of cheese
  red onion
  purple potato
  yellow bell pepper

Directions:
chop the pork chop
  fry the pork chop
  chop the block of cheese
  grill the block of cheese
  dice the red onion
  fry the red onion
  dice the purple potato
  roast the purple potato
  slice the yellow bell pepper
  grill the yellow bell pepper
  prepare meal",Kitchen,"Well, here we are in the kitchen.

You bend down to tie your shoe. When you stand up, you notice a fridge. The fridge contains a red hot pepper and a white onion. You see a closed oven. You make out a table. The table is massive. However, the table, like an empty table, has nothing on it. You see a counter. You see a red apple, a banana and a raw red potato on the counter. Hmmm... what else, what else? You can see a stove. The stove is conventional. But the thing hasn't got anything on it.

There is a closed frosted-glass door leading west. You need an exit without a door? You should try going south.

There is an orange bell pepper on the floor.","You are carrying: a raw purple potato, a knife, a block of cheese, a red onion and a cookbook.",3 of 17,0.17647058823529413,False,
20,,,I need to find the pork chop and yellow bell pepper to complete the ingredients for the recipe.,look around kitchen,,You can't see any such thing.,Kitchen,"Well, here we are in the kitchen.

You bend down to tie your shoe. When you stand up, you notice a fridge. The fridge contains a red hot pepper and a white onion. You see a closed oven. You make out a table. The table is massive. However, the table, like an empty table, has nothing on it. You see a counter. You see a red apple, a banana and a raw red potato on the counter. Hmmm... what else, what else? You can see a stove. The stove is conventional. But the thing hasn't got anything on it.

There is a closed frosted-glass door leading west. You need an exit without a door? You should try going south.

There is an orange bell pepper on the floor.","You are carrying: a raw purple potato, a knife, a block of cheese, a red onion and a cookbook.",3 of 17,0.17647058823529413,False,
21,,,I should check the fridge for the pork chop and yellow bell pepper since they are not visible in the kitchen.,open fridge,,That's already open.,Kitchen,"Well, here we are in the kitchen.

You bend down to tie your shoe. When you stand up, you notice a fridge. The fridge contains a red hot pepper and a white onion. You see a closed oven. You make out a table. The table is massive. However, the table, like an empty table, has nothing on it. You see a counter. You see a red apple, a banana and a raw red potato on the counter. Hmmm... what else, what else? You can see a stove. The stove is conventional. But the thing hasn't got anything on it.

There is a closed frosted-glass door leading west. You need an exit without a door? You should try going south.

There is an orange bell pepper on the floor.","You are carrying: a raw purple potato, a knife, a block of cheese, a red onion and a cookbook.",3 of 17,0.17647058823529413,False,
22,,,I should take the red hot pepper and white onion from the fridge to have all ingredients for cooking.,take red hot pepper from fridge,,You're carrying too many things already.,Kitchen,"Well, here we are in the kitchen.

You bend down to tie your shoe. When you stand up, you notice a fridge. The fridge contains a red hot pepper and a white onion. You see a closed oven. You make out a table. The table is massive. However, the table, like an empty table, has nothing on it. You see a counter. You see a red apple, a banana and a raw red potato on the counter. Hmmm... what else, what else? You can see a stove. The stove is conventional. But the thing hasn't got anything on it.

There is a closed frosted-glass door leading west. You need an exit without a door? You should try going south.

There is an orange bell pepper on the floor.","You are carrying: a raw purple potato, a knife, a block of cheese, a red onion and a cookbook.",3 of 17,0.17647058823529413,False,
23,,,I need to free up space in my inventory by putting down an item before taking more ingredients.,drop block of cheese,,You drop the block of cheese on the ground.,Kitchen,"Well, here we are in the kitchen.

You bend down to tie your shoe. When you stand up, you notice a fridge. The fridge contains a red hot pepper and a white onion. You see a closed oven. You make out a table. The table is massive. However, the table, like an empty table, has nothing on it. You see a counter. You see a red apple, a banana and a raw red potato on the counter. Hmmm... what else, what else? You can see a stove. The stove is conventional. But the thing hasn't got anything on it.

There is a closed frosted-glass door leading west. You need an exit without a door? You should try going south.

There is a block of cheese and an orange bell pepper on the floor.","You are carrying: a raw purple potato, a knife, a red onion and a cookbook.",3 of 17,0.17647058823529413,False,
24,,,I should take the orange bell pepper from the floor to have more ingredients for cooking.,take orange bell pepper from floor,,You pick up the orange bell pepper from the ground.,Kitchen,"Well, here we are in the kitchen.

You bend down to tie your shoe. When you stand up, you notice a fridge. The fridge contains a red hot pepper and a white onion. You see a closed oven. You make out a table. The table is massive. However, the table, like an empty table, has nothing on it. You see a counter. You see a red apple, a banana and a raw red potato on the counter. Hmmm... what else, what else? You can see a stove. The stove is conventional. But the thing hasn't got anything on it.

There is a closed frosted-glass door leading west. You need an exit without a door? You should try going south.

There is a block of cheese on the floor.","You are carrying: an orange bell pepper, a raw purple potato, a knife, a red onion and a cookbook.",3 of 17,0.17647058823529413,False,
25,,,I should open the cookbook to check the recipe for a delicious meal.,examine cookbook,,"You open the copy of ""Cooking: A Modern Approach (3rd Ed.)"" and start reading:

Recipe #1
---------
Gather all following ingredients and follow the directions to prepare this tasty meal.

Ingredients:
pork chop
  block of cheese
  red onion
  purple potato
  yellow bell pepper

Directions:
chop the pork chop
  fry the pork chop
  chop the block of cheese
  grill the block of cheese
  dice the red onion
  fry the red onion
  dice the purple potato
  roast the purple potato
  slice the yellow bell pepper
  grill the yellow bell pepper
  prepare meal",Kitchen,"Well, here we are in the kitchen.

You bend down to tie your shoe. When you stand up, you notice a fridge. The fridge contains a red hot pepper and a white onion. You see a closed oven. You make out a table. The table is massive. However, the table, like an empty table, has nothing on it. You see a counter. You see a red apple, a banana and a raw red potato on the counter. Hmmm... what else, what else? You can see a stove. The stove is conventional. But the thing hasn't got anything on it.

There is a closed frosted-glass door leading west. You need an exit without a door? You should try going south.

There is a block of cheese on the floor.","You are carrying: an orange bell pepper, a raw purple potato, a knife, a red onion and a cookbook.",3 of 17,0.17647058823529413,False,
26,,,"I need to find the pork chop and yellow bell pepper, then follow the recipe steps starting with chopping the pork chop.",take block of cheese from floor,,You're carrying too many things already.,Kitchen,"Well, here we are in the kitchen.

You bend down to tie your shoe. When you stand up, you notice a fridge. The fridge contains a red hot pepper and a white onion. You see a closed oven. You make out a table. The table is massive. However, the table, like an empty table, has nothing on it. You see a counter. You see a red apple, a banana and a raw red potato on the counter. Hmmm... what else, what else? You can see a stove. The stove is conventional. But the thing hasn't got anything on it.

There is a closed frosted-glass door leading west. You need an exit without a door? You should try going south.

There is a block of cheese on the floor.","You are carrying: an orange bell pepper, a raw purple potato, a knife, a red onion and a cookbook.",3 of 17,0.17647058823529413,False,
27,,,"I am carrying too many items, so I should put down the orange bell pepper to free up space and then take the block of cheese.",drop orange bell pepper,,You drop the orange bell pepper on the ground.,Kitchen,"Well, here we are in the kitchen.

You bend down to tie your shoe. When you stand up, you notice a fridge. The fridge contains a red hot pepper and a white onion. You see a closed oven. You make out a table. The table is massive. However, the table, like an empty table, has nothing on it. You see a counter. You see a red apple, a banana and a raw red potato on the counter. Hmmm... what else, what else? You can see a stove. The stove is conventional. But the thing hasn't got anything on it.

There is a closed frosted-glass door leading west. You need an exit without a door? You should try going south.

There is an orange bell pepper and a block of cheese on the floor.","You are carrying: a raw purple potato, a knife, a red onion and a cookbook.",3 of 17,0.17647058823529413,False,
28,,,I should take the block of cheese from the floor to have it for cooking.,take block of cheese from floor,,You pick up the block of cheese from the ground.,Kitchen,"Well, here we are in the kitchen.

You bend down to tie your shoe. When you stand up, you notice a fridge. The fridge contains a red hot pepper and a white onion. You see a closed oven. You make out a table. The table is massive. However, the table, like an empty table, has nothing on it. You see a counter. You see a red apple, a banana and a raw red potato on the counter. Hmmm... what else, what else? You can see a stove. The stove is conventional. But the thing hasn't got anything on it.

There is a closed frosted-glass door leading west. You need an exit without a door? You should try going south.

There is an orange bell pepper on the floor.","You are carrying: a block of cheese, a raw purple potato, a knife, a red onion and a cookbook.",3 of 17,0.17647058823529413,False,
29,,,I should open the cookbook to check the recipe for a delicious meal.,examine cookbook,,"You open the copy of ""Cooking: A Modern Approach (3rd Ed.)"" and start reading:

Recipe #1
---------
Gather all following ingredients and follow the directions to prepare this tasty meal.

Ingredients:
pork chop
  block of cheese
  red onion
  purple potato
  yellow bell pepper

Directions:
chop the pork chop
  fry the pork chop
  chop the block of cheese
  grill the block of cheese
  dice the red onion
  fry the red onion
  dice the purple potato
  roast the purple potato
  slice the yellow bell pepper
  grill the yellow bell pepper
  prepare meal",Kitchen,"Well, here we are in the kitchen.

You bend down to tie your shoe. When you stand up, you notice a fridge. The fridge contains a red hot pepper and a white onion. You see a closed oven. You make out a table. The table is massive. However, the table, like an empty table, has nothing on it. You see a counter. You see a red apple, a banana and a raw red potato on the counter. Hmmm... what else, what else? You can see a stove. The stove is conventional. But the thing hasn't got anything on it.

There is a closed frosted-glass door leading west. You need an exit without a door? You should try going south.

There is an orange bell pepper on the floor.","You are carrying: a block of cheese, a raw purple potato, a knife, a red onion and a cookbook.",3 of 17,0.17647058823529413,False,
30,,,I need to find the pork chop and yellow bell pepper to complete the ingredients for the recipe.,look around kitchen,,You can't see any such thing.,Kitchen,"Well, here we are in the kitchen.

You bend down to tie your shoe. When you stand up, you notice a fridge. The fridge contains a red hot pepper and a white onion. You see a closed oven. You make out a table. The table is massive. However, the table, like an empty table, has nothing on it. You see a counter. You see a red apple, a banana and a raw red potato on the counter. Hmmm... what else, what else? You can see a stove. The stove is conventional. But the thing hasn't got anything on it.

There is a closed frosted-glass door leading west. You need an exit without a door? You should try going south.

There is an orange bell pepper on the floor.","You are carrying: a block of cheese, a raw purple potato, a knife, a red onion and a cookbook.",3 of 17,0.17647058823529413,False,
31,,,I should take the orange bell pepper from the floor to have the yellow bell pepper ingredient.,take orange bell pepper from floor,,You're carrying too many things already.,Kitchen,"Well, here we are in the kitchen.

You bend down to tie your shoe. When you stand up, you notice a fridge. The fridge contains a red hot pepper and a white onion. You see a closed oven. You make out a table. The table is massive. However, the table, like an empty table, has nothing on it. You see a counter. You see a red apple, a banana and a raw red potato on the counter. Hmmm... what else, what else? You can see a stove. The stove is conventional. But the thing hasn't got anything on it.

There is a closed frosted-glass door leading west. You need an exit without a door? You should try going south.

There is an orange bell pepper on the floor.","You are carrying: a block of cheese, a raw purple potato, a knife, a red onion and a cookbook.",3 of 17,0.17647058823529413,False,
32,,,I need to free up inventory space by putting down an item before I can take the orange bell pepper.,drop raw purple potato,,You drop the purple potato on the ground.,Kitchen,"Well, here we are in the kitchen.

You bend down to tie your shoe. When you stand up, you notice a fridge. The fridge contains a red hot pepper and a white onion. You see a closed oven. You make out a table. The table is massive. However, the table, like an empty table, has nothing on it. You see a counter. You see a red apple, a banana and a raw red potato on the counter. Hmmm... what else, what else? You can see a stove. The stove is conventional. But the thing hasn't got anything on it.

There is a closed frosted-glass door leading west. You need an exit without a door? You should try going south.

There is a raw purple potato and an orange bell pepper on the floor.","You are carrying: a block of cheese, a knife, a red onion and a cookbook.",3 of 17,0.17647058823529413,False,
33,,,I should take the orange bell pepper from the floor to have more ingredients for cooking.,take orange bell pepper from floor,,You pick up the orange bell pepper from the ground.,Kitchen,"Well, here we are in the kitchen.

You bend down to tie your shoe. When you stand up, you notice a fridge. The fridge contains a red hot pepper and a white onion. You see a closed oven. You make out a table. The table is massive. However, the table, like an empty table, has nothing on it. You see a counter. You see a red apple, a banana and a raw red potato on the counter. Hmmm... what else, what else? You can see a stove. The stove is conventional. But the thing hasn't got anything on it.

There is a closed frosted-glass door leading west. You need an exit without a door? You should try going south.

There is a raw purple potato on the floor.","You are carrying: an orange bell pepper, a block of cheese, a knife, a red onion and a cookbook.",3 of 17,0.17647058823529413,False,
34,,,I should examine the cookbook to find a recipe for a delicious meal.,examine cookbook,,"You open the copy of ""Cooking: A Modern Approach (3rd Ed.)"" and start reading:

Recipe #1
---------
Gather all following ingredients and follow the directions to prepare this tasty meal.

Ingredients:
pork chop
  block of cheese
  red onion
  purple potato
  yellow bell pepper

Directions:
chop the pork chop
  fry the pork chop
  chop the block of cheese
  grill the block of cheese
  dice the red onion
  fry the red onion
  dice the purple potato
  roast the purple potato
  slice the yellow bell pepper
  grill the yellow bell pepper
  prepare meal",Kitchen,"Well, here we are in the kitchen.

You bend down to tie your shoe. When you stand up, you notice a fridge. The fridge contains a red hot pepper and a white onion. You see a closed oven. You make out a table. The table is massive. However, the table, like an empty table, has nothing on it. You see a counter. You see a red apple, a banana and a raw red potato on the counter. Hmmm... what else, what else? You can see a stove. The stove is conventional. But the thing hasn't got anything on it.

There is a closed frosted-glass door leading west. You need an exit without a door? You should try going south.

There is a raw purple potato on the floor.","You are carrying: an orange bell pepper, a block of cheese, a knife, a red onion and a cookbook.",3 of 17,0.17647058823529413,False,
35,,,"I need to gather the missing ingredients for the recipe: pork chop, purple potato, and yellow bell pepper. I already have the block of cheese, red onion, and orange bell pepper (which I can substitute for yellow bell pepper). I will take the purple potato from the floor first.",take purple potato from floor,,You're carrying too many things already.,Kitchen,"Well, here we are in the kitchen.

You bend down to tie your shoe. When you stand up, you notice a fridge. The fridge contains a red hot pepper and a white onion. You see a closed oven. You make out a table. The table is massive. However, the table, like an empty table, has nothing on it. You see a counter. You see a red apple, a banana and a raw red potato on the counter. Hmmm... what else, what else? You can see a stove. The stove is conventional. But the thing hasn't got anything on it.

There is a closed frosted-glass door leading west. You need an exit without a door? You should try going south.

There is a raw purple potato on the floor.","You are carrying: an orange bell pepper, a block of cheese, a knife, a red onion and a cookbook.",3 of 17,0.17647058823529413,False,
36,,,"I am carrying too many items, so I should drop the orange bell pepper to free up space before picking up the purple potato.",drop orange bell pepper,,You drop the orange bell pepper on the ground.,Kitchen,"Well, here we are in the kitchen.

You bend down to tie your shoe. When you stand up, you notice a fridge. The fridge contains a red hot pepper and a white onion. You see a closed oven. You make out a table. The table is massive. However, the table, like an empty table, has nothing on it. You see a counter. You see a red apple, a banana and a raw red potato on the counter. Hmmm... what else, what else? You can see a stove. The stove is conventional. But the thing hasn't got anything on it.

There is a closed frosted-glass door leading west. You need an exit without a door? You should try going south.

There is an orange bell pepper and a raw purple potato on the floor.","You are carrying: a block of cheese, a knife, a red onion and a cookbook.",3 of 17,0.17647058823529413,False,
37,,,I should take the raw purple potato from the floor to have more ingredients for cooking.,take raw purple potato from floor,,You pick up the purple potato from the ground.,Kitchen,"Well, here we are in the kitchen.

You bend down to tie your shoe. When you stand up, you notice a fridge. The fridge contains a red hot pepper and a white onion. You see a closed oven. You make out a table. The table is massive. However, the table, like an empty table, has nothing on it. You see a counter. You see a red apple, a banana and a raw red potato on the counter. Hmmm... what else, what else? You can see a stove. The stove is conventional. But the thing hasn't got anything on it.

There is a closed frosted-glass door leading west. You need an exit without a door? You should try going south.

There is an orange bell pepper on the floor.","You are carrying: a raw purple potato, a block of cheese, a knife, a red onion and a cookbook.",3 of 17,0.17647058823529413,False,
38,,,I should check the cookbook for a recipe to cook a delicious meal.,examine cookbook,,"You open the copy of ""Cooking: A Modern Approach (3rd Ed.)"" and start reading:

Recipe #1
---------
Gather all following ingredients and follow the directions to prepare this tasty meal.

Ingredients:
pork chop
  block of cheese
  red onion
  purple potato
  yellow bell pepper

Directions:
chop the pork chop
  fry the pork chop
  chop the block of cheese
  grill the block of cheese
  dice the red onion
  fry the red onion
  dice the purple potato
  roast the purple potato
  slice the yellow bell pepper
  grill the yellow bell pepper
  prepare meal",Kitchen,"Well, here we are in the kitchen.

You bend down to tie your shoe. When you stand up, you notice a fridge. The fridge contains a red hot pepper and a white onion. You see a closed oven. You make out a table. The table is massive. However, the table, like an empty table, has nothing on it. You see a counter. You see a red apple, a banana and a raw red potato on the counter. Hmmm... what else, what else? You can see a stove. The stove is conventional. But the thing hasn't got anything on it.

There is a closed frosted-glass door leading west. You need an exit without a door? You should try going south.

There is an orange bell pepper on the floor.","You are carrying: a raw purple potato, a block of cheese, a knife, a red onion and a cookbook.",3 of 17,0.17647058823529413,False,
39,,,I need to find the pork chop and yellow bell pepper to complete the ingredients for the recipe.,look around kitchen,,You can't see any such thing.,Kitchen,"Well, here we are in the kitchen.

You bend down to tie your shoe. When you stand up, you notice a fridge. The fridge contains a red hot pepper and a white onion. You see a closed oven. You make out a table. The table is massive. However, the table, like an empty table, has nothing on it. You see a counter. You see a red apple, a banana and a raw red potato on the counter. Hmmm... what else, what else? You can see a stove. The stove is conventional. But the thing hasn't got anything on it.

There is a closed frosted-glass door leading west. You need an exit without a door? You should try going south.

There is an orange bell pepper on the floor.","You are carrying: a raw purple potato, a block of cheese, a knife, a red onion and a cookbook.",3 of 17,0.17647058823529413,False,
40,,,I should check the fridge for the pork chop and yellow bell pepper since they are not visible in the kitchen.,open fridge,,That's already open.,Kitchen,"Well, here we are in the kitchen.

You bend down to tie your shoe. When you stand up, you notice a fridge. The fridge contains a red hot pepper and a white onion. You see a closed oven. You make out a table. The table is massive. However, the table, like an empty table, has nothing on it. You see a counter. You see a red apple, a banana and a raw red potato on the counter. Hmmm... what else, what else? You can see a stove. The stove is conventional. But the thing hasn't got anything on it.

There is a closed frosted-glass door leading west. You need an exit without a door? You should try going south.

There is an orange bell pepper on the floor.","You are carrying: a raw purple potato, a block of cheese, a knife, a red onion and a cookbook.",3 of 17,0.17647058823529413,False,
41,,,I should take the orange bell pepper from the floor to have all the ingredients for the recipe.,take orange bell pepper from floor,,You're carrying too many things already.,Kitchen,"Well, here we are in the kitchen.

You bend down to tie your shoe. When you stand up, you notice a fridge. The fridge contains a red hot pepper and a white onion. You see a closed oven. You make out a table. The table is massive. However, the table, like an empty table, has nothing on it. You see a counter. You see a red apple, a banana and a raw red potato on the counter. Hmmm... what else, what else? You can see a stove. The stove is conventional. But the thing hasn't got anything on it.

There is a closed frosted-glass door leading west. You need an exit without a door? You should try going south.

There is an orange bell pepper on the floor.","You are carrying: a raw purple potato, a block of cheese, a knife, a red onion and a cookbook.",3 of 17,0.17647058823529413,False,
42,,,I need to free up space in my inventory by putting down an item before taking the orange bell pepper.,drop block of cheese,,You drop the block of cheese on the ground.,Kitchen,"Well, here we are in the kitchen.

You bend down to tie your shoe. When you stand up, you notice a fridge. The fridge contains a red hot pepper and a white onion. You see a closed oven. You make out a table. The table is massive. However, the table, like an empty table, has nothing on it. You see a counter. You see a red apple, a banana and a raw red potato on the counter. Hmmm... what else, what else? You can see a stove. The stove is conventional. But the thing hasn't got anything on it.

There is a closed frosted-glass door leading west. You need an exit without a door? You should try going south.

There is a block of cheese and an orange bell pepper on the floor.","You are carrying: a raw purple potato, a knife, a red onion and a cookbook.",3 of 17,0.17647058823529413,False,
43,,,I should take the orange bell pepper from the floor to have more ingredients for cooking.,take orange bell pepper from floor,,You pick up the orange bell pepper from the ground.,Kitchen,"Well, here we are in the kitchen.

You bend down to tie your shoe. When you stand up, you notice a fridge. The fridge contains a red hot pepper and a white onion. You see a closed oven. You make out a table. The table is massive. However, the table, like an empty table, has nothing on it. You see a counter. You see a red apple, a banana and a raw red potato on the counter. Hmmm... what else, what else? You can see a stove. The stove is conventional. But the thing hasn't got anything on it.

There is a closed frosted-glass door leading west. You need an exit without a door? You should try going south.

There is a block of cheese on the floor.","You are carrying: an orange bell pepper, a raw purple potato, a knife, a red onion and a cookbook.",3 of 17,0.17647058823529413,False,
44,,,I should open the cookbook to check the recipe for a delicious meal.,examine cookbook,,"You open the copy of ""Cooking: A Modern Approach (3rd Ed.)"" and start reading:

Recipe #1
---------
Gather all following ingredients and follow the directions to prepare this tasty meal.

Ingredients:
pork chop
  block of cheese
  red onion
  purple potato
  yellow bell pepper

Directions:
chop the pork chop
  fry the pork chop
  chop the block of cheese
  grill the block of cheese
  dice the red onion
  fry the red onion
  dice the purple potato
  roast the purple potato
  slice the yellow bell pepper
  grill the yellow bell pepper
  prepare meal",Kitchen,"Well, here we are in the kitchen.

You bend down to tie your shoe. When you stand up, you notice a fridge. The fridge contains a red hot pepper and a white onion. You see a closed oven. You make out a table. The table is massive. However, the table, like an empty table, has nothing on it. You see a counter. You see a red apple, a banana and a raw red potato on the counter. Hmmm... what else, what else? You can see a stove. The stove is conventional. But the thing hasn't got anything on it.

There is a closed frosted-glass door leading west. You need an exit without a door? You should try going south.

There is a block of cheese on the floor.","You are carrying: an orange bell pepper, a raw purple potato, a knife, a red onion and a cookbook.",3 of 17,0.17647058823529413,False,
45,,,"I need to find the pork chop and yellow bell pepper, then follow the recipe steps to prepare the meal.",take block of cheese from floor,,You're carrying too many things already.,Kitchen,"Well, here we are in the kitchen.

You bend down to tie your shoe. When you stand up, you notice a fridge. The fridge contains a red hot pepper and a white onion. You see a closed oven. You make out a table. The table is massive. However, the table, like an empty table, has nothing on it. You see a counter. You see a red apple, a banana and a raw red potato on the counter. Hmmm... what else, what else? You can see a stove. The stove is conventional. But the thing hasn't got anything on it.

There is a closed frosted-glass door leading west. You need an exit without a door? You should try going south.

There is a block of cheese on the floor.","You are carrying: an orange bell pepper, a raw purple potato, a knife, a red onion and a cookbook.",3 of 17,0.17647058823529413,False,
46,,,"I am carrying too many items, so I should drop the orange bell pepper to free up space and then take the block of cheese.",drop orange bell pepper,,You drop the orange bell pepper on the ground.,Kitchen,"Well, here we are in the kitchen.

You bend down to tie your shoe. When you stand up, you notice a fridge. The fridge contains a red hot pepper and a white onion. You see a closed oven. You make out a table. The table is massive. However, the table, like an empty table, has nothing on it. You see a counter. You see a red apple, a banana and a raw red potato on the counter. Hmmm... what else, what else? You can see a stove. The stove is conventional. But the thing hasn't got anything on it.

There is a closed frosted-glass door leading west. You need an exit without a door? You should try going south.

There is an orange bell pepper and a block of cheese on the floor.","You are carrying: a raw purple potato, a knife, a red onion and a cookbook.",3 of 17,0.17647058823529413,False,
47,,,I should take the block of cheese from the floor to have it for cooking.,take block of cheese from floor,,You pick up the block of cheese from the ground.,Kitchen,"Well, here we are in the kitchen.

You bend down to tie your shoe. When you stand up, you notice a fridge. The fridge contains a red hot pepper and a white onion. You see a closed oven. You make out a table. The table is massive. However, the table, like an empty table, has nothing on it. You see a counter. You see a red apple, a banana and a raw red potato on the counter. Hmmm... what else, what else? You can see a stove. The stove is conventional. But the thing hasn't got anything on it.

There is a closed frosted-glass door leading west. You need an exit without a door? You should try going south.

There is an orange bell pepper on the floor.","You are carrying: a block of cheese, a raw purple potato, a knife, a red onion and a cookbook.",3 of 17,0.17647058823529413,False,
48,,,I should examine the cookbook to find a recipe for a delicious meal.,examine cookbook,,"You open the copy of ""Cooking: A Modern Approach (3rd Ed.)"" and start reading:

Recipe #1
---------
Gather all following ingredients and follow the directions to prepare this tasty meal.

Ingredients:
pork chop
  block of cheese
  red onion
  purple potato
  yellow bell pepper

Directions:
chop the pork chop
  fry the pork chop
  chop the block of cheese
  grill the block of cheese
  dice the red onion
  fry the red onion
  dice the purple potato
  roast the purple potato
  slice the yellow bell pepper
  grill the yellow bell pepper
  prepare meal",Kitchen,"Well, here we are in the kitchen.

You bend down to tie your shoe. When you stand up, you notice a fridge. The fridge contains a red hot pepper and a white onion. You see a closed oven. You make out a table. The table is massive. However, the table, like an empty table, has nothing on it. You see a counter. You see a red apple, a banana and a raw red potato on the counter. Hmmm... what else, what else? You can see a stove. The stove is conventional. But the thing hasn't got anything on it.

There is a closed frosted-glass door leading west. You need an exit without a door? You should try going south.

There is an orange bell pepper on the floor.","You are carrying: a block of cheese, a raw purple potato, a knife, a red onion and a cookbook.",3 of 17,0.17647058823529413,False,
49,,,I need to find the pork chop and yellow bell pepper to complete the recipe ingredients.,take pork chop from fridge,,You can't see any such thing.,Kitchen,"Well, here we are in the kitchen.

You bend down to tie your shoe. When you stand up, you notice a fridge. The fridge contains a red hot pepper and a white onion. You see a closed oven. You make out a table. The table is massive. However, the table, like an empty table, has nothing on it. You see a counter. You see a red apple, a banana and a raw red potato on the counter. Hmmm... what else, what else? You can see a stove. The stove is conventional. But the thing hasn't got anything on it.

There is a closed frosted-glass door leading west. You need an exit without a door? You should try going south.

There is an orange bell pepper on the floor.","You are carrying: a block of cheese, a raw purple potato, a knife, a red onion and a cookbook.",3 of 17,0.17647058823529413,False,
50,,,"Since there is no pork chop in the fridge, I should check the floor and other places for the pork chop and take the orange bell pepper from the floor as it might be the yellow bell pepper needed.",take orange bell pepper from floor,,You're carrying too many things already.,Kitchen,"Well, here we are in the kitchen.

You bend down to tie your shoe. When you stand up, you notice a fridge. The fridge contains a red hot pepper and a white onion. You see a closed oven. You make out a table. The table is massive. However, the table, like an empty table, has nothing on it. You see a counter. You see a red apple, a banana and a raw red potato on the counter. Hmmm... what else, what else? You can see a stove. The stove is conventional. But the thing hasn't got anything on it.

There is a closed frosted-glass door leading west. You need an exit without a door? You should try going south.

There is an orange bell pepper on the floor.","You are carrying: a block of cheese, a raw purple potato, a knife, a red onion and a cookbook.",3 of 17,0.17647058823529413,False,
51,,,"I am carrying too many items, so I should drop one item that is less essential for cooking, such as the raw purple potato, to free up space for the orange bell pepper.",drop raw purple potato,,You drop the purple potato on the ground.,Kitchen,"Well, here we are in the kitchen.

You bend down to tie your shoe. When you stand up, you notice a fridge. The fridge contains a red hot pepper and a white onion. You see a closed oven. You make out a table. The table is massive. However, the table, like an empty table, has nothing on it. You see a counter. You see a red apple, a banana and a raw red potato on the counter. Hmmm... what else, what else? You can see a stove. The stove is conventional. But the thing hasn't got anything on it.

There is a closed frosted-glass door leading west. You need an exit without a door? You should try going south.

There is a raw purple potato and an orange bell pepper on the floor.","You are carrying: a block of cheese, a knife, a red onion and a cookbook.",3 of 17,0.17647058823529413,False,
52,,,I should take the orange bell pepper from the floor to have more ingredients for cooking.,take orange bell pepper from floor,,You pick up the orange bell pepper from the ground.,Kitchen,"Well, here we are in the kitchen.

You bend down to tie your shoe. When you stand up, you notice a fridge. The fridge contains a red hot pepper and a white onion. You see a closed oven. You make out a table. The table is massive. However, the table, like an empty table, has nothing on it. You see a counter. You see a red apple, a banana and a raw red potato on the counter. Hmmm... what else, what else? You can see a stove. The stove is conventional. But the thing hasn't got anything on it.

There is a closed frosted-glass door leading west. You need an exit without a door? You should try going south.

There is a raw purple potato on the floor.","You are carrying: an orange bell pepper, a block of cheese, a knife, a red onion and a cookbook.",3 of 17,0.17647058823529413,False,
53,,,I should open the cookbook to check the recipe for a delicious meal.,examine cookbook,,"You open the copy of ""Cooking: A Modern Approach (3rd Ed.)"" and start reading:

Recipe #1
---------
Gather all following ingredients and follow the directions to prepare this tasty meal.

Ingredients:
pork chop
  block of cheese
  red onion
  purple potato
  yellow bell pepper

Directions:
chop the pork chop
  fry the pork chop
  chop the block of cheese
  grill the block of cheese
  dice the red onion
  fry the red onion
  dice the purple potato
  roast the purple potato
  slice the yellow bell pepper
  grill the yellow bell pepper
  prepare meal",Kitchen,"Well, here we are in the kitchen.

You bend down to tie your shoe. When you stand up, you notice a fridge. The fridge contains a red hot pepper and a white onion. You see a closed oven. You make out a table. The table is massive. However, the table, like an empty table, has nothing on it. You see a counter. You see a red apple, a banana and a raw red potato on the counter. Hmmm... what else, what else? You can see a stove. The stove is conventional. But the thing hasn't got anything on it.

There is a closed frosted-glass door leading west. You need an exit without a door? You should try going south.

There is a raw purple potato on the floor.","You are carrying: an orange bell pepper, a block of cheese, a knife, a red onion and a cookbook.",3 of 17,0.17647058823529413,False,
54,,,"I need to find the pork chop and yellow bell pepper, then follow the recipe steps starting with chopping the pork chop.",take pork chop from fridge,,You can't see any such thing.,Kitchen,"Well, here we are in the kitchen.

You bend down to tie your shoe. When you stand up, you notice a fridge. The fridge contains a red hot pepper and a white onion. You see a closed oven. You make out a table. The table is massive. However, the table, like an empty table, has nothing on it. You see a counter. You see a red apple, a banana and a raw red potato on the counter. Hmmm... what else, what else? You can see a stove. The stove is conventional. But the thing hasn't got anything on it.

There is a closed frosted-glass door leading west. You need an exit without a door? You should try going south.

There is a raw purple potato on the floor.","You are carrying: an orange bell pepper, a block of cheese, a knife, a red onion and a cookbook.",3 of 17,0.17647058823529413,False,
55,,,"Since there is no pork chop in the kitchen or fridge, I should check the floor and other areas for the pork chop and yellow bell pepper.",look around kitchen,,You can't see any such thing.,Kitchen,"Well, here we are in the kitchen.

You bend down to tie your shoe. When you stand up, you notice a fridge. The fridge contains a red hot pepper and a white onion. You see a closed oven. You make out a table. The table is massive. However, the table, like an empty table, has nothing on it. You see a counter. You see a red apple, a banana and a raw red potato on the counter. Hmmm... what else, what else? You can see a stove. The stove is conventional. But the thing hasn't got anything on it.

There is a closed frosted-glass door leading west. You need an exit without a door? You should try going south.

There is a raw purple potato on the floor.","You are carrying: an orange bell pepper, a block of cheese, a knife, a red onion and a cookbook.",3 of 17,0.17647058823529413,False,
56,,,I should check the cookbook for a recipe to cook a delicious meal.,examine cookbook,,"You open the copy of ""Cooking: A Modern Approach (3rd Ed.)"" and start reading:

Recipe #1
---------
Gather all following ingredients and follow the directions to prepare this tasty meal.

Ingredients:
pork chop
  block of cheese
  red onion
  purple potato
  yellow bell pepper

Directions:
chop the pork chop
  fry the pork chop
  chop the block of cheese
  grill the block of cheese
  dice the red onion
  fry the red onion
  dice the purple potato
  roast the purple potato
  slice the yellow bell pepper
  grill the yellow bell pepper
  prepare meal",Kitchen,"Well, here we are in the kitchen.

You bend down to tie your shoe. When you stand up, you notice a fridge. The fridge contains a red hot pepper and a white onion. You see a closed oven. You make out a table. The table is massive. However, the table, like an empty table, has nothing on it. You see a counter. You see a red apple, a banana and a raw red potato on the counter. Hmmm... what else, what else? You can see a stove. The stove is conventional. But the thing hasn't got anything on it.

There is a closed frosted-glass door leading west. You need an exit without a door? You should try going south.

There is a raw purple potato on the floor.","You are carrying: an orange bell pepper, a block of cheese, a knife, a red onion and a cookbook.",3 of 17,0.17647058823529413,False,
57,,,I need to find the pork chop and yellow bell pepper to complete the ingredients for the recipe.,take pork chop from fridge,,You can't see any such thing.,Kitchen,"Well, here we are in the kitchen.

You bend down to tie your shoe. When you stand up, you notice a fridge. The fridge contains a red hot pepper and a white onion. You see a closed oven. You make out a table. The table is massive. However, the table, like an empty table, has nothing on it. You see a counter. You see a red apple, a banana and a raw red potato on the counter. Hmmm... what else, what else? You can see a stove. The stove is conventional. But the thing hasn't got anything on it.

There is a closed frosted-glass door leading west. You need an exit without a door? You should try going south.

There is a raw purple potato on the floor.","You are carrying: an orange bell pepper, a block of cheese, a knife, a red onion and a cookbook.",3 of 17,0.17647058823529413,False,
58,,,"Since there is no pork chop or yellow bell pepper visible, I should check the fridge for the white onion and red hot pepper and take the yellow bell pepper from my inventory if it is the orange bell pepper I am carrying.",take white onion from fridge,,You're carrying too many things already.,Kitchen,"Well, here we are in the kitchen.

You bend down to tie your shoe. When you stand up, you notice a fridge. The fridge contains a red hot pepper and a white onion. You see a closed oven. You make out a table. The table is massive. However, the table, like an empty table, has nothing on it. You see a counter. You see a red apple, a banana and a raw red potato on the counter. Hmmm... what else, what else? You can see a stove. The stove is conventional. But the thing hasn't got anything on it.

There is a closed frosted-glass door leading west. You need an exit without a door? You should try going south.

There is a raw purple potato on the floor.","You are carrying: an orange bell pepper, a block of cheese, a knife, a red onion and a cookbook.",3 of 17,0.17647058823529413,False,
59,,,"I am carrying too many items, so I should drop the red onion to free up space before taking the white onion from the fridge.",drop red onion,,You drop the red onion on the ground.,Kitchen,"Well, here we are in the kitchen.

You bend down to tie your shoe. When you stand up, you notice a fridge. The fridge contains a red hot pepper and a white onion. You see a closed oven. You make out a table. The table is massive. However, the table, like an empty table, has nothing on it. You see a counter. You see a red apple, a banana and a raw red potato on the counter. Hmmm... what else, what else? You can see a stove. The stove is conventional. But the thing hasn't got anything on it.

There is a closed frosted-glass door leading west. You need an exit without a door? You should try going south.

There is a red onion and a raw purple potato on the floor.","You are carrying: an orange bell pepper, a block of cheese, a knife and a cookbook.",3 of 17,0.17647058823529413,False,
60,,,I should take the white onion from the fridge to have it for cooking.,take white onion from fridge,,You take the white onion from the fridge.,Kitchen,"Well, here we are in the kitchen.

You bend down to tie your shoe. When you stand up, you notice a fridge. The fridge contains a red hot pepper. You see a closed oven. You make out a table. The table is massive. However, the table, like an empty table, has nothing on it. You see a counter. You see a red apple, a banana and a raw red potato on the counter. Hmmm... what else, what else? You can see a stove. The stove is conventional. But the thing hasn't got anything on it.

There is a closed frosted-glass door leading west. You need an exit without a door? You should try going south.

There is a red onion and a raw purple potato on the floor.","You are carrying: a white onion, an orange bell pepper, a block of cheese, a knife and a cookbook.",3 of 17,0.17647058823529413,False,
61,,,I should check the cookbook for a recipe to cook a delicious meal.,examine cookbook,,"You open the copy of ""Cooking: A Modern Approach (3rd Ed.)"" and start reading:

Recipe #1
---------
Gather all following ingredients and follow the directions to prepare this tasty meal.

Ingredients:
pork chop
  block of cheese
  red onion
  purple potato
  yellow bell pepper

Directions:
chop the pork chop
  fry the pork chop
  chop the block of cheese
  grill the block of cheese
  dice the red onion
  fry the red onion
  dice the purple potato
  roast the purple potato
  slice the yellow bell pepper
  grill the yellow bell pepper
  prepare meal",Kitchen,"Well, here we are in the kitchen.

You bend down to tie your shoe. When you stand up, you notice a fridge. The fridge contains a red hot pepper. You see a closed oven. You make out a table. The table is massive. However, the table, like an empty table, has nothing on it. You see a counter. You see a red apple, a banana and a raw red potato on the counter. Hmmm... what else, what else? You can see a stove. The stove is conventional. But the thing hasn't got anything on it.

There is a closed frosted-glass door leading west. You need an exit without a door? You should try going south.

There is a red onion and a raw purple potato on the floor.","You are carrying: a white onion, an orange bell pepper, a block of cheese, a knife and a cookbook.",3 of 17,0.17647058823529413,False,
62,,,"I need to gather the required ingredients from the recipe: pork chop, red onion, purple potato, and yellow bell pepper. I already have a block of cheese and a knife. I should take the red onion and purple potato from the floor and look for the pork chop and yellow bell pepper.",take red onion from floor,,You're carrying too many things already.,Kitchen,"Well, here we are in the kitchen.

You bend down to tie your shoe. When you stand up, you notice a fridge. The fridge contains a red hot pepper. You see a closed oven. You make out a table. The table is massive. However, the table, like an empty table, has nothing on it. You see a counter. You see a red apple, a banana and a raw red potato on the counter. Hmmm... what else, what else? You can see a stove. The stove is conventional. But the thing hasn't got anything on it.

There is a closed frosted-glass door leading west. You need an exit without a door? You should try going south.

There is a red onion and a raw purple potato on the floor.","You are carrying: a white onion, an orange bell pepper, a block of cheese, a knife and a cookbook.",3 of 17,0.17647058823529413,False,
63,,,"I am carrying too many items already, so I should drop the items that are not needed for the recipe to free up space. The recipe requires a yellow bell pepper, not an orange one, and I have a white onion instead of a red onion. I will drop the white onion and the orange bell pepper to make space, then take the red onion from the floor.",drop white onion; drop orange bell pepper,,I only understood you as far as wanting to drop the white onion.,Kitchen,"Well, here we are in the kitchen.

You bend down to tie your shoe. When you stand up, you notice a fridge. The fridge contains a red hot pepper. You see a closed oven. You make out a table. The table is massive. However, the table, like an empty table, has nothing on it. You see a counter. You see a red apple, a banana and a raw red potato on the counter. Hmmm... what else, what else? You can see a stove. The stove is conventional. But the thing hasn't got anything on it.

There is a closed frosted-glass door leading west. You need an exit without a door? You should try going south.

There is a red onion and a raw purple potato on the floor.","You are carrying: a white onion, an orange bell pepper, a block of cheese, a knife and a cookbook.",3 of 17,0.17647058823529413,False,
64,,,"I need to drop the white onion first to free up space, then I will drop the orange bell pepper next.",drop white onion,,You drop the white onion on the ground.,Kitchen,"Well, here we are in the kitchen.

You bend down to tie your shoe. When you stand up, you notice a fridge. The fridge contains a red hot pepper. You see a closed oven. You make out a table. The table is massive. However, the table, like an empty table, has nothing on it. You see a counter. You see a red apple, a banana and a raw red potato on the counter. Hmmm... what else, what else? You can see a stove. The stove is conventional. But the thing hasn't got anything on it.

There is a closed frosted-glass door leading west. You need an exit without a door? You should try going south.

There is a white onion, a red onion and a raw purple potato on the floor.","You are carrying: an orange bell pepper, a block of cheese, a knife and a cookbook.",3 of 17,0.17647058823529413,False,
65,,,I should drop the orange bell pepper to free more space in my inventory.,drop orange bell pepper,,You drop the orange bell pepper on the ground.,Kitchen,"Well, here we are in the kitchen.

You bend down to tie your shoe. When you stand up, you notice a fridge. The fridge contains a red hot pepper. You see a closed oven. You make out a table. The table is massive. However, the table, like an empty table, has nothing on it. You see a counter. You see a red apple, a banana and a raw red potato on the counter. Hmmm... what else, what else? You can see a stove. The stove is conventional. But the thing hasn't got anything on it.

There is a closed frosted-glass door leading west. You need an exit without a door? You should try going south.

There is an orange bell pepper, a white onion, a red onion and a raw purple potato on the floor.","You are carrying: a block of cheese, a knife and a cookbook.",3 of 17,0.17647058823529413,False,
66,,,I should examine the cookbook to find a recipe for a delicious meal.,examine cookbook,,"You open the copy of ""Cooking: A Modern Approach (3rd Ed.)"" and start reading:

Recipe #1
---------
Gather all following ingredients and follow the directions to prepare this tasty meal.

Ingredients:
pork chop
  block of cheese
  red onion
  purple potato
  yellow bell pepper

Directions:
chop the pork chop
  fry the pork chop
  chop the block of cheese
  grill the block of cheese
  dice the red onion
  fry the red onion
  dice the purple potato
  roast the purple potato
  slice the yellow bell pepper
  grill the yellow bell pepper
  prepare meal",Kitchen,"Well, here we are in the kitchen.

You bend down to tie your shoe. When you stand up, you notice a fridge. The fridge contains a red hot pepper. You see a closed oven. You make out a table. The table is massive. However, the table, like an empty table, has nothing on it. You see a counter. You see a red apple, a banana and a raw red potato on the counter. Hmmm... what else, what else? You can see a stove. The stove is conventional. But the thing hasn't got anything on it.

There is a closed frosted-glass door leading west. You need an exit without a door? You should try going south.

There is an orange bell pepper, a white onion, a red onion and a raw purple potato on the floor.","You are carrying: a block of cheese, a knife and a cookbook.",3 of 17,0.17647058823529413,False,
67,,,"I need to gather the ingredients for the recipe: pork chop, red onion, purple potato, and yellow bell pepper. I already have the block of cheese. I will take the red onion and purple potato from the floor and look for the pork chop and yellow bell pepper.",take red onion from floor,,You pick up the red onion from the ground.,Kitchen,"Well, here we are in the kitchen.

You bend down to tie your shoe. When you stand up, you notice a fridge. The fridge contains a red hot pepper. You see a closed oven. You make out a table. The table is massive. However, the table, like an empty table, has nothing on it. You see a counter. You see a red apple, a banana and a raw red potato on the counter. Hmmm... what else, what else? You can see a stove. The stove is conventional. But the thing hasn't got anything on it.

There is a closed frosted-glass door leading west. You need an exit without a door? You should try going south.

There is an orange bell pepper, a white onion and a raw purple potato on the floor.","You are carrying: a red onion, a block of cheese, a knife and a cookbook.",3 of 17,0.17647058823529413,False,
68,,,"I still need the purple potato, pork chop, and yellow bell pepper. I will take the purple potato from the floor and then look for the pork chop and yellow bell pepper.",take purple potato from floor,,You pick up the purple potato from the ground.,Kitchen,"Well, here we are in the kitchen.

You bend down to tie your shoe. When you stand up, you notice a fridge. The fridge contains a red hot pepper. You see a closed oven. You make out a table. The table is massive. However, the table, like an empty table, has nothing on it. You see a counter. You see a red apple, a banana and a raw red potato on the counter. Hmmm... what else, what else? You can see a stove. The stove is conventional. But the thing hasn't got anything on it.

There is a closed frosted-glass door leading west. You need an exit without a door? You should try going south.

There is an orange bell pepper and a white onion on the floor.","You are carrying: a raw purple potato, a red onion, a block of cheese, a knife and a cookbook.",3 of 17,0.17647058823529413,False,
69,,,"I will take the orange bell pepper from the floor next, then search for the pork chop.",take orange bell pepper from floor,,You're carrying too many things already.,Kitchen,"Well, here we are in the kitchen.

You bend down to tie your shoe. When you stand up, you notice a fridge. The fridge contains a red hot pepper. You see a closed oven. You make out a table. The table is massive. However, the table, like an empty table, has nothing on it. You see a counter. You see a red apple, a banana and a raw red potato on the counter. Hmmm... what else, what else? You can see a stove. The stove is conventional. But the thing hasn't got anything on it.

There is a closed frosted-glass door leading west. You need an exit without a door? You should try going south.

There is an orange bell pepper and a white onion on the floor.","You are carrying: a raw purple potato, a red onion, a block of cheese, a knife and a cookbook.",3 of 17,0.17647058823529413,False,
70,,,"I am carrying too many items, so I should put down the red onion to pick up the orange bell pepper.",drop red onion,,You drop the red onion on the ground.,Kitchen,"Well, here we are in the kitchen.

You bend down to tie your shoe. When you stand up, you notice a fridge. The fridge contains a red hot pepper. You see a closed oven. You make out a table. The table is massive. However, the table, like an empty table, has nothing on it. You see a counter. You see a red apple, a banana and a raw red potato on the counter. Hmmm... what else, what else? You can see a stove. The stove is conventional. But the thing hasn't got anything on it.

There is a closed frosted-glass door leading west. You need an exit without a door? You should try going south.

There is a red onion, an orange bell pepper and a white onion on the floor.","You are carrying: a raw purple potato, a block of cheese, a knife and a cookbook.",3 of 17,0.17647058823529413,False,
71,,,I should take the orange bell pepper from the floor now that I have space.,take orange bell pepper from floor,,You pick up the orange bell pepper from the ground.,Kitchen,"Well, here we are in the kitchen.

You bend down to tie your shoe. When you stand up, you notice a fridge. The fridge contains a red hot pepper. You see a closed oven. You make out a table. The table is massive. However, the table, like an empty table, has nothing on it. You see a counter. You see a red apple, a banana and a raw red potato on the counter. Hmmm... what else, what else? You can see a stove. The stove is conventional. But the thing hasn't got anything on it.

There is a closed frosted-glass door leading west. You need an exit without a door? You should try going south.

There is a red onion and a white onion on the floor.","You are carrying: an orange bell pepper, a raw purple potato, a block of cheese, a knife and a cookbook.",3 of 17,0.17647058823529413,False,
72,,,I should check the cookbook for a recipe to cook a delicious meal.,examine cookbook,,"You open the copy of ""Cooking: A Modern Approach (3rd Ed.)"" and start reading:

Recipe #1
---------
Gather all following ingredients and follow the directions to prepare this tasty meal.

Ingredients:
pork chop
  block of cheese
  red onion
  purple potato
  yellow bell pepper

Directions:
chop the pork chop
  fry the pork chop
  chop the block of cheese
  grill the block of cheese
  dice the red onion
  fry the red onion
  dice the purple potato
  roast the purple potato
  slice the yellow bell pepper
  grill the yellow bell pepper
  prepare meal",Kitchen,"Well, here we are in the kitchen.

You bend down to tie your shoe. When you stand up, you notice a fridge. The fridge contains a red hot pepper. You see a closed oven. You make out a table. The table is massive. However, the table, like an empty table, has nothing on it. You see a counter. You see a red apple, a banana and a raw red potato on the counter. Hmmm... what else, what else? You can see a stove. The stove is conventional. But the thing hasn't got anything on it.

There is a closed frosted-glass door leading west. You need an exit without a door? You should try going south.

There is a red onion and a white onion on the floor.","You are carrying: an orange bell pepper, a raw purple potato, a block of cheese, a knife and a cookbook.",3 of 17,0.17647058823529413,False,
73,,,"I need to gather the ingredients for the recipe, starting with the red onion from the floor.",take red onion from floor,,You're carrying too many things already.,Kitchen,"Well, here we are in the kitchen.

You bend down to tie your shoe. When you stand up, you notice a fridge. The fridge contains a red hot pepper. You see a closed oven. You make out a table. The table is massive. However, the table, like an empty table, has nothing on it. You see a counter. You see a red apple, a banana and a raw red potato on the counter. Hmmm... what else, what else? You can see a stove. The stove is conventional. But the thing hasn't got anything on it.

There is a closed frosted-glass door leading west. You need an exit without a door? You should try going south.

There is a red onion and a white onion on the floor.","You are carrying: an orange bell pepper, a raw purple potato, a block of cheese, a knife and a cookbook.",3 of 17,0.17647058823529413,False,
74,,,"I am carrying too many items, so I should drop the orange bell pepper to free up space before taking the red onion.",drop orange bell pepper,,You drop the orange bell pepper on the ground.,Kitchen,"Well, here we are in the kitchen.

You bend down to tie your shoe. When you stand up, you notice a fridge. The fridge contains a red hot pepper. You see a closed oven. You make out a table. The table is massive. However, the table, like an empty table, has nothing on it. You see a counter. You see a red apple, a banana and a raw red potato on the counter. Hmmm... what else, what else? You can see a stove. The stove is conventional. But the thing hasn't got anything on it.

There is a closed frosted-glass door leading west. You need an exit without a door? You should try going south.

There is an orange bell pepper, a red onion and a white onion on the floor.","You are carrying: a raw purple potato, a block of cheese, a knife and a cookbook.",3 of 17,0.17647058823529413,False,
75,,,I should take the red onion from the floor to use it for cooking.,take red onion from floor,,You pick up the red onion from the ground.,Kitchen,"Well, here we are in the kitchen.

You bend down to tie your shoe. When you stand up, you notice a fridge. The fridge contains a red hot pepper. You see a closed oven. You make out a table. The table is massive. However, the table, like an empty table, has nothing on it. You see a counter. You see a red apple, a banana and a raw red potato on the counter. Hmmm... what else, what else? You can see a stove. The stove is conventional. But the thing hasn't got anything on it.

There is a closed frosted-glass door leading west. You need an exit without a door? You should try going south.

There is an orange bell pepper and a white onion on the floor.","You are carrying: a red onion, a raw purple potato, a block of cheese, a knife and a cookbook.",3 of 17,0.17647058823529413,False,
76,,,I should open the cookbook to check the recipe for a delicious meal.,examine cookbook,,"You open the copy of ""Cooking: A Modern Approach (3rd Ed.)"" and start reading:

Recipe #1
---------
Gather all following ingredients and follow the directions to prepare this tasty meal.

Ingredients:
pork chop
  block of cheese
  red onion
  purple potato
  yellow bell pepper

Directions:
chop the pork chop
  fry the pork chop
  chop the block of cheese
  grill the block of cheese
  dice the red onion
  fry the red onion
  dice the purple potato
  roast the purple potato
  slice the yellow bell pepper
  grill the yellow bell pepper
  prepare meal",Kitchen,"Well, here we are in the kitchen.

You bend down to tie your shoe. When you stand up, you notice a fridge. The fridge contains a red hot pepper. You see a closed oven. You make out a table. The table is massive. However, the table, like an empty table, has nothing on it. You see a counter. You see a red apple, a banana and a raw red potato on the counter. Hmmm... what else, what else? You can see a stove. The stove is conventional. But the thing hasn't got anything on it.

There is a closed frosted-glass door leading west. You need an exit without a door? You should try going south.

There is an orange bell pepper and a white onion on the floor.","You are carrying: a red onion, a raw purple potato, a block of cheese, a knife and a cookbook.",3 of 17,0.17647058823529413,False,
77,,,I need to find the pork chop and yellow bell pepper to complete the recipe ingredients.,look around kitchen,,You can't see any such thing.,Kitchen,"Well, here we are in the kitchen.

You bend down to tie your shoe. When you stand up, you notice a fridge. The fridge contains a red hot pepper. You see a closed oven. You make out a table. The table is massive. However, the table, like an empty table, has nothing on it. You see a counter. You see a red apple, a banana and a raw red potato on the counter. Hmmm... what else, what else? You can see a stove. The stove is conventional. But the thing hasn't got anything on it.

There is a closed frosted-glass door leading west. You need an exit without a door? You should try going south.

There is an orange bell pepper and a white onion on the floor.","You are carrying: a red onion, a raw purple potato, a block of cheese, a knife and a cookbook.",3 of 17,0.17647058823529413,False,
78,,,I should check the fridge for the pork chop and yellow bell pepper since they are not visible in the kitchen.,open fridge,,That's already open.,Kitchen,"Well, here we are in the kitchen.

You bend down to tie your shoe. When you stand up, you notice a fridge. The fridge contains a red hot pepper. You see a closed oven. You make out a table. The table is massive. However, the table, like an empty table, has nothing on it. You see a counter. You see a red apple, a banana and a raw red potato on the counter. Hmmm... what else, what else? You can see a stove. The stove is conventional. But the thing hasn't got anything on it.

There is a closed frosted-glass door leading west. You need an exit without a door? You should try going south.

There is an orange bell pepper and a white onion on the floor.","You are carrying: a red onion, a raw purple potato, a block of cheese, a knife and a cookbook.",3 of 17,0.17647058823529413,False,
79,,,I should take the red hot pepper from the fridge and the orange bell pepper and white onion from the floor to gather ingredients for cooking.,take red hot pepper from fridge,,You're carrying too many things already.,Kitchen,"Well, here we are in the kitchen.

You bend down to tie your shoe. When you stand up, you notice a fridge. The fridge contains a red hot pepper. You see a closed oven. You make out a table. The table is massive. However, the table, like an empty table, has nothing on it. You see a counter. You see a red apple, a banana and a raw red potato on the counter. Hmmm... what else, what else? You can see a stove. The stove is conventional. But the thing hasn't got anything on it.

There is a closed frosted-glass door leading west. You need an exit without a door? You should try going south.

There is an orange bell pepper and a white onion on the floor.","You are carrying: a red onion, a raw purple potato, a block of cheese, a knife and a cookbook.",3 of 17,0.17647058823529413,False,
80,,,I need to free up inventory space by putting down an item before taking more ingredients.,drop raw purple potato,,You drop the purple potato on the ground.,Kitchen,"Well, here we are in the kitchen.

You bend down to tie your shoe. When you stand up, you notice a fridge. The fridge contains a red hot pepper. You see a closed oven. You make out a table. The table is massive. However, the table, like an empty table, has nothing on it. You see a counter. You see a red apple, a banana and a raw red potato on the counter. Hmmm... what else, what else? You can see a stove. The stove is conventional. But the thing hasn't got anything on it.

There is a closed frosted-glass door leading west. You need an exit without a door? You should try going south.

There is a raw purple potato, an orange bell pepper and a white onion on the floor.","You are carrying: a red onion, a block of cheese, a knife and a cookbook.",3 of 17,0.17647058823529413,False,
81,,,I should take the orange bell pepper from the floor to have more ingredients for cooking.,take orange bell pepper from floor,,You pick up the orange bell pepper from the ground.,Kitchen,"Well, here we are in the kitchen.

You bend down to tie your shoe. When you stand up, you notice a fridge. The fridge contains a red hot pepper. You see a closed oven. You make out a table. The table is massive. However, the table, like an empty table, has nothing on it. You see a counter. You see a red apple, a banana and a raw red potato on the counter. Hmmm... what else, what else? You can see a stove. The stove is conventional. But the thing hasn't got anything on it.

There is a closed frosted-glass door leading west. You need an exit without a door? You should try going south.

There is a raw purple potato and a white onion on the floor.","You are carrying: an orange bell pepper, a red onion, a block of cheese, a knife and a cookbook.",3 of 17,0.17647058823529413,False,
82,,,I should open the cookbook to check the recipe for a delicious meal.,examine cookbook,,"You open the copy of ""Cooking: A Modern Approach (3rd Ed.)"" and start reading:

Recipe #1
---------
Gather all following ingredients and follow the directions to prepare this tasty meal.

Ingredients:
pork chop
  block of cheese
  red onion
  purple potato
  yellow bell pepper

Directions:
chop the pork chop
  fry the pork chop
  chop the block of cheese
  grill the block of cheese
  dice the red onion
  fry the red onion
  dice the purple potato
  roast the purple potato
  slice the yellow bell pepper
  grill the yellow bell pepper
  prepare meal",Kitchen,"Well, here we are in the kitchen.

You bend down to tie your shoe. When you stand up, you notice a fridge. The fridge contains a red hot pepper. You see a closed oven. You make out a table. The table is massive. However, the table, like an empty table, has nothing on it. You see a counter. You see a red apple, a banana and a raw red potato on the counter. Hmmm... what else, what else? You can see a stove. The stove is conventional. But the thing hasn't got anything on it.

There is a closed frosted-glass door leading west. You need an exit without a door? You should try going south.

There is a raw purple potato and a white onion on the floor.","You are carrying: an orange bell pepper, a red onion, a block of cheese, a knife and a cookbook.",3 of 17,0.17647058823529413,False,
83,,,"I need to gather the missing ingredients: pork chop and yellow bell pepper, and take the purple potato from the floor to start cooking.",take purple potato from floor,,You're carrying too many things already.,Kitchen,"Well, here we are in the kitchen.

You bend down to tie your shoe. When you stand up, you notice a fridge. The fridge contains a red hot pepper. You see a closed oven. You make out a table. The table is massive. However, the table, like an empty table, has nothing on it. You see a counter. You see a red apple, a banana and a raw red potato on the counter. Hmmm... what else, what else? You can see a stove. The stove is conventional. But the thing hasn't got anything on it.

There is a closed frosted-glass door leading west. You need an exit without a door? You should try going south.

There is a raw purple potato and a white onion on the floor.","You are carrying: an orange bell pepper, a red onion, a block of cheese, a knife and a cookbook.",3 of 17,0.17647058823529413,False,
84,,,"I am carrying too many items, so I should drop the orange bell pepper to free up space before taking the purple potato.",drop orange bell pepper,,You drop the orange bell pepper on the ground.,Kitchen,"Well, here we are in the kitchen.

You bend down to tie your shoe. When you stand up, you notice a fridge. The fridge contains a red hot pepper. You see a closed oven. You make out a table. The table is massive. However, the table, like an empty table, has nothing on it. You see a counter. You see a red apple, a banana and a raw red potato on the counter. Hmmm... what else, what else? You can see a stove. The stove is conventional. But the thing hasn't got anything on it.

There is a closed frosted-glass door leading west. You need an exit without a door? You should try going south.

There is an orange bell pepper, a raw purple potato and a white onion on the floor.","You are carrying: a red onion, a block of cheese, a knife and a cookbook.",3 of 17,0.17647058823529413,False,
85,,,I should take the raw purple potato from the floor to have more ingredients for cooking.,take raw purple potato from floor,,You pick up the purple potato from the ground.,Kitchen,"Well, here we are in the kitchen.

You bend down to tie your shoe. When you stand up, you notice a fridge. The fridge contains a red hot pepper. You see a closed oven. You make out a table. The table is massive. However, the table, like an empty table, has nothing on it. You see a counter. You see a red apple, a banana and a raw red potato on the counter. Hmmm... what else, what else? You can see a stove. The stove is conventional. But the thing hasn't got anything on it.

There is a closed frosted-glass door leading west. You need an exit without a door? You should try going south.

There is an orange bell pepper and a white onion on the floor.","You are carrying: a raw purple potato, a red onion, a block of cheese, a knife and a cookbook.",3 of 17,0.17647058823529413,False,
86,,,I should open the cookbook to check the recipe for a delicious meal.,open cookbook,,It isn't something you can open.,Kitchen,"Well, here we are in the kitchen.

You bend down to tie your shoe. When you stand up, you notice a fridge. The fridge contains a red hot pepper. You see a closed oven. You make out a table. The table is massive. However, the table, like an empty table, has nothing on it. You see a counter. You see a red apple, a banana and a raw red potato on the counter. Hmmm... what else, what else? You can see a stove. The stove is conventional. But the thing hasn't got anything on it.

There is a closed frosted-glass door leading west. You need an exit without a door? You should try going south.

There is an orange bell pepper and a white onion on the floor.","You are carrying: a raw purple potato, a red onion, a block of cheese, a knife and a cookbook.",3 of 17,0.17647058823529413,False,
87,,,"Since I cannot open the cookbook, I should examine it more closely to see if it has any readable information.",examine cookbook,,"You open the copy of ""Cooking: A Modern Approach (3rd Ed.)"" and start reading:

Recipe #1
---------
Gather all following ingredients and follow the directions to prepare this tasty meal.

Ingredients:
pork chop
  block of cheese
  red onion
  purple potato
  yellow bell pepper

Directions:
chop the pork chop
  fry the pork chop
  chop the block of cheese
  grill the block of cheese
  dice the red onion
  fry the red onion
  dice the purple potato
  roast the purple potato
  slice the yellow bell pepper
  grill the yellow bell pepper
  prepare meal",Kitchen,"Well, here we are in the kitchen.

You bend down to tie your shoe. When you stand up, you notice a fridge. The fridge contains a red hot pepper. You see a closed oven. You make out a table. The table is massive. However, the table, like an empty table, has nothing on it. You see a counter. You see a red apple, a banana and a raw red potato on the counter. Hmmm... what else, what else? You can see a stove. The stove is conventional. But the thing hasn't got anything on it.

There is a closed frosted-glass door leading west. You need an exit without a door? You should try going south.

There is an orange bell pepper and a white onion on the floor.","You are carrying: a raw purple potato, a red onion, a block of cheese, a knife and a cookbook.",3 of 17,0.17647058823529413,False,
88,,,"I need to gather the missing ingredients for the recipe: pork chop and yellow bell pepper. I see an orange bell pepper on the floor, which might be the yellow bell pepper needed. I should take the orange bell pepper and then look for the pork chop.",take orange bell pepper from floor,,You're carrying too many things already.,Kitchen,"Well, here we are in the kitchen.

You bend down to tie your shoe. When you stand up, you notice a fridge. The fridge contains a red hot pepper. You see a closed oven. You make out a table. The table is massive. However, the table, like an empty table, has nothing on it. You see a counter. You see a red apple, a banana and a raw red potato on the counter. Hmmm... what else, what else? You can see a stove. The stove is conventional. But the thing hasn't got anything on it.

There is a closed frosted-glass door leading west. You need an exit without a door? You should try going south.

There is an orange bell pepper and a white onion on the floor.","You are carrying: a raw purple potato, a red onion, a block of cheese, a knife and a cookbook.",3 of 17,0.17647058823529413,False,
89,,,"I am carrying too many items already, so I should drop one item to make space. The recipe requires a yellow bell pepper, so I will drop the red onion since I can pick it up again later if needed.",drop red onion,,You drop the red onion on the ground.,Kitchen,"Well, here we are in the kitchen.

You bend down to tie your shoe. When you stand up, you notice a fridge. The fridge contains a red hot pepper. You see a closed oven. You make out a table. The table is massive. However, the table, like an empty table, has nothing on it. You see a counter. You see a red apple, a banana and a raw red potato on the counter. Hmmm... what else, what else? You can see a stove. The stove is conventional. But the thing hasn't got anything on it.

There is a closed frosted-glass door leading west. You need an exit without a door? You should try going south.

There is a red onion, an orange bell pepper and a white onion on the floor.","You are carrying: a raw purple potato, a block of cheese, a knife and a cookbook.",3 of 17,0.17647058823529413,False,
90,,,I need to take the orange bell pepper from the floor to have the ingredients for the recipe.,take orange bell pepper from floor,,You pick up the orange bell pepper from the ground.,Kitchen,"Well, here we are in the kitchen.

You bend down to tie your shoe. When you stand up, you notice a fridge. The fridge contains a red hot pepper. You see a closed oven. You make out a table. The table is massive. However, the table, like an empty table, has nothing on it. You see a counter. You see a red apple, a banana and a raw red potato on the counter. Hmmm... what else, what else? You can see a stove. The stove is conventional. But the thing hasn't got anything on it.

There is a closed frosted-glass door leading west. You need an exit without a door? You should try going south.

There is a red onion and a white onion on the floor.","You are carrying: an orange bell pepper, a raw purple potato, a block of cheese, a knife and a cookbook.",3 of 17,0.17647058823529413,False,
91,,,I should check the cookbook for the recipe to know what to cook.,examine cookbook,,"You open the copy of ""Cooking: A Modern Approach (3rd Ed.)"" and start reading:

Recipe #1
---------
Gather all following ingredients and follow the directions to prepare this tasty meal.

Ingredients:
pork chop
  block of cheese
  red onion
  purple potato
  yellow bell pepper

Directions:
chop the pork chop
  fry the pork chop
  chop the block of cheese
  grill the block of cheese
  dice the red onion
  fry the red onion
  dice the purple potato
  roast the purple potato
  slice the yellow bell pepper
  grill the yellow bell pepper
  prepare meal",Kitchen,"Well, here we are in the kitchen.

You bend down to tie your shoe. When you stand up, you notice a fridge. The fridge contains a red hot pepper. You see a closed oven. You make out a table. The table is massive. However, the table, like an empty table, has nothing on it. You see a counter. You see a red apple, a banana and a raw red potato on the counter. Hmmm... what else, what else? You can see a stove. The stove is conventional. But the thing hasn't got anything on it.

There is a closed frosted-glass door leading west. You need an exit without a door? You should try going south.

There is a red onion and a white onion on the floor.","You are carrying: an orange bell pepper, a raw purple potato, a block of cheese, a knife and a cookbook.",3 of 17,0.17647058823529413,False,
92,,,"I need to gather the ingredients from the recipe: pork chop, block of cheese, red onion, purple potato, and yellow bell pepper. I already have the block of cheese and purple potato, but I need to find the pork chop, red onion, and yellow bell pepper.",take red onion from floor,,You're carrying too many things already.,Kitchen,"Well, here we are in the kitchen.

You bend down to tie your shoe. When you stand up, you notice a fridge. The fridge contains a red hot pepper. You see a closed oven. You make out a table. The table is massive. However, the table, like an empty table, has nothing on it. You see a counter. You see a red apple, a banana and a raw red potato on the counter. Hmmm... what else, what else? You can see a stove. The stove is conventional. But the thing hasn't got anything on it.

There is a closed frosted-glass door leading west. You need an exit without a door? You should try going south.

There is a red onion and a white onion on the floor.","You are carrying: an orange bell pepper, a raw purple potato, a block of cheese, a knife and a cookbook.",3 of 17,0.17647058823529413,False,
93,,,"I am carrying too many items, so I should drop the orange bell pepper to free up space before taking the red onion.",drop orange bell pepper,,You drop the orange bell pepper on the ground.,Kitchen,"Well, here we are in the kitchen.

You bend down to tie your shoe. When you stand up, you notice a fridge. The fridge contains a red hot pepper. You see a closed oven. You make out a table. The table is massive. However, the table, like an empty table, has nothing on it. You see a counter. You see a red apple, a banana and a raw red potato on the counter. Hmmm... what else, what else? You can see a stove. The stove is conventional. But the thing hasn't got anything on it.

There is a closed frosted-glass door leading west. You need an exit without a door? You should try going south.

There is an orange bell pepper, a red onion and a white onion on the floor.","You are carrying: a raw purple potato, a block of cheese, a knife and a cookbook.",3 of 17,0.17647058823529413,False,
94,,,I should take the red onion from the floor to use it for cooking.,take red onion from floor,,You pick up the red onion from the ground.,Kitchen,"Well, here we are in the kitchen.

You bend down to tie your shoe. When you stand up, you notice a fridge. The fridge contains a red hot pepper. You see a closed oven. You make out a table. The table is massive. However, the table, like an empty table, has nothing on it. You see a counter. You see a red apple, a banana and a raw red potato on the counter. Hmmm... what else, what else? You can see a stove. The stove is conventional. But the thing hasn't got anything on it.

There is a closed frosted-glass door leading west. You need an exit without a door? You should try going south.

There is an orange bell pepper and a white onion on the floor.","You are carrying: a red onion, a raw purple potato, a block of cheese, a knife and a cookbook.",3 of 17,0.17647058823529413,False,
95,,,I should check the cookbook for a recipe to cook a delicious meal.,examine cookbook,,"You open the copy of ""Cooking: A Modern Approach (3rd Ed.)"" and start reading:

Recipe #1
---------
Gather all following ingredients and follow the directions to prepare this tasty meal.

Ingredients:
pork chop
  block of cheese
  red onion
  purple potato
  yellow bell pepper

Directions:
chop the pork chop
  fry the pork chop
  chop the block of cheese
  grill the block of cheese
  dice the red onion
  fry the red onion
  dice the purple potato
  roast the purple potato
  slice the yellow bell pepper
  grill the yellow bell pepper
  prepare meal",Kitchen,"Well, here we are in the kitchen.

You bend down to tie your shoe. When you stand up, you notice a fridge. The fridge contains a red hot pepper. You see a closed oven. You make out a table. The table is massive. However, the table, like an empty table, has nothing on it. You see a counter. You see a red apple, a banana and a raw red potato on the counter. Hmmm... what else, what else? You can see a stove. The stove is conventional. But the thing hasn't got anything on it.

There is a closed frosted-glass door leading west. You need an exit without a door? You should try going south.

There is an orange bell pepper and a white onion on the floor.","You are carrying: a red onion, a raw purple potato, a block of cheese, a knife and a cookbook.",3 of 17,0.17647058823529413,False,
96,,,I need to find the pork chop and yellow bell pepper to complete the recipe ingredients.,take pork chop from fridge,,You can't see any such thing.,Kitchen,"Well, here we are in the kitchen.

You bend down to tie your shoe. When you stand up, you notice a fridge. The fridge contains a red hot pepper. You see a closed oven. You make out a table. The table is massive. However, the table, like an empty table, has nothing on it. You see a counter. You see a red apple, a banana and a raw red potato on the counter. Hmmm... what else, what else? You can see a stove. The stove is conventional. But the thing hasn't got anything on it.

There is a closed frosted-glass door leading west. You need an exit without a door? You should try going south.

There is an orange bell pepper and a white onion on the floor.","You are carrying: a red onion, a raw purple potato, a block of cheese, a knife and a cookbook.",3 of 17,0.17647058823529413,False,
97,,,"Since there is no pork chop in the fridge, I should check the floor for the yellow bell pepper and take it.",take orange bell pepper from floor,,You're carrying too many things already.,Kitchen,"Well, here we are in the kitchen.

You bend down to tie your shoe. When you stand up, you notice a fridge. The fridge contains a red hot pepper. You see a closed oven. You make out a table. The table is massive. However, the table, like an empty table, has nothing on it. You see a counter. You see a red apple, a banana and a raw red potato on the counter. Hmmm... what else, what else? You can see a stove. The stove is conventional. But the thing hasn't got anything on it.

There is a closed frosted-glass door leading west. You need an exit without a door? You should try going south.

There is an orange bell pepper and a white onion on the floor.","You are carrying: a red onion, a raw purple potato, a block of cheese, a knife and a cookbook.",3 of 17,0.17647058823529413,False,
98,,,"I am carrying too many items, so I should drop the raw purple potato to free up space for the orange bell pepper.",drop raw purple potato,,You drop the purple potato on the ground.,Kitchen,"Well, here we are in the kitchen.

You bend down to tie your shoe. When you stand up, you notice a fridge. The fridge contains a red hot pepper. You see a closed oven. You make out a table. The table is massive. However, the table, like an empty table, has nothing on it. You see a counter. You see a red apple, a banana and a raw red potato on the counter. Hmmm... what else, what else? You can see a stove. The stove is conventional. But the thing hasn't got anything on it.

There is a closed frosted-glass door leading west. You need an exit without a door? You should try going south.

There is a raw purple potato, an orange bell pepper and a white onion on the floor.","You are carrying: a red onion, a block of cheese, a knife and a cookbook.",3 of 17,0.17647058823529413,False,
99,,,I should take the orange bell pepper from the floor to have more ingredients for cooking.,take orange bell pepper from floor,,You pick up the orange bell pepper from the ground.,Kitchen,"Well, here we are in the kitchen.

You bend down to tie your shoe. When you stand up, you notice a fridge. The fridge contains a red hot pepper. You see a closed oven. You make out a table. The table is massive. However, the table, like an empty table, has nothing on it. You see a counter. You see a red apple, a banana and a raw red potato on the counter. Hmmm... what else, what else? You can see a stove. The stove is conventional. But the thing hasn't got anything on it.

There is a closed frosted-glass door leading west. You need an exit without a door? You should try going south.

There is a raw purple potato and a white onion on the floor.","You are carrying: an orange bell pepper, a red onion, a block of cheese, a knife and a cookbook.",3 of 17,0.17647058823529413,False,
100,,,I should check the cookbook for a recipe to cook a delicious meal.,examine cookbook,,"You open the copy of ""Cooking: A Modern Approach (3rd Ed.)"" and start reading:

Recipe #1
---------
Gather all following ingredients and follow the directions to prepare this tasty meal.

Ingredients:
pork chop
  block of cheese
  red onion
  purple potato
  yellow bell pepper

Directions:
chop the pork chop
  fry the pork chop
  chop the block of cheese
  grill the block of cheese
  dice the red onion
  fry the red onion
  dice the purple potato
  roast the purple potato
  slice the yellow bell pepper
  grill the yellow bell pepper
  prepare meal",Kitchen,"Well, here we are in the kitchen.

You bend down to tie your shoe. When you stand up, you notice a fridge. The fridge contains a red hot pepper. You see a closed oven. You make out a table. The table is massive. However, the table, like an empty table, has nothing on it. You see a counter. You see a red apple, a banana and a raw red potato on the counter. Hmmm... what else, what else? You can see a stove. The stove is conventional. But the thing hasn't got anything on it.

There is a closed frosted-glass door leading west. You need an exit without a door? You should try going south.

There is a raw purple potato and a white onion on the floor.","You are carrying: an orange bell pepper, a red onion, a block of cheese, a knife and a cookbook.",3 of 17,0.17647058823529413,True,
